RowNumber,CustomerId,Surname,CreditScore,Geography,Gender,Age,Tenure,Balance,NumOfProducts,HasCrCard,IsActiveMember,EstimatedSalary,Exited,ZeroBalance_Highsalary_Flag,Product_Engagement_Score,Balance_to_Salary_Ratio
1,15634602,Hargrave,515.5,France,Female,26.0,2,0.0,1,1,1,1632.4624999999942,1,1,3,0.0
2,15647311,Hill,515.5,Spain,Female,26.0,1,83807.86,1,0,1,1632.4624999999942,0,0,2,51.338306392949484
3,15619304,Onio,502.0,France,Female,26.0,8,159660.8,3,1,0,1632.4624999999942,1,0,4,97.80365552041812
4,15701354,Boni,515.5,France,Female,26.0,1,0.0,2,0,0,1632.4624999999942,0,0,2,0.0
5,15737888,Mitchell,515.5,Spain,Female,26.0,2,125510.82,1,1,1,1632.4624999999942,0,0,3,76.88435109535469
6,15574012,Chu,515.5,Spain,Male,26.0,8,113755.78,2,1,0,1632.4624999999942,1,0,3,69.68354862669152
7,15592531,Bartlett,515.5,France,Male,26.0,7,0.0,2,1,1,1632.4624999999942,0,0,4,0.0
8,15656148,Obinna,380.5,Germany,Female,26.0,4,115046.74,4,1,0,1632.4624999999942,1,0,5,70.47435392849785
9,15792365,He,501.0,France,Male,26.0,4,142051.07,2,0,1,1632.4624999999942,0,0,3,87.01643682473595
10,15592389,H?,515.5,France,Male,26.0,2,134603.88,1,1,1,1632.4624999999942,0,0,3,82.45450048622892
11,15767821,Bearce,515.5,France,Male,26.0,6,102016.72,2,0,0,1632.4624999999942,0,0,2,62.49253505057566
12,15737173,Andrews,497.0,Spain,Male,24.0,3,0.0,2,1,0,1632.4624999999942,0,0,3,0.0
13,15632264,Kay,476.0,France,Female,26.0,10,0.0,2,1,0,1632.4624999999942,0,0,3,0.0
14,15691483,Chin,515.5,France,Female,25.0,5,0.0,2,0,0,1632.4624999999942,0,1,2,0.0
15,15600882,Scott,515.5,Spain,Female,26.0,7,0.0,2,1,1,1632.4624999999942,0,0,4,0.0
16,15643966,Goforth,515.5,Germany,Male,26.0,3,143129.41,2,0,1,1632.4624999999942,0,0,3,87.67699717451428
17,15737452,Romeo,515.5,Germany,Male,26.0,1,132602.88,1,1,0,1632.4624999999942,1,0,2,81.22874491757113
19,15661507,Muldrow,515.5,Spain,Male,26.0,6,0.0,1,0,0,1632.4624999999942,0,1,1,0.0
20,15568982,Hao,515.5,France,Female,24.0,6,0.0,2,1,1,1632.4624999999942,0,0,4,0.0
21,15577657,McDonald,515.5,France,Male,26.0,8,0.0,2,1,1,1632.4624999999942,0,1,4,0.0
22,15597945,Dellucci,515.5,Spain,Female,26.0,8,0.0,2,1,0,1632.4624999999942,0,1,3,0.0
23,15699309,Gerasimov,510.0,Spain,Female,26.0,4,0.0,1,1,0,1632.4624999999942,1,1,2,0.0
24,15725737,Mosman,515.5,France,Male,26.0,3,0.0,2,0,1,1632.4624999999942,0,0,3,0.0
25,15625047,Yen,515.5,France,Female,26.0,5,0.0,1,1,1,1632.4624999999942,0,1,3,0.0
26,15738191,Maclean,515.5,France,Male,25.0,3,0.0,2,0,1,1632.4624999999942,0,1,3,0.0
27,15736816,Young,515.5,Germany,Male,26.0,2,136815.64,1,1,1,1632.4624999999942,0,0,3,83.80936162392734
28,15700772,Nebechi,515.5,France,Male,26.0,9,0.0,2,0,0,1632.4624999999942,0,0,2,0.0
29,15728693,McWilliams,515.5,Germany,Female,26.0,3,141349.43,1,1,1,1632.4624999999942,0,0,3,86.58663215847255
30,15656300,Lucciano,411.0,France,Male,26.0,0,59697.17,2,1,1,1632.4624999999942,0,0,4,36.56878488786126
31,15589475,Azikiwe,515.5,Spain,Female,26.0,3,0.0,3,1,0,1632.4624999999942,1,1,4,0.0
32,15706552,Odinakachukwu,515.5,France,Male,26.0,7,85311.7,1,0,1,1632.4624999999942,0,0,2,52.259515915373434
33,15750181,Sanderson,515.5,Germany,Male,26.0,9,110112.54,2,0,0,1632.4624999999942,0,0,2,67.45180364020636
34,15659428,Maggard,515.5,Spain,Female,26.0,6,0.0,2,1,1,1632.4624999999942,0,0,4,0.0
35,15732963,Clements,515.5,Spain,Female,26.0,9,0.0,2,1,1,1632.4624999999942,0,1,4,0.0
36,15794171,Lombardo,475.0,France,Female,26.0,0,134264.04,1,1,0,1632.4624999999942,1,0,2,82.24632418815163
37,15788448,Watson,490.0,Spain,Male,26.0,3,145260.23,1,0,1,1632.4624999999942,0,0,2,88.98227677511767
38,15729599,Lorenzo,515.5,Spain,Male,26.0,7,76548.6,1,0,1,1632.4624999999942,0,0,2,46.89149061617053
39,15717426,Armstrong,515.5,France,Male,26.0,7,0.0,1,1,1,1632.4624999999942,0,0,3,0.0
40,15585768,Cameron,515.5,Germany,Male,26.0,6,70349.48,2,0,1,1632.4624999999942,0,0,3,43.094086387895736
41,15619360,Hsiao,472.0,Spain,Male,26.0,4,0.0,1,1,0,1632.4624999999942,0,0,2,0.0
42,15738148,Clarke,465.0,France,Female,26.0,8,122522.32,1,0,0,1632.4624999999942,1,0,1,75.05368117184955
43,15687946,Osborne,515.5,France,Female,26.0,2,117419.35,1,1,1,1632.4624999999942,0,0,3,71.9277471917428
44,15755196,Lavine,515.5,France,Female,26.0,2,131394.56,1,0,0,1632.4624999999942,1,0,1,80.48856252440743
45,15684171,Bianchi,515.5,Spain,Female,26.0,5,155931.11,1,1,1,1632.4624999999942,0,0,3,95.51895372788076
46,15754849,Tyler,515.5,Germany,Female,26.0,4,109421.13,2,1,1,1632.4624999999942,0,0,4,67.02826558037346
47,15602280,Martin,515.5,Germany,Female,26.0,9,112045.67,1,1,1,1632.4624999999942,1,0,3,68.63598398125555
48,15771573,Okagbue,515.5,Germany,Female,26.0,9,137843.8,1,1,1,1632.4624999999942,1,0,3,84.43918313590694
49,15766205,Yin,515.5,Germany,Male,26.0,2,103391.38,1,0,1,1632.4624999999942,0,0,2,63.334612586813094
50,15771873,Buccho,515.5,Germany,Female,26.0,2,103769.22,2,1,0,1632.4624999999942,0,0,3,63.56606660183641
51,15616550,Chidiebele,515.5,Germany,Male,26.0,10,116363.37,2,1,0,1632.4624999999942,0,0,3,71.2808839406727
52,15768193,Trevisani,515.5,Germany,Male,26.0,5,146050.97,2,0,0,1632.4624999999942,0,0,2,89.4666615619045
53,15683553,O'Brien,515.5,France,Female,26.0,5,0.0,2,0,0,1632.4624999999942,0,1,2,0.0
54,15702298,Parkhill,515.5,Germany,Male,26.0,8,125561.97,1,0,0,1632.4624999999942,1,0,1,76.91568412750703
55,15569590,Yoo,515.5,Germany,Male,26.0,1,98495.72,1,1,0,1632.4624999999942,1,0,2,60.33567080407688
56,15760861,Phillipps,515.5,France,Male,26.0,1,125211.92,1,1,1,1632.4624999999942,0,0,3,76.70125347442924
57,15630053,Tsao,515.5,France,Male,26.0,5,127864.4,1,1,0,1632.4624999999942,0,0,2,78.32608712298166
58,15647091,Endrizzi,515.5,Germany,Male,19.0,0,75888.2,1,0,0,1632.4624999999942,0,0,1,46.48694839850855
59,15623944,T'ien,511.0,Spain,Female,26.0,4,0.0,1,1,0,1632.4624999999942,1,0,2,0.0
60,15804771,Velazquez,515.5,France,Male,26.0,4,40685.92,1,1,1,1632.4624999999942,0,0,3,24.9230349854898
61,15651280,Hunter,515.5,Germany,Male,26.0,5,136857.0,1,0,0,1632.4624999999942,0,0,1,83.8346975811086
62,15773469,Clark,515.5,Germany,Female,26.0,9,152328.88,2,0,0,1632.4624999999942,0,0,2,93.31233029855237
63,15702014,Jeffrey,515.5,Spain,Male,26.0,1,56084.69,2,0,0,1632.4624999999942,0,0,2,34.35588260067242
64,15751208,Pirozzi,515.5,Spain,Male,26.0,8,78707.16,1,1,1,1632.4624999999942,0,0,3,48.21376295014451
65,15592461,Jackson,515.5,Germany,Male,26.0,4,109166.37,1,1,1,1632.4624999999942,0,0,3,66.87220686539531
66,15789484,Hammond,515.5,Germany,Female,26.0,6,169831.46,2,1,1,1632.4624999999942,0,0,4,104.03391195816174
67,15696061,Brownless,515.5,Germany,Female,26.0,1,101633.04,1,1,0,1632.4624999999942,0,0,2,62.257503618000634
68,15641582,Chibugo,515.5,Germany,Male,26.0,10,123180.01,2,1,1,1632.4624999999942,0,0,4,75.45656332075036
69,15638424,Glauert,515.5,Germany,Female,26.0,5,150725.53,2,0,1,1632.4624999999942,0,0,3,92.33016378630477
71,15703793,Konovalova,515.5,Germany,Male,26.0,2,133745.44,4,1,0,1632.4624999999942,1,0,5,81.92864460898825
72,15620344,McKee,515.5,France,Male,26.0,6,0.0,1,1,0,1632.4624999999942,0,0,2,0.0
73,15812518,Palermo,515.5,Spain,Female,26.0,0,163607.18,1,0,1,1632.4624999999942,0,0,2,100.22109543098269
74,15779052,Ballard,515.5,Germany,Female,25.0,5,157780.84,2,1,1,1632.4624999999942,0,0,4,96.65204560594842
75,15770811,Wallace,515.5,France,Male,26.0,9,0.0,2,0,1,1632.4624999999942,0,1,3,0.0
76,15780961,Cavenagh,515.5,France,Female,21.0,1,178718.19,2,1,0,1632.4624999999942,0,0,3,109.47766947173405
77,15614049,Hu,515.5,France,Male,26.0,8,0.0,2,1,1,1632.4624999999942,0,1,4,0.0
78,15662085,Read,515.5,France,Female,26.0,9,0.0,1,1,1,1632.4624999999942,0,1,3,0.0
79,15575185,Bushell,515.5,Spain,Male,26.0,5,77253.22,1,0,1,1632.4624999999942,0,0,2,47.323120745499686
80,15803136,Postle,416.0,Germany,Female,26.0,10,122189.66,2,1,0,1632.4624999999942,0,0,3,74.84990313713206
81,15706021,Buley,515.5,France,Female,26.0,1,96645.54,2,0,0,1632.4624999999942,0,0,2,59.20230326883487
82,15663706,Leonard,515.5,France,Female,26.0,2,0.0,1,1,0,1632.4624999999942,1,1,2,0.0
83,15641732,Mills,515.5,France,Female,26.0,3,0.0,2,0,0,1632.4624999999942,0,0,2,0.0
84,15701164,Onyeorulu,506.0,France,Female,26.0,4,90307.62,1,1,1,1632.4624999999942,0,0,3,55.31987411655724
85,15738751,Beit,493.0,France,Female,26.0,4,0.0,2,1,0,1632.4624999999942,0,0,3,0.0
86,15805254,Ndukaku,515.5,Spain,Female,26.0,10,0.0,2,1,1,1632.4624999999942,0,1,4,0.0
87,15762418,Gant,515.5,Spain,Male,22.0,3,121681.82,1,1,0,1632.4624999999942,1,0,2,74.5388148272934
88,15625759,Rowley,515.5,France,Male,26.0,9,0.0,2,1,0,1632.4624999999942,0,1,3,0.0
89,15622897,Sharpe,515.5,France,Female,26.0,4,0.0,3,1,0,1632.4624999999942,1,0,4,0.0
90,15767954,Osborne,515.5,Germany,Female,26.0,3,81623.67,2,1,1,1632.4624999999942,0,0,4,50.000333851466905
91,15757535,Heap,515.5,Spain,Female,26.0,5,0.0,3,1,1,1632.4624999999942,1,1,5,0.0
92,15731511,Ritchie,515.5,France,Male,26.0,7,118626.55,2,1,0,1632.4624999999942,0,0,3,72.6672435048281
93,15809248,Cole,515.5,France,Female,26.0,10,0.0,2,1,0,1632.4624999999942,0,1,3,0.0
94,15640635,Capon,515.5,France,Male,26.0,8,0.0,2,1,1,1632.4624999999942,0,1,4,0.0
95,15676966,Capon,515.5,Spain,Male,26.0,4,0.0,2,0,1,1632.4624999999942,0,0,3,0.0
96,15699461,Fiorentini,515.0,Spain,Male,26.0,10,176273.95,1,0,1,1632.4624999999942,0,0,2,107.98039771204584
97,15738721,Graham,515.5,Spain,Male,26.0,9,102827.44,1,0,1,1632.4624999999942,0,0,2,62.989159015904114
98,15693683,Yuille,515.5,Germany,Male,26.0,8,97086.4,2,1,1,1632.4624999999942,0,0,4,59.47236153969867
100,15633059,Fanucci,413.0,France,Male,26.0,9,0.0,2,0,0,1632.4624999999942,0,0,2,0.0
101,15808582,Fu,515.5,France,Female,26.0,6,0.0,1,1,1,1632.4624999999942,0,1,3,0.0
102,15743192,Hung,515.5,France,Female,26.0,6,0.0,2,0,0,1632.4624999999942,0,1,2,0.0
103,15580146,Hung,515.5,France,Male,26.0,9,82674.15,1,1,0,1632.4624999999942,0,0,2,50.6438279592948
104,15776605,Bradley,515.5,Spain,Male,26.0,7,0.0,2,1,0,1632.4624999999942,0,0,3,0.0
105,15804919,Dunbabin,515.5,Spain,Female,26.0,1,0.0,1,1,1,1632.4624999999942,1,1,3,0.0
106,15613854,Mauldon,515.5,Spain,Female,26.0,4,107073.27,2,1,1,1632.4624999999942,1,0,4,65.59003346171835
107,15599195,Stiger,515.5,Germany,Male,26.0,1,88938.62,1,1,1,1632.4624999999942,0,0,3,54.48126373500176
108,15812878,Parsons,515.5,Germany,Female,26.0,2,99806.85,1,0,1,1632.4624999999942,0,0,2,61.138831673009555
109,15602312,Walkom,515.5,Spain,Male,26.0,5,150092.8,1,0,0,1632.4624999999942,0,0,1,91.94257142200848
110,15744689,T'ang,479.0,Germany,Male,26.0,9,92833.89,1,1,0,1632.4624999999942,1,0,2,56.86739511627393
111,15803526,Eremenko,515.5,Germany,Male,26.0,3,90536.81,1,0,1,1632.4624999999942,0,0,2,55.460269378316696
112,15665790,Rowntree,515.5,Germany,Male,26.0,7,108055.1,2,1,0,1632.4624999999942,0,0,3,66.19147453616876
113,15715951,Thorpe,515.5,France,Male,26.0,2,100238.35,1,0,0,1632.4624999999942,0,0,1,61.403156274646655
114,15591100,Chiemela,515.5,Spain,Male,26.0,9,106190.55,1,0,1,1632.4624999999942,0,0,2,65.04930434849216
115,15609618,Fanucci,515.5,Germany,Male,26.0,9,154475.54,2,0,1,1632.4624999999942,1,0,3,94.62731303169326
116,15675522,Ko,515.5,Germany,Female,26.0,9,132351.29,2,1,1,1632.4624999999942,0,0,4,81.0746280542435
117,15705512,Welch,515.5,Germany,Female,26.0,6,167864.4,1,1,0,1632.4624999999942,0,0,2,102.82894706616574
118,15698028,Duncan,506.0,France,Female,26.0,1,0.0,2,1,0,1632.4624999999942,0,0,3,0.0
119,15661670,Chidozie,515.5,Germany,Female,26.0,8,107818.63,1,1,0,1632.4624999999942,1,0,2,66.04661975389963
120,15600781,Wu,515.5,Germany,Male,26.0,4,185173.81,2,1,0,1632.4624999999942,0,0,3,113.43219828939449
121,15682472,Culbreth,515.5,France,Male,26.0,8,129433.34,2,0,0,1632.4624999999942,0,0,2,79.28717504996314
122,15580203,Kennedy,515.5,Spain,Male,26.0,6,120193.42,1,0,0,1632.4624999999942,0,0,1,73.6270634088075
123,15690673,Cameron,515.5,France,Female,26.0,6,0.0,2,1,0,1632.4624999999942,0,1,3,0.0
124,15760085,Calabresi,515.5,Germany,Female,26.0,10,126384.42,1,1,1,1632.4624999999942,0,0,3,77.41949355651383
125,15779659,Zetticci,515.5,France,Female,26.0,3,0.0,1,0,0,1632.4624999999942,0,1,1,0.0
126,15627360,Fuller,432.0,France,Male,26.0,9,152603.45,1,1,0,1632.4624999999942,1,0,2,93.48052405491738
127,15671137,MacDonald,515.5,France,Female,26.0,1,0.0,1,0,1,1632.4624999999942,1,0,2,0.0
128,15782688,Piccio,515.5,Germany,Male,26.0,0,148507.24,1,1,0,1632.4624999999942,1,0,2,90.97130255672062
129,15575492,Kennedy,515.5,France,Female,26.0,7,0.0,2,1,0,1632.4624999999942,0,1,3,0.0
131,15740404,He,515.5,France,Female,26.0,3,0.0,2,1,1,1632.4624999999942,0,1,4,0.0
132,15718369,Kaodilinakachukwu,515.5,Germany,Female,26.0,9,130862.43,1,1,1,1632.4624999999942,0,0,3,80.16259485286827
133,15677871,Cocci,515.5,France,Male,26.0,9,122570.87,1,1,1,1632.4624999999942,0,0,3,75.08342151810558
134,15642004,Alekseeva,515.5,France,Male,25.0,1,0.0,2,0,1,1632.4624999999942,0,0,3,0.0
135,15712543,Chinweike,515.5,Germany,Male,26.0,7,124828.46,2,1,1,1632.4624999999942,0,0,4,76.4663568075839
136,15584518,Arthur,515.5,Germany,Female,26.0,5,144895.05,2,1,1,1632.4624999999942,0,0,4,88.75857791526636
137,15802381,Li,461.0,Germany,Female,26.0,5,63663.93,1,0,1,1632.4624999999942,0,0,2,38.99870900556688
138,15610156,Ma,515.5,France,Male,26.0,2,133463.1,1,0,1,1632.4624999999942,0,0,2,81.75569117207928
139,15594408,Chia,515.5,Spain,Female,26.0,2,213146.2,1,1,0,1632.4624999999942,1,0,2,130.56728715054757
140,15640905,Vasin,515.5,Spain,Female,26.0,1,129490.36,2,0,1,1632.4624999999942,1,0,3,79.32210387681215
141,15698932,Groves,515.5,Germany,Male,26.0,10,137452.09,1,1,0,1632.4624999999942,0,0,2,84.19923275419832
142,15724944,Tien,515.5,France,Male,26.0,7,0.0,2,1,1,1632.4624999999942,0,1,4,0.0
143,15628145,Forwood,515.5,France,Female,26.0,5,125851.93,1,1,1,1632.4624999999942,0,0,3,77.09330535923517
144,15713483,Greeves,515.5,Spain,Male,26.0,2,0.0,1,1,0,1632.4624999999942,1,1,2,0.0
145,15612350,Taylor,515.5,France,Female,26.0,5,40915.55,1,1,0,1632.4624999999942,1,0,2,25.06369977870864
147,15705707,Bennelong,515.5,Spain,Female,26.0,8,138296.94,2,1,0,1632.4624999999942,0,0,3,84.7167637847733
148,15754105,Olisanugo,515.5,France,Male,26.0,5,106967.18,1,0,0,1632.4624999999942,0,0,1,65.52504575143404
149,15703264,Chukwufumnanya,515.5,France,Male,26.0,9,120681.63,1,1,0,1632.4624999999942,0,0,2,73.92612694012907
150,15794413,Harris,416.0,France,Male,26.0,0,0.0,2,0,1,878.87,0,0,3,0.0
151,15650237,Morgan,515.5,Spain,Female,26.0,7,0.0,2,1,0,1632.4624999999942,0,0,3,0.0
152,15759618,Alexeeva,515.5,France,Female,26.0,9,0.0,1,1,0,1632.4624999999942,1,1,2,0.0
153,15811589,Metcalfe,515.5,Spain,Male,26.0,8,0.0,2,1,0,1632.4624999999942,0,1,3,0.0
154,15689044,Humphries,515.5,France,Male,26.0,2,127609.59,1,1,0,1632.4624999999942,0,0,2,78.1699977794286
155,15709368,Milne,515.5,France,Female,26.0,6,0.0,2,1,1,1632.4624999999942,0,1,4,0.0
156,15679145,Chou,515.5,Spain,Male,26.0,7,0.0,1,1,0,1632.4624999999942,1,0,2,0.0
157,15655007,Li,515.5,France,Female,26.0,7,0.0,2,0,0,1632.4624999999942,0,0,2,0.0
158,15623595,Clayton,515.5,Spain,Female,26.0,2,0.0,2,1,1,1632.4624999999942,0,0,4,0.0
159,15589975,Maclean,515.5,France,Female,26.0,6,97259.25,1,0,1,1632.4624999999942,0,0,2,59.57824452322816
160,15804017,Chigolum,515.5,Germany,Female,26.0,4,123246.7,1,0,0,1632.4624999999942,0,0,1,75.49741571399063
162,15641122,Wei,515.5,France,Male,26.0,2,0.0,2,1,0,1632.4624999999942,0,0,3,0.0
163,15630910,Treacy,515.5,France,Female,26.0,7,108007.36,1,0,0,1632.4624999999942,0,0,1,66.16223037282657
164,15680772,Hu,515.5,Spain,Female,26.0,2,0.0,2,1,1,1632.4624999999942,0,1,4,0.0
165,15658929,Taverner,515.5,Spain,Male,26.0,0,133702.89,1,1,0,1632.4624999999942,1,0,2,81.90257969172369
166,15585388,Sherman,515.5,Germany,Male,26.0,9,125189.75,2,1,1,1632.4624999999942,0,0,4,76.68767276430573
168,15588537,Robinson,515.5,Spain,Female,26.0,9,109013.23,1,1,0,1632.4624999999942,0,0,2,66.77839766610282
169,15574692,Pinto,515.5,Spain,Female,26.0,2,0.0,2,1,0,1632.4624999999942,1,0,3,0.0
171,15587562,Hawkins,484.0,France,Female,26.0,4,130114.39,1,1,0,1632.4624999999942,0,0,2,79.70436686907078
172,15613172,Sun,515.5,Germany,Male,26.0,5,95826.49,2,1,0,1632.4624999999942,0,0,3,58.70057658292325
173,15651022,Yost,480.0,Germany,Male,26.0,10,129608.57,1,1,0,1632.4624999999942,1,0,2,79.39451595365925
174,15586310,Ting,515.5,France,Male,26.0,4,169462.09,1,1,0,1632.4624999999942,0,0,2,103.80764642373138
175,15625524,Rowe,512.0,France,Male,26.0,5,0.0,2,1,1,1632.4624999999942,0,1,4,0.0
176,15755209,Fu,484.0,Spain,Female,26.0,7,133868.21,1,1,1,1632.4624999999942,0,0,3,82.00385001186886
177,15645248,Ho,510.0,France,Female,26.0,0,0.0,2,1,1,1632.4624999999942,0,1,4,0.0
178,15790355,Okechukwu,515.5,Germany,Male,26.0,5,190479.48,2,0,0,1632.4624999999942,0,0,2,116.68230051226334
179,15762615,Campbell,515.5,Spain,Female,26.0,8,101993.12,1,0,1,1632.4624999999942,0,0,2,62.47807836320918
180,15625426,Ashbolt,515.5,Germany,Female,26.0,3,161608.81,1,1,0,1632.4624999999942,1,0,2,98.99695092536618
181,15716334,Rozier,515.5,Spain,Female,26.0,2,122311.21,1,1,1,1632.4624999999942,0,0,3,74.92436120278441
182,15789669,Hsia,510.0,France,Male,26.0,2,0.0,2,1,1,1632.4624999999942,0,0,4,0.0
183,15621075,Ogbonnaya,515.5,Germany,Female,26.0,1,162150.42,2,1,0,1632.4624999999942,0,0,3,99.32872577471188
184,15810845,T'ang,515.5,France,Male,26.0,2,0.0,2,1,1,1632.4624999999942,0,0,4,0.0
185,15719377,Cocci,515.5,France,Female,26.0,4,0.0,1,1,1,1632.4624999999942,1,0,3,0.0
186,15654506,Chang,514.0,France,Male,26.0,8,0.0,2,1,0,1632.4624999999942,0,0,3,0.0
187,15771977,T'ao,515.5,France,Female,26.0,1,99010.67,1,1,0,1632.4624999999942,0,0,2,60.65111449727044
188,15708710,Ford,515.5,Spain,Female,26.0,0,0.0,1,0,1,1632.4624999999942,0,1,2,0.0
189,15726676,Marshall,515.5,Spain,Male,26.0,5,0.0,2,0,1,1632.4624999999942,0,1,3,0.0
190,15587421,Tsai,515.5,Germany,Female,26.0,7,111388.18,2,1,0,1632.4624999999942,0,0,3,68.23322434665445
191,15726931,Onwumelu,515.5,France,Female,26.0,8,56214.85,2,0,0,1632.4624999999942,1,0,2,34.43561490692754
192,15771086,Graham,512.0,France,Female,26.0,3,84327.77,2,1,0,1632.4624999999942,0,0,3,51.65678844077601
193,15756850,Golovanov,479.0,France,Male,26.0,1,0.0,2,0,0,1632.4624999999942,0,1,2,0.0
194,15702741,Potts,515.5,France,Male,26.0,8,93012.89,1,1,0,1632.4624999999942,0,0,2,56.97704541451968
195,15679200,Crawford,515.5,Spain,Male,26.0,9,61710.44,2,1,0,1632.4624999999942,0,0,3,37.80205670880662
196,15594815,Aleshire,515.5,France,Male,26.0,3,174790.15,1,1,1,600.36,0,0,3,291.1422313278699
197,15635905,Moran,515.5,Spain,Female,26.0,6,0.0,2,1,1,1632.4624999999942,0,0,4,0.0
198,15777892,Samsonova,515.5,Germany,Male,26.0,3,107720.64,1,1,1,1632.4624999999942,0,0,3,65.98659387275382
199,15656176,Jenkins,501.0,France,Male,26.0,10,0.0,2,1,1,1632.4624999999942,0,0,4,0.0
200,15811127,Volkov,515.5,France,Male,26.0,6,96423.84,1,1,0,1632.4624999999942,0,0,2,59.06649616759977
201,15604482,Chiemezie,515.5,Spain,Male,26.0,2,141040.01,1,1,1,1632.4624999999942,0,0,3,86.39709028538206
202,15622911,Jude,515.5,France,Male,26.0,4,105420.18,1,0,1,1632.4624999999942,0,0,2,64.57739764313139
203,15600974,He,515.5,Spain,Male,26.0,5,0.0,1,0,1,1632.4624999999942,1,1,2,0.0
204,15727868,Onuora,515.5,France,Female,26.0,2,129022.06,2,1,1,1632.4624999999942,1,0,4,79.03523664402732
205,15627801,Ginikanwa,512.0,Spain,Male,26.0,3,176666.62,1,1,0,1632.4624999999942,0,0,2,108.22093616239309
206,15773039,Ku,515.5,France,Male,26.0,3,0.0,1,1,1,1632.4624999999942,0,1,3,0.0
207,15755262,McDonald,515.5,Spain,Female,26.0,3,89763.84,1,0,0,1632.4624999999942,1,0,1,54.986769987059624
208,15679531,Collins,515.5,France,Male,26.0,5,134954.53,1,1,1,1632.4624999999942,0,0,3,82.66929868220586
209,15684181,Hackett,515.5,France,Male,26.0,5,0.0,1,1,0,1632.4624999999942,1,1,2,0.0
210,15612087,Dike,515.5,France,Male,26.0,2,106376.85,1,0,1,1632.4624999999942,0,0,2,65.16342641867755
211,15752047,Trevisano,515.5,Germany,Male,26.0,2,161814.64,2,1,0,1632.4624999999942,0,0,3,99.12303651691882
212,15624592,Tan,515.5,France,Male,26.0,8,0.0,2,1,1,1632.4624999999942,0,1,4,0.0
213,15573152,Glassman,515.5,France,Female,26.0,9,0.0,2,0,0,1632.4624999999942,0,0,2,0.0
214,15594917,Miller,515.5,France,Female,26.0,1,63095.01,1,1,1,1632.4624999999942,0,0,3,38.65020482859498
215,15785542,Kornilova,515.5,Germany,Male,26.0,4,118287.01,2,0,0,1632.4624999999942,0,0,2,72.45925097820037
216,15723488,Watson,515.5,Germany,Male,26.0,7,106854.21,1,0,1,1632.4624999999942,1,0,2,65.4558435492395
217,15680920,Marchesi,515.5,France,Male,26.0,7,49512.55,1,1,0,1632.4624999999942,0,0,2,30.329976951997477
218,15786308,Millar,515.5,Spain,Female,26.0,9,0.0,2,0,0,1632.4624999999942,0,1,2,0.0
219,15659366,Shih,515.5,France,Male,26.0,1,105799.32,2,1,0,1632.4624999999942,1,0,3,64.80964800110286
220,15774854,Fuller,515.5,France,Male,26.0,8,0.0,1,1,1,1632.4624999999942,1,0,3,0.0
221,15725311,Hay,515.5,France,Female,26.0,9,114722.05,2,1,1,1632.4624999999942,0,0,4,70.27545808862403
222,15787155,Yang,514.0,Spain,Male,26.0,7,0.0,1,0,1,1632.4624999999942,0,1,2,0.0
223,15727829,McIntyre,515.5,France,Male,26.0,2,0.0,2,1,1,1632.4624999999942,0,1,4,0.0
224,15733247,Stevenson,515.5,France,Male,26.0,10,0.0,1,1,0,1632.4624999999942,1,0,2,0.0
225,15568748,Poole,515.5,Germany,Male,26.0,6,99564.22,1,1,1,1632.4624999999942,1,0,3,60.99020345030918
226,15699029,Bagley,515.5,France,Male,26.0,4,170557.91,2,1,0,1632.4624999999942,0,0,3,104.4789145233049
227,15774393,Ch'ien,515.5,France,Female,26.0,9,0.0,2,1,1,1632.4624999999942,0,0,4,0.0
228,15676895,Cattaneo,515.5,Germany,Female,26.0,6,74596.15,3,1,1,1632.4624999999942,1,0,5,45.695475393768774
229,15637753,O'Sullivan,515.5,Germany,Male,26.0,2,96888.39,1,1,0,1632.4624999999942,1,0,2,59.351066257264925
230,15605461,Lucas,515.5,Germany,Female,26.0,3,130830.22,1,1,0,1632.4624999999942,0,0,2,80.14286392489902
231,15808473,Ringrose,515.5,France,Male,26.0,1,0.0,2,0,1,1632.4624999999942,0,1,3,0.0
232,15627000,Freeman,515.5,France,Male,26.0,0,0.0,2,1,0,1632.4624999999942,0,0,3,0.0
233,15787174,Sergeyev,512.0,France,Female,26.0,1,0.0,2,0,1,1632.4624999999942,0,1,3,0.0
235,15704769,Smith,515.5,France,Female,26.0,5,113978.97,2,0,1,1632.4624999999942,0,0,3,69.8202684594595
236,15772896,Dumetochukwu,515.5,Germany,Male,26.0,6,100160.75,1,1,0,1632.4624999999942,1,0,2,61.355620726356875
237,15711540,Pacheco,515.5,France,Female,26.0,2,0.0,1,1,1,1632.4624999999942,0,1,3,0.0
238,15764866,Synnot,515.5,Germany,Female,26.0,3,116220.5,3,1,0,1632.4624999999942,1,0,4,71.19336585067063
239,15794056,Johnston,515.5,France,Female,26.0,2,0.0,3,1,0,1632.4624999999942,1,0,4,0.0
240,15795149,Stevens,515.5,France,Male,26.0,2,81173.83,2,0,1,1632.4624999999942,0,0,3,49.72477468854586
241,15812009,Grant,515.5,Spain,Male,26.0,4,0.0,2,1,0,1632.4624999999942,0,1,3,0.0
242,15651001,Tsao,515.5,Germany,Female,26.0,5,116803.8,1,1,0,1632.4624999999942,0,0,2,71.55067880579212
243,15813844,Barnes,515.5,France,Male,26.0,8,105961.68,2,0,1,1632.4624999999942,0,0,3,64.90910510961224
244,15596175,McIntosh,515.5,Germany,Male,26.0,6,117411.6,1,1,1,1632.4624999999942,1,0,3,71.9229997626288
245,15576269,Madison,515.5,Spain,Male,26.0,7,0.0,2,1,0,1632.4624999999942,0,0,3,0.0
246,15797219,Ifesinachi,515.5,France,Female,26.0,10,123497.58,1,1,0,1632.4624999999942,1,0,2,75.6510976515543
247,15685500,Glazkov,515.5,Germany,Male,26.0,7,152400.51,2,1,0,1632.4624999999942,0,0,3,93.35620879499562
248,15599792,Dimauro,515.5,France,Female,26.0,1,0.0,2,1,1,1632.4624999999942,0,1,4,0.0
250,15772423,Liao,515.5,Germany,Male,26.0,8,126418.14,1,1,0,1632.4624999999942,1,0,2,77.44014946744593
251,15628112,Hughes,515.5,Germany,Female,26.0,5,77846.9,1,0,0,1632.4624999999942,0,0,1,47.686792192776416
252,15753754,Morrison,515.5,Spain,Female,26.0,1,0.0,2,1,1,1632.4624999999942,0,0,4,0.0
253,15793726,Matveyeva,515.5,France,Female,26.0,0,0.0,2,0,1,1632.4624999999942,0,1,3,0.0
254,15694717,Ku,515.5,Germany,Male,26.0,2,79731.91,1,1,1,1632.4624999999942,0,0,3,48.84149559331396
255,15665834,Cheatham,515.5,Spain,Male,26.0,8,0.0,1,0,0,1632.4624999999942,0,1,1,0.0
256,15765297,Yao,515.5,Spain,Male,26.0,0,0.0,2,0,1,1632.4624999999942,0,0,3,0.0
257,15636684,Kirkland,515.5,France,Male,26.0,10,0.0,2,1,1,1632.4624999999942,0,1,4,0.0
258,15592979,Rose,515.5,Germany,Female,26.0,6,37266.67,2,0,0,1632.4624999999942,0,0,2,22.828499888971496
259,15750803,Jess,515.5,France,Female,26.0,6,127992.25,1,1,1,1632.4624999999942,0,0,3,78.40440438907507
260,15607178,Welch,515.5,Germany,Male,26.0,3,54901.01,1,1,1,1632.4624999999942,0,0,3,33.630793969233714
261,15713853,Ifeajuna,515.5,Germany,Male,26.0,9,108748.08,2,1,1,1632.4624999999942,0,0,4,66.61597433325444
262,15673481,Morton,515.5,Spain,Female,26.0,6,99906.19,1,1,0,1632.4624999999942,0,0,2,61.19968452567845
263,15686776,Rossi,515.5,France,Female,26.0,6,184686.41,2,1,0,1632.4624999999942,0,0,3,113.1336309409868
264,15673693,Reppert,515.5,France,Female,26.0,0,110654.02,1,0,1,1632.4624999999942,0,0,2,67.78349885525725
265,15700696,Kang,515.5,Spain,Male,26.0,9,79019.8,1,1,1,1632.4624999999942,0,0,3,48.40527730346044
266,15813163,Ch'iu,515.5,Spain,Female,26.0,9,99240.51,1,1,0,1632.4624999999942,0,0,2,60.791907930503974
267,15653857,Wallis,498.0,France,Male,26.0,2,0.0,2,1,1,1632.4624999999942,0,1,4,0.0
268,15777076,Clark,515.5,France,Male,26.0,7,0.0,2,1,0,1632.4624999999942,0,0,3,0.0
269,15717398,Fielding,515.5,Spain,Female,26.0,7,0.0,1,0,0,1632.4624999999942,1,0,1,0.0
270,15799217,Zetticci,515.5,Germany,Female,26.0,7,52436.2,1,1,0,1632.4624999999942,0,0,2,32.120921613819725
271,15787071,Dulhunty,515.5,Spain,Male,26.0,9,0.0,2,0,1,1632.4624999999942,0,1,3,0.0
272,15619955,Bevington,515.5,Germany,Male,26.0,3,100337.96,3,1,0,1632.4624999999942,1,0,4,61.464174521620166
273,15796505,Boyle,515.5,Germany,Female,26.0,1,149297.19,2,1,1,1632.4624999999942,0,0,4,91.45520341202358
274,15725166,Newton,515.5,France,Male,26.0,8,0.0,2,1,0,1632.4624999999942,0,0,3,0.0
275,15800116,Bowman,515.5,Germany,Male,26.0,4,145605.44,1,0,1,1632.4624999999942,0,0,2,89.19374258214233
276,15758685,Dubinina,515.5,Spain,Female,26.0,7,0.0,2,1,1,1632.4624999999942,0,1,4,0.0
277,15694456,Toscani,515.5,France,Male,26.0,3,0.0,1,1,1,1632.4624999999942,1,0,3,0.0
278,15767339,Chiazagomekpere,515.5,France,Female,26.0,10,0.0,2,1,0,1632.4624999999942,0,1,3,0.0
279,15683562,Allen,515.5,France,Male,26.0,6,84026.86,1,0,1,1632.4624999999942,0,0,2,51.47245955113842
280,15782210,K'ung,515.5,France,Male,26.0,1,0.0,1,1,0,1632.4624999999942,1,1,2,0.0
281,15668893,Wilsmore,515.5,France,Male,26.0,8,0.0,2,1,1,1632.4624999999942,0,0,4,0.0
282,15669169,Hargreaves,515.5,Spain,Male,26.0,10,0.0,2,1,1,1632.4624999999942,0,0,4,0.0
283,15643024,Huang,479.0,Germany,Male,26.0,4,138718.92,1,1,1,1632.4624999999942,1,0,3,84.97525670574393
284,15699389,Ch'ien,515.5,France,Male,26.0,7,118274.71,1,1,1,1632.4624999999942,0,0,3,72.45171634876785
286,15626144,Chu,515.5,France,Male,26.0,7,113208.86,2,1,0,1632.4624999999942,0,0,3,69.34852102268836
287,15573112,Kang,515.5,Spain,Male,26.0,5,103907.28,1,1,0,1632.4624999999942,0,0,2,63.65063822293031
288,15790678,Davidson,475.0,France,Female,26.0,8,119023.28,1,1,0,1632.4624999999942,0,0,2,72.91026899545957
289,15727556,O'Donnell,515.5,Spain,Female,26.0,5,166297.89,1,1,1,1632.4624999999942,0,0,3,101.86934768792582
290,15697307,Nnachetam,515.5,Spain,Male,26.0,10,0.0,2,1,0,1632.4624999999942,0,0,3,0.0
291,15652266,Chidiebele,515.5,Germany,Male,26.0,9,63227.0,1,0,1,1632.4624999999942,0,0,2,38.7310581406925
292,15607098,Ahmed,515.5,Spain,Female,26.0,5,94521.17,2,1,0,1632.4624999999942,0,0,3,57.90097475439732
293,15655774,Booth,515.5,France,Male,26.0,7,0.0,2,1,0,1632.4624999999942,0,0,3,0.0
294,15590241,Chuang,515.5,Spain,Female,26.0,9,112822.26,1,0,0,1632.4624999999942,1,0,1,69.11170088133748
295,15785819,Shao,515.5,France,Male,26.0,3,0.0,2,1,1,1632.4624999999942,0,1,4,0.0
296,15723654,Tsao,515.5,France,Male,25.0,2,135903.33,1,1,0,1632.4624999999942,0,0,2,83.25050652005818
297,15774510,Tien,515.5,France,Female,26.0,4,125169.26,1,1,1,1632.4624999999942,0,0,3,76.67512117429983
298,15684173,Chang,515.5,Spain,Female,26.0,7,0.0,3,1,0,1632.4624999999942,1,1,4,0.0
299,15650068,Johnson,511.0,France,Male,26.0,0,149117.31,1,1,1,1632.4624999999942,0,0,3,91.34501405085908
300,15811490,French,515.5,France,Male,26.0,5,0.0,2,1,1,1632.4624999999942,0,1,4,0.0
301,15803976,Efremov,515.5,France,Female,26.0,10,0.0,2,1,0,1632.4624999999942,0,1,3,0.0
302,15682541,Hartley,515.5,Spain,Female,26.0,6,132311.71,1,0,0,1632.4624999999942,0,0,1,81.05038247432971
303,15695699,Calabrese,515.5,France,Male,26.0,8,0.0,2,1,0,1632.4624999999942,0,0,3,0.0
304,15624188,Chiu,515.5,France,Female,26.0,6,0.0,2,1,1,1632.4624999999942,0,1,4,0.0
305,15812191,Brennan,515.5,France,Male,26.0,4,118082.89,1,0,0,1632.4624999999942,0,0,1,72.3342128839103
306,15636673,Onwuatuegwu,515.5,France,Male,26.0,1,119266.69,1,1,1,1632.4624999999942,0,0,3,73.05937502392884
307,15594898,Hewitt,515.5,France,Male,26.0,2,0.0,1,1,1,1632.4624999999942,1,1,3,0.0
308,15660211,Shih,515.5,Germany,Male,26.0,7,156847.29,2,1,0,1632.4624999999942,0,0,3,96.08017948344943
309,15773972,Balashov,515.5,France,Male,26.0,4,137104.47,1,1,0,1632.4624999999942,1,0,2,83.98629064986208
310,15746726,Doyle,438.0,Germany,Male,26.0,8,78398.69,1,1,0,1632.4624999999942,0,0,2,48.02480301997766
311,15712287,Pokrovskii,515.5,France,Female,26.0,4,0.0,2,1,1,1632.4624999999942,0,1,4,0.0
312,15702919,Collins,515.5,Germany,Male,26.0,6,63669.42,1,1,0,1632.4624999999942,0,0,2,39.00207202309409
313,15674398,Russo,515.5,France,Male,26.0,3,0.0,2,0,0,1632.4624999999942,0,1,2,0.0
314,15797960,Skinner,515.5,Germany,Female,26.0,0,135296.33,1,1,0,1632.4624999999942,0,0,2,82.87867562042035
315,15631868,Robertson,515.5,Spain,Male,26.0,2,153804.44,1,1,1,1632.4624999999942,0,0,3,94.21621629899649
316,15581539,Atkinson,474.0,Spain,Male,26.0,3,0.0,2,0,0,1632.4624999999942,0,0,2,0.0
317,15662736,Doyle,515.5,France,Male,26.0,2,147069.78,1,1,0,1632.4624999999942,1,0,2,90.09075553037238
318,15666252,Ritchie,515.5,Spain,Male,26.0,9,0.0,2,1,1,1632.4624999999942,0,0,4,0.0
319,15677512,McEncroe,515.5,Spain,Female,22.0,3,0.0,1,1,0,1632.4624999999942,0,0,2,0.0
320,15626114,Pearson,429.0,France,Male,24.0,4,95741.75,1,1,0,1632.4624999999942,0,0,2,58.648667274133615
321,15810834,Gordon,515.5,Spain,Female,26.0,2,145965.33,1,1,1,1632.4624999999942,0,0,3,89.41420093876613
322,15678910,Ts'ai,515.5,France,Female,26.0,8,141441.75,1,1,1,1632.4624999999942,0,0,3,86.64318475922143
323,15694408,Lung,515.5,France,Male,26.0,1,139290.41,1,1,0,1632.4624999999942,1,0,2,85.32533519146719
324,15585215,Yuan,515.5,France,Female,26.0,4,0.0,2,0,0,1632.4624999999942,0,0,2,0.0
325,15682757,Pardey,515.5,France,Male,26.0,3,0.0,2,1,0,1632.4624999999942,0,1,3,0.0
326,15736601,Tai,515.5,France,Male,26.0,4,144428.87,1,1,0,1632.4624999999942,0,0,2,88.47300933405852
327,15601848,Scott,515.5,France,Male,26.0,2,0.0,2,1,0,1632.4624999999942,0,1,3,0.0
328,15736008,Hunter,515.5,France,Female,26.0,9,95441.27,1,1,0,1632.4624999999942,1,0,2,58.464601790240415
329,15669064,Mazzanti,515.5,Germany,Male,26.0,1,144848.74,1,1,1,1632.4624999999942,0,0,3,88.73020972916714
330,15624528,L?,515.5,Germany,Male,26.0,7,116244.14,2,1,1,1632.4624999999942,0,0,4,71.20784704089706
331,15598493,Beach,515.5,France,Male,26.0,7,0.0,2,0,1,1632.4624999999942,0,0,3,0.0
332,15601274,Hsieh,515.5,Spain,Female,26.0,1,146502.07,1,1,0,1632.4624999999942,0,0,2,89.74299256491376
333,15702669,Faulkner,515.5,Germany,Male,26.0,2,117028.6,2,0,1,1632.4624999999942,0,0,3,71.68838487867282
334,15728669,Knowles,515.5,Germany,Female,26.0,8,112013.81,1,1,0,1632.4624999999942,1,0,2,68.6164674533108
335,15742668,Day,515.5,Spain,Female,26.0,6,108269.37,1,1,0,1632.4624999999942,0,0,2,66.3227302311694
336,15697441,Hsueh,485.0,France,Male,26.0,7,182123.79,1,1,0,1632.4624999999942,1,0,2,111.56384296729674
337,15740476,Tsao,515.5,Germany,Female,26.0,3,150923.74,2,0,1,1632.4624999999942,0,0,3,92.45158158303822
338,15648064,Kennedy,515.5,France,Male,26.0,2,0.0,2,1,0,1632.4624999999942,0,0,3,0.0
339,15636624,Nwabugwu,515.5,Spain,Female,26.0,5,165272.13,1,1,0,1632.4624999999942,1,0,2,101.2409963475428
340,15807923,Young,515.5,Germany,Female,26.0,10,115301.31,1,1,0,1632.4624999999942,1,0,2,70.63029625489125
341,15745844,Kerr,515.5,Germany,Female,26.0,6,129502.49,2,0,1,1632.4624999999942,1,0,3,79.32953436908993
342,15786170,Tien,515.5,France,Male,26.0,4,118342.26,1,0,0,1632.4624999999942,0,0,1,72.49309555349689
343,15681081,Marrero,515.5,Spain,Female,26.0,5,0.0,2,1,1,1632.4624999999942,0,0,4,0.0
345,15785869,Pisano,515.5,France,Female,25.0,7,0.0,2,1,0,1632.4624999999942,0,0,3,0.0
346,15763859,Brown,515.5,France,Female,26.0,7,0.0,2,1,0,1632.4624999999942,0,0,3,0.0
347,15658935,Freeman,515.5,Germany,Female,26.0,9,106937.05,2,1,0,1632.4624999999942,0,0,3,65.50658897218183
348,15747358,Russell,515.5,Germany,Male,26.0,3,170331.37,1,1,1,1632.4624999999942,0,0,3,104.34014257601666
349,15735203,Seleznyov,515.5,Germany,Female,26.0,1,114510.85,1,1,1,1632.4624999999942,0,0,3,70.14608298812402
350,15576256,Yusupova,515.5,France,Male,26.0,5,0.0,2,1,1,1632.4624999999942,0,1,4,0.0
351,15659420,Foley,515.5,Spain,Male,26.0,3,107594.11,2,1,1,1632.4624999999942,0,0,4,65.90908520103855
352,15593365,Shih,515.5,Spain,Male,26.0,2,81273.13,1,1,1,1632.4624999999942,0,0,3,49.785603038354814
353,15777352,Ikedinachukwu,515.5,Spain,Female,26.0,7,169399.6,1,1,0,1632.4624999999942,0,0,2,103.76936683078516
354,15812007,Power,515.5,Spain,Male,25.0,6,0.0,2,1,1,1632.4624999999942,0,0,4,0.0
355,15625461,Amos,515.5,France,Female,26.0,1,187841.99,2,1,1,1632.4624999999942,0,0,4,115.06664931047462
356,15739438,Reed,515.5,France,Male,26.0,0,0.0,2,1,0,1632.4624999999942,0,1,3,0.0
357,15611759,Simmons,515.5,Spain,Female,26.0,8,126776.3,2,1,1,1632.4624999999942,0,0,4,77.6595480753772
358,15661629,Ricci,515.5,Spain,Male,26.0,9,126436.29,1,1,0,1632.4624999999942,1,0,2,77.45126764014515
359,15633950,Yen,515.5,France,Male,26.0,1,101960.74,1,1,1,1632.4624999999942,0,0,3,62.45824329808517
360,15592386,Campbell,515.5,France,Male,26.0,3,0.0,2,0,1,1632.4624999999942,0,0,3,0.0
361,15803716,West,515.5,Spain,Male,26.0,3,0.0,2,0,1,1632.4624999999942,0,1,3,0.0
362,15696674,Robinson,515.5,Germany,Female,26.0,2,150842.93,1,0,1,1632.4624999999942,1,0,2,92.402079680238
363,15706365,Bianchi,515.5,France,Female,26.0,9,102535.57,1,1,1,1632.4624999999942,0,0,3,62.81036777261369
364,15745088,Chen,443.0,Germany,Female,26.0,9,99027.61,2,1,0,1632.4624999999942,0,0,3,60.66149145845638
365,15676715,Madukaego,515.5,France,Male,26.0,9,0.0,2,1,1,1632.4624999999942,0,1,4,0.0
366,15613085,Ibrahimova,515.5,Spain,Female,26.0,3,0.0,1,1,1,1632.4624999999942,0,1,3,0.0
367,15633537,Nolan,515.5,Germany,Female,26.0,9,87271.41,2,1,0,1632.4624999999942,0,0,3,53.459978406854866
368,15594720,Scott,460.0,Germany,Female,26.0,8,102742.91,2,1,1,1632.4624999999942,0,0,4,62.93737834712918
369,15684042,Blair,515.5,Germany,Male,26.0,2,40105.51,2,0,1,1632.4624999999942,0,0,3,24.567492361999214
370,15583303,Monaldo,515.5,France,Female,26.0,2,152265.43,1,1,0,1632.4624999999942,0,0,2,93.27346263696748
371,15611579,Sutherland,515.5,Spain,Male,26.0,4,141947.67,1,1,1,1632.4624999999942,0,0,3,86.95309693178282
372,15774696,Cole,515.5,Germany,Female,26.0,1,106307.91,2,0,1,1632.4624999999942,0,0,3,65.12119573956547
373,15694506,Briggs,515.5,Germany,Male,26.0,0,107884.81,2,1,1,1632.4624999999942,0,0,4,66.08715973567563
374,15688074,Gregory,515.5,Germany,Male,26.0,1,125013.72,1,1,1,1632.4624999999942,0,0,3,76.57984180341077
375,15759537,Bianchi,515.5,Germany,Male,26.0,7,58469.37,2,1,1,1632.4624999999942,0,0,4,35.816669601905225
376,15758449,Angelo,515.5,France,Female,26.0,8,0.0,1,0,1,1632.4624999999942,0,0,2,0.0
377,15583456,Gardiner,515.5,Germany,Male,26.0,10,117231.63,3,1,1,1632.4624999999942,1,0,5,71.81275527002943
378,15667871,Kerr,515.5,Spain,Male,26.0,4,152390.26,1,1,0,1632.4624999999942,0,0,2,93.34992993713519
379,15677371,Ko,515.5,Spain,Female,26.0,2,34013.63,1,1,0,1632.4624999999942,0,0,2,20.835780301232106
380,15629677,Distefano,515.5,Spain,Female,26.0,2,0.0,3,0,0,1632.4624999999942,1,1,3,0.0
381,15713578,Farrell,483.0,France,Female,26.0,9,0.0,2,1,1,1632.4624999999942,0,1,4,0.0
382,15591509,Milano,515.5,France,Male,26.0,7,101583.11,2,1,0,1632.4624999999942,0,0,3,62.226917923076556
383,15568240,Ting,492.0,Germany,Female,26.0,10,77168.87,2,0,1,1632.4624999999942,0,0,3,47.27145033959449
384,15622993,Boyd,515.5,Germany,Male,26.0,8,124695.72,2,1,0,1632.4624999999942,0,0,3,76.38504406686245
385,15689294,Onyemaechi,515.5,Germany,Male,26.0,3,105934.96,1,1,0,1632.4624999999942,0,0,2,64.8927371991702
386,15720910,Black,515.5,France,Female,26.0,9,0.0,1,1,1,1632.4624999999942,0,0,3,0.0
387,15721181,Oliver,515.5,Spain,Male,26.0,6,0.0,2,1,0,1632.4624999999942,0,0,3,0.0
388,15776433,Greco,515.5,Spain,Male,26.0,2,0.0,2,1,1,1632.4624999999942,0,1,4,0.0
389,15748936,Whitehead,515.5,Spain,Female,26.0,2,0.0,2,0,1,1632.4624999999942,0,1,3,0.0
391,15685226,Morrison,515.5,Germany,Female,26.0,7,147199.07,1,1,1,1632.4624999999942,0,0,3,90.16995489942374
392,15785611,Onyeoruru,515.5,Germany,Male,26.0,3,183102.29,1,1,1,1632.4624999999942,0,0,3,112.16324417865688
393,15573456,Cunningham,515.5,Spain,Male,26.0,9,127209.0,2,1,0,1632.4624999999942,1,0,3,77.9246077628126
394,15684548,Demidov,515.5,Spain,Male,26.0,8,0.0,2,0,0,417.41,1,0,2,0.0
395,15620505,Celis,515.5,Spain,Female,24.0,0,97378.54,1,1,1,1632.4624999999942,0,0,3,59.65131817729372
396,15807432,Cheng,515.5,Germany,Female,26.0,2,136925.09,2,0,1,1632.4624999999942,0,0,3,83.87640757444687
397,15584766,Knight,515.5,France,Male,26.0,3,54503.55,1,1,1,371.05,0,0,3,146.8900417733459
398,15612187,Morin,515.5,Germany,Male,26.0,8,155726.85,1,1,0,1632.4624999999942,0,0,2,95.3938298735809
399,15762218,Mills,515.5,France,Female,26.0,9,0.0,2,0,1,1632.4624999999942,0,1,3,0.0
400,15646372,Outhwaite,515.5,France,Female,26.0,1,135842.41,1,1,0,1632.4624999999942,1,0,2,83.21318866436472
401,15690452,Tung,515.5,France,Male,26.0,1,63349.75,1,1,0,1632.4624999999942,0,0,2,38.806251292143145
402,15747795,Pai,515.5,Germany,Female,26.0,4,129499.42,1,1,1,1632.4624999999942,0,0,3,79.32765377458928
403,15781589,Carpenter,515.5,Spain,Male,26.0,8,0.0,2,0,1,1632.4624999999942,0,1,3,0.0
404,15732674,Fennell,443.0,Spain,Male,26.0,6,70438.01,2,0,1,1632.4624999999942,0,0,3,43.14831734266499
406,15692761,Pratt,515.5,France,Male,26.0,9,0.0,1,1,0,1632.4624999999942,0,0,2,0.0
407,15578045,Mitchell,515.5,Spain,Female,26.0,9,141434.04,1,0,0,1632.4624999999942,1,0,1,86.63846183296738
408,15745354,Franklin,515.5,Spain,Female,26.0,4,0.0,2,1,0,1632.4624999999942,0,1,3,0.0
409,15701376,K'ung,515.5,Germany,Male,26.0,10,152958.29,2,1,1,1632.4624999999942,0,0,4,93.69788892547336
410,15691625,Ko,515.5,Germany,Female,26.0,3,138306.34,1,1,0,1632.4624999999942,0,0,2,84.72252195685995
412,15760431,Pino,515.5,France,Male,26.0,1,0.0,2,1,1,1632.4624999999942,0,0,4,0.0
413,15686302,Fisk,515.5,Spain,Female,26.0,3,124328.84,1,1,1,1632.4624999999942,0,0,3,76.16030383546357
414,15801559,Chiang,515.5,Germany,Female,26.0,9,181461.48,3,1,1,1632.4624999999942,1,0,5,111.15813073807249
415,15810432,Moseley,515.5,Spain,Male,26.0,8,0.0,2,1,0,1632.4624999999942,0,1,3,0.0
416,15809616,Hsiung,515.5,Spain,Male,26.0,8,0.0,2,0,0,1632.4624999999942,0,1,2,0.0
417,15720559,Heath,487.0,Germany,Female,26.0,5,110368.03,1,0,0,1632.4624999999942,1,0,1,67.60830953237847
418,15695632,Dellucci,515.5,France,Female,26.0,9,89588.35,1,1,1,1632.4624999999942,0,0,3,54.87926981477389
419,15659843,Li,515.5,France,Female,26.0,6,0.0,2,0,0,1632.4624999999942,0,1,2,0.0
420,15615624,De Salis,515.5,France,Female,26.0,6,0.0,2,0,0,1632.4624999999942,0,1,2,0.0
421,15810418,T'ang,515.5,Germany,Female,26.0,3,115924.89,1,1,0,1632.4624999999942,1,0,2,71.01228358997552
422,15716186,Richardson,515.5,France,Female,26.0,2,0.0,2,1,0,1632.4624999999942,0,0,3,0.0
423,15674551,Fitch,515.5,Germany,Male,26.0,7,111756.5,1,1,0,1632.4624999999942,1,0,2,68.4588466810113
424,15622834,Stevenson,515.5,France,Female,26.0,4,0.0,1,1,0,1632.4624999999942,0,1,2,0.0
425,15566111,Estes,515.5,France,Male,26.0,9,0.0,1,1,0,1632.4624999999942,0,0,2,0.0
427,15652883,Chung,492.0,Germany,Male,26.0,10,124576.65,2,1,0,1632.4624999999942,0,0,3,76.31210517852658
428,15806964,Utz,515.5,France,Male,26.0,0,80793.58,1,1,1,1632.4624999999942,0,0,3,49.49184437621096
429,15576313,Wei,486.0,Germany,Female,26.0,9,71340.09,1,1,0,1632.4624999999942,0,0,2,43.70090584010368
430,15806467,Boyle,515.5,Germany,Male,26.0,1,99282.63,1,0,0,1632.4624999999942,1,0,1,60.81770944202415
431,15597602,Nwachinemelu,515.5,Germany,Male,26.0,3,137946.39,1,1,1,1632.4624999999942,1,0,3,84.50202684594623
432,15743040,Kuznetsova,515.5,Germany,Male,26.0,2,127892.57,2,0,1,1632.4624999999942,0,0,3,78.34334326209665
433,15705521,Pisani,515.5,Germany,Female,26.0,0,101084.36,1,1,0,1632.4624999999942,0,0,2,61.92139788815998
434,15595039,Manna,515.5,Germany,Female,26.0,8,114754.08,1,1,0,1632.4624999999942,1,0,2,70.29507875372354
435,15799384,Collier,515.5,France,Male,26.0,8,0.0,1,0,0,1632.4624999999942,0,0,1,0.0
436,15581197,Ricci,515.5,France,Female,26.0,3,99286.98,1,0,1,1632.4624999999942,0,0,2,60.82037412804297
437,15693737,Carr,515.5,Germany,Female,26.0,4,79871.02,2,1,0,1632.4624999999942,0,0,3,48.92671041448137
438,15624623,Hs?,515.5,France,Male,26.0,10,104088.59,2,0,0,1632.4624999999942,0,0,2,63.761703561337775
439,15783501,Findlay,515.5,France,Female,26.0,2,168190.33,2,1,0,1632.4624999999942,0,0,3,103.0286024946978
440,15690134,Hughes,464.0,Germany,Female,26.0,3,85679.25,1,1,1,1632.4624999999942,0,0,3,52.484666569676364
441,15782735,Chukwuemeka,515.5,France,Female,26.0,3,0.0,1,0,0,1632.4624999999942,0,0,1,0.0
442,15611088,Genovese,515.5,France,Female,26.0,9,0.0,2,1,0,1632.4624999999942,0,0,3,0.0
443,15672145,Swift,515.5,France,Female,26.0,7,121551.58,2,1,1,1632.4624999999942,0,0,4,74.45903351531838
444,15732628,Ugoji,515.5,France,Male,26.0,2,122220.19,1,1,1,1632.4624999999942,0,0,3,74.86860494498369
445,15787470,Parkinson,515.5,Spain,Male,26.0,3,116528.15,1,0,0,1632.4624999999942,1,0,1,71.38182347220865
446,15803406,Ross,515.5,France,Female,26.0,1,77780.29,1,0,1,1632.4624999999942,0,0,2,47.64598880525603
447,15730460,Oleary,515.5,France,Male,26.0,2,0.0,1,0,0,1632.4624999999942,0,1,1,0.0
448,15644572,Turnbull,501.0,France,Male,26.0,4,125832.2,1,1,1,1632.4624999999942,0,0,3,77.08121932356819
449,15694860,Uspensky,515.5,France,Female,26.0,6,68065.8,1,0,0,1632.4624999999942,1,0,1,41.69516910801948
450,15658169,Cook,515.5,Spain,Female,26.0,6,127299.34,2,1,0,1632.4624999999942,0,0,3,77.97994747199428
451,15794396,Newbold,494.0,Germany,Female,26.0,7,174937.64,1,1,0,1632.4624999999942,0,0,2,107.16181229277893
452,15785798,Uchechukwu,515.5,France,Male,26.0,9,0.0,2,0,1,1632.4624999999942,0,1,3,0.0
453,15710825,Ch'en,515.5,Spain,Male,26.0,7,110071.1,1,0,0,1632.4624999999942,0,0,1,67.42641867730524
454,15668444,He,515.5,Spain,Female,26.0,3,139432.37,1,1,0,1632.4624999999942,0,0,2,85.41229584140554
455,15726631,Hilton,515.5,France,Female,26.0,6,127357.76,1,0,1,1632.4624999999942,0,0,2,78.01573389894129
456,15733797,Sal,506.0,France,Male,26.0,5,0.0,2,1,0,1632.4624999999942,0,1,3,0.0
457,15747960,Eluemuno,515.5,France,Male,26.0,3,0.0,1,1,1,1632.4624999999942,0,0,3,0.0
458,15634632,Titus,515.5,France,Male,26.0,3,0.0,2,1,0,1632.4624999999942,0,0,3,0.0
459,15707362,Yin,514.0,Germany,Male,26.0,1,95556.31,1,0,1,1632.4624999999942,1,0,2,58.53507201543701
460,15662976,Lettiere,515.5,Spain,Male,26.0,8,0.0,1,1,1,1632.4624999999942,0,1,3,0.0
461,15732778,Templeman,468.0,Germany,Male,26.0,1,111681.98,2,1,1,1632.4624999999942,0,0,4,68.41319785293715
462,15718443,Chibuzo,515.5,France,Male,26.0,3,0.0,2,1,0,1632.4624999999942,0,0,3,0.0
463,15670039,Sun,509.0,Spain,Female,25.0,3,108738.71,2,1,0,1632.4624999999942,0,0,3,66.61023453831277
464,15773792,Evans,515.5,France,Female,26.0,4,133950.37,1,1,1,1632.4624999999942,1,0,3,82.05417888619216
465,15613786,Ogbonnaya,515.5,Spain,Male,26.0,4,0.0,2,1,1,1632.4624999999942,0,1,4,0.0
466,15726032,Enyinnaya,515.5,France,Male,26.0,9,89968.69,1,1,0,1632.4624999999942,0,0,2,55.112255258543655
467,15663252,Olisanugo,515.5,Spain,Female,26.0,9,0.0,2,1,1,1632.4624999999942,0,0,4,0.0
468,15593782,Brookes,515.5,Germany,Female,26.0,5,130878.75,3,1,0,1632.4624999999942,1,0,4,80.17259201972509
469,15633283,Padovano,515.5,France,Male,26.0,8,0.0,2,1,0,1632.4624999999942,0,0,3,0.0
470,15749167,Fisk,515.5,France,Male,26.0,3,0.0,2,1,1,1632.4624999999942,0,1,4,0.0
472,15683625,Hare,515.5,France,Male,26.0,1,149762.08,1,1,0,1632.4624999999942,1,0,2,91.73998177599823
473,15635367,Muir,515.5,France,Male,26.0,2,93844.69,1,1,0,1632.4624999999942,0,0,2,57.48658238703819
474,15681705,Fanucci,515.5,France,Male,26.0,8,0.0,2,1,0,1632.4624999999942,0,0,3,0.0
475,15603156,Elewechi,515.5,France,Female,26.0,1,0.0,2,1,0,1632.4624999999942,0,1,3,0.0
476,15591986,Johnston,515.5,Germany,Male,26.0,6,141078.37,1,0,0,1632.4624999999942,1,0,1,86.42058852806757
477,15798888,Pisano,515.5,Germany,Female,26.0,1,117992.59,1,1,1,1632.4624999999942,0,0,3,72.27889767758856
478,15809722,Ankudinov,515.5,France,Female,26.0,8,100812.33,2,1,0,1632.4624999999942,0,0,3,61.75476006340137
479,15677538,Nwokike,515.5,France,Male,26.0,7,0.0,1,1,1,1632.4624999999942,0,1,3,0.0
480,15797736,Smith,515.5,France,Male,26.0,4,80262.6,1,1,1,1632.4624999999942,0,0,3,49.16658116189517
481,15695585,Atkins,515.5,Spain,Male,26.0,6,156478.62,1,0,1,1632.4624999999942,0,0,2,95.85434274906808
482,15744398,Burns,515.5,France,Female,23.0,5,0.0,2,1,0,1632.4624999999942,0,1,3,0.0
483,15750658,Obiuto,515.5,France,Male,26.0,8,0.0,3,0,0,1632.4624999999942,0,1,3,0.0
484,15578186,Pirozzi,486.0,Germany,Male,26.0,9,115217.99,2,1,0,1632.4624999999942,0,0,3,70.5792567976296
485,15676519,George,515.5,Spain,Male,26.0,9,0.0,2,1,0,1632.4624999999942,1,1,3,0.0
486,15637954,Lewis,515.5,France,Female,26.0,0,155470.55,1,1,1,1632.4624999999942,0,0,3,95.23682779849494
487,15758639,Moran,515.5,France,Male,26.0,7,0.0,2,1,0,1632.4624999999942,0,0,3,0.0
488,15613772,Dalrymple,515.5,France,Male,26.0,3,135096.77,1,1,1,1632.4624999999942,1,0,3,82.75643085216382
489,15731744,Carslaw,515.5,France,Male,26.0,2,0.0,2,0,1,1632.4624999999942,0,1,3,0.0
490,15807709,Kirby,515.5,Germany,Female,26.0,9,180075.22,1,1,1,1632.4624999999942,0,0,3,110.30894737245153
491,15714689,Houghton,515.5,Spain,Male,26.0,1,97541.24,1,1,1,1632.4624999999942,0,0,3,59.75098356011262
492,15699005,Martin,515.5,France,Female,26.0,2,156067.05,1,1,1,1632.4624999999942,0,0,3,95.60222669739767
493,15624170,Tan,515.5,France,Female,26.0,4,81550.94,2,0,1,1632.4624999999942,0,0,3,49.95578152637521
494,15725679,Hsia,515.5,France,Female,26.0,6,0.0,1,0,0,1632.4624999999942,1,1,1,0.0
495,15585865,Westerberg,515.5,France,Female,26.0,2,170061.92,2,0,0,1632.4624999999942,1,0,2,104.1750851857244
496,15804256,Hale,515.5,Germany,Male,26.0,8,92310.54,2,1,1,1632.4624999999942,0,0,4,56.54680582249229
497,15662403,Kryukova,515.5,France,Female,26.0,6,169089.38,2,1,0,1632.4624999999942,0,0,3,103.5793349004958
498,15733616,Sopuluchukwu,515.5,France,Male,26.0,5,80613.93,1,1,1,1632.4624999999942,0,0,3,49.381795906491135
499,15591995,Barry,515.5,Germany,Male,26.0,8,121581.56,2,1,1,1632.4624999999942,0,0,4,74.4773984088458
500,15677020,Selezneva,515.5,France,Female,26.0,8,0.0,1,0,1,1632.4624999999942,1,1,2,0.0
501,15727688,Chizuoke,515.5,Spain,Male,26.0,4,0.0,2,1,1,1632.4624999999942,0,0,4,0.0
502,15715941,Lueck,515.5,France,Male,26.0,5,0.0,2,1,1,1632.4624999999942,0,0,4,0.0
503,15714485,Udinese,515.5,France,Male,26.0,5,85891.55,1,1,0,1632.4624999999942,1,0,2,52.614715498824815
504,15730059,Udobata,515.5,Spain,Male,26.0,9,77637.35,2,1,1,1632.4624999999942,0,0,4,47.55842783524907
505,15715527,Freeman,515.5,Spain,Female,26.0,4,0.0,1,0,0,1632.4624999999942,0,1,1,0.0
506,15576623,Outlaw,515.5,France,Male,26.0,5,0.0,2,1,0,1632.4624999999942,0,0,3,0.0
507,15805565,Obiuto,515.5,Germany,Male,26.0,7,116927.89,1,1,0,1632.4624999999942,0,0,2,71.62669280305086
508,15677307,Lo,515.5,Germany,Female,26.0,6,137326.65,1,1,0,1632.4624999999942,0,0,2,84.1223917854165
510,15598883,King,515.5,Spain,Female,26.0,2,0.0,2,1,1,1632.4624999999942,0,1,4,0.0
511,15568506,Forbes,515.5,Germany,Female,26.0,10,67238.98,2,1,1,1632.4624999999942,0,0,4,41.18868274156389
512,15761043,Macleod,515.5,Germany,Female,26.0,6,86569.76,2,1,0,1632.4624999999942,0,0,3,53.03016761487648
513,15782236,Gibbs,515.5,Spain,Male,26.0,5,0.0,2,0,0,1632.4624999999942,0,0,2,0.0
514,15593601,Isayev,515.5,France,Male,26.0,6,133598.4,1,1,1,1632.4624999999942,0,0,3,81.8385720958371
515,15682048,Pisano,515.5,France,Female,26.0,3,136188.78,1,1,1,1632.4624999999942,1,0,3,83.42536505432773
516,15746902,Belstead,515.5,Spain,Male,26.0,9,0.0,2,1,0,1632.4624999999942,0,0,3,0.0
517,15752081,Vassiliev,468.0,France,Female,26.0,10,0.0,3,0,1,1632.4624999999942,1,0,4,0.0
518,15781307,Schneider,515.5,Germany,Male,26.0,7,120092.52,2,1,0,1632.4624999999942,0,0,3,73.56525494460082
519,15775912,Mazzanti,515.5,France,Male,26.0,4,101238.24,2,0,1,1632.4624999999942,1,0,3,62.01566039036141
520,15745417,Knipe,515.5,France,Male,26.0,6,89685.92,1,0,1,1632.4624999999942,0,0,2,54.9390384158903
521,15671256,Macartney,515.5,France,Female,26.0,1,211774.31,1,1,0,1632.4624999999942,1,0,2,129.7269064373612
522,15653547,Madukwe,515.5,France,Male,26.0,7,131317.48,1,1,1,1632.4624999999942,0,0,3,80.44134551329692
523,15595766,Watts,515.5,Spain,Male,26.0,5,93722.73,2,1,1,1632.4624999999942,0,0,4,57.41187316707142
524,15742358,Humphreys,515.5,Germany,Male,26.0,8,101160.99,1,1,1,1632.4624999999942,0,0,3,61.968339242096135
525,15763274,Wu,515.5,France,Male,26.0,3,120320.54,1,0,0,1632.4624999999942,0,0,1,73.70493349770695
526,15786063,Chin,515.5,France,Female,26.0,2,0.0,2,1,1,1632.4624999999942,0,1,4,0.0
527,15600258,Chesnokova,515.5,France,Male,26.0,2,0.0,2,1,1,1632.4624999999942,0,1,4,0.0
528,15573318,Kung,515.5,France,Male,26.0,8,0.0,2,1,0,1632.4624999999942,0,1,3,0.0
529,15653849,Lu,515.5,Germany,Female,26.0,3,152827.99,1,1,0,1632.4624999999942,1,0,2,93.61807085920843
530,15694272,Nkemakolam,515.5,France,Male,26.0,1,64097.75,1,1,1,1632.4624999999942,0,0,3,39.264454773080686
531,15736112,Walton,515.5,Spain,Female,26.0,2,119035.35,2,1,1,1632.4624999999942,0,0,4,72.91766273344743
532,15749851,Brookes,515.5,Spain,Female,26.0,4,135219.57,1,0,1,1632.4624999999942,0,0,2,82.8316546321894
533,15663478,Baldwin,515.5,France,Male,26.0,6,93694.42,1,1,1,1632.4624999999942,0,0,3,57.39453126794663
534,15592300,Mai,515.5,Spain,Male,26.0,10,59408.63,1,1,0,1632.4624999999942,0,0,2,36.392033507661104
535,15567832,Shih,515.5,France,Female,26.0,7,114354.95,1,1,0,1632.4624999999942,0,0,2,70.05058309149545
536,15776780,He,515.5,France,Male,26.0,1,0.0,1,1,0,1632.4624999999942,1,0,2,0.0
537,15592846,Fiorentini,515.5,Germany,Male,26.0,10,128173.9,2,1,0,1632.4624999999942,0,0,3,78.51567800179205
538,15739803,Lucciano,515.5,Spain,Male,26.0,9,0.0,2,1,0,1632.4624999999942,0,1,3,0.0
539,15794142,Ferreira,515.5,Germany,Female,26.0,5,114931.35,3,0,1,1632.4624999999942,1,0,4,70.40366930327674
540,15762729,Ukaegbunam,515.5,Germany,Female,26.0,1,111071.36,1,1,0,1632.4624999999942,1,0,2,68.03914944447446
541,15667896,De Luca,515.5,France,Male,26.0,8,151226.18,2,1,1,1632.4624999999942,0,0,4,92.63684770706864
543,15776223,Davide,515.5,France,Female,26.0,4,64740.12,1,1,1,1632.4624999999942,0,0,3,39.65795232662327
544,15705953,Kodilinyechukwu,515.5,Spain,Male,26.0,0,169312.13,1,1,0,1632.4624999999942,1,0,2,103.7157852018044
545,15802593,Little,504.0,France,Female,26.0,7,0.0,3,0,1,1632.4624999999942,1,0,4,0.0
546,15615457,Burns,515.5,Spain,Female,26.0,2,112652.08,2,1,0,1632.4624999999942,0,0,3,69.00745346370921
547,15708916,Paterson,515.5,France,Male,26.0,0,0.0,2,1,0,1632.4624999999942,0,0,3,0.0
548,15720187,Han,479.0,Germany,Female,26.0,7,143964.36,2,1,0,1632.4624999999942,0,0,3,88.18846374725331
549,15595440,Kryukova,508.0,France,Male,26.0,7,122451.46,2,1,1,1632.4624999999942,0,0,4,75.0102743554602
550,15600651,Ijendu,515.5,France,Male,24.0,1,0.0,3,1,1,1632.4624999999942,0,0,5,0.0
551,15750141,Reichard,515.5,Germany,Female,26.0,3,65253.07,2,1,0,1632.4624999999942,0,0,3,39.97217087681967
552,15657284,Day,515.5,Germany,Male,26.0,6,106901.94,1,1,1,1632.4624999999942,1,0,3,65.4850815868667
554,15709324,Bruce,417.0,France,Male,26.0,7,0.0,2,1,0,1632.4624999999942,0,0,3,0.0
555,15711309,Sumrall,515.5,Germany,Male,26.0,3,129834.67,1,1,0,1632.4624999999942,0,0,2,79.53301836948809
556,15775318,Lu,515.5,Spain,Female,26.0,3,154962.99,3,0,1,1632.4624999999942,1,0,4,94.92591100867588
557,15705515,Lazarev,515.5,Germany,Male,26.0,5,138241.9,2,1,0,1632.4624999999942,0,0,3,84.68304784949149
558,15634844,Miller,515.5,Germany,Male,26.0,3,91536.93,1,1,0,1632.4624999999942,1,0,2,56.072914385476125
559,15717046,Wentworth-Shields,515.5,Spain,Male,26.0,3,0.0,2,1,1,1632.4624999999942,0,0,4,0.0
560,15571816,Ritchie,515.5,Spain,Female,26.0,5,0.0,1,1,1,705.18,0,0,3,0.0
561,15670080,Mackenzie,515.5,Germany,Female,26.0,7,105204.01,1,0,1,1632.4624999999942,0,0,2,64.44497806228344
562,15800440,Power,515.5,Spain,Male,26.0,1,152968.73,1,0,1,1632.4624999999942,0,0,2,93.70428417191853
563,15665678,Tan,515.5,Spain,Male,26.0,8,158261.68,1,1,1,1632.4624999999942,0,0,3,96.94659448532542
564,15665956,Pendergrass,509.0,France,Female,26.0,1,0.0,1,1,0,1632.4624999999942,1,0,2,0.0
565,15788126,Evans,515.5,Spain,Female,26.0,6,121021.05,1,1,1,1632.4624999999942,0,0,3,74.13404595817694
566,15811773,Hsia,515.5,France,Male,26.0,4,0.0,2,1,1,1632.4624999999942,0,1,4,0.0
567,15651674,Billson,438.0,Spain,Female,26.0,2,0.0,1,0,0,1632.4624999999942,1,1,1,0.0
568,15689614,Teng,515.5,Spain,Female,26.0,1,137715.66,1,1,1,1632.4624999999942,0,0,3,84.36068822407896
569,15795564,Moretti,515.5,Germany,Male,26.0,5,121192.22,2,1,1,1632.4624999999942,0,0,4,74.23889982158882
570,15706647,Jordan,515.5,France,Male,26.0,7,0.0,3,1,1,1632.4624999999942,0,1,5,0.0
571,15728505,Ts'ao,515.5,France,Male,26.0,1,100486.18,2,1,1,1632.4624999999942,0,0,4,61.554969869139626
572,15730076,Osborne,515.5,France,Male,26.0,1,0.0,1,1,0,1632.4624999999942,1,0,2,0.0
573,15622003,Carslaw,515.5,France,Male,26.0,9,92566.53,2,1,0,1632.4624999999942,0,0,3,56.703618000413684
574,15607312,Ch'ang,515.5,Spain,Female,26.0,10,0.0,2,1,1,1632.4624999999942,1,1,4,0.0
575,15644753,Hung,515.5,Spain,Male,26.0,3,110929.96,1,1,1,1632.4624999999942,0,0,3,67.95253183457531
576,15653620,Gordon,515.5,France,Female,26.0,8,0.0,2,1,1,1632.4624999999942,0,0,4,0.0
577,15761986,Obialo,439.0,Spain,Female,26.0,3,138901.61,1,1,0,1632.4624999999942,0,0,2,85.08716739281942
578,15633922,Gray,515.5,France,Male,26.0,4,123217.66,2,0,1,1632.4624999999942,0,0,3,75.47962663767188
579,15734674,Lin,515.5,France,Female,26.0,6,0.0,1,1,0,1632.4624999999942,0,0,2,0.0
580,15658032,Hopkins,515.5,France,Male,26.0,2,0.0,2,1,1,1632.4624999999942,0,0,4,0.0
581,15692671,Dobson,515.5,Spain,Male,26.0,8,0.0,2,1,0,1632.4624999999942,0,1,3,0.0
582,15737741,McKay,515.5,Spain,Female,26.0,2,108431.87,2,0,1,1632.4624999999942,1,0,3,66.42227309968858
583,15576352,Revell,515.5,Spain,Female,26.0,3,0.0,2,0,1,1632.4624999999942,0,0,3,0.0
584,15753719,Rickards,515.5,Germany,Female,26.0,9,72392.41,1,1,0,1632.4624999999942,0,0,2,44.34552707948897
585,15803689,Begum,515.5,Germany,Female,26.0,1,119741.77,2,0,0,1632.4624999999942,1,0,2,73.35039549147403
586,15718057,Onyinyechukwuka,515.5,France,Female,26.0,2,100946.71,1,0,0,1632.4624999999942,1,0,1,61.8370774213805
587,15722010,Zuyev,515.5,Spain,Male,26.0,9,170491.84,1,1,0,1632.4624999999942,1,0,2,104.43844192439373
588,15680998,Nwankwo,515.5,France,Male,26.0,5,0.0,1,1,1,1632.4624999999942,0,1,3,0.0
589,15614782,Hao,515.5,France,Male,26.0,1,0.0,1,1,0,1632.4624999999942,0,1,2,0.0
590,15591047,Ma,515.5,Spain,Female,26.0,6,157296.02,2,0,0,1632.4624999999942,1,0,2,96.35505869200705
591,15788291,Okwuadigbo,515.5,Germany,Female,26.0,7,144606.22,1,1,1,1632.4624999999942,1,0,3,88.58164888933162
592,15604044,Mitchell,515.5,France,Male,26.0,8,134811.3,1,1,0,1299.75,0,0,2,103.7209463358338
593,15679587,Chan,515.5,France,Female,26.0,9,115897.12,1,1,1,1632.4624999999942,0,0,3,70.99527247945996
594,15775153,Buchi,515.5,Spain,Male,26.0,4,82034.0,1,0,0,1632.4624999999942,0,0,1,50.25169031447907
595,15603925,Greco,515.5,Spain,Female,26.0,4,174318.13,2,0,1,1632.4624999999942,0,0,3,106.78231812369388
596,15680970,Lombardi,515.5,Germany,Female,26.0,2,114206.84,1,1,0,1632.4624999999942,0,0,2,69.95985512684084
597,15697183,Uchenna,515.5,Spain,Male,26.0,9,0.0,2,1,0,1632.4624999999942,0,1,3,0.0
598,15567446,Coffman,515.5,Germany,Male,26.0,9,111574.41,1,1,1,1632.4624999999942,0,0,3,68.34730353683494
599,15637476,Alexandrova,515.5,Germany,Female,26.0,5,162448.69,1,0,0,1632.4624999999942,1,0,1,99.51143747559321
600,15714939,Fallaci,484.0,Germany,Female,26.0,4,148249.54,1,0,1,1632.4624999999942,0,0,2,90.81344288153666
601,15683503,Hudson,515.5,France,Female,26.0,8,0.0,3,0,1,1632.4624999999942,1,1,4,0.0
602,15645569,Mai,515.5,Spain,Female,26.0,7,123709.46,2,1,1,1632.4624999999942,0,0,4,75.78088930067334
603,15782569,Stout,515.5,France,Female,26.0,9,0.0,1,0,1,1632.4624999999942,0,0,2,0.0
604,15592387,Burke,515.5,France,Male,26.0,5,0.0,1,1,0,1632.4624999999942,1,0,2,0.0
605,15609286,Chadwick,515.5,France,Male,26.0,10,150525.8,1,1,1,1632.4624999999942,0,0,3,92.20781488089345
606,15814035,Lawrence,515.5,France,Male,26.0,9,0.0,1,1,1,1632.4624999999942,0,0,3,0.0
607,15661249,Bellucci,515.5,France,Male,26.0,4,0.0,2,0,1,1632.4624999999942,0,1,3,0.0
608,15629117,Harper,515.5,France,Male,26.0,10,0.0,2,1,0,1632.4624999999942,0,0,3,0.0
609,15607170,Boyle,515.5,France,Male,26.0,5,0.0,2,1,1,1632.4624999999942,0,0,4,0.0
610,15586585,Duncan,515.5,Germany,Female,26.0,2,111018.98,1,1,0,1632.4624999999942,0,0,2,68.00706294937886
611,15686611,Moss,495.0,France,Male,26.0,10,129755.99,1,0,0,1632.4624999999942,0,0,1,79.48482124397985
612,15603203,Avdeyeva,515.5,France,Female,26.0,6,0.0,2,1,0,1002.39,0,0,3,0.0
613,15619857,Crawford,515.5,France,Female,26.0,2,129555.7,1,1,1,1632.4624999999942,0,0,3,79.36212929852934
614,15805062,Lynton,515.5,Spain,Male,26.0,1,87202.38,1,1,1,1632.4624999999942,0,0,3,53.417692596307916
615,15660271,Duncan,515.5,Germany,Male,26.0,8,146133.39,1,1,1,1632.4624999999942,0,0,3,89.51714970481744
616,15745295,Gether,515.5,Spain,Female,26.0,0,0.0,1,1,0,1632.4624999999942,1,1,2,0.0
617,15719352,Davidson,515.5,Spain,Male,26.0,6,170184.99,2,1,0,1632.4624999999942,0,0,3,104.25047436005458
618,15766575,Larionova,515.5,Germany,Female,26.0,8,140745.33,1,1,0,1632.4624999999942,1,0,2,86.21657771618061
619,15594594,Loggia,515.5,Spain,Male,26.0,7,139070.51,1,1,1,1632.4624999999942,0,0,3,85.19063071892954
620,15646161,Steinhoff,515.5,Spain,Female,26.0,8,0.0,2,1,1,1632.4624999999942,0,1,4,0.0
621,15682585,Guerra,515.5,France,Male,26.0,9,114193.24,1,1,0,1632.4624999999942,0,0,2,69.95152415446016
622,15603134,Pai,515.5,Spain,Female,26.0,10,167878.5,1,0,1,1632.4624999999942,0,0,2,102.83758432429572
623,15636444,Craig,515.5,Germany,Female,26.0,5,141616.55,2,1,1,1632.4624999999942,0,0,4,86.75026225717313
624,15773456,Lazareva,515.5,Germany,Male,26.0,3,145747.67,2,0,1,1632.4624999999942,0,0,3,89.28086862638531
625,15745307,Ch'iu,477.0,Spain,Female,26.0,2,129120.64,1,0,1,1632.4624999999942,0,0,2,79.0956239423573
626,15604119,Alderete,515.5,Spain,Male,26.0,7,110349.82,1,0,0,1632.4624999999942,0,0,1,67.59715460538935
627,15626900,Kung,427.0,France,Male,26.0,1,141325.56,1,1,1,1632.4624999999942,0,0,3,86.57201007680146
628,15605447,Palermo,515.5,France,Male,26.0,2,78653.84,1,1,0,1632.4624999999942,0,0,2,48.181100637840245
629,15589030,Ts'ai,515.5,France,Male,26.0,1,0.0,2,1,1,1632.4624999999942,0,1,4,0.0
630,15692463,Rahman,515.5,Spain,Female,26.0,3,142253.65,1,1,0,1632.4624999999942,0,0,2,87.1405315589182
631,15712403,McMillan,515.5,France,Female,26.0,1,0.0,1,1,0,1632.4624999999942,1,0,2,0.0
632,15811762,Pickering,515.5,Germany,Female,26.0,6,115988.86,1,1,0,1632.4624999999942,1,0,2,71.05146978873965
633,15718673,Mirams,515.5,Spain,Female,26.0,10,75592.43,1,1,0,1632.4624999999942,0,0,2,46.305768126373664
634,15724282,Tsao,515.5,Germany,Male,26.0,3,164113.04,2,1,1,1632.4624999999942,0,0,4,100.53097084925417
635,15738181,Douglas,515.5,France,Male,26.0,6,67996.23,2,0,0,1632.4624999999942,1,0,2,41.65255250886329
636,15633648,Jideofor,515.5,Spain,Female,26.0,5,0.0,2,1,0,1632.4624999999942,0,0,3,0.0
637,15603323,Bell,515.5,Spain,Female,26.0,1,0.0,2,0,0,1632.4624999999942,0,1,2,0.0
638,15583725,Mairinger,515.5,France,Male,26.0,1,138778.15,1,0,1,1632.4624999999942,0,0,2,85.0115393156048
639,15588350,McIntyre,515.5,France,Female,26.0,10,147832.15,1,0,1,1632.4624999999942,0,0,2,90.55776166374451
640,15798398,Pagnotto,515.5,France,Female,26.0,4,135438.4,1,0,0,1632.4624999999942,0,0,1,82.96570365322357
641,15784844,K'ung,515.5,Spain,Male,26.0,5,116060.08,1,1,0,1632.4624999999942,1,0,2,71.0950971308685
642,15580684,Feng,515.5,France,Female,26.0,5,112564.62,1,1,0,1632.4624999999942,0,0,2,68.95387796044344
643,15809663,Donaldson,515.5,France,Female,26.0,1,125406.58,1,1,1,1632.4624999999942,0,0,3,76.82049664234275
644,15640078,Chambers,515.5,Germany,Female,26.0,5,135134.99,1,1,0,1632.4624999999942,1,0,2,82.77984333483953
645,15698786,Marcelo,515.5,France,Female,26.0,9,133102.92,1,1,0,1632.4624999999942,1,0,2,81.53505516972089
646,15569807,Ejimofor,515.5,France,Female,26.0,8,42157.08,1,1,0,1632.4624999999942,1,0,2,25.82422567134017
647,15730830,Dale,515.5,France,Female,26.0,3,0.0,2,1,1,1632.4624999999942,0,1,4,0.0
648,15805112,Pokrovsky,515.5,France,Male,26.0,7,82259.29,1,1,0,1632.4624999999942,0,0,2,50.38969654739407
649,15633064,Stonebraker,438.0,France,Female,26.0,4,0.0,2,1,0,1632.4624999999942,0,0,3,0.0
650,15703119,Liang,515.5,France,Male,26.0,6,0.0,2,1,1,1632.4624999999942,0,1,4,0.0
651,15730447,Anderson,515.5,France,Female,26.0,4,0.0,2,1,1,1632.4624999999942,0,1,4,0.0
652,15813850,Christian,515.5,France,Male,26.0,7,0.0,1,1,1,1632.4624999999942,0,0,3,0.0
653,15711889,Mao,515.5,France,Male,26.0,3,150461.07,1,1,0,1632.4624999999942,0,0,2,92.16816312779041
654,15664610,Campbell,459.0,Germany,Male,26.0,4,133994.52,1,1,1,1632.4624999999942,1,0,3,82.08122391785444
655,15751710,Ginikanwa,515.5,Spain,Male,26.0,8,164870.81,2,1,1,1632.4624999999942,0,0,4,100.99515915373283
657,15813741,Nnachetam,515.5,Spain,Male,25.0,6,193858.2,1,0,1,1632.4624999999942,0,0,2,118.75200808594421
658,15698474,Sagese,515.5,Germany,Female,26.0,1,131039.97,2,1,1,1632.4624999999942,0,0,4,80.2713507967261
659,15568595,Fleming,515.5,France,Male,26.0,9,113829.45,1,1,1,1632.4624999999942,0,0,3,69.72867676899187
660,15603065,Grubb,515.5,France,Female,26.0,6,0.0,2,1,0,1632.4624999999942,0,0,3,0.0
661,15592937,Napolitani,515.5,Germany,Female,26.0,3,81877.38,1,1,1,1632.4624999999942,0,0,3,50.15574936637154
662,15699637,Anenechi,515.5,Spain,Male,26.0,8,116326.07,1,1,1,1632.4624999999942,0,0,3,71.25803502377569
663,15667215,Chandler,515.5,France,Male,26.0,2,0.0,2,1,1,1632.4624999999942,0,0,4,0.0
664,15788659,Howells,515.5,France,Male,26.0,4,0.0,2,1,1,1632.4624999999942,0,1,4,0.0
665,15763218,Akeroyd,515.5,France,Female,26.0,1,0.0,2,0,1,1632.4624999999942,0,1,3,0.0
666,15645772,Onwumelu,515.5,France,Male,26.0,9,0.0,2,1,1,1632.4624999999942,0,0,4,0.0
667,15725511,Wallace,515.5,France,Female,26.0,3,127070.73,1,0,1,1632.4624999999942,0,0,2,77.83990750170399
668,15575024,Uwaezuoke,503.0,France,Male,26.0,3,0.0,2,1,1,1632.4624999999942,0,1,4,0.0
669,15640825,Loyau,515.5,Spain,Male,26.0,3,122549.64,1,1,1,1632.4624999999942,0,0,3,75.07041662519075
670,15662397,Small,515.5,France,Female,26.0,5,176099.13,1,1,1,1632.4624999999942,0,0,3,107.87330796266416
671,15576368,Bledsoe,515.5,Germany,Female,26.0,3,122388.38,2,0,0,1632.4624999999942,0,0,2,74.97163334532979
672,15674991,Kao,515.5,France,Male,26.0,9,0.0,2,0,1,1632.4624999999942,0,0,3,0.0
673,15721024,Wickens,515.5,France,Male,26.0,0,0.0,1,0,0,1632.4624999999942,0,0,1,0.0
674,15745621,Wertheim,515.5,Spain,Female,26.0,6,118879.35,2,1,1,1632.4624999999942,0,0,4,72.82210157966901
675,15642394,He,515.5,Spain,Male,26.0,5,0.0,2,1,1,1632.4624999999942,0,1,4,0.0
676,15754605,Jarvis,515.5,France,Female,26.0,5,0.0,2,1,1,1632.4624999999942,0,0,4,0.0
677,15607040,P'an,515.5,Spain,Female,26.0,4,88736.44,2,1,0,1632.4624999999942,0,0,3,54.35741402941894
678,15715142,Repina,515.5,Germany,Male,26.0,7,102703.62,1,0,1,1632.4624999999942,1,0,2,62.91331041294998
679,15810978,Pugliesi,515.5,Spain,Female,26.0,1,0.0,2,1,1,1632.4624999999942,0,0,4,0.0
680,15668886,Blakey,515.5,Spain,Female,26.0,3,0.0,2,1,0,1632.4624999999942,0,0,3,0.0
681,15780804,Nucci,482.0,France,Male,26.0,5,97318.25,1,0,1,1632.4624999999942,0,0,2,59.614386241644354
682,15613880,Higinbotham,515.5,Spain,Male,26.0,5,128468.69,1,0,1,1632.4624999999942,0,0,2,78.69625795385834
683,15775238,Achebe,515.5,Germany,Female,26.0,4,133432.59,1,0,1,1632.4624999999942,0,0,2,81.73700161565762
684,15786905,Russo,515.5,Germany,Female,26.0,8,141782.57,2,0,0,1632.4624999999942,0,0,2,86.85196137736733
686,15600337,Dobie,515.5,Spain,Male,26.0,2,178820.91,1,0,0,1632.4624999999942,1,0,1,109.54059281606814
687,15801277,Maccallum,515.5,France,Female,26.0,2,112212.14,2,1,1,1632.4624999999942,0,0,4,68.7379587586241
688,15579334,Watkins,515.5,Germany,Female,26.0,5,126674.81,1,1,0,1632.4624999999942,1,0,2,77.59737819398636
689,15802741,Mitchel,515.5,France,Female,26.0,7,136294.97,1,1,0,1632.4624999999942,1,0,2,83.49041402176191
690,15720649,Ferdinand,515.5,France,Female,26.0,5,66392.64,1,1,0,1632.4624999999942,0,0,2,40.67023897945603
691,15589493,Otitodilinna,515.5,Germany,Male,26.0,1,122552.34,2,1,0,1632.4624999999942,0,0,3,75.0720705682369
692,15688251,Mamelu,515.5,France,Male,26.0,1,76408.85,2,1,0,1632.4624999999942,0,0,3,46.805883749244025
693,15665238,Beneventi,515.5,Germany,Male,26.0,8,145071.24,1,0,0,1632.4624999999942,0,0,1,88.8665068876011
694,15740900,Perrodin,515.5,France,Male,26.0,6,0.0,2,1,1,1632.4624999999942,0,1,4,0.0
695,15681068,Chinagorom,515.5,France,Female,26.0,2,109730.22,1,1,1,1632.4624999999942,0,0,3,67.21760530486942
696,15748625,Napolitano,515.5,France,Male,26.0,6,0.0,2,1,1,1632.4624999999942,0,0,4,0.0
697,15727299,Edgar,445.0,Spain,Male,26.0,1,64119.38,1,1,1,1632.4624999999942,1,0,3,39.27770469459496
698,15620204,Walker,515.5,Germany,Female,26.0,1,106138.33,2,1,1,1632.4624999999942,1,0,4,65.01731586483633
699,15669516,Steele,515.5,Spain,Male,26.0,2,0.0,2,1,1,1632.4624999999942,0,0,4,0.0
700,15736534,Elkins,515.5,Germany,Male,26.0,0,181656.51,1,1,1,1632.4624999999942,0,0,3,111.27760055744046
701,15803457,Hao,515.5,France,Female,26.0,5,0.0,2,1,0,1632.4624999999942,0,0,3,0.0
702,15659098,Toscano,515.5,France,Male,26.0,7,95128.86,1,0,0,1632.4624999999942,0,0,1,58.27322832836916
703,15603436,Savage,515.5,Spain,Female,26.0,2,126615.94,2,0,1,1632.4624999999942,0,0,3,77.56131610986498
704,15566292,Okwuadigbo,515.5,Spain,Male,26.0,1,0.0,2,0,1,1632.4624999999942,0,0,3,0.0
705,15808621,Mordvinova,515.5,Germany,Male,26.0,2,76190.48,2,1,1,1632.4624999999942,0,0,4,46.67211651109919
706,15580148,Welch,515.5,Germany,Male,26.0,5,168286.81,3,1,0,1632.4624999999942,1,0,4,103.08770339288075
707,15776231,Kent,515.5,Germany,Male,26.0,4,88109.81,1,1,1,1632.4624999999942,0,0,3,53.973558351264
708,15773809,Campbell,515.5,France,Male,26.0,4,0.0,2,1,0,1632.4624999999942,0,0,3,0.0
709,15649423,Cooper,515.5,France,Female,26.0,8,0.0,2,0,1,1632.4624999999942,0,0,3,0.0
710,15734886,Mazzi,515.5,France,Female,26.0,3,123971.51,2,1,0,1632.4624999999942,0,0,3,75.94141366187611
711,15722548,Fisher,515.5,France,Male,26.0,0,148116.48,1,0,0,1632.4624999999942,0,0,1,90.73193411793565
712,15650288,Summers,515.5,Germany,Male,26.0,6,116269.01,1,1,0,1632.4624999999942,0,0,2,71.22308169406674
713,15629448,Brady,515.5,Spain,Male,26.0,1,120599.21,1,1,0,1632.4624999999942,0,0,2,73.87563879721613
714,15716164,Nicholls,501.0,France,Female,26.0,3,144260.5,1,1,0,1632.4624999999942,0,0,2,88.36987067084267
715,15807609,Yuan,515.5,Spain,Female,25.0,3,86605.5,3,1,0,1632.4624999999942,1,0,4,53.052060920235725
716,15578977,Robinson,515.5,France,Male,26.0,9,0.0,2,1,0,1632.4624999999942,0,1,3,0.0
717,15677369,Golubov,515.5,Germany,Female,26.0,4,58629.97,1,0,0,1632.4624999999942,0,0,1,35.91504858457711
718,15804072,Chen,515.5,Spain,Female,26.0,5,0.0,2,0,0,1632.4624999999942,0,0,2,0.0
719,15696859,Oldham,474.0,France,Male,26.0,10,0.0,2,0,0,1632.4624999999942,0,1,2,0.0
720,15653780,Kambinachi,515.5,France,Female,26.0,5,0.0,1,1,1,1632.4624999999942,0,0,3,0.0
721,15721658,Fleming,515.5,Spain,Female,26.0,2,209767.31,2,1,1,1632.4624999999942,1,0,4,128.49747543971193
722,15578761,Cunningham,459.0,Spain,Female,26.0,6,129634.25,2,1,1,1632.4624999999942,1,0,4,79.41024678974277
723,15736879,Obinna,515.5,France,Male,23.0,1,0.0,2,0,0,1632.4624999999942,0,0,2,0.0
724,15571973,Chinwemma,515.5,France,Female,26.0,2,169824.46,1,1,0,1632.4624999999942,0,0,2,104.02962395767167
725,15626742,Carpenter,515.5,France,Male,26.0,3,97530.25,1,1,1,1632.4624999999942,0,0,3,59.74425139934323
726,15672692,Yin,515.5,France,Female,26.0,10,145988.65,2,1,1,1632.4624999999942,0,0,4,89.42848610611301
727,15673570,Olsen,515.5,France,Male,26.0,9,0.0,2,0,1,1632.4624999999942,0,0,3,0.0
728,15767432,Ts'ai,515.5,France,Female,25.0,7,0.0,3,1,1,1632.4624999999942,0,0,5,0.0
729,15654238,Jen,515.5,France,Female,26.0,5,137494.28,1,1,0,1632.4624999999942,0,0,2,84.2250771457234
730,15612525,Preston,499.0,France,Female,26.0,1,0.0,1,0,0,1632.4624999999942,1,1,1,0.0
731,15812750,Ozioma,515.5,France,Male,24.0,6,147360.0,1,1,1,1632.4624999999942,0,0,3,90.26853603069016
733,15723873,Ponomarev,515.5,Spain,Male,26.0,3,125167.02,1,0,0,1632.4624999999942,0,0,1,76.67374901414303
734,15744607,Martin,515.5,Germany,Male,26.0,9,121152.05,2,1,0,1632.4624999999942,1,0,3,74.21429282449087
735,15612966,Milani,515.5,Germany,Female,26.0,7,128981.07,1,0,1,1632.4624999999942,1,0,2,79.01012733830055
736,15784209,Tang,497.0,France,Male,26.0,6,0.0,1,1,1,1632.4624999999942,0,0,3,0.0
737,15794278,Romani,515.5,Spain,Male,26.0,6,151858.98,1,1,1,1632.4624999999942,0,0,3,93.02448295136982
738,15766741,McIntyre,515.5,France,Male,26.0,2,114628.4,1,0,1,1632.4624999999942,0,0,2,70.21809076778204
739,15661036,Davis,515.5,France,Male,26.0,6,0.0,2,1,0,1632.4624999999942,0,1,3,0.0
740,15705639,Onyemauchechukwu,515.5,France,Female,26.0,8,95059.02,2,1,0,1632.4624999999942,0,0,3,58.230446334908365
743,15696231,Chiwetelu,515.5,France,Male,26.0,7,105405.97,1,1,1,1632.4624999999942,0,0,3,64.56869300213657
744,15641675,Kirillova,515.5,France,Female,26.0,2,88915.37,3,0,0,1632.4624999999942,1,0,3,54.46702144765978
745,15670755,Shaw,515.5,France,Male,26.0,8,0.0,2,1,1,1632.4624999999942,0,1,4,0.0
746,15640059,Smith,515.5,France,Male,26.0,5,0.0,2,1,1,1632.4624999999942,0,0,4,0.0
748,15587535,Onyemauchechukwu,450.0,Spain,Female,26.0,5,177619.71,1,1,0,1632.4624999999942,0,0,2,108.80477193197432
749,15813034,Martin,515.5,Spain,Male,26.0,2,62276.99,1,1,1,1632.4624999999942,0,0,3,38.149109091326885
750,15698839,Okwudilichukwu,460.0,Germany,Male,26.0,4,127559.97,2,1,1,1632.4624999999942,0,0,4,78.13960198166907
751,15790314,Onuoha,515.5,France,Male,26.0,0,0.0,2,0,1,1632.4624999999942,0,1,3,0.0
752,15634245,Muecke,515.5,Germany,Female,26.0,9,95523.16,1,1,0,1632.4624999999942,0,0,2,58.5147652702591
753,15677305,Hsieh,490.0,France,Female,26.0,7,107749.03,1,1,1,1632.4624999999942,0,0,3,66.00398477759849
754,15661526,Anderson,515.5,Germany,Male,26.0,2,110777.26,2,1,0,1632.4624999999942,0,0,3,67.8589921667422
755,15685997,Azubuike,515.5,Spain,Female,26.0,5,166733.92,2,1,0,1632.4624999999942,0,0,3,102.13644723845148
756,15660101,Nnonso,515.5,France,Male,26.0,9,157120.86,2,1,0,1632.4624999999942,0,0,3,96.24776066831583
757,15637979,Fuller,515.5,Germany,Female,26.0,2,127160.78,2,1,0,1632.4624999999942,0,0,3,77.89506956515109
758,15815364,Ashley,515.5,Spain,Female,26.0,2,0.0,2,1,1,1632.4624999999942,0,1,4,0.0
759,15647099,Ts'ui,515.5,France,Female,26.0,9,156091.97,1,1,0,1632.4624999999942,0,0,2,95.61749197914229
760,15625944,Buccho,515.5,France,Male,26.0,5,98668.18,1,1,1,1632.4624999999942,0,0,3,60.44131488472191
761,15583212,Chidozie,515.5,France,Female,26.0,5,134022.06,1,1,0,1632.4624999999942,0,0,2,82.09809413692534
762,15582741,Maclean,515.5,France,Female,26.0,5,124151.09,1,1,0,1632.4624999999942,1,0,2,76.05141925159104
763,15637876,Burns,515.5,Germany,Female,26.0,6,77253.5,1,0,0,1632.4624999999942,1,0,1,47.323292265519285
764,15622750,Chu,515.5,Germany,Female,21.0,1,114292.48,1,1,0,1632.4624999999942,0,0,2,70.0123157499792
765,15672056,Kenenna,515.5,Germany,Male,26.0,2,140080.32,3,1,1,1632.4624999999942,1,0,5,85.8092115439102
766,15812351,Beluchi,515.5,Spain,Female,26.0,2,135277.96,1,1,0,1632.4624999999942,0,0,2,82.86742268199146
767,15810864,Williamson,515.5,France,Female,26.0,2,0.0,2,0,1,1632.4624999999942,0,1,3,0.0
768,15677921,Bobrov,515.5,Germany,Male,26.0,9,115920.62,2,0,0,1632.4624999999942,1,0,2,71.00966790967658
769,15724296,Kerr,515.5,Spain,Male,26.0,2,119782.72,2,0,0,1632.4624999999942,0,0,2,73.37548029434086
770,15685329,McKenzie,515.5,France,Female,26.0,1,114715.71,1,0,1,1632.4624999999942,1,0,2,70.27157438532304
771,15584091,Pitts,515.5,Germany,Female,26.0,2,129748.54,2,0,0,1632.4624999999942,1,0,2,79.48025758631543
772,15640442,Standish,515.5,France,Male,26.0,4,129722.57,1,0,0,1632.4624999999942,0,0,1,79.46434910449733
773,15639314,Cartwright,515.5,France,Male,26.0,2,0.0,2,0,1,1632.4624999999942,0,0,3,0.0
774,15685320,Johnstone,515.5,France,Male,26.0,3,139180.2,1,0,0,1632.4624999999942,0,0,1,85.25782368660873
775,15789158,Nikitina,515.5,Germany,Male,26.0,6,113599.74,2,1,0,1632.4624999999942,1,0,3,69.58796297005316
776,15752137,McElroy,515.5,France,Male,26.0,7,134944.0,1,1,1,1632.4624999999942,0,0,3,82.66284830432582
777,15712551,Shen,515.5,Germany,Female,26.0,7,116922.25,1,1,0,1632.4624999999942,1,0,2,71.62323789979887
778,15628936,Archer,515.5,Spain,Male,26.0,9,118945.09,1,0,0,1632.4624999999942,1,0,1,72.86237202998564
779,15797227,Otutodilinna,515.5,France,Male,26.0,8,0.0,2,1,1,1632.4624999999942,0,0,4,0.0
780,15769974,Shih,515.5,Spain,Female,26.0,8,119182.73,1,0,0,1632.4624999999942,0,0,1,73.00794352090809
781,15737051,Denisov,515.5,France,Male,26.0,8,0.0,2,1,0,1632.4624999999942,0,1,3,0.0
782,15585595,Owens,515.5,France,Female,26.0,1,71264.02,2,0,1,1632.4624999999942,0,0,3,43.65430752620673
783,15654060,P'eng,515.5,France,Male,26.0,2,0.0,2,0,1,1632.4624999999942,0,0,3,0.0
784,15745196,Verco,515.5,France,Female,26.0,8,0.0,2,0,0,1632.4624999999942,0,0,2,0.0
785,15571221,Bergamaschi,515.5,Germany,Male,26.0,7,116313.57,1,1,1,1632.4624999999942,1,0,3,71.25037788004344
786,15660155,Lorenzo,515.5,Spain,Male,26.0,5,92140.15,1,0,1,1632.4624999999942,0,0,2,56.442429764849315
787,15605284,Outtrim,515.5,France,Male,26.0,1,0.0,2,1,1,1632.4624999999942,0,1,4,0.0
788,15694366,Hou,515.5,Germany,Male,26.0,2,177640.09,1,0,1,1632.4624999999942,0,0,2,108.81725613911537
789,15600739,Galkin,515.5,Spain,Female,26.0,0,0.0,2,1,0,1632.4624999999942,0,1,3,0.0
790,15653253,Pagnotto,515.5,Spain,Male,26.0,8,167997.6,1,1,1,1632.4624999999942,0,0,3,102.91054158977656
791,15763431,Echezonachukwu,515.5,France,Male,26.0,2,82275.35,2,1,1,1632.4624999999942,0,0,4,50.39953444566126
792,15643696,Young,515.5,France,Male,26.0,3,0.0,2,1,1,1632.4624999999942,0,1,4,0.0
793,15707473,Summers,515.5,Germany,Female,26.0,6,111962.99,1,1,0,1632.4624999999942,0,0,2,68.585336569753
794,15769504,Munro,515.5,Germany,Female,26.0,1,131736.88,1,1,1,1632.4624999999942,0,0,3,80.6982579998012
795,15776807,Brennan,515.5,France,Male,26.0,1,0.0,1,1,0,1632.4624999999942,0,1,2,0.0
796,15686870,Ball,515.5,Germany,Male,26.0,8,108239.11,2,0,0,1632.4624999999942,0,0,2,66.30419381762239
797,15668747,Virgo,515.5,France,Female,26.0,9,98444.19,1,0,1,1632.4624999999942,0,0,2,60.30410499475507
798,15766908,Trevisani,488.0,Germany,Male,26.0,3,114540.38,1,1,0,1632.4624999999942,0,0,2,70.16417222447708
799,15570134,Padovano,515.5,France,Female,26.0,6,187530.66,2,1,1,1632.4624999999942,0,0,4,114.87593742582183
800,15567367,Tao,515.5,Germany,Female,26.0,9,133636.16,1,0,1,1632.4624999999942,0,0,2,81.86170279562347
801,15747542,Perez,515.5,France,Male,26.0,7,0.0,2,1,1,1632.4624999999942,0,1,4,0.0
802,15762238,Fraser,515.5,Germany,Female,26.0,0,84745.03,2,0,1,1632.4624999999942,0,0,3,51.91239002427333
803,15681554,Alley,515.5,Germany,Female,26.0,7,120599.38,2,1,1,1632.4624999999942,0,0,4,73.87574293437089
804,15712825,Howells,511.0,Spain,Female,26.0,9,0.0,2,0,1,1632.4624999999942,0,1,3,0.0
805,15640280,Cameron,515.5,France,Male,26.0,4,127771.35,2,0,1,1632.4624999999942,0,0,3,78.26908734503884
806,15756026,Hooper,515.5,Spain,Female,26.0,9,0.0,1,0,0,1632.4624999999942,1,0,1,0.0
807,15613319,Rice,515.5,France,Female,26.0,0,0.0,1,0,0,1632.4624999999942,0,1,1,0.0
808,15798906,Cox,515.5,France,Male,26.0,5,0.0,2,1,1,1632.4624999999942,0,1,4,0.0
809,15708917,Martin,515.5,Germany,Male,26.0,10,167772.96,1,1,1,1632.4624999999942,0,0,3,102.77293352833563
810,15778463,Ikenna,515.5,France,Female,26.0,6,95845.6,1,1,0,1632.4624999999942,0,0,2,58.71228282426111
811,15699430,Davide,515.5,France,Female,26.0,10,0.0,2,1,0,1632.4624999999942,0,1,3,0.0
812,15649992,Alexander,515.5,Spain,Male,26.0,7,134714.7,2,0,1,1632.4624999999942,0,0,3,82.52238565970151
813,15578980,Piazza,515.5,Spain,Female,26.0,3,0.0,2,1,1,1632.4624999999942,0,0,4,0.0
814,15775306,Ni,421.0,Germany,Male,26.0,8,122384.22,3,1,1,1632.4624999999942,1,0,5,74.9690850478957
815,15641655,Black,515.5,France,Female,26.0,2,0.0,2,0,0,1632.4624999999942,0,0,2,0.0
816,15619708,Harker,515.5,France,Male,25.0,5,157993.15,2,1,0,1632.4624999999942,0,0,3,96.78210066081185
817,15734565,Hughes,515.5,France,Male,26.0,8,0.0,2,1,0,1632.4624999999942,0,1,3,0.0
818,15806438,Chiabuotu,515.5,Germany,Female,26.0,2,123331.36,1,0,0,1632.4624999999942,1,0,1,75.5492760170604
819,15591969,Kuo,497.0,Spain,Male,26.0,9,75263.16,1,1,1,1632.4624999999942,0,0,3,46.10406670903636
820,15747807,Gallagher,515.5,France,Female,26.0,6,137824.03,2,1,0,1632.4624999999942,0,0,3,84.42707259738003
821,15596939,Calabresi,515.5,Germany,Male,26.0,4,132578.92,2,1,0,1632.4624999999942,0,0,3,81.21406770446518
822,15716155,Shaw,515.5,France,Female,26.0,5,156021.31,1,0,0,1632.4624999999942,0,0,1,95.57420767705264
823,15765311,Zhirov,515.5,Spain,Male,26.0,8,0.0,1,1,0,1632.4624999999942,0,0,2,0.0
824,15757811,Lloyd,515.5,Spain,Female,26.0,9,137453.43,1,0,1,1632.4624999999942,1,0,2,84.20005360000643
825,15603830,Palmer,515.5,Spain,Male,26.0,4,0.0,2,1,0,1632.4624999999942,0,1,3,0.0
826,15660602,Ch'eng,464.0,Germany,Male,26.0,8,164284.72,2,1,1,1632.4624999999942,0,0,4,100.63613712413031
827,15660535,Avent,515.5,France,Female,26.0,5,0.0,2,1,1,1632.4624999999942,0,1,4,0.0
828,15666633,Huang,515.5,Spain,Male,26.0,1,0.0,2,1,1,1632.4624999999942,0,0,4,0.0
829,15596914,Shaw,515.5,Germany,Female,26.0,2,112373.49,2,1,1,1632.4624999999942,0,0,4,68.83679716991992
830,15639788,Yuan,515.5,France,Female,26.0,10,0.0,2,1,0,1632.4624999999942,0,0,3,0.0
831,15695846,Hawkins,515.5,France,Female,26.0,6,0.0,2,1,1,1632.4624999999942,0,1,4,0.0
832,15726234,Trentini,515.5,Spain,Female,26.0,5,0.0,1,0,1,1632.4624999999942,0,1,2,0.0
833,15797964,Cameron,515.5,Germany,Female,26.0,1,154333.82,1,1,1,1632.4624999999942,0,0,3,94.54049939891456
834,15625881,Koehler,515.5,Germany,Male,26.0,3,111432.77,2,1,1,1632.4624999999942,0,0,4,68.26053890977612
835,15780628,Wu,515.5,France,Female,26.0,6,0.0,2,0,0,1632.4624999999942,0,0,2,0.0
836,15575883,Manna,515.5,France,Male,26.0,2,137390.11,2,1,0,1632.4624999999942,0,0,3,84.16126557271636
837,15585036,Okoli,515.5,Spain,Female,26.0,3,0.0,2,1,1,1632.4624999999942,0,1,4,0.0
838,15589488,Ch'eng,515.5,Germany,Female,26.0,5,111642.08,1,1,1,1632.4624999999942,0,0,3,68.38875625014381
839,15585888,Nwokezuike,515.5,Spain,Female,26.0,3,0.0,1,0,1,1632.4624999999942,1,0,2,0.0
840,15727915,Artemiev,507.0,France,Male,26.0,4,83543.37,1,0,0,1632.4624999999942,0,0,1,51.176287357290164
841,15707567,Esposito,515.5,Germany,Male,26.0,6,145338.76,1,0,0,1632.4624999999942,1,0,1,89.03038201490112
842,15737792,Abbie,515.5,France,Female,26.0,1,186796.37,1,0,0,1632.4624999999942,0,0,1,114.42613230012981
843,15599433,Fanucci,515.5,Germany,Male,26.0,8,58641.43,1,0,1,1632.4624999999942,0,0,2,35.92206865395083
844,15672012,Jen,515.5,Spain,Female,26.0,5,0.0,1,1,0,1632.4624999999942,1,0,2,0.0
845,15806983,Moss,515.5,France,Male,26.0,3,137148.68,1,1,0,1632.4624999999942,0,0,2,84.01337243581429
846,15592222,Lo,505.0,France,Male,26.0,7,80001.23,1,0,0,1632.4624999999942,0,0,1,49.00647334931141
848,15586959,Unaipon,468.0,France,Female,26.0,5,0.0,2,1,0,1632.4624999999942,0,1,3,0.0
849,15646558,Clamp,515.5,Spain,Male,26.0,1,122874.74,1,1,1,1632.4624999999942,0,0,3,75.26956361937897
850,15725811,Lim,515.5,France,Male,25.0,0,97544.29,1,0,1,1632.4624999999942,0,0,2,59.752851903183284
851,15572265,Wu,515.5,Germany,Male,26.0,1,170826.55,2,1,0,1632.4624999999942,0,0,3,104.6434757306833
852,15794048,Wan,515.5,Germany,Female,26.0,1,97133.92,2,0,0,1632.4624999999942,1,0,2,59.501470937311176
853,15677610,Chambers,511.0,Germany,Female,26.0,8,153895.65,1,1,1,1632.4624999999942,0,0,3,94.27208894538192
854,15745012,Pettit,515.5,France,Female,26.0,6,0.0,2,1,1,1632.4624999999942,0,0,4,0.0
855,15601589,Baresi,515.5,France,Female,26.0,8,0.0,2,0,1,1632.4624999999942,0,0,3,0.0
856,15686436,Newbery,515.5,Spain,Male,26.0,4,0.0,2,1,0,1632.4624999999942,0,1,3,0.0
857,15693864,Iheanacho,515.5,Germany,Female,26.0,5,134956.02,1,1,0,1632.4624999999942,1,0,2,82.67021141373874
858,15760550,Duncan,515.5,Spain,Male,26.0,7,143637.58,2,0,1,1632.4624999999942,0,0,3,87.98828763294746
859,15686137,Barry,456.0,Spain,Male,26.0,9,147506.25,1,1,1,1632.4624999999942,0,0,3,90.35812461235741
860,15809087,Landry,515.5,France,Male,26.0,1,0.0,2,1,0,1632.4624999999942,1,1,3,0.0
861,15807663,McGregor,515.5,France,Male,26.0,8,190227.46,1,1,0,1632.4624999999942,1,0,2,116.52792024319129
862,15809100,Nucci,515.5,France,Female,26.0,2,172448.77,1,1,0,1632.4624999999942,1,0,2,105.63720146710911
863,15794916,Pirogov,515.5,France,Male,26.0,7,113980.21,1,1,1,1632.4624999999942,0,0,3,69.82102804811774
864,15614215,Oguejiofor,515.5,France,Male,26.0,6,0.0,2,0,1,1632.4624999999942,0,0,3,0.0
865,15805449,Ugochukwu,515.5,France,Male,26.0,4,0.0,2,0,0,1632.4624999999942,0,1,2,0.0
867,15808017,Cary,515.5,France,Male,26.0,1,88293.13,2,1,1,1632.4624999999942,0,0,4,54.08585495838362
868,15756804,O'Loghlen,515.5,France,Female,26.0,1,170833.46,1,1,0,1632.4624999999942,1,0,2,104.6477085997385
869,15646810,Quinn,515.5,Germany,Male,26.0,6,108122.39,2,1,0,1632.4624999999942,1,0,3,66.23269447230818
870,15710424,Page,435.0,France,Male,26.0,4,0.0,1,1,1,1632.4624999999942,0,1,3,0.0
871,15799422,Evans,515.5,France,Female,26.0,8,0.0,1,1,1,1632.4624999999942,0,0,3,0.0
872,15692750,McGregor,515.5,Germany,Female,26.0,7,129818.39,3,1,0,1632.4624999999942,1,0,4,79.52304570549123
873,15794549,Andrews,515.5,France,Female,26.0,2,163943.89,2,1,1,1632.4624999999942,0,0,4,100.42735438026943
874,15803764,Stanley,515.5,France,Male,26.0,7,0.0,2,1,0,1632.4624999999942,0,0,3,0.0
875,15674840,Chiazagomekpere,515.5,France,Female,26.0,5,101430.3,2,0,1,1632.4624999999942,0,0,3,62.13331087237861
876,15653762,Chidiebele,501.0,France,Female,26.0,9,117301.66,1,0,0,1632.4624999999942,0,0,1,71.85565365207496
877,15581229,Gregory,502.0,Germany,Female,26.0,1,173340.83,1,0,1,1632.4624999999942,0,0,2,106.18365199813202
878,15800228,Bednall,515.5,Spain,Female,26.0,4,0.0,2,1,1,1632.4624999999942,0,0,4,0.0
879,15656333,Jen,515.5,France,Female,26.0,3,134348.57,1,1,0,1632.4624999999942,0,0,2,82.29810485692657
880,15697497,She,515.5,France,Female,26.0,9,105525.65,2,1,1,1632.4624999999942,0,0,4,64.64200555908657
881,15585362,Simmons,515.5,France,Female,26.0,6,0.0,1,1,0,1632.4624999999942,1,0,2,0.0
882,15571928,Fraser,515.5,France,Female,26.0,4,0.0,3,1,0,1632.4624999999942,1,1,4,0.0
883,15785519,May,515.5,France,Male,26.0,6,106192.1,1,1,0,1632.4624999999942,0,0,2,65.05025383431496
884,15743007,Seabrook,515.5,France,Female,26.0,4,45144.43,1,1,0,1632.4624999999942,1,0,2,27.654191137621943
885,15777211,Herrera,515.0,France,Male,26.0,7,92113.61,1,1,1,1632.4624999999942,0,0,3,56.42617211727701
886,15721935,Kincaid,515.5,France,Male,25.0,7,0.0,2,1,1,1632.4624999999942,0,1,4,0.0
887,15591711,Sleeman,515.5,Spain,Male,26.0,0,128366.44,1,1,0,1632.4624999999942,0,0,2,78.63362251812858
888,15625021,Hung,515.5,France,Male,26.0,2,0.0,2,1,1,1632.4624999999942,0,0,4,0.0
889,15702968,Artemieva,515.5,Germany,Male,26.0,3,106545.53,1,1,1,1632.4624999999942,0,0,3,65.26675497905795
890,15600462,Barwell,515.5,France,Female,26.0,8,145618.37,1,0,1,1632.4624999999942,0,0,2,89.20166313161896
891,15768104,Wright,515.5,Spain,Male,26.0,8,141541.25,1,0,0,1632.4624999999942,0,0,1,86.70413562333009
892,15780140,Bellucci,435.0,Germany,Male,26.0,2,57017.06,2,1,1,1632.4624999999942,0,0,4,34.92702588880308
893,15585255,Moore,515.5,France,Male,26.0,9,0.0,1,1,0,1632.4624999999942,0,0,2,0.0
894,15772781,Ball,515.5,France,Female,26.0,3,0.0,3,1,1,1632.4624999999942,1,0,5,0.0
895,15669987,Sung,515.5,Germany,Female,26.0,8,125884.95,2,1,0,1632.4624999999942,1,0,3,77.11353247011827
896,15697000,Mello,515.5,Germany,Male,26.0,5,61825.5,1,1,1,1632.4624999999942,0,0,3,37.87253918543318
897,15733119,Mistry,515.5,France,Male,26.0,8,0.0,2,1,0,1632.4624999999942,0,0,3,0.0
898,15782390,T'ien,515.5,France,Female,26.0,6,0.0,1,1,0,1632.4624999999942,0,1,2,0.0
899,15654700,Fallaci,515.5,France,Female,26.0,2,102967.41,1,1,0,1632.4624999999942,1,0,2,63.0749006485603
900,15632210,Hill,515.5,Germany,Male,25.0,2,171770.55,1,1,0,1632.4624999999942,0,0,2,105.22174322534245
901,15642041,Burns,515.5,Germany,Male,26.0,1,93051.64,2,1,0,1632.4624999999942,1,0,3,57.00078256008964
902,15709737,Hunter,515.5,France,Male,26.0,7,161064.64,2,0,1,1632.4624999999942,0,0,3,98.66360789298412
903,15792388,Li,515.5,France,Female,26.0,7,90612.34,1,1,1,1632.4624999999942,0,0,3,55.50653690360441
904,15786014,Ku,515.5,France,Male,26.0,5,145105.64,2,1,0,1632.4624999999942,0,0,3,88.88757934715225
905,15794580,Ch'en,515.5,France,Male,26.0,4,0.0,1,0,0,1632.4624999999942,1,1,1,0.0
906,15675964,Chukwukadibia,515.5,France,Female,26.0,9,0.0,1,1,1,1632.4624999999942,1,0,3,0.0
907,15814275,Zikoranachidimma,515.5,France,Male,26.0,6,174912.72,1,1,1,1632.4624999999942,0,0,3,107.14654701103433
908,15724848,Oluchukwu,515.5,France,Female,26.0,1,104947.72,1,1,0,1632.4624999999942,1,0,2,64.28798211291247
909,15754713,Rivera,515.5,Spain,Male,26.0,10,135213.71,1,1,1,1632.4624999999942,0,0,3,82.82806496320771
910,15693814,Niu,515.5,Spain,Male,25.0,7,0.0,2,1,0,1632.4624999999942,0,0,3,0.0
911,15599660,Bennett,515.5,France,Male,26.0,6,116229.85,2,1,1,1632.4624999999942,0,0,4,71.19909339418236
912,15746490,Wollstonecraft,515.5,Spain,Female,26.0,6,111201.41,1,1,1,1632.4624999999942,0,0,3,68.11881436786474
913,15566091,Thomsen,515.5,Spain,Female,26.0,4,0.0,1,1,0,1632.4624999999942,0,0,2,0.0
914,15655961,Palermo,515.5,Germany,Male,26.0,1,131899.0,1,1,0,1632.4624999999942,0,0,2,80.79756809115092
915,15710404,Chinwendu,515.5,France,Male,26.0,10,124525.52,1,1,1,1632.4624999999942,0,0,3,76.28078439780421
916,15775625,McKenzie,515.5,France,Male,26.0,6,0.0,1,1,0,1632.4624999999942,0,0,2,0.0
917,15792328,James,475.0,France,Male,26.0,6,0.0,1,1,1,1632.4624999999942,1,0,3,0.0
918,15719856,Lamb,515.5,France,Female,26.0,3,47134.75,1,1,1,1632.4624999999942,0,0,3,28.873404442674897
919,15593773,Olejuru,515.5,Spain,Male,26.0,3,0.0,2,0,0,1632.4624999999942,0,0,2,0.0
920,15733114,Hay,515.5,Spain,Male,26.0,9,0.0,2,1,0,1632.4624999999942,0,0,3,0.0
921,15797748,Lu,515.5,France,Male,26.0,5,0.0,2,0,1,1632.4624999999942,0,0,3,0.0
922,15743411,Chiawuotu,515.5,Spain,Male,26.0,1,0.0,1,1,0,1632.4624999999942,1,0,2,0.0
923,15753337,Yeates,515.5,France,Male,26.0,5,0.0,3,1,0,1632.4624999999942,1,1,4,0.0
924,15601026,Gallagher,515.5,Germany,Female,19.0,1,138657.08,1,1,1,1632.4624999999942,0,0,3,84.93737528427175
925,15658485,Heath,515.5,France,Female,26.0,9,70302.48,1,1,1,1632.4624999999942,0,0,3,43.065295527462496
926,15636731,Ts'ai,515.5,Germany,Female,26.0,1,101609.01,2,1,1,447.73,0,0,4,226.94259933442027
927,15628303,Thurgood,515.5,Spain,Male,26.0,3,0.0,1,1,1,1632.4624999999942,0,0,3,0.0
928,15633461,Pai,515.5,Germany,Male,26.0,5,130170.82,1,1,1,1632.4624999999942,0,0,3,79.73893427873564
929,15677135,Lorenzo,515.5,Germany,Male,26.0,8,133802.29,2,1,1,1632.4624999999942,0,0,4,81.9634692986825
931,15790782,Baryshnikov,515.5,Spain,Male,26.0,6,132628.98,1,0,0,1632.4624999999942,0,0,1,81.24473303368407
932,15700476,Azubuike,515.5,Germany,Male,26.0,9,103522.75,2,1,1,1632.4624999999942,0,0,4,63.4150861045815
933,15634141,Shephard,515.5,Germany,Female,26.0,8,192390.52,2,1,0,823.36,0,0,3,233.66512825495528
934,15737795,Scott,512.0,Spain,Male,26.0,1,0.0,1,0,1,1632.4624999999942,1,1,2,0.0
935,15790299,Williamson,515.5,Spain,Male,26.0,9,0.0,3,1,1,1632.4624999999942,0,0,5,0.0
936,15675316,Avdeeva,515.5,France,Female,26.0,3,0.0,2,0,1,1632.4624999999942,0,1,3,0.0
937,15613630,Tang,515.5,France,Male,26.0,8,109922.61,1,1,1,1632.4624999999942,1,0,3,67.33545793548114
938,15662100,Hsu,515.5,Germany,Female,26.0,5,128605.32,1,0,1,1632.4624999999942,0,0,2,78.77995359770927
939,15668032,Buchanan,515.5,France,Female,26.0,4,0.0,1,1,1,1632.4624999999942,0,0,3,0.0
940,15599289,Yeh,515.5,France,Female,26.0,10,68598.56,1,1,0,1632.4624999999942,0,0,2,42.02152269960274
941,15754084,Palazzi,515.5,Spain,Male,26.0,1,106518.52,1,1,1,1632.4624999999942,0,0,3,65.25020942288131
942,15676521,Y?an,515.5,France,Female,26.0,8,0.0,2,0,0,1632.4624999999942,0,1,2,0.0
943,15804586,Lin,380.5,France,Female,26.0,6,0.0,1,1,0,1632.4624999999942,1,1,2,0.0
944,15781465,Schofield,515.5,Germany,Female,26.0,8,121326.42,1,1,0,1632.4624999999942,0,0,2,74.3211069166982
945,15729362,Lombardi,515.5,France,Male,26.0,8,67226.37,1,1,0,1632.4624999999942,0,0,2,41.1809582149668
946,15709295,Wall,515.5,Spain,Female,25.0,5,82931.85,2,1,1,1632.4624999999942,0,0,4,50.801687634478775
947,15745324,Milani,515.5,Spain,Female,26.0,4,0.0,1,1,0,1632.4624999999942,1,1,2,0.0
948,15741336,Ejimofor,515.5,France,Female,26.0,5,118590.41,1,1,1,1632.4624999999942,1,0,3,72.64510517086943
949,15783659,Blackburn,515.5,France,Male,26.0,4,145981.87,1,1,1,1632.4624999999942,0,0,3,89.42433287135265
950,15620981,Wickham,515.5,France,Female,26.0,3,73309.38,1,0,0,1632.4624999999942,1,0,1,44.90723676654151
951,15630328,Bird,515.5,France,Female,26.0,8,130796.33,2,1,1,1632.4624999999942,0,0,4,80.12210387681216
952,15785899,Ch'en,515.5,Germany,Male,26.0,8,151607.56,1,1,0,1632.4624999999942,0,0,2,92.87047022519693
953,15606149,Wood,515.5,Germany,Female,26.0,9,111577.01,1,0,1,1632.4624999999942,0,0,2,68.34889622273124
954,15671139,Brizendine,515.5,Spain,Male,26.0,0,107042.74,1,1,1,1632.4624999999942,0,0,3,65.57133165386671
955,15660429,Ch'in,515.5,Spain,Female,26.0,2,156371.61,2,0,1,1632.4624999999942,1,0,3,95.78879147300508
956,15571002,Yusupov,515.5,France,Female,26.0,4,129605.99,1,0,0,1632.4624999999942,0,0,1,79.39293551919292
957,15631681,Jibunoh,515.5,Spain,Female,26.0,0,0.0,2,0,1,1632.4624999999942,0,0,3,0.0
958,15731522,Ts'ui,515.5,Spain,Female,26.0,8,0.0,2,1,1,1632.4624999999942,0,0,4,0.0
959,15619529,Ndukaku,515.5,Spain,Male,26.0,8,132576.25,1,0,0,1632.4624999999942,0,0,1,81.21243213856397
960,15628034,Wilder,515.5,France,Female,26.0,6,129101.3,1,1,1,1632.4624999999942,0,0,3,79.08377680957477
961,15686164,Maclean,515.5,Germany,Female,26.0,1,108822.4,1,1,1,1632.4624999999942,0,0,3,66.66150064702887
962,15582797,Ch'iu,515.5,Spain,Male,26.0,4,137948.51,1,1,0,1632.4624999999942,0,0,2,84.50332549752322
963,15753831,Cox,515.5,Spain,Male,26.0,7,100433.8,1,1,1,1632.4624999999942,0,0,3,61.522883374044035
964,15731815,Nepean,515.5,Spain,Male,26.0,4,96134.11,3,1,0,1632.4624999999942,1,0,4,58.88901582731631
965,15580956,McNess,515.5,Germany,Female,26.0,4,115888.04,1,1,1,1632.4624999999942,1,0,3,70.98971033025286
966,15602084,Coles,515.5,France,Female,26.0,5,124626.07,1,1,1,1632.4624999999942,0,0,3,76.34237846198639
967,15589805,Benson,515.5,France,Female,26.0,6,139810.34,1,1,1,1632.4624999999942,0,0,3,85.64382949072368
968,15720893,Gilbert,515.5,Spain,Female,26.0,9,0.0,2,0,0,1632.4624999999942,0,0,2,0.0
969,15641009,Wilhelm,515.5,France,Male,26.0,3,84496.71,1,0,0,1632.4624999999942,0,0,1,51.76027626974605
970,15605926,Sinclair,515.5,Germany,Male,26.0,9,116854.71,2,0,1,1632.4624999999942,0,0,3,71.58186482078482
971,15805955,L?,515.5,France,Female,26.0,10,138333.03,1,1,1,1632.4624999999942,0,0,3,84.73887149015704
972,15801488,Buckner,515.5,France,Male,25.0,3,0.0,2,1,1,1632.4624999999942,0,1,4,0.0
973,15605918,Padovesi,515.5,Germany,Male,26.0,5,78992.75,2,0,0,1632.4624999999942,0,0,2,48.388707244423856
974,15779711,Gray,515.5,Spain,Female,26.0,7,97257.41,2,0,1,1632.4624999999942,0,0,3,59.577117391670775
975,15705620,Lu,515.5,France,Male,26.0,5,122453.37,2,1,0,1632.4624999999942,0,0,3,75.01144436702248
976,15685357,Wright,515.5,Spain,Female,26.0,8,112940.07,1,0,1,1632.4624999999942,0,0,2,69.18386792958516
977,15570060,Palerma,515.5,France,Female,26.0,8,132558.26,1,1,0,1632.4624999999942,1,0,2,81.20141197730452
978,15582616,Y?an,515.5,France,Female,26.0,4,0.0,2,1,0,1632.4624999999942,0,0,3,0.0
979,15799515,Wei,515.5,France,Female,26.0,8,133297.24,1,1,0,1632.4624999999942,0,0,2,81.65409006332486
980,15642937,Padovesi,515.5,France,Female,26.0,7,0.0,2,1,0,1632.4624999999942,0,1,3,0.0
981,15624729,Tsao,515.5,France,Male,26.0,0,197041.8,1,0,0,1632.4624999999942,0,0,1,120.70219070882222
982,15566156,Franklin,515.5,Germany,Female,26.0,0,71497.79,2,0,0,1632.4624999999942,0,0,2,43.79750836542968
983,15792360,Clark,515.5,France,Male,26.0,7,0.0,2,1,1,777.37,0,0,4,0.0
984,15807008,McGregor,515.5,Germany,Female,26.0,6,128100.28,1,0,0,1632.4624999999942,1,0,1,78.47058048806662
985,15704770,Pan,515.5,France,Male,25.0,1,124532.78,2,0,1,1632.4624999999942,0,0,3,76.28523166688389
986,15756475,Kenniff,515.5,Germany,Male,26.0,9,82293.82,2,1,1,1632.4624999999942,0,0,4,50.41084864124003
987,15655339,Spencer,515.5,France,Male,26.0,1,142120.91,1,1,0,1632.4624999999942,0,0,2,87.05921881819675
988,15613749,Lees,515.5,Spain,Male,26.0,0,151839.26,1,1,0,1632.4624999999942,1,0,2,93.01240304141783
989,15664521,David,515.5,Spain,Male,26.0,7,149620.88,2,1,1,1632.4624999999942,0,0,4,91.65348668039881
990,15681206,Hsing,515.5,France,Female,26.0,3,168197.66,1,1,0,1632.4624999999942,1,0,2,103.03309264378238
991,15745527,Burke,515.5,France,Male,26.0,5,93147.0,2,1,0,1632.4624999999942,0,0,3,57.05919737819419
992,15806926,Watson,515.5,France,Female,26.0,2,97440.02,2,1,1,1632.4624999999942,0,0,4,59.688979073026395
993,15724563,Hawkins,515.5,Germany,Female,26.0,3,65046.08,2,0,1,1632.4624999999942,0,0,3,39.845374702328684
994,15782899,Ginn,515.5,Spain,Female,26.0,7,95357.49,1,0,0,1632.4624999999942,0,0,1,58.41328055008942
995,15623521,Sozonov,515.5,Spain,Male,26.0,9,123105.88,2,1,0,1632.4624999999942,0,0,3,75.41115339556066
996,15810218,Sun,515.5,Spain,Male,26.0,9,0.0,3,0,1,1632.4624999999942,0,0,4,0.0
997,15645621,Hunter,515.5,Spain,Male,26.0,3,0.0,2,0,1,1632.4624999999942,0,0,3,0.0
998,15608114,Manfrin,515.5,Spain,Male,26.0,7,121286.27,1,0,1,1632.4624999999942,0,0,2,74.29651217103023
999,15659557,Artamonova,515.5,Germany,Female,26.0,4,167738.82,2,1,1,1632.4624999999942,0,0,4,102.75202033737412
1000,15787772,Hansen,515.5,France,Female,26.0,1,104091.29,1,0,0,1632.4624999999942,0,0,1,63.76335750438394
1001,15691111,Pai,515.5,Germany,Female,26.0,8,121980.56,2,1,0,1632.4624999999942,0,0,3,74.72181443677906
1002,15592089,Larsen,515.5,France,Female,26.0,10,0.0,2,1,1,1632.4624999999942,0,1,4,0.0
1003,15633897,Owen,515.5,Germany,Male,26.0,1,50880.98,2,1,1,1632.4624999999942,0,0,4,31.168238167798762
1004,15701301,Murphy,515.5,France,Female,26.0,3,175159.9,2,0,0,1632.4624999999942,1,0,2,107.29796243405323
1005,15723685,Ekechukwu,515.5,Germany,Female,26.0,7,105514.69,2,1,0,1632.4624999999942,0,0,3,64.63529177546215
1006,15701602,Ayers,515.5,Germany,Male,26.0,5,116497.31,3,0,0,1632.4624999999942,1,0,3,71.36293176719245
1007,15739189,Johnson,515.5,Spain,Female,26.0,6,0.0,2,1,0,1632.4624999999942,0,0,3,0.0
1008,15573086,Millar,515.5,France,Male,26.0,7,99824.45,1,1,1,1632.4624999999942,0,0,3,61.14961293138455
1009,15569050,Farrell,444.0,France,Male,26.0,6,0.0,1,1,0,1632.4624999999942,1,1,2,0.0
1010,15750765,Sanders,515.5,Spain,Male,26.0,0,0.0,1,1,1,1632.4624999999942,0,1,3,0.0
1011,15799811,Herrera,515.5,France,Male,26.0,10,0.0,1,1,0,1632.4624999999942,1,1,2,0.0
1012,15698442,Eberechukwu,515.5,Spain,Male,26.0,3,122964.88,1,1,1,1632.4624999999942,0,0,3,75.32478081426093
1013,15655274,Bardin,515.5,France,Female,26.0,4,0.0,2,0,1,1632.4624999999942,0,0,3,0.0
1014,15603594,Nwankwo,515.5,Spain,Male,24.0,4,0.0,2,1,1,1632.4624999999942,0,0,4,0.0
1015,15585961,Talbot,496.0,Spain,Female,26.0,3,0.0,2,0,1,1632.4624999999942,0,1,3,0.0
1016,15686936,McGregor,515.5,France,Female,26.0,5,89634.69,1,1,1,1632.4624999999942,1,0,3,54.90765637801807
1017,15770424,Onyeorulu,515.5,Germany,Male,26.0,7,95710.11,2,1,0,1632.4624999999942,0,0,3,58.62928551191855
1018,15587451,Goold,515.5,Germany,Male,26.0,7,139706.31,1,1,0,1632.4624999999942,0,0,2,85.58010367772644
1019,15602010,Zikoranaudodimma,515.5,Germany,Female,26.0,5,103909.86,1,1,0,1632.4624999999942,1,0,2,63.652218657396645
1020,15600583,Garner,515.5,France,Male,26.0,1,0.0,1,1,0,1632.4624999999942,0,0,2,0.0
1021,15654673,Onyinyechukwuka,515.5,France,Male,26.0,6,173434.9,1,1,0,1632.4624999999942,1,0,2,106.24127659900341
1022,15717164,Genovese,485.0,Spain,Male,26.0,6,102238.01,2,1,1,1632.4624999999942,0,0,4,62.62809099749634
1023,15765014,Mai,515.5,France,Female,26.0,1,179380.74,2,0,1,1632.4624999999942,0,0,3,109.88352871811796
1024,15682639,Marshall,515.5,France,Male,26.0,3,0.0,2,1,1,1632.4624999999942,0,0,4,0.0
1025,15729279,Naylor,515.5,France,Female,25.0,4,108691.95,1,1,0,1632.4624999999942,0,0,2,66.58159069503917
1026,15759805,Pinto,515.5,France,Female,26.0,4,0.0,2,1,0,1632.4624999999942,0,0,3,0.0
1027,15767864,Fulton,515.5,France,Male,26.0,6,0.0,2,0,0,1632.4624999999942,0,1,2,0.0
1028,15769948,Palerma,515.5,Germany,Male,26.0,0,133377.8,1,0,1,1632.4624999999942,0,0,2,81.70343882325044
1029,15686345,McCaffrey,515.5,Spain,Male,26.0,9,0.0,2,1,1,1632.4624999999942,0,0,4,0.0
1030,15688071,Collins,515.5,Spain,Male,26.0,10,0.0,1,1,1,1632.4624999999942,0,1,3,0.0
1031,15681174,Zuev,515.5,France,Male,26.0,1,116537.6,1,0,0,1632.4624999999942,0,0,1,71.38761227287023
1032,15667521,Crawford,515.5,France,Female,22.0,3,0.0,2,0,0,1632.4624999999942,0,0,2,0.0
1033,15750243,Genovese,515.5,Spain,Male,26.0,4,0.0,2,0,1,1632.4624999999942,0,0,3,0.0
1034,15695475,Maclean,515.5,France,Male,26.0,1,130131.08,2,0,1,1632.4624999999942,0,0,3,79.71459068738208
1035,15689176,Fabro,515.5,France,Male,26.0,3,0.0,2,0,1,1632.4624999999942,0,1,3,0.0
1036,15652955,Price,515.5,Spain,Male,26.0,0,0.0,1,1,0,1632.4624999999942,0,0,2,0.0
1037,15668958,Chatfield,515.5,France,Male,26.0,2,107316.09,1,1,0,1632.4624999999942,0,0,2,65.73877807300345
1038,15631054,Volkova,515.5,France,Female,24.0,1,0.0,2,1,1,1632.4624999999942,0,1,4,0.0
1039,15581479,Archer,515.5,France,Male,26.0,1,83181.29,1,1,1,1632.4624999999942,0,0,3,50.95448746908446
1040,15577478,Ch'iu,515.5,France,Female,26.0,3,0.0,1,1,1,1632.4624999999942,0,0,3,0.0
1041,15780870,McKay,515.5,Spain,Male,26.0,3,153946.14,1,1,1,1632.4624999999942,0,0,3,94.30301768034522
1042,15692317,Craig,515.5,France,Male,26.0,5,0.0,2,1,0,1632.4624999999942,0,1,3,0.0
1043,15593969,Abramovich,515.5,Spain,Female,26.0,7,135483.17,1,1,0,1632.4624999999942,1,0,2,82.99312847921499
1044,15570417,Chien,515.5,France,Male,26.0,1,0.0,2,1,0,1632.4624999999942,0,0,3,0.0
1045,15779059,Timms,515.5,France,Female,26.0,4,119624.54,2,1,1,1632.4624999999942,0,0,4,73.27858373469554
1046,15785980,Williford,515.5,Spain,Male,26.0,6,121132.26,2,1,0,1632.4624999999942,0,0,3,74.20217003453398
1047,15644200,Hamilton,515.5,Spain,Female,26.0,1,0.0,1,1,0,1632.4624999999942,1,0,2,0.0
1048,15793949,Cheng,515.5,France,Female,26.0,4,0.0,1,1,0,1632.4624999999942,1,1,2,0.0
1049,15645103,Su,515.5,Germany,Male,25.0,5,54817.55,1,1,0,1632.4624999999942,0,0,2,33.57966875196227
1050,15705860,McKenzie,515.5,Germany,Male,26.0,3,107949.45,1,1,0,1632.4624999999942,1,0,2,66.12675635734382
1051,15623828,Akobundu,515.5,France,Male,26.0,4,0.0,1,0,1,1632.4624999999942,0,1,2,0.0
1052,15715003,Ko,515.5,Spain,Female,26.0,2,80816.45,1,1,1,1632.4624999999942,0,0,3,49.50585388638348
1053,15623471,Marcelo,515.5,Germany,Male,26.0,3,98205.77,1,1,0,1632.4624999999942,0,0,2,60.15805569806373
1054,15798348,Chukwuebuka,515.5,Spain,Female,26.0,6,94684.27,1,1,1,1632.4624999999942,0,0,3,58.00088516581566
1056,15769499,Lampungmeiua,515.5,Spain,Female,26.0,3,0.0,2,1,1,1632.4624999999942,0,1,4,0.0
1057,15798521,Tai,515.5,Spain,Male,26.0,3,0.0,2,1,0,1632.4624999999942,0,0,3,0.0
1058,15706534,Enyinnaya,515.5,France,Female,26.0,1,122949.14,1,0,0,1632.4624999999942,1,0,1,75.31513893887329
1059,15706186,McKenzie,515.5,Germany,Male,26.0,8,81677.22,2,0,0,1632.4624999999942,0,0,2,50.033137055215846
1060,15812197,Kline,515.5,France,Male,26.0,7,80293.98,1,0,0,1632.4624999999942,0,0,1,49.185803655520594
1061,15650933,Ma,490.0,Spain,Female,26.0,8,155413.06,1,1,0,1632.4624999999942,0,0,2,95.2016110630416
1062,15692991,Wood,515.5,Spain,Female,26.0,4,0.0,2,1,1,1632.4624999999942,0,1,4,0.0
1063,15631189,Riggs,515.5,Germany,Male,26.0,9,67111.65,1,1,0,1632.4624999999942,1,0,2,41.11068401264974
1064,15762198,Capon,515.5,France,Male,26.0,5,103818.43,1,1,1,1632.4624999999942,0,0,3,63.59621124528151
1066,15692744,Davison,512.0,France,Male,26.0,4,152169.12,2,0,0,1632.4624999999942,1,0,2,93.21446587593928
1067,15688963,Ingram,515.5,France,Female,26.0,10,0.0,1,1,1,1632.4624999999942,1,0,3,0.0
1068,15599131,Dilke,515.5,Germany,Male,26.0,4,214346.96,2,1,0,1632.4624999999942,0,0,3,131.30283850318202
1069,15680303,Gibson,515.5,France,Male,26.0,6,0.0,1,1,0,1632.4624999999942,1,0,2,0.0
1070,15628674,Iadanza,515.5,France,Male,26.0,7,113348.14,1,1,0,1632.4624999999942,1,0,2,69.43383998101054
1071,15648075,Hebert,515.5,Germany,Female,26.0,5,170935.94,1,1,0,1632.4624999999942,1,0,2,104.71048492691294
1072,15586970,Pinto,515.5,Germany,Male,26.0,8,103023.26,1,1,1,1632.4624999999942,0,0,3,63.10911276675596
1074,15790497,Ross,503.0,Spain,Male,26.0,6,0.0,2,0,0,1632.4624999999942,0,1,2,0.0
1075,15682618,Jamieson,515.5,France,Female,26.0,7,111855.04,2,1,1,1632.4624999999942,0,0,4,68.51920947648132
1076,15762937,Chiganu,515.5,Germany,Female,26.0,6,140348.56,2,1,1,1632.4624999999942,0,0,4,85.97352772268918
1077,15750929,Burgess,515.5,Spain,Male,26.0,8,0.0,2,1,0,1632.4624999999942,0,0,3,0.0
1078,15729832,Cheng,515.5,France,Male,26.0,3,145512.84,1,1,0,1632.4624999999942,0,0,2,89.13701846137386
1079,15633650,Woods,515.5,Germany,Female,26.0,8,146720.98,2,1,1,1632.4624999999942,0,0,4,89.87709059166782
1080,15748856,Liang,515.5,France,Male,26.0,10,107209.73,1,1,1,1632.4624999999942,0,0,3,65.67362496841452
1081,15589195,Bluett,515.5,Germany,Female,26.0,7,130933.74,1,0,1,1632.4624999999942,0,0,2,80.20627732643199
1082,15699911,Chapman,461.0,Spain,Female,26.0,8,0.0,1,1,0,1632.4624999999942,0,1,2,0.0
1083,15663438,Andrejew,515.5,Spain,Male,26.0,0,89772.3,1,1,0,1632.4624999999942,1,0,2,54.991952341937605
1084,15692583,Udobata,515.5,France,Female,26.0,5,0.0,2,1,0,1632.4624999999942,0,0,3,0.0
1086,15646513,Spyer,515.5,France,Male,26.0,5,0.0,1,1,0,1632.4624999999942,1,1,2,0.0
1087,15708063,Walker,515.5,France,Male,26.0,2,100749.5,3,0,0,1632.4624999999942,1,0,3,61.71627219614562
1088,15696098,Palermo,498.0,France,Female,26.0,10,0.0,2,1,0,1632.4624999999942,0,0,3,0.0
1089,15645517,Philip,515.5,Spain,Male,22.0,2,0.0,2,1,1,1632.4624999999942,0,0,4,0.0
1090,15649744,Fallaci,515.5,France,Female,26.0,3,123981.31,2,1,1,1632.4624999999942,0,0,4,75.94741686256219
1091,15604304,Perry,515.5,Germany,Female,26.0,4,91622.42,1,1,1,1632.4624999999942,0,0,3,56.1252831228897
1092,15784092,Henderson,515.5,France,Male,26.0,7,126195.81,1,1,1,1632.4624999999942,0,0,3,77.30395644616672
1093,15585198,Bergamaschi,515.5,France,Male,26.0,4,94267.9,1,0,1,1632.4624999999942,1,0,2,57.74582877095206
1094,15624347,Fokine,515.5,France,Male,26.0,4,0.0,2,1,1,1632.4624999999942,0,1,4,0.0
1095,15621687,Mackay,515.5,France,Male,26.0,0,0.0,2,1,0,1632.4624999999942,0,0,3,0.0
1096,15689081,Wu,515.5,France,Male,26.0,4,0.0,1,1,0,1632.4624999999942,1,0,2,0.0
1097,15813168,Maslova,515.5,Germany,Female,26.0,3,100717.85,3,1,1,1632.4624999999942,1,0,5,61.69688430821557
1098,15604295,Wei,515.5,France,Male,26.0,6,0.0,2,1,0,1632.4624999999942,0,1,3,0.0
1099,15724127,McLean,515.5,France,Female,26.0,4,141581.71,2,0,0,1632.4624999999942,0,0,2,86.72892026616262
1100,15673055,Sung,494.0,Spain,Male,26.0,7,0.0,2,1,1,1632.4624999999942,0,0,4,0.0
1101,15768201,Paterson,515.5,France,Female,26.0,2,148586.64,1,1,1,1632.4624999999942,0,0,3,91.01994073370784
1102,15782219,Fanucci,515.5,Spain,Male,26.0,9,0.0,2,1,0,1632.4624999999942,0,0,3,0.0
1103,15746410,Thompson,432.0,Spain,Male,26.0,7,0.0,2,1,0,1632.4624999999942,0,1,3,0.0
1104,15780144,Tisdall,512.0,Germany,Female,26.0,2,123403.85,2,1,0,1632.4624999999942,0,0,3,75.59368132499243
1105,15590476,Onochie,515.5,France,Male,26.0,7,0.0,2,1,0,1632.4624999999942,0,1,3,0.0
1106,15624293,Mironova,514.0,France,Female,26.0,3,106511.85,1,1,0,1632.4624999999942,0,0,2,65.24612357098579
1107,15618182,Ndubueze,515.5,France,Female,26.0,2,0.0,2,0,0,1632.4624999999942,0,1,2,0.0
1108,15660316,Stephenson,420.0,Germany,Female,26.0,1,135549.9,1,0,0,1632.4624999999942,1,0,1,83.03400537531519
1109,15678886,Golubev,515.5,Germany,Male,26.0,7,110555.37,2,1,0,1632.4624999999942,0,0,3,67.72306867692237
1110,15616330,Liao,515.5,France,Male,26.0,4,0.0,2,1,0,1632.4624999999942,0,1,3,0.0
1111,15592229,Mullan,515.5,France,Female,26.0,0,185891.54,1,1,1,1632.4624999999942,1,0,3,113.87185923107003
1112,15798424,Glover,515.5,Germany,Male,26.0,1,130854.59,1,1,1,1632.4624999999942,1,0,3,80.1577922923194
1113,15714750,Northey,515.5,France,Female,26.0,3,92578.14,2,0,0,1632.4624999999942,0,0,2,56.7107299555122
1115,15626147,Maclean,515.5,France,Female,26.0,8,144976.5,1,0,0,1632.4624999999942,1,0,1,88.80847186382567
1116,15626608,Howarde,479.0,Spain,Male,26.0,5,87070.23,1,0,1,1632.4624999999942,0,0,2,53.33674127277062
1117,15723250,Teng,515.5,France,Male,26.0,8,0.0,2,1,1,1632.4624999999942,0,1,4,0.0
1118,15592583,Colman,515.5,France,Female,26.0,1,115414.19,3,0,0,1632.4624999999942,1,0,3,70.69944332565092
1119,15759381,Johnson,515.5,Spain,Male,26.0,7,91070.43,1,1,1,1632.4624999999942,0,0,3,55.78714978138874
1120,15585241,Butcher,515.5,Spain,Male,26.0,2,117412.19,2,1,0,1632.4624999999942,0,0,3,71.92336117981296
1121,15589358,Stanley,515.5,Germany,Male,26.0,4,90018.45,2,1,0,1632.4624999999942,0,0,3,55.142736816312976
1122,15672704,Jackson,515.5,France,Female,24.0,4,0.0,2,1,0,1632.4624999999942,0,1,3,0.0
1123,15789955,Hu,515.5,Germany,Male,26.0,1,112414.81,2,0,0,1632.4624999999942,1,0,2,68.86210862424123
1124,15596800,Hill,515.5,Germany,Male,26.0,1,158456.76,1,1,1,1632.4624999999942,1,0,3,97.06609493326835
1125,15627305,Pan,515.5,Spain,Male,26.0,7,0.0,1,1,0,1632.4624999999942,1,1,2,0.0
1126,15645316,Han,515.5,Germany,Female,26.0,1,149641.53,1,1,1,1632.4624999999942,0,0,3,91.66613628184447
1127,15593973,Wilkie,515.5,Spain,Female,26.0,8,122528.18,1,1,0,1632.4624999999942,0,0,2,75.05727084083122
1128,15647301,Bray,515.5,Germany,Female,26.0,3,143734.01,2,1,1,1632.4624999999942,0,0,4,88.0473579025555
1129,15750258,Ann,515.5,France,Female,26.0,2,155663.31,1,1,0,1632.4624999999942,0,0,2,95.35490708056115
1130,15685309,Souter,515.5,France,Female,26.0,7,0.0,1,1,1,1632.4624999999942,1,0,3,0.0
1131,15628205,Greco,515.5,Germany,Female,26.0,1,101736.66,1,0,1,1632.4624999999942,0,0,2,62.320978276683455
1132,15733974,Mao,500.0,Spain,Male,26.0,9,125822.21,1,1,0,1632.4624999999942,0,0,2,77.0750997342974
1133,15762110,Anderson,515.5,France,Male,26.0,0,0.0,2,1,1,1632.4624999999942,0,1,4,0.0
1134,15706899,Ma,515.5,France,Male,26.0,4,0.0,2,1,1,1632.4624999999942,0,0,4,0.0
1135,15732660,Black,515.5,France,Female,26.0,2,0.0,1,1,1,1632.4624999999942,0,0,3,0.0
1136,15656121,Medvedeva,515.5,Germany,Male,26.0,6,157791.07,2,0,0,1632.4624999999942,0,0,2,96.65831221237889
1138,15645269,Duncan,515.5,France,Female,26.0,4,0.0,2,1,0,1632.4624999999942,0,0,3,0.0
1139,15698510,Onwudiwe,468.0,Germany,Male,26.0,9,181627.14,2,1,0,1632.4624999999942,0,0,3,111.25960933252719
1140,15569247,Mitchell,515.5,Spain,Female,26.0,1,109679.72,1,0,1,753.37,0,0,2,145.58546265447256
1141,15566251,Ferrari,515.5,France,Female,26.0,5,96652.86,1,1,0,1632.4624999999942,1,0,2,59.206787292204474
1142,15716134,Russo,515.5,France,Male,26.0,5,190008.32,2,1,1,1632.4624999999942,0,0,4,116.39368132499257
1143,15763625,Hazon,515.5,Spain,Male,26.0,9,0.0,2,1,0,1632.4624999999942,0,1,3,0.0
1144,15605965,Henderson,515.5,France,Male,26.0,9,0.0,2,1,1,1632.4624999999942,0,0,4,0.0
1145,15694821,Hardy,515.5,Germany,Male,26.0,4,148962.76,1,0,1,1632.4624999999942,1,0,2,91.25034112575361
1146,15601688,Piccio,515.5,France,Male,26.0,8,0.0,1,1,0,1632.4624999999942,0,1,2,0.0
1147,15575581,Dickson,515.5,Germany,Female,26.0,3,131344.52,2,1,0,1632.4624999999942,0,0,3,80.4579094466185
1148,15671209,Holden,515.5,Germany,Female,26.0,5,101713.84,3,1,0,1632.4624999999942,0,0,4,62.30699939508587
1149,15616529,Hsieh,515.5,Spain,Male,26.0,3,0.0,1,1,1,1632.4624999999942,0,0,3,0.0
1150,15773906,Doherty,515.5,France,Male,26.0,4,0.0,2,0,0,1632.4624999999942,0,1,2,0.0
1151,15722993,Page,515.5,France,Female,26.0,6,137963.07,1,0,0,1632.4624999999942,0,0,1,84.51224453854253
1152,15752463,Samuel,515.5,Spain,Female,26.0,4,129938.07,1,0,1,1632.4624999999942,0,0,2,79.59635826244123
1153,15589754,Malloy,515.5,Germany,Male,26.0,2,151421.44,1,0,1,1632.4624999999942,0,0,2,92.75645841788129
1154,15669899,Fitts,515.5,Germany,Female,26.0,7,135643.0,1,0,0,1632.4624999999942,1,0,1,83.09103578183296
1155,15766887,Iadanza,515.5,Spain,Male,26.0,2,122773.5,2,1,1,1632.4624999999942,0,0,4,75.20754688086276
1156,15768006,Wu,515.5,France,Male,26.0,3,152303.8,1,1,0,1632.4624999999942,0,0,2,93.29696700536799
1157,15741295,Yefimova,515.5,France,Male,26.0,3,0.0,2,1,1,1632.4624999999942,0,0,4,0.0
1158,15811327,Pan,515.5,Spain,Male,26.0,1,79415.67,1,0,1,1632.4624999999942,0,0,2,48.64777598260314
1159,15690007,Ts'ui,434.0,Germany,Female,26.0,9,125801.03,2,1,0,1632.4624999999942,1,0,3,77.06212546995746
1160,15690664,Liang,515.5,Spain,Male,26.0,10,0.0,2,1,0,1632.4624999999942,0,1,3,0.0
1161,15719348,Tsao,513.0,France,Male,26.0,8,0.0,1,1,0,1632.4624999999942,1,0,2,0.0
1162,15781802,Abramov,515.5,France,Male,26.0,6,104817.41,1,1,0,1632.4624999999942,1,0,2,64.20815792093256
1163,15752731,Millar,515.5,France,Female,26.0,9,0.0,1,1,0,1632.4624999999942,0,0,2,0.0
1164,15600997,Demuth,515.5,Germany,Female,26.0,5,67495.04,2,0,1,1632.4624999999942,0,0,3,41.34553779949018
1165,15750776,Genovese,515.5,France,Female,26.0,0,164850.54,1,1,1,1632.4624999999942,0,0,3,100.98274232945663
1166,15723907,Lawless,515.5,Germany,Female,26.0,5,154776.42,2,0,0,1632.4624999999942,0,0,2,94.81162354418589
1167,15633419,Brooks,515.5,Germany,Female,26.0,1,143124.63,2,1,0,1632.4624999999942,0,0,3,87.67406908275107
1168,15702430,Ignatyeva,515.5,France,Female,26.0,10,0.0,1,1,1,1632.4624999999942,0,0,3,0.0
1169,15710456,Balmain,515.5,France,Female,26.0,2,0.0,2,1,0,1632.4624999999942,0,0,3,0.0
1170,15650351,Millar,515.5,France,Female,26.0,8,102133.38,1,1,1,1632.4624999999942,0,0,3,62.563997641599954
1171,15590820,Ecuyer,515.5,Spain,Male,26.0,6,79932.41,1,0,0,1632.4624999999942,0,0,1,48.96431617877917
1172,15640454,Parkhill,515.5,Germany,Male,26.0,0,120711.73,1,0,0,1632.4624999999942,1,0,1,73.9445653422363
1173,15697789,Li Fonti,515.5,Germany,Female,26.0,3,122717.53,2,1,1,1632.4624999999942,0,0,4,75.17326125408727
1174,15808182,Beneventi,478.0,Spain,Female,26.0,3,92363.3,2,1,0,1632.4624999999942,0,0,3,56.57912509475736
1175,15588670,Despeissis,515.5,Spain,Female,26.0,5,203715.15,1,1,0,1632.4624999999942,1,0,2,124.7900947188684
1176,15721292,Atkins,515.5,Spain,Male,26.0,5,0.0,2,1,0,1632.4624999999942,0,1,3,0.0
1177,15604217,Williams,515.5,France,Male,26.0,9,0.0,2,0,0,1632.4624999999942,0,0,2,0.0
1178,15651369,Wright,515.5,France,Male,21.0,1,0.0,2,1,0,1632.4624999999942,0,0,3,0.0
1179,15782454,Hancock,515.5,France,Male,26.0,4,0.0,1,1,1,1632.4624999999942,1,1,3,0.0
1180,15814032,Hsieh,515.5,Germany,Female,26.0,1,93460.47,2,0,0,1632.4624999999942,0,0,2,57.25122016585394
1181,15570326,Wilkins,515.5,France,Male,26.0,6,0.0,2,1,1,1632.4624999999942,0,0,4,0.0
1183,15755638,Mancini,515.5,France,Female,26.0,5,168069.73,1,1,1,1632.4624999999942,1,0,3,102.9547263719691
1184,15600992,Madukaego,515.5,France,Male,26.0,1,0.0,2,1,1,1632.4624999999942,0,1,4,0.0
1185,15755649,Winter-Irving,515.5,Germany,Male,26.0,7,130538.77,1,1,0,1632.4624999999942,0,0,2,79.964329961638
1186,15795228,Stewart,515.5,France,Male,26.0,3,132623.6,1,1,1,1632.4624999999942,0,0,3,81.2414373990217
1187,15589257,Grant,515.5,France,Female,26.0,3,103465.02,2,1,1,1632.4624999999942,0,0,4,63.379722351968496
1188,15719302,Brennan,515.5,France,Female,26.0,9,126547.8,1,1,1,1632.4624999999942,1,0,3,77.51957548795177
1189,15639882,She,515.5,France,Male,26.0,2,128262.72,2,1,0,1632.4624999999942,0,0,3,78.57008660229589
1190,15791279,Murray,515.5,France,Male,26.0,5,169742.64,1,1,1,1632.4624999999942,1,0,3,103.9795033576579
1191,15636935,Rischbieth,515.5,France,Female,26.0,1,0.0,2,1,1,1632.4624999999942,0,1,4,0.0
1192,15686909,Lung,515.5,Germany,Male,26.0,3,150795.81,1,0,1,1632.4624999999942,0,0,2,92.37321531122494
1193,15589572,Otutodilichukwu,515.5,Spain,Female,26.0,4,129855.72,2,1,0,1632.4624999999942,1,0,3,79.5459129995332
1194,15779947,Thomas,380.5,Spain,Female,26.0,6,146098.43,3,1,0,1632.4624999999942,1,0,4,89.49573420522708
1196,15578866,Hughes,515.5,France,Female,26.0,2,0.0,1,1,1,1632.4624999999942,0,0,3,0.0
1197,15739131,Whitworth,515.5,Germany,Male,26.0,4,65643.3,1,1,0,1632.4624999999942,0,0,2,40.21121465271039
1198,15813444,McIntosh,515.5,Spain,Female,26.0,6,0.0,2,1,0,1632.4624999999942,0,1,3,0.0
1199,15678058,Ayers,515.5,France,Male,26.0,9,104584.16,1,1,0,1632.4624999999942,0,0,2,64.06527561888888
1200,15769169,Trentino,515.5,France,Male,26.0,7,0.0,1,0,1,1632.4624999999942,0,0,2,0.0
1201,15804602,Boyd,515.5,Germany,Male,26.0,6,99785.28,2,0,0,1632.4624999999942,0,0,2,61.12561850578519
1202,15651052,McMasters,399.0,Germany,Male,26.0,2,127655.22,1,1,0,1632.4624999999942,1,0,2,78.19794941690878
1204,15569451,Miller,463.0,France,Male,26.0,2,101257.16,1,1,1,1632.4624999999942,0,0,3,62.02725024311454
1205,15650098,Baranova,515.5,France,Female,26.0,7,0.0,2,1,1,1632.4624999999942,0,0,4,0.0
1206,15724307,Mitchell,515.5,France,Male,26.0,10,121313.88,1,0,1,1632.4624999999942,0,0,2,74.31342527010601
1207,15599268,Yobachi,515.5,Spain,Male,26.0,5,0.0,2,1,0,1632.4624999999942,0,0,3,0.0
1208,15594864,Huang,515.5,Germany,Male,26.0,4,81523.38,1,1,1,1632.4624999999942,0,0,3,49.93889905587436
1209,15616451,Genovese,515.5,France,Female,26.0,6,128252.66,1,1,1,1632.4624999999942,0,0,3,78.56392413302018
1210,15715667,Sorokina,515.5,France,Female,26.0,7,0.0,2,0,0,1632.4624999999942,0,1,2,0.0
1211,15658969,Gray,515.5,France,Male,26.0,7,0.0,3,1,0,1632.4624999999942,1,0,4,0.0
1212,15738174,Ervin,452.0,France,Female,26.0,5,0.0,2,0,1,1632.4624999999942,0,0,3,0.0
1213,15813590,Vance,515.5,Spain,Male,26.0,6,0.0,2,1,0,1632.4624999999942,1,1,3,0.0
1214,15624229,Noble,515.5,France,Female,22.0,4,0.0,2,1,1,1632.4624999999942,0,0,4,0.0
1215,15674148,Milanesi,515.5,Spain,Male,26.0,6,0.0,1,1,0,1632.4624999999942,1,0,2,0.0
1216,15625080,Parkin,515.5,Spain,Female,26.0,8,0.0,1,1,0,1632.4624999999942,1,1,2,0.0
1217,15682528,Cremonesi,515.5,France,Male,26.0,5,0.0,1,0,1,1632.4624999999942,0,0,2,0.0
1218,15696900,Burns,505.0,Germany,Male,26.0,3,145541.56,2,1,1,1632.4624999999942,0,0,4,89.15461151481306
1219,15730038,Docherty,515.5,France,Female,23.0,5,0.0,1,0,0,1632.4624999999942,1,1,1,0.0
1220,15812272,Ugonna,515.5,Germany,Male,26.0,5,124601.58,2,1,1,1632.4624999999942,1,0,4,76.32737658598617
1221,15654654,L?,515.5,Germany,Female,26.0,7,115182.84,2,1,1,1632.4624999999942,0,0,4,70.55772490945452
1222,15697625,Bevan,515.5,France,Male,26.0,2,163789.49,2,1,0,1632.4624999999942,0,0,3,100.33277334088874
1223,15616280,Hsia,515.5,France,Male,26.0,1,65733.41,1,1,0,1632.4624999999942,0,0,2,40.2664134704474
1224,15654229,O'Neill,515.5,Spain,Male,26.0,1,0.0,2,0,1,1632.4624999999942,0,0,3,0.0
1225,15628298,Johnstone,500.0,Spain,Female,26.0,8,128486.11,1,1,0,1632.4624999999942,0,0,2,78.70692894936359
1226,15733387,Pham,515.5,Spain,Female,26.0,6,109663.47,1,1,1,1632.4624999999942,0,0,3,67.17671615733923
1227,15775572,Bergamaschi,515.5,Germany,Female,26.0,6,88324.31,2,1,0,1632.4624999999942,0,0,3,54.10495493770933
1228,15613844,Murphy,515.5,France,Female,26.0,7,146445.24,2,1,0,1632.4624999999942,0,0,3,89.70818012664947
1229,15578515,Osinachi,515.5,France,Female,26.0,3,0.0,2,1,0,1632.4624999999942,0,1,3,0.0
1230,15607598,Muravyov,515.5,Spain,Female,26.0,6,0.0,2,1,1,1632.4624999999942,0,0,4,0.0
1231,15742480,Igwebuike,515.5,Germany,Male,26.0,2,109949.05,2,0,1,1632.4624999999942,0,0,3,67.3516543259036
1232,15749482,Zack,515.5,Spain,Male,26.0,4,78653.05,1,1,0,1632.4624999999942,0,0,2,48.18061670635637
1233,15607537,Crawford,515.5,Germany,Male,26.0,9,107850.82,1,1,0,1632.4624999999942,1,0,2,66.06633843043892
1234,15575410,Chidiegwu,515.5,Germany,Female,26.0,4,83765.35,2,1,0,1632.4624999999942,0,0,3,51.31226597854487
1235,15684865,Lucchesi,515.5,France,Female,26.0,7,143773.07,1,1,1,1632.4624999999942,0,0,3,88.07128494529003
1236,15600700,Pan,515.5,Germany,Male,26.0,6,116227.27,1,1,1,1632.4624999999942,0,0,3,71.19751295971602
1237,15774155,Trevisani,515.5,Germany,Male,26.0,0,103471.52,1,1,1,1632.4624999999942,0,0,3,63.383704066709264
1238,15634267,Yudin,515.5,France,Male,26.0,5,0.0,2,1,0,1632.4624999999942,0,1,3,0.0
1239,15619626,Wade,515.5,France,Male,24.0,3,137492.35,2,0,1,1632.4624999999942,0,0,3,84.22389488273114
1240,15660422,Chung,515.5,France,Male,26.0,7,0.0,2,1,0,1632.4624999999942,0,0,3,0.0
1241,15617934,Septimus,515.5,France,Male,26.0,9,129829.59,1,1,1,1632.4624999999942,0,0,3,79.52990650627531
1242,15760774,Hargraves,515.5,France,Female,21.0,1,146329.57,2,1,1,1632.4624999999942,0,0,4,89.63732398140878
1243,15813132,Chukwukadibia,515.5,Germany,Male,26.0,4,114027.7,1,1,1,1632.4624999999942,0,0,3,69.85011906858529
1244,15593331,Sidorov,515.5,Germany,Male,25.0,6,146580.69,1,0,1,1632.4624999999942,0,0,2,89.79115293613208
1245,15616709,Bunton,515.5,Germany,Female,26.0,0,132122.42,2,0,0,1632.4624999999942,0,0,2,80.93442881536359
1246,15658052,Cameron,515.5,France,Female,26.0,10,81553.93,1,1,0,1632.4624999999942,1,0,2,49.95761311515596
1247,15721189,Kung,515.5,France,Female,26.0,7,0.0,2,1,1,1632.4624999999942,0,0,4,0.0
1248,15711288,Hay,512.0,France,Male,24.0,6,0.0,2,1,0,1632.4624999999942,0,0,3,0.0
1249,15770030,Conti,515.5,Spain,Female,26.0,3,0.0,2,1,1,1632.4624999999942,0,1,4,0.0
1250,15803681,Sims,515.5,France,Female,26.0,4,0.0,2,1,1,1632.4624999999942,0,1,4,0.0
1251,15702789,Carter,515.5,Germany,Male,26.0,5,175214.71,1,1,1,1632.4624999999942,0,0,3,107.33153747789038
1252,15814930,McGregor,515.5,Germany,Female,26.0,10,125534.51,1,1,0,1632.4624999999942,1,0,2,76.89886291415603
1253,15658306,Lo,515.5,France,Male,26.0,4,97705.99,1,1,1,1632.4624999999942,0,0,3,59.85190471450361
1254,15699523,Chu,499.0,Germany,Female,26.0,4,126817.65,2,1,0,1632.4624999999942,0,0,3,77.68487790684347
1255,15610383,Dumetolisa,515.5,France,Female,26.0,1,46870.43,4,1,0,1632.4624999999942,1,0,5,28.711489544170337
1256,15615032,Peng,515.5,Spain,Male,26.0,3,0.0,2,1,1,1632.4624999999942,0,0,4,0.0
1257,15781989,Drake-Brockman,515.5,France,Male,26.0,9,120094.93,1,1,0,1632.4624999999942,0,0,2,73.5667312419124
1258,15647402,Wan,515.5,France,Female,26.0,3,0.0,2,1,1,1632.4624999999942,0,0,4,0.0
1259,15740494,Cameron,515.5,France,Female,26.0,3,0.0,2,1,0,1632.4624999999942,0,1,3,0.0
1260,15701265,Tretiakov,515.5,Germany,Female,26.0,1,104356.94,2,0,1,1632.4624999999942,0,0,3,63.92608712298161
1261,15743532,Ball,515.5,Germany,Male,26.0,5,147004.34,1,1,0,1632.4624999999942,1,0,2,90.05066885150534
1262,15794870,Sal,515.5,Germany,Male,26.0,6,73023.17,2,1,0,1632.4624999999942,0,0,3,44.73191267793304
1263,15747591,Chung,515.5,Spain,Female,26.0,1,173432.55,1,0,1,1632.4624999999942,0,0,2,106.23983705598175
1264,15726557,Lai,515.5,France,Female,26.0,7,165679.92,1,0,0,1632.4624999999942,0,0,1,101.49079687894859
1265,15732199,Gether,515.5,Spain,Male,26.0,9,104678.62,1,0,1,1632.4624999999942,0,0,2,64.1231391226447
1266,15662291,Davidson,515.5,France,Female,26.0,8,116973.26,3,1,0,1632.4624999999942,1,0,4,71.65448517194142
1267,15749050,Justice,515.5,France,Female,26.0,3,0.0,1,1,0,1632.4624999999942,0,0,2,0.0
1268,15781586,Osonduagwuike,515.5,Germany,Male,26.0,2,126732.85,1,1,1,1632.4624999999942,0,0,3,77.63293184376391
1269,15617078,Ewing,515.5,France,Female,26.0,6,148481.09,1,1,0,1632.4624999999942,0,0,2,90.95528381203276
1270,15723339,Chin,515.5,France,Female,26.0,4,137654.05,2,1,1,1632.4624999999942,0,0,4,84.32294769405146
1271,15671322,Chiang,515.5,Germany,Male,26.0,7,115315.04,1,1,0,1632.4624999999942,0,0,2,70.63870686156675
1272,15793854,Ahmed,515.5,France,Male,26.0,2,99095.73,1,1,1,1632.4624999999942,0,0,3,60.70321982893962
1273,15756539,Marshall,515.5,Germany,Female,26.0,7,165610.41,2,0,0,1632.4624999999942,0,0,2,101.4482170340823
1274,15612064,Tsou,474.0,France,Male,26.0,5,0.0,2,1,0,1632.4624999999942,1,1,3,0.0
1275,15625916,Chien,515.5,Spain,Male,26.0,6,161628.66,1,1,0,1632.4624999999942,0,0,2,99.00911046961298
1276,15683195,Ubanwa,515.5,France,Male,26.0,9,146605.27,1,1,1,1632.4624999999942,0,0,3,89.80620994356717
1277,15690182,Kapustin,515.5,Germany,Male,26.0,5,113488.68,1,1,0,1632.4624999999942,1,0,2,69.5199307794209
1278,15721719,Calabresi,515.5,France,Male,26.0,7,77002.2,2,1,1,1632.4624999999942,0,0,4,47.16935304792623
1279,15641690,Hsiao,515.5,Spain,Male,26.0,7,0.0,2,0,1,1632.4624999999942,0,1,3,0.0
1280,15634896,Grant,515.5,France,Female,26.0,6,0.0,2,0,1,1632.4624999999942,0,0,3,0.0
1281,15671590,H?,515.5,Spain,Male,25.0,4,0.0,2,1,1,1632.4624999999942,0,0,4,0.0
1282,15779182,Chia,515.5,Spain,Male,26.0,8,182364.53,1,0,0,1632.4624999999942,1,0,1,111.71131342986479
1283,15778287,Ugoji,515.5,France,Male,26.0,8,0.0,2,1,1,1632.4624999999942,0,1,4,0.0
1284,15609510,Gregory,515.5,France,Male,26.0,7,149364.58,1,0,1,1632.4624999999942,0,0,2,91.49648460531284
1285,15742229,Mackay,515.5,France,Male,26.0,7,127450.14,1,0,1,1632.4624999999942,0,0,2,78.07232325398007
1286,15658532,Nnamutaezinwa,515.5,Spain,Female,26.0,5,162278.32,1,1,1,1632.4624999999942,0,0,3,99.40707366938021
1287,15590993,Findlay,515.5,Spain,Male,26.0,5,152212.88,2,0,0,1632.4624999999942,0,0,2,93.24127200471713
1288,15565701,Ferri,515.5,Spain,Female,26.0,9,161993.89,1,0,0,1632.4624999999942,0,0,1,99.23283995803922
1289,15597239,Ku,515.5,Spain,Male,26.0,7,131468.44,1,1,0,1632.4624999999942,0,0,2,80.53381930672249
1290,15688880,Amechi,515.5,Germany,Male,26.0,10,102980.44,1,1,0,1285.81,1,0,2,80.08993552702188
1291,15813917,Kirk,515.5,Germany,Male,26.0,9,143321.97,1,1,0,1632.4624999999942,0,0,2,87.79495394228077
1292,15679611,Andrews,515.5,Spain,Female,26.0,2,130404.92,1,0,0,1632.4624999999942,0,0,1,79.88233726655311
1293,15636589,Murray,515.5,France,Female,26.0,7,0.0,2,1,1,1632.4624999999942,0,0,4,0.0
1294,15687752,Griffin,515.5,France,Male,26.0,2,87505.47,2,0,1,1632.4624999999942,0,0,3,53.60335689181241
1295,15584363,Longstaff,515.5,France,Male,26.0,0,133634.02,1,1,1,1632.4624999999942,0,0,3,81.8603918926165
1296,15737748,McWilliam,515.5,Spain,Female,26.0,3,151233.62,1,0,0,1632.4624999999942,0,0,1,92.64140523901807
1297,15803365,Coffee,515.5,Spain,Male,26.0,2,70263.83,1,0,1,1632.4624999999942,0,0,2,43.0416196390424
1298,15793247,Hancock,498.0,France,Male,26.0,5,0.0,2,1,1,1632.4624999999942,0,0,4,0.0
1299,15572360,Clark,515.5,France,Male,26.0,10,57657.49,1,0,0,1632.4624999999942,0,0,1,35.31933505363842
1300,15795166,Creswell,515.5,Germany,Male,26.0,8,153572.31,2,1,1,1632.4624999999942,0,0,4,94.0740200770312
1301,15724620,Dodds,515.5,France,Male,26.0,1,134752.08,1,1,0,1632.4624999999942,0,0,2,82.5452835823184
1302,15800856,Ewen,515.5,Spain,Male,26.0,3,83132.09,1,1,1,1632.4624999999942,0,0,3,50.92434895135435
1303,15671097,Carter,428.0,France,Female,26.0,2,0.0,2,1,0,1632.4624999999942,0,0,3,0.0
1304,15683930,Ch'iu,515.5,Germany,Female,26.0,9,134096.53,2,1,0,1632.4624999999942,1,0,3,82.14371233642456
1305,15749004,Tsao,515.5,France,Female,26.0,0,118100.59,2,1,0,1632.4624999999942,0,0,3,72.34505539943515
1306,15800434,Burgess,515.5,Germany,Male,26.0,10,76915.4,1,0,0,1632.4624999999942,1,0,1,47.11618184184952
1307,15709117,Fanucci,515.5,Spain,Female,26.0,3,81576.75,1,1,1,1632.4624999999942,1,0,3,49.97159199675355
1308,15638806,Blackburn,515.5,Spain,Male,26.0,2,0.0,2,0,0,1632.4624999999942,0,0,2,0.0
1309,15662294,Bennett,515.5,France,Male,26.0,10,118327.17,2,1,1,1632.4624999999942,0,0,4,72.48385184958333
1310,15690079,Boniwell,515.5,Spain,Male,26.0,8,124857.69,2,0,0,1632.4624999999942,0,0,2,76.48426227248738
1311,15759317,Vasilieva,515.5,Germany,Female,26.0,2,90971.85,1,1,1,1632.4624999999942,0,0,3,55.72676248305877
1312,15750497,Longo,515.5,France,Female,26.0,7,153147.75,1,1,1,1632.4624999999942,0,0,3,93.81394672159425
1313,15596181,Kwemto,515.5,France,Male,26.0,8,65942.26,1,1,1,1632.4624999999942,1,0,3,40.39434902792574
1314,15576602,Lawrence,515.5,France,Male,26.0,3,0.0,2,1,1,1632.4624999999942,0,0,4,0.0
1315,15644833,Duncan,515.5,France,Male,26.0,2,0.0,1,1,0,1632.4624999999942,1,1,2,0.0
1316,15734634,Bocharova,515.5,Spain,Female,26.0,5,100912.19,1,0,0,1632.4624999999942,0,0,1,61.81593145324953
1317,15808689,Morres,515.5,France,Female,26.0,4,0.0,2,1,1,1632.4624999999942,0,0,4,0.0
1318,15720702,Shih,515.5,France,Male,26.0,3,0.0,1,1,0,1632.4624999999942,1,1,2,0.0
1319,15665077,Vogel,515.5,France,Female,26.0,5,0.0,3,1,1,1632.4624999999942,1,1,5,0.0
1320,15763612,T'an,515.5,Germany,Male,26.0,2,124439.49,2,0,1,1632.4624999999942,0,0,3,76.2280848717814
1321,15596493,Wisdom,515.5,France,Female,26.0,7,0.0,2,1,1,1632.4624999999942,0,1,4,0.0
1322,15704483,Lorenzo,515.5,France,Male,26.0,6,0.0,2,0,0,1632.4624999999942,0,1,2,0.0
1323,15598846,Shahan,515.5,France,Female,26.0,2,58781.76,1,1,0,1632.4624999999942,0,0,2,36.00803081234651
1324,15629244,Bryant,515.5,Spain,Male,26.0,7,159453.64,2,0,0,1632.4624999999942,1,0,2,97.67675520877238
1325,15765537,Liang,515.5,Germany,Male,26.0,2,142721.52,1,1,1,1632.4624999999942,0,0,3,87.42713538595864
1326,15729975,Chidozie,515.5,France,Female,26.0,8,167795.6,1,0,1,1632.4624999999942,0,0,2,102.78680214706347
1327,15682773,Hayward,515.5,France,Female,26.0,3,128345.69,2,1,0,1632.4624999999942,0,0,3,78.62091165953305
1329,15574331,Alexeeva,515.5,Germany,Female,26.0,3,118233.81,1,0,1,1632.4624999999942,1,0,2,72.42666217447594
1330,15645572,Calabresi,515.5,France,Female,26.0,6,0.0,1,1,0,1632.4624999999942,1,0,2,0.0
1331,15742854,Lettiere,515.5,Spain,Female,26.0,8,0.0,2,1,0,1632.4624999999942,0,0,3,0.0
1332,15575417,Chou,515.5,Germany,Male,26.0,7,143452.74,2,1,1,1632.4624999999942,0,0,4,87.87505991715001
1333,15796721,Nnamutaezinwa,515.5,France,Male,26.0,3,145018.49,2,1,1,1632.4624999999942,0,0,4,88.83419374105102
1334,15734942,Nnamutaezinwa,515.5,Germany,Female,26.0,8,82407.51,1,1,0,1632.4624999999942,0,0,2,50.480491894913534
1335,15664772,Greece,489.0,Germany,Male,26.0,1,79460.98,2,1,1,1632.4624999999942,0,0,4,48.67553159720378
1336,15576683,Yin,515.5,Spain,Female,26.0,9,0.0,1,1,0,1632.4624999999942,1,1,2,0.0
1337,15682563,Larionova,515.5,Spain,Male,26.0,5,126473.99,1,1,0,1632.4624999999942,0,0,2,77.4743615856416
1338,15650889,Golubev,515.5,Germany,Female,26.0,10,133537.1,2,1,0,1632.4624999999942,0,0,3,81.80102146297418
1339,15612108,Norman,515.5,France,Male,26.0,5,164978.01,1,1,1,1632.4624999999942,0,0,3,101.06082681838058
1340,15761132,Capon,515.5,Spain,Male,26.0,7,128029.72,1,1,1,1632.4624999999942,0,0,3,78.42735744312685
1341,15645511,Chukwudi,515.5,Spain,Male,26.0,2,97403.18,1,1,1,1632.4624999999942,1,0,3,59.666411939018715
1342,15609824,Fedorov,515.5,France,Female,26.0,7,176845.41,3,1,0,1632.4624999999942,1,0,4,108.33045782062413
1343,15640268,Avdeeva,515.5,Spain,Male,26.0,4,0.0,1,1,1,1632.4624999999942,0,1,3,0.0
1344,15645778,Reid,515.5,Spain,Male,26.0,3,81589.04,1,1,0,1632.4624999999942,0,0,2,49.97912050047109
1345,15691104,Kennedy,460.0,Germany,Female,26.0,6,119507.58,2,1,0,1632.4624999999942,1,0,3,73.20693737222167
1346,15714567,Chan,515.5,Spain,Female,26.0,6,0.0,2,0,0,1632.4624999999942,0,1,2,0.0
1347,15777826,Wofford,515.5,France,Male,26.0,5,94443.77,1,1,1,1632.4624999999942,0,0,3,57.853561720407264
1348,15668445,Mai,515.5,France,Male,26.0,2,0.0,2,1,1,1632.4624999999942,0,0,4,0.0
1349,15576162,King,515.5,France,Male,26.0,7,92199.84,1,1,1,1632.4624999999942,0,0,3,56.47899415759953
1350,15778135,T'ao,515.5,Spain,Male,26.0,3,0.0,1,1,0,1632.4624999999942,0,0,2,0.0
1351,15613141,Hsu,515.5,France,Female,26.0,3,135756.96,1,1,1,1632.4624999999942,0,0,3,83.16084442981108
1352,15635435,White,515.5,France,Female,26.0,9,120633.42,1,0,0,1632.4624999999942,1,0,1,73.89659486818253
1353,15596552,Stephens,515.5,Germany,Male,26.0,5,134542.73,1,1,1,1632.4624999999942,1,0,3,82.41704173909079
1354,15623644,Frolov,515.5,Spain,Male,26.0,7,0.0,2,1,0,1632.4624999999942,0,0,3,0.0
1355,15683403,Lombardi,515.5,Spain,Male,26.0,7,0.0,1,0,1,1632.4624999999942,1,0,2,0.0
1356,15615029,Munro,515.5,Spain,Male,26.0,6,0.0,1,1,1,1632.4624999999942,0,0,3,0.0
1357,15769005,Hayward,515.5,France,Male,26.0,4,154344.49,2,1,1,1632.4624999999942,0,0,4,94.54703553680439
1358,15746326,Fields,515.5,France,Male,26.0,3,0.0,2,0,1,1632.4624999999942,0,1,3,0.0
1359,15722364,Onwumelu,515.5,France,Male,26.0,9,189026.53,2,1,1,1632.4624999999942,0,0,4,115.7922647534021
1360,15704954,Suffolk,431.0,France,Male,26.0,0,120764.08,1,1,1,1632.4624999999942,0,0,3,73.97663346018695
1361,15694409,Tsao,515.5,Germany,Female,22.0,3,97975.82,2,0,1,1632.4624999999942,0,0,3,60.017194881965345
1362,15754068,Judd,515.5,France,Male,26.0,4,0.0,2,1,1,1632.4624999999942,0,1,4,0.0
1363,15683841,Hamilton,515.5,Germany,Male,26.0,10,113270.2,2,1,1,1632.4624999999942,0,0,4,69.38609615841123
1364,15789095,T'ang,515.5,Spain,Male,26.0,4,0.0,2,0,1,1632.4624999999942,0,0,3,0.0
1365,15719958,Degtyarev,515.5,Germany,Male,26.0,3,124548.99,2,1,1,1632.4624999999942,0,0,4,76.29516145087587
1366,15689514,Kang,515.5,France,Male,26.0,8,201696.07,1,1,0,1632.4624999999942,1,0,2,123.55326385751631
1367,15621353,Hudson,515.5,Spain,Female,26.0,7,0.0,2,1,0,1632.4624999999942,0,0,3,0.0
1368,15627232,Jibunoh,515.5,Germany,Male,26.0,7,114203.47,1,1,1,1632.4624999999942,1,0,3,69.95779076089062
1369,15745843,Kinlaw,515.5,Spain,Female,26.0,4,0.0,2,1,1,1632.4624999999942,0,1,4,0.0
1370,15722902,Chizuoke,515.5,Germany,Male,26.0,8,125437.64,1,1,1,1632.4624999999942,1,0,3,76.83952311308863
1371,15791767,Lucciano,515.5,France,Female,26.0,7,0.0,2,1,0,1632.4624999999942,0,1,3,0.0
1372,15792722,Omeokachie,515.5,France,Female,26.0,8,64897.75,1,1,0,1632.4624999999942,0,0,2,39.75451197194437
1373,15723006,Gorbunova,489.0,France,Male,26.0,8,0.0,2,0,1,1632.4624999999942,0,1,3,0.0
1374,15771942,Tikhonov,515.5,Germany,Female,26.0,9,135555.66,1,1,0,1632.4624999999942,1,0,2,83.03753378714701
1375,15774738,Campa,515.5,France,Male,26.0,3,107764.75,1,1,0,1632.4624999999942,0,0,2,66.01361440155617
1376,15574004,Mancini,429.0,France,Female,26.0,6,117307.44,2,1,1,1632.4624999999942,0,0,4,71.85919431533675
1377,15587233,Donoghue,457.0,France,Male,26.0,8,73700.12,3,1,1,1632.4624999999942,1,0,5,45.146592953896494
1378,15808228,Tuan,515.5,Spain,Female,26.0,6,60603.4,1,1,1,1632.4624999999942,0,0,3,37.12391555701905
1379,15682834,Johnstone,515.5,Spain,Female,26.0,4,40169.88,2,1,1,1632.4624999999942,0,0,4,24.606923589362783
1380,15571752,Romani,515.5,Germany,Female,26.0,10,92041.87,1,1,1,1632.4624999999942,0,0,3,56.38222623796891
1381,15743067,Fuller,515.5,Germany,Male,26.0,3,130483.95,1,1,0,1632.4624999999942,0,0,2,79.93074879208586
1382,15714466,Baxter,515.5,France,Female,26.0,5,0.0,3,1,0,1632.4624999999942,1,0,4,0.0
1383,15617982,Pirozzi,515.5,Spain,Female,26.0,3,0.0,2,1,0,1632.4624999999942,0,0,3,0.0
1385,15690647,Rogers,515.5,Spain,Female,26.0,8,67563.31,1,1,0,1632.4624999999942,1,0,2,41.38735805569821
1386,15672756,Mills,515.5,France,Female,26.0,8,112808.18,1,0,1,1632.4624999999942,0,0,2,69.10307587463748
1387,15704586,Osonduagwuike,515.5,France,Female,26.0,7,0.0,2,0,1,1632.4624999999942,0,0,3,0.0
1388,15674526,Byrne,515.5,France,Male,26.0,4,86459.8,1,1,1,1632.4624999999942,0,0,3,52.962809252892676
1389,15775295,McIntyre,515.5,France,Female,26.0,0,118633.08,1,0,1,1632.4624999999942,1,0,2,72.67124359671381
1390,15684196,Aitken,515.5,France,Female,26.0,2,159441.27,1,1,0,1632.4624999999942,1,0,2,97.66917769933494
1391,15727281,Macintyre,515.5,France,Female,26.0,9,0.0,2,1,0,1632.4624999999942,0,0,3,0.0
1392,15787835,Simpson,515.5,Germany,Female,26.0,4,125212.65,2,1,1,1632.4624999999942,1,0,4,76.7017006516232
1393,15730540,Simpson,515.5,Spain,Male,26.0,8,88656.37,2,1,0,1632.4624999999942,0,0,3,54.30836542952767
1394,15646276,Metcalfe,515.5,France,Female,26.0,2,146033.62,1,1,0,1632.4624999999942,0,0,2,89.45603344640413
1395,15582180,Lees,515.5,France,Male,26.0,9,120268.13,1,1,1,1632.4624999999942,0,0,3,73.6728286254664
1396,15697095,Zetticci,515.5,Spain,Male,26.0,7,0.0,2,1,0,1632.4624999999942,0,1,3,0.0
1397,15748797,Dale,515.5,Spain,Female,26.0,0,0.0,1,1,0,1632.4624999999942,1,0,2,0.0
1398,15754796,Byrne,487.0,Germany,Female,26.0,4,135070.58,2,1,1,1632.4624999999942,1,0,4,82.74038760461602
1399,15628947,Praed,515.5,France,Female,26.0,3,0.0,2,0,0,1632.4624999999942,1,0,2,0.0
1400,15775546,Laurens,515.5,Spain,Female,26.0,5,0.0,2,1,0,1632.4624999999942,0,1,3,0.0
1401,15670481,Woods,515.5,France,Female,26.0,9,122550.05,2,0,1,1632.4624999999942,0,0,3,75.07066777950516
1402,15619029,Bykov,515.5,Spain,Female,26.0,2,0.0,2,1,0,1632.4624999999942,0,0,3,0.0
1403,15613282,Vorobyova,515.5,France,Male,26.0,8,130306.49,1,1,0,1632.4624999999942,0,0,2,79.82204185394792
1404,15721487,Pirogova,515.5,France,Female,26.0,6,0.0,1,1,1,1632.4624999999942,0,0,3,0.0
1405,15797276,Sturt,515.5,Spain,Female,26.0,4,90350.77,1,1,0,1632.4624999999942,1,0,2,55.34630657672095
1406,15612494,Panicucci,380.5,France,Female,26.0,6,128747.69,1,1,0,1632.4624999999942,1,0,2,78.86716540196204
1407,15629617,Cook,515.5,Spain,Male,23.0,2,126873.52,1,0,1,1632.4624999999942,0,0,2,77.71910227646912
1408,15600821,Hardy,515.5,France,Male,26.0,2,108424.19,1,1,1,1632.4624999999942,0,0,3,66.4175685505795
1409,15579062,Chu,515.5,France,Male,26.0,9,0.0,2,0,0,1632.4624999999942,0,0,2,0.0
1410,15814268,Franklin,444.0,France,Female,26.0,5,84350.07,1,1,0,1632.4624999999942,0,0,2,51.67044878519434
1411,15710164,P'eng,515.5,France,Female,26.0,7,0.0,2,0,0,1632.4624999999942,1,1,2,0.0
1412,15693904,Chiang,515.5,Germany,Female,26.0,4,84958.6,2,0,1,1632.4624999999942,0,0,3,52.04321691922498
1413,15588986,Grant,515.5,Germany,Female,26.0,4,99097.36,1,1,1,1632.4624999999942,0,0,3,60.70421832048231
1414,15797733,Udobata,503.0,Germany,Male,26.0,10,136622.55,2,0,0,1632.4624999999942,0,0,2,83.6910801932666
1415,15620507,Siciliani,485.0,Germany,Female,26.0,5,156771.68,1,1,1,1632.4624999999942,0,0,3,96.03386295244182
1416,15685150,Evans,515.5,Germany,Male,26.0,7,167658.33,2,1,1,1632.4624999999942,0,0,4,102.70271445745344
1417,15667651,Young,515.5,Spain,Female,26.0,8,0.0,2,1,0,1632.4624999999942,0,1,3,0.0
1418,15774166,Mitchell,515.5,Germany,Female,24.0,2,109483.54,2,0,1,1632.4624999999942,0,0,3,67.0664961675998
1419,15649280,Lucchese,515.5,Germany,Female,26.0,9,134504.78,1,1,0,1632.4624999999942,0,0,2,82.39379465071968
1420,15705657,Hewitt,515.5,France,Female,26.0,2,114427.86,1,1,1,1632.4624999999942,0,0,3,70.0952456794569
1421,15753969,K'ung,515.5,Spain,Male,26.0,5,83888.54,1,0,1,1632.4624999999942,0,0,2,51.38772866145489
1422,15742378,Swaim,515.5,Germany,Male,26.0,5,110029.77,1,1,0,1632.4624999999942,0,0,2,67.40110109726893
1423,15794874,Quinones,515.5,Spain,Male,26.0,9,127523.75,1,0,1,1632.4624999999942,0,0,2,78.11741464199052
1424,15589221,Kennedy,515.5,Germany,Male,26.0,1,139762.13,2,1,1,1632.4624999999942,0,0,4,85.61429741877716
1425,15596671,Endrizzi,515.5,Spain,Female,26.0,8,91611.12,1,0,0,1632.4624999999942,1,0,1,56.11836106495575
1426,15583668,Ludowici,515.5,France,Female,26.0,2,109471.79,1,0,1,1632.4624999999942,0,0,2,67.05929845249149
1427,15710206,Larson,515.5,France,Female,26.0,4,150500.64,1,1,0,1632.4624999999942,0,0,2,92.1924025819892
1428,15799966,Chigolum,515.5,Germany,Female,26.0,9,101609.77,1,0,0,1632.4624999999942,1,0,1,62.24324907922869
1429,15794560,Maclean,515.5,France,Male,26.0,5,0.0,1,1,1,1632.4624999999942,0,1,3,0.0
1430,15626485,Lu,515.5,France,Female,26.0,8,78892.23,1,1,1,1632.4624999999942,0,0,3,48.327131557386636
1431,15703143,Tuan,515.5,France,Female,26.0,3,82344.84,1,0,1,1632.4624999999942,0,0,2,50.442102039097556
1432,15809772,Glover,515.5,France,Male,26.0,2,0.0,1,1,0,1632.4624999999942,0,0,2,0.0
1433,15687959,Landman,515.5,Spain,Female,26.0,4,0.0,1,1,1,1632.4624999999942,0,0,3,0.0
1434,15585282,Trevisano,515.5,France,Male,26.0,1,127706.33,2,0,1,1632.4624999999942,0,0,3,78.22925794620119
1435,15714993,Longo,515.5,France,Female,26.0,9,124349.34,1,1,0,1632.4624999999942,0,0,2,76.17286155118445
1436,15596021,K?,515.5,Spain,Male,26.0,8,0.0,2,1,0,1632.4624999999942,0,1,3,0.0
1437,15646615,Muir,515.5,Germany,Male,26.0,1,119336.29,2,0,1,1632.4624999999942,0,0,3,73.10201000022997
1438,15742632,Alexeyeva,515.5,France,Female,26.0,9,0.0,1,0,1,1632.4624999999942,0,0,2,0.0
1439,15574068,Norman,504.0,Germany,Male,26.0,9,104217.3,1,0,0,1632.4624999999942,1,0,1,63.84054763891996
1440,15806967,Simmons,515.5,France,Female,26.0,7,0.0,1,1,1,1632.4624999999942,0,0,3,0.0
1441,15796334,Chukwualuka,515.5,Germany,Male,26.0,10,144757.02,1,1,0,1632.4624999999942,1,0,2,88.67402467131741
1442,15688713,McCall,515.5,Spain,Male,26.0,6,0.0,1,1,1,1632.4624999999942,0,1,3,0.0
1443,15796179,Moore,515.5,France,Male,26.0,8,0.0,1,1,0,1632.4624999999942,0,0,2,0.0
1444,15598751,Ingram,515.5,France,Female,26.0,6,0.0,3,0,0,1632.4624999999942,1,1,3,0.0
1445,15703019,Okeke,515.5,France,Female,26.0,10,0.0,2,0,1,1632.4624999999942,0,1,3,0.0
1447,15680855,Iloabuchi,515.5,France,Male,26.0,2,145731.83,1,0,1,1632.4624999999942,0,0,2,89.27116549384779
1448,15697311,Nebechukwu,515.5,Spain,Male,26.0,5,110802.03,1,1,1,1632.4624999999942,1,0,3,67.87416556276202
1449,15585367,Diribe,515.5,Germany,Female,26.0,4,120392.99,1,1,0,1632.4624999999942,1,0,2,73.74931430277904
1450,15726556,Macgroarty,515.5,Germany,Female,26.0,6,135067.52,2,0,0,1632.4624999999942,0,0,2,82.73851313583036
1451,15676242,Artemova,515.5,Spain,Male,26.0,3,136556.44,1,1,0,1632.4624999999942,1,0,2,83.6505830914955
1452,15684198,McDonald,515.5,France,Female,26.0,10,0.0,2,1,1,216.27,0,0,4,0.0
1453,15774882,Mazzanti,515.5,France,Female,26.0,3,99587.43,1,1,1,1632.4624999999942,1,0,3,61.00442123479121
1454,15714227,Kelly,515.5,France,Female,26.0,7,0.0,1,1,1,1632.4624999999942,0,1,3,0.0
1455,15608653,Davison,515.5,Spain,Female,26.0,7,70731.07,1,1,1,1632.4624999999942,1,0,3,43.32783754603874
1456,15784280,Reilly,515.5,Germany,Male,26.0,2,109342.82,2,0,1,1632.4624999999942,0,0,3,66.98029510631969
1457,15789546,Ojiofor,515.5,Spain,Male,26.0,8,0.0,2,1,0,1632.4624999999942,0,1,3,0.0
1458,15590320,Shelton,515.5,France,Male,26.0,4,0.0,2,0,1,1632.4624999999942,0,0,3,0.0
1459,15678385,Lange,465.0,France,Male,25.0,2,78247.31,2,1,1,1632.4624999999942,0,0,4,47.932071946522676
1460,15571778,Trentini,515.5,France,Female,26.0,10,117561.49,1,1,0,1632.4624999999942,1,0,2,72.0148181045509
1462,15640627,Wan,515.5,Spain,Male,26.0,4,0.0,2,1,0,1632.4624999999942,0,1,3,0.0
1463,15566211,Hsu,515.5,Germany,Female,26.0,1,103560.57,1,1,0,236.45,1,0,2,437.9808416155636
1464,15669293,Hovell,515.5,France,Male,26.0,5,113308.84,1,0,1,1632.4624999999942,0,0,2,69.40976592111635
1465,15595067,Zhirov,515.5,Spain,Female,26.0,6,0.0,2,1,1,1632.4624999999942,0,1,4,0.0
1466,15753566,Espinosa,515.5,France,Female,26.0,3,63763.49,1,1,0,1632.4624999999942,0,0,2,39.059696623965465
1467,15650391,Wallace,515.5,France,Female,26.0,7,169988.35,1,1,0,1632.4624999999942,0,0,2,104.1300183005739
1468,15681843,Barbour,515.5,Germany,Female,26.0,0,180303.24,2,1,0,1632.4624999999942,0,0,3,110.44862592555764
1469,15814846,Ozerova,515.5,France,Male,26.0,3,0.0,1,1,0,1632.4624999999942,1,1,2,0.0
1470,15670374,Wright,515.5,Germany,Female,26.0,1,120656.86,4,0,0,1632.4624999999942,1,0,4,73.91095354410923
1471,15762332,Ulyanova,515.5,Germany,Female,26.0,1,61592.14,2,1,1,1632.4624999999942,0,0,4,37.729589500524646
1472,15700223,Steiner,515.5,France,Male,26.0,4,164701.68,1,1,1,1632.4624999999942,0,0,3,100.89155493617807
1473,15729956,Akabueze,515.5,Spain,Female,26.0,1,80780.16,1,1,1,1632.4624999999942,0,0,3,49.483623666700026
1474,15594862,Aleksandrova,515.5,France,Male,26.0,8,0.0,2,0,0,1632.4624999999942,0,1,2,0.0
1475,15598782,Pinto,515.5,Germany,Female,26.0,6,154221.37,2,0,1,1632.4624999999942,0,0,3,94.47161573389927
1476,15745080,Griffiths,515.5,France,Male,26.0,8,0.0,1,1,0,1632.4624999999942,0,0,2,0.0
1477,15703399,McNeil,515.5,France,Female,26.0,5,101641.14,2,0,1,1632.4624999999942,0,0,3,62.26246544713913
1478,15732175,Bruno,515.5,France,Male,26.0,2,0.0,1,0,1,1632.4624999999942,0,0,2,0.0
1479,15630725,Johnson,515.5,France,Female,26.0,5,92786.66,1,1,0,1632.4624999999942,1,0,2,56.83846336439602
1480,15640260,Okorie,515.5,Germany,Male,26.0,8,131081.66,2,1,1,1632.4624999999942,0,0,4,80.29688890250188
1481,15716822,Moen,515.5,France,Male,26.0,5,98014.74,1,1,1,1632.4624999999942,0,0,3,60.04103616469006
1482,15583748,McGuigan,515.5,Spain,Male,26.0,8,0.0,2,1,0,1632.4624999999942,0,1,3,0.0
1483,15605968,Fancher,515.5,France,Male,26.0,8,97460.1,1,1,1,1632.4624999999942,0,0,3,59.701279508717874
1484,15790683,Matthews,515.5,France,Male,26.0,1,104077.19,2,0,1,1632.4624999999942,0,0,3,63.754720246253974
1485,15607713,Kaeppel,515.5,Spain,Female,26.0,1,0.0,2,1,1,1632.4624999999942,0,1,4,0.0
1486,15700212,Shih,475.0,France,Female,26.0,10,0.0,2,0,0,1632.4624999999942,1,1,2,0.0
1487,15626710,Yudina,515.5,France,Female,26.0,4,0.0,1,1,1,1632.4624999999942,0,0,3,0.0
1488,15716491,Akabueze,515.5,Spain,Female,26.0,4,93656.95,1,0,1,1632.4624999999942,1,0,2,57.37157821389486
1489,15625824,Kornilova,515.5,Spain,Male,26.0,6,121345.88,4,1,0,1632.4624999999942,1,0,5,74.33302755806056
1490,15617705,Ozioma,515.5,France,Female,26.0,8,141675.23,1,0,1,1632.4624999999942,0,0,2,86.7862079527098
1491,15761976,Su,515.5,Spain,Female,26.0,8,0.0,2,1,0,1632.4624999999942,0,1,3,0.0
1492,15634891,Jamison,504.0,Germany,Female,26.0,7,102365.49,1,1,0,1632.4624999999942,1,0,2,62.70618161213527
1493,15744517,Esposito,515.5,Spain,Male,26.0,9,0.0,1,0,0,1632.4624999999942,1,1,1,0.0
1494,15686963,Hardiman,515.5,Spain,Female,26.0,3,0.0,1,1,0,1632.4624999999942,0,1,2,0.0
1495,15808189,Woodard,449.0,France,Male,26.0,6,0.0,2,0,1,1632.4624999999942,0,1,3,0.0
1496,15580845,Chienezie,515.5,Germany,Male,26.0,7,101868.51,1,0,1,1632.4624999999942,0,0,2,62.40174582877117
1497,15799156,Okwuadigbo,515.5,Spain,Male,26.0,8,0.0,2,0,0,1632.4624999999942,0,0,2,0.0
1498,15694296,Chineze,515.5,France,Male,26.0,9,112392.45,2,1,0,1632.4624999999942,0,0,3,68.848411525533
1499,15677049,O'Brien,515.5,Germany,Female,25.0,7,106570.34,2,0,1,1632.4624999999942,0,0,3,65.2819528779377
1500,15583595,Tao,461.0,France,Female,26.0,8,0.0,1,1,1,1632.4624999999942,0,1,3,0.0
1501,15590146,Mao,515.5,France,Male,26.0,1,81947.76,1,0,1,1632.4624999999942,1,0,2,50.19886214844156
1502,15801548,Buckland,515.5,France,Female,26.0,7,144162.3,2,1,1,1632.4624999999942,0,0,4,88.30971614968216
1503,15660833,Flannery,515.5,Germany,Male,26.0,5,86350.87,2,0,0,1632.4624999999942,0,0,2,52.896081839552394
1504,15762277,Jamieson,515.5,France,Male,26.0,5,158623.14,1,0,0,1632.4624999999942,1,0,1,97.16801457920202
1505,15791302,Swift,515.5,France,Male,26.0,8,0.0,2,1,0,1632.4624999999942,0,1,3,0.0
1506,15798975,Doherty,515.5,Germany,Male,26.0,4,132403.56,1,0,0,1632.4624999999942,1,0,1,81.10664716647425
1508,15577274,Genovese,515.5,Germany,Female,26.0,3,134985.66,1,1,0,1632.4624999999942,0,0,2,82.68836803295665
1509,15701200,Lucciano,515.5,France,Male,26.0,6,0.0,2,1,1,1632.4624999999942,0,0,4,0.0
1510,15638149,Rowley,515.5,France,Male,26.0,6,103772.45,1,1,0,1632.4624999999942,0,0,2,63.56804520777682
1511,15786199,Hsing,515.5,France,Male,26.0,2,133040.32,1,1,1,1632.4624999999942,0,0,3,81.4967081939098
1512,15701765,Vincent,515.5,Spain,Female,26.0,0,0.0,2,0,0,1632.4624999999942,0,0,2,0.0
1513,15586974,Pearce,515.5,France,Male,26.0,10,0.0,2,1,1,1632.4624999999942,0,0,4,0.0
1514,15729040,Lamb,440.0,France,Male,26.0,2,0.0,2,1,0,1632.4624999999942,0,0,3,0.0
1515,15788676,Riley,515.5,Spain,Male,26.0,8,71460.67,2,1,1,1632.4624999999942,0,0,4,43.774769711402406
1516,15602497,Honore,515.5,Spain,Male,26.0,6,133214.13,1,0,1,1632.4624999999942,0,0,2,81.60317924607793
1517,15701333,Blackburn,515.5,France,Female,26.0,7,96558.66,1,0,0,1632.4624999999942,0,0,1,59.149083057038276
1518,15812071,Endrizzi,515.5,France,Male,26.0,6,93806.31,2,0,1,1632.4624999999942,0,0,3,57.463071892922706
1519,15634375,Duncan,515.5,Spain,Female,26.0,8,0.0,2,0,0,1632.4624999999942,0,0,2,0.0
1520,15738267,Macarthur,515.5,France,Female,26.0,3,124043.8,1,1,1,1632.4624999999942,1,0,3,75.98569645550845
1521,15786800,Gould,515.5,Germany,Male,26.0,5,131694.97,1,0,1,1632.4624999999942,1,0,2,80.67258512829574
1522,15591130,Medvedev,507.0,Spain,Female,26.0,6,0.0,2,0,1,1632.4624999999942,0,0,3,0.0
1523,15720662,Sholes,515.5,France,Female,26.0,1,106266.8,1,1,1,1632.4624999999942,0,0,3,65.09601292525885
1524,15751531,Shaw,515.5,Spain,Male,26.0,8,0.0,2,1,1,1632.4624999999942,0,1,4,0.0
1525,15653595,Ts'ai,515.5,France,Male,26.0,6,0.0,2,0,1,1632.4624999999942,0,1,3,0.0
1526,15568360,Rolon,515.5,Spain,Female,26.0,4,139840.36,1,1,1,1632.4624999999942,0,0,3,85.66221888711102
1527,15781210,Reid,515.5,France,Male,26.0,8,0.0,2,0,0,1632.4624999999942,0,0,2,0.0
1528,15668058,Chinwendu,515.5,Germany,Male,26.0,8,124098.54,1,1,0,1632.4624999999942,0,0,2,76.01922861934068
1529,15597131,Fu,415.0,France,Male,26.0,5,145807.59,1,1,1,1632.4624999999942,0,0,3,89.3175739105802
1531,15640953,Bligh,515.5,France,Female,26.0,2,107508.93,2,1,1,1632.4624999999942,0,0,4,65.85690636078952
1532,15715031,Davidson,515.5,France,Female,26.0,6,0.0,2,0,1,1632.4624999999942,0,0,3,0.0
1533,15589660,Lamble,515.5,Germany,Female,26.0,1,145980.23,1,0,1,1632.4624999999942,0,0,2,89.42332825409498
1534,15769818,Moore,515.5,France,Female,26.0,3,212778.2,1,0,1,1632.4624999999942,0,0,2,130.34186083907028
1535,15782736,Jose,515.5,Germany,Female,26.0,4,152522.47,1,0,1,1632.4624999999942,1,0,2,93.43091801496239
1536,15614818,Trevisani,515.5,Spain,Female,26.0,9,168964.77,1,0,1,1632.4624999999942,0,0,2,103.50300236605777
1537,15794014,Schofield,515.5,France,Female,26.0,8,0.0,2,1,0,1632.4624999999942,0,0,3,0.0
1538,15732448,Stewart,515.5,France,Female,26.0,8,0.0,1,1,1,1632.4624999999942,0,0,3,0.0
1539,15723411,Jamieson,515.5,Spain,Female,26.0,4,98266.3,1,1,1,1632.4624999999942,0,0,3,60.195134650872745
1540,15797686,Howard,515.5,France,Male,26.0,8,113000.92,1,1,1,1632.4624999999942,0,0,3,69.22114290527372
1541,15605950,Onwuamaeze,515.5,Germany,Male,23.0,1,137060.88,2,1,1,1632.4624999999942,0,0,4,83.959588658239
1542,15812497,D'Albertis,515.5,Germany,Male,26.0,5,112146.12,1,1,0,1632.4624999999942,0,0,2,68.69751678828787
1543,15690678,Brooks,515.5,France,Female,26.0,4,129307.32,1,1,1,1632.4624999999942,0,0,3,79.20997878971215
1544,15747677,Gordon,515.5,Spain,Male,26.0,6,163975.09,1,1,1,1632.4624999999942,0,0,3,100.44646661102512
1545,15618926,Nwachukwu,515.5,Spain,Male,26.0,7,0.0,2,1,1,1632.4624999999942,0,0,4,0.0
1546,15673908,Chinweike,515.5,Germany,Female,26.0,6,158414.85,1,1,1,1632.4624999999942,0,0,3,97.04042206176287
1547,15727944,Simpkinson,515.5,Germany,Female,26.0,1,92072.68,1,1,1,1632.4624999999942,0,0,3,56.40109956584015
1548,15807294,Walker,515.5,Spain,Female,26.0,2,88243.29,2,1,1,1632.4624999999942,0,0,4,54.055324394894406
1550,15584364,Trentini,515.5,France,Male,26.0,4,59486.31,1,1,0,1632.4624999999942,1,0,2,36.439618061670764
1551,15599552,Conway,515.5,Spain,Female,26.0,2,0.0,2,1,1,1632.4624999999942,0,0,4,0.0
1552,15749177,Maslow,515.5,Spain,Female,26.0,7,0.0,2,0,1,1632.4624999999942,0,1,3,0.0
1553,15718779,Clark,515.5,France,Male,26.0,1,0.0,1,1,1,1632.4624999999942,0,0,3,0.0
1554,15568106,L?,515.5,France,Female,26.0,8,119278.01,2,0,1,1632.4624999999942,0,0,3,73.06630933329275
1555,15779481,Swadling,515.5,France,Male,26.0,4,158741.43,2,1,1,1632.4624999999942,0,0,4,97.24047566176898
1556,15709994,Gallo,515.5,France,Female,26.0,7,140596.95,1,0,1,1632.4624999999942,1,0,2,86.12568435722139
1557,15772777,Onyemachukwu,515.5,Spain,Female,26.0,10,0.0,2,1,1,1632.4624999999942,0,0,4,0.0
1558,15706815,Samoylova,515.0,Germany,Male,26.0,2,90432.92,1,1,1,1632.4624999999942,1,0,3,55.396629325329265
1559,15618018,Dickson,515.5,France,Female,26.0,1,104783.81,2,0,1,1632.4624999999942,0,0,3,64.18757551858029
1560,15671032,He,515.5,Germany,Male,26.0,0,77992.97,2,1,1,1632.4624999999942,0,0,4,47.77627051157394
1561,15634281,P'an,515.5,Germany,Female,26.0,10,110822.9,1,0,0,1632.4624999999942,0,0,1,67.88694992993737
1562,15766374,Leak,515.5,Germany,Male,26.0,4,119624.6,2,1,1,1632.4624999999942,0,0,4,73.27862048898547
1563,15600991,Artemieva,515.5,Germany,Male,26.0,6,109052.59,2,1,1,1632.4624999999942,1,0,4,66.80250848028692
1564,15777576,Frost,515.5,Spain,Female,26.0,5,139129.44,1,0,1,1632.4624999999942,0,0,2,85.22672955734083
1565,15742613,Warner,515.5,Germany,Female,26.0,8,152324.66,2,1,0,1632.4624999999942,0,0,3,93.30974524682836
1566,15649523,Kennedy,515.5,France,Male,26.0,1,0.0,2,1,0,1632.4624999999942,0,0,3,0.0
1567,15651063,Ifeatu,515.5,Germany,Female,26.0,9,127480.58,2,1,0,1632.4624999999942,0,0,3,78.09096993039684
1568,15683124,Evans,515.5,France,Male,26.0,6,115029.4,1,0,0,1632.4624999999942,1,0,1,70.46373193871247
1569,15618314,Chu,515.5,France,Male,26.0,8,114005.78,1,1,1,1632.4624999999942,0,0,3,69.83669150133642
1570,15670823,Hsueh,515.5,Germany,Female,26.0,1,116646.76,1,1,0,1632.4624999999942,1,0,2,71.45448057765518
1571,15607133,Shih,515.5,Spain,Female,26.0,1,110864.38,2,1,1,1632.4624999999942,1,0,4,67.91235939569846
1572,15615012,Fan,515.5,France,Male,23.0,5,156267.59,1,1,0,1632.4624999999942,0,0,2,95.72507178572283
1573,15725141,Whiddon,515.5,France,Female,26.0,3,109528.28,1,1,0,1632.4624999999942,1,0,2,67.09390261644626
1574,15623560,Onyekachukwu,515.5,France,Female,26.0,6,102482.76,1,1,1,1632.4624999999942,0,0,3,62.77801787177369
1576,15636756,Marino,515.5,France,Male,23.0,2,0.0,2,1,0,1632.4624999999942,0,1,3,0.0
1577,15647474,Niu,515.5,France,Female,26.0,9,95624.36,2,1,1,1632.4624999999942,0,0,4,58.57675750591535
1579,15585047,Onyemere,515.5,France,Male,26.0,7,160376.61,1,0,0,1632.4624999999942,0,0,1,98.24214032481638
1580,15743976,Archer,515.5,Germany,Male,26.0,8,37702.79,1,1,1,1632.4624999999942,0,0,3,23.095654570932034
1581,15793881,Mitchell,515.5,France,Female,26.0,6,118273.83,1,0,1,1632.4624999999942,0,0,2,72.4511772858491
1582,15576517,Everingham,445.0,Germany,Female,26.0,7,131082.17,2,1,1,1632.4624999999942,0,0,4,80.29720131396616
1583,15631072,Huie,515.5,France,Male,26.0,1,94456.0,2,0,1,1632.4624999999942,0,0,3,57.861053469834886
1584,15730394,Crowther,515.5,France,Female,26.0,8,0.0,2,0,0,1632.4624999999942,1,1,2,0.0
1585,15631460,Swift,515.5,Spain,Female,26.0,3,0.0,2,1,1,1632.4624999999942,0,1,4,0.0
1586,15692002,Skelton,515.5,France,Male,26.0,6,93791.38,1,1,1,1632.4624999999942,0,0,3,57.45392620044892
1587,15595282,White,515.5,France,Female,26.0,4,0.0,2,1,0,1632.4624999999942,0,1,3,0.0
1588,15789548,Giordano,515.5,France,Female,26.0,7,0.0,2,1,1,1632.4624999999942,0,1,4,0.0
1589,15758035,Bateson,515.5,France,Male,26.0,7,155973.13,1,0,1,1632.4624999999942,0,0,2,95.54469398225109
1590,15617518,Hu,515.5,Germany,Male,26.0,7,89409.95,1,1,1,1632.4624999999942,0,0,3,54.76998705942729
1591,15651802,Day,515.5,Spain,Female,26.0,5,97854.37,2,1,0,1632.4624999999942,0,0,3,59.942798073462846
1592,15631813,Beneventi,515.5,France,Male,26.0,6,0.0,2,1,1,1632.4624999999942,0,0,4,0.0
1593,15729668,Elizabeth,515.5,Spain,Male,26.0,3,60280.62,1,1,0,1632.4624999999942,0,0,2,36.926189728707534
1594,15741728,Atkins,515.5,Spain,Male,26.0,7,135216.8,1,1,1,1632.4624999999942,0,0,3,82.82995780913832
1595,15576676,Serrano,515.5,Germany,Female,26.0,6,124923.35,2,1,1,1632.4624999999942,0,0,4,76.52448371708412
1596,15711378,Willis,515.5,France,Male,26.0,4,0.0,2,1,0,1632.4624999999942,0,1,3,0.0
1597,15765520,Stevenson,515.5,Germany,Male,26.0,7,188614.07,1,1,0,1632.4624999999942,0,0,2,115.53960351309796
1598,15656726,Ch'ien,515.5,France,Male,26.0,5,62321.62,1,1,1,1632.4624999999942,0,0,3,38.1764481573085
1599,15647842,Cunningham,515.5,Germany,Female,26.0,8,120782.7,1,1,0,1632.4624999999942,1,0,2,73.9880395414905
1600,15719309,Stephens,515.5,France,Female,26.0,1,115961.58,2,0,1,1632.4624999999942,0,0,3,71.03475883825841
1601,15748718,Gordon,515.5,France,Male,26.0,2,115062.61,1,1,0,1632.4624999999942,0,0,2,70.4840754381803
1602,15594404,Bevan,515.5,France,Female,26.0,8,160602.25,2,1,0,1632.4624999999942,0,0,3,98.38036095775588
1603,15751158,Mashman,515.5,France,Female,26.0,4,108825.34,3,1,0,1632.4624999999942,1,0,4,66.6633016072347
1604,15593470,Tu,515.5,Germany,Female,26.0,8,166287.85,1,1,1,1632.4624999999942,0,0,3,101.86319747008008
1605,15695129,Milanesi,515.5,France,Female,26.0,1,152663.77,1,0,1,1632.4624999999942,0,0,2,93.51747436771169
1606,15640865,Romano,515.5,Germany,Female,26.0,9,80844.69,2,1,1,1632.4624999999942,0,0,4,49.523152905503366
1607,15714080,Goliwe,515.5,Germany,Female,26.0,2,97001.36,2,1,0,1632.4624999999942,0,0,3,59.420268459459464
1608,15648721,Hsueh,515.5,France,Male,26.0,4,0.0,2,1,1,1632.4624999999942,0,0,4,0.0
1609,15801466,Gray,515.5,France,Female,26.0,2,122524.61,2,1,0,1632.4624999999942,0,0,3,75.05508396058129
1610,15750248,Wright,515.5,France,Female,26.0,8,132292.63,1,1,0,1632.4624999999942,0,0,2,81.03869461013682
1611,15758726,Chiemeka,515.5,France,Female,24.0,0,0.0,2,1,1,1632.4624999999942,0,1,4,0.0
1612,15781553,Chung,515.5,Germany,Female,26.0,9,91502.99,1,1,0,1632.4624999999942,1,0,2,56.05212370881434
1613,15649121,Pinto,515.5,France,Male,26.0,3,0.0,1,1,0,1632.4624999999942,1,1,2,0.0
1614,15674811,Kellway,515.5,Germany,Male,26.0,3,59385.98,2,1,1,1632.4624999999942,0,0,4,36.37815876321827
1615,15646037,Sopuluchi,515.5,France,Male,26.0,9,0.0,3,1,1,1632.4624999999942,0,0,5,0.0
1617,15665695,Potter,515.5,France,Female,26.0,4,0.0,2,1,1,1632.4624999999942,0,0,4,0.0
1618,15801062,Matthews,515.5,Spain,Female,26.0,4,0.0,2,0,1,1632.4624999999942,0,1,3,0.0
1619,15662955,Nicholls,515.5,France,Male,26.0,8,141223.68,2,1,0,1632.4624999999942,0,0,3,86.50960129252617
1621,15657386,Fiorentini,515.5,Germany,Male,26.0,1,141749.74,2,0,1,1632.4624999999942,0,0,3,86.83185065506895
1622,15777797,Kovalyova,515.5,Spain,Male,26.0,5,75075.14,1,1,1,1632.4624999999942,1,0,3,45.98889101587342
1623,15783955,Miah,515.5,France,Female,25.0,4,165686.11,2,1,0,1632.4624999999942,0,0,3,101.49458869652477
1624,15804516,Builder,515.5,France,Male,26.0,2,0.0,1,1,0,1632.4624999999942,0,0,2,0.0
1626,15630321,Hu,515.5,France,Male,26.0,3,0.0,2,1,0,1632.4624999999942,0,0,3,0.0
1627,15588248,Hs?,515.5,France,Female,26.0,0,0.0,2,1,1,1632.4624999999942,1,0,4,0.0
1628,15591932,Ford,515.5,France,Male,26.0,5,92961.61,1,1,0,1632.4624999999942,0,0,2,56.94563274807252
1629,15810347,Todd,515.5,Spain,Female,26.0,9,0.0,2,0,1,1632.4624999999942,0,1,3,0.0
1630,15595303,Johnston,515.5,Germany,Male,26.0,5,130812.91,1,1,1,1632.4624999999942,1,0,3,80.13226031225861
1631,15634950,Obiajulu,515.5,Germany,Male,26.0,8,107174.58,1,1,1,1632.4624999999942,1,0,3,65.65209308023944
1632,15685372,Azubuike,380.5,Spain,Male,26.0,1,152677.48,1,1,1,1632.4624999999942,1,0,3,93.52587272295722
1633,15745827,Padovesi,515.5,France,Male,26.0,3,132005.77,1,1,0,1632.4624999999942,0,0,2,80.86297235005426
1634,15755868,Farmer,515.5,France,Male,26.0,7,0.0,1,0,0,1632.4624999999942,0,0,1,0.0
1635,15735222,Ignatieff,515.5,Spain,Female,23.0,5,0.0,2,1,1,1632.4624999999942,0,0,4,0.0
1636,15604804,Lu,515.5,France,Female,26.0,7,127305.5,1,1,1,1632.4624999999942,0,0,3,77.98372091242553
1637,15718944,Artemiev,515.5,France,Female,26.0,6,0.0,2,1,0,1632.4624999999942,0,1,3,0.0
1638,15678626,Okonkwo,515.5,Spain,Female,26.0,0,0.0,2,0,0,1632.4624999999942,0,1,2,0.0
1639,15571550,Dore,515.5,France,Male,26.0,9,0.0,1,1,0,1632.4624999999942,0,0,2,0.0
1640,15723053,T'ang,504.0,Germany,Male,26.0,8,170291.22,2,0,1,1632.4624999999942,0,0,3,104.31554783034869
1641,15661528,Ashbolt,515.5,Spain,Male,26.0,5,102562.23,1,1,0,1632.4624999999942,0,0,2,62.826698928765815
1642,15754177,Bazarova,515.5,Spain,Male,26.0,2,111061.01,2,0,0,1632.4624999999942,0,0,2,68.03280932946416
1643,15683544,Buccho,515.5,Spain,Male,26.0,3,0.0,1,1,1,1632.4624999999942,0,0,3,0.0
1644,15708048,Burn,515.5,France,Female,26.0,4,124379.14,1,1,0,1632.4624999999942,0,0,2,76.19111618184212
1645,15701109,Andreyev,515.5,France,Female,26.0,7,0.0,1,1,1,1632.4624999999942,0,1,3,0.0
1646,15600110,Endrizzi,506.0,Germany,Female,26.0,3,57745.76,1,1,0,1632.4624999999942,0,0,2,35.37340673981804
1647,15651533,Brown,515.5,Germany,Female,26.0,5,129293.74,1,1,0,1632.4624999999942,1,0,2,79.20166006876144
1648,15777904,Nock,515.5,France,Female,26.0,7,0.0,2,1,1,1632.4624999999942,0,0,4,0.0
1649,15655574,Okeke,515.5,Germany,Female,26.0,8,150777.1,1,1,0,1632.4624999999942,0,0,2,92.36175409848651
1650,15569423,Cunningham,515.5,Spain,Male,26.0,4,0.0,2,1,0,1632.4624999999942,0,0,3,0.0
1651,15718106,Kelley,515.5,France,Male,26.0,6,0.0,2,0,0,1632.4624999999942,0,1,2,0.0
1652,15585067,Wilson,515.5,Spain,Male,26.0,9,108632.48,1,1,1,1632.4624999999942,1,0,3,66.54516106801864
1653,15675501,Woods,515.5,France,Male,26.0,5,153861.1,1,1,1,1632.4624999999942,0,0,3,94.250924600106
1654,15633233,McFarland,500.0,France,Male,26.0,1,100374.58,1,1,0,1632.4624999999942,1,0,2,61.48660688989815
1655,15667134,Cisneros,446.0,France,Male,26.0,8,0.0,2,0,0,1632.4624999999942,0,1,2,0.0
1656,15659105,Borchgrevink,515.5,France,Female,26.0,9,61196.54,1,1,0,1632.4624999999942,0,0,2,37.48725621568656
1657,15575409,Rozhkova,515.5,Germany,Male,26.0,6,116891.72,1,1,0,1632.4624999999942,0,0,2,71.60453609194724
1658,15752342,Bradley,515.5,Germany,Female,26.0,6,133656.91,3,1,0,1632.4624999999942,1,0,4,81.874413654219
1659,15654851,Obialo,515.5,France,Male,26.0,2,92911.52,1,0,1,1632.4624999999942,0,0,2,56.91494904170867
1660,15741429,Hudson,515.5,Spain,Female,26.0,9,119825.75,2,1,1,1632.4624999999942,0,0,4,73.40183924592475
1661,15682356,Veltri,515.5,France,Female,26.0,7,111852.84,2,1,0,1632.4624999999942,0,0,3,68.51786181918445
1662,15806447,Mazzanti,515.5,Germany,Male,26.0,0,106683.52,2,1,1,1632.4624999999942,0,0,4,65.35128372014695
1663,15800229,Thorpe,515.5,Germany,Male,26.0,7,139022.24,1,0,1,1632.4624999999942,0,0,2,85.16106189269308
1664,15663441,Golibe,515.5,Germany,Female,26.0,4,148571.07,1,1,0,1632.4624999999942,1,0,2,91.01040299547496
1665,15791991,Udinesi,515.5,France,Male,26.0,4,0.0,1,0,1,1632.4624999999942,0,1,2,0.0
1666,15775082,Stewart,515.5,France,Male,26.0,1,129776.72,2,0,1,1632.4624999999942,0,0,3,79.49751985114541
1667,15579706,Curtis,515.5,France,Female,26.0,5,0.0,1,1,0,1632.4624999999942,1,0,2,0.0
1668,15718247,Hayden,515.5,Spain,Female,26.0,8,0.0,2,1,1,1632.4624999999942,0,1,4,0.0
1670,15582259,Campbell,515.5,France,Female,26.0,7,0.0,2,1,1,1632.4624999999942,0,0,4,0.0
1671,15716994,Green,515.5,Spain,Male,24.0,3,114739.92,1,1,0,1632.4624999999942,1,0,2,70.28640474130364
1672,15586880,P'eng,515.5,Germany,Male,26.0,2,122545.65,2,1,1,1632.4624999999942,0,0,4,75.0679724649114
1673,15713854,Cremonesi,513.0,France,Female,26.0,6,0.0,2,1,0,1632.4624999999942,0,1,3,0.0
1674,15780835,Liang,515.5,Germany,Female,26.0,1,131908.35,1,1,1,1632.4624999999942,0,0,3,80.80329563466265
1675,15675896,Gough,515.5,Germany,Female,26.0,7,105722.69,1,1,1,1632.4624999999942,1,0,3,64.76270664716671
1676,15658459,Bates,515.5,Spain,Male,26.0,10,0.0,2,1,0,1632.4624999999942,0,1,3,0.0
1677,15658057,Padovesi,515.5,Spain,Female,26.0,8,0.0,3,1,0,1632.4624999999942,1,0,4,0.0
1678,15801767,Yin,515.5,Spain,Female,26.0,8,0.0,2,1,0,1632.4624999999942,0,1,3,0.0
1680,15731478,Nicholls,515.5,France,Female,26.0,1,87842.98,1,0,0,1632.4624999999942,0,0,1,53.810105898298005
1681,15811236,Burns,515.5,Spain,Male,26.0,6,133261.13,1,1,1,1632.4624999999942,0,0,3,81.63197010651116
1682,15746749,Fleming,515.5,Spain,Female,26.0,3,0.0,2,1,1,1632.4624999999942,0,0,4,0.0
1683,15662758,Watson,515.5,France,Male,26.0,0,97925.11,1,1,0,1632.4624999999942,0,0,2,59.98613138127237
1684,15709387,Obiajulu,515.5,France,Male,26.0,5,0.0,1,1,1,1632.4624999999942,0,1,3,0.0
1686,15713826,Ferguson,515.5,Germany,Female,20.0,0,117356.19,1,0,0,1632.4624999999942,1,0,1,71.8890571758925
1687,15570205,Tao,515.5,Spain,Male,26.0,5,0.0,2,1,1,1632.4624999999942,0,1,4,0.0
1688,15589348,Le Grand,515.5,Spain,Male,26.0,4,137204.77,1,1,1,1632.4624999999942,0,0,3,84.04773157116962
1689,15804610,Valdez,515.5,France,Female,26.0,1,0.0,2,0,1,1632.4624999999942,0,1,3,0.0
1690,15700854,Cunningham,515.5,Spain,Male,26.0,8,0.0,1,1,0,1632.4624999999942,1,1,2,0.0
1691,15758836,Godfrey,515.5,Spain,Male,26.0,3,54098.18,2,0,1,1632.4624999999942,0,0,3,33.139003193029055
1692,15772933,Mai,515.5,Spain,Male,26.0,8,0.0,1,1,1,1632.4624999999942,0,1,3,0.0
1694,15689612,Pirozzi,515.5,Spain,Female,26.0,8,0.0,1,0,1,1632.4624999999942,0,1,2,0.0
1695,15744614,Feng,515.5,France,Male,26.0,9,118636.92,1,1,1,1632.4624999999942,0,0,3,72.67359587126836
1696,15704250,Akabueze,506.0,France,Male,26.0,7,0.0,2,0,0,1632.4624999999942,0,1,2,0.0
1697,15700255,Robson,515.5,Germany,Male,26.0,8,95488.82,2,0,0,1632.4624999999942,0,0,2,58.49372956499788
1698,15669410,Yevdokimova,515.5,France,Male,26.0,8,110829.52,2,0,0,1632.4624999999942,0,0,2,67.89100515325798
1699,15807595,Ijendu,485.0,Germany,Male,26.0,7,144244.59,2,1,0,1632.4624999999942,0,0,3,88.36012465830028
1700,15664523,Colombo,515.5,Germany,Female,26.0,8,122021.92,2,1,0,1632.4624999999942,0,0,3,74.74715039396031
1701,15642833,Akubundu,515.5,France,Female,26.0,8,0.0,2,1,0,1632.4624999999942,0,1,3,0.0
1702,15605279,Francis,515.5,France,Male,26.0,9,0.0,4,1,1,1632.4624999999942,1,1,6,0.0
1704,15750466,Rhodes,515.5,Germany,Male,26.0,1,85839.62,1,1,0,1632.4624999999942,0,0,2,52.58290466090357
1705,15739054,Y?,515.5,France,Female,26.0,4,96974.97,1,0,1,1632.4624999999942,0,0,2,59.40410269761195
1706,15612771,Bell,452.0,France,Male,26.0,4,148172.44,1,1,1,1632.4624999999942,0,0,3,90.76621361899616
1707,15788483,Kerr,515.5,Spain,Male,26.0,0,0.0,1,1,0,1632.4624999999942,0,1,2,0.0
1708,15732832,Jideofor,515.5,France,Female,26.0,5,0.0,2,1,0,1632.4624999999942,0,0,3,0.0
1709,15772892,Robertson,515.5,France,Female,26.0,2,0.0,1,0,0,1632.4624999999942,0,1,1,0.0
1710,15713843,Kao,515.5,Spain,Male,26.0,2,0.0,2,0,1,1632.4624999999942,0,0,3,0.0
1711,15567993,Palmer,515.5,Spain,Male,26.0,8,134766.85,1,1,0,1632.4624999999942,0,0,2,82.55433126335244
1712,15617603,Mackay,515.5,Germany,Male,26.0,5,123210.56,2,1,1,1632.4624999999942,0,0,4,75.47527738003197
1713,15744983,Burgmann,515.5,Spain,Male,26.0,1,139887.01,1,1,1,1632.4624999999942,0,0,3,85.69079534751978
1714,15630419,Davis,515.5,France,Male,26.0,9,149961.11,1,1,0,1632.4624999999942,0,0,2,91.86190188136054
1715,15738828,Milano,515.5,Germany,Male,26.0,6,152880.97,1,0,0,1632.4624999999942,0,0,1,93.65052489720318
1716,15778025,Dellucci,515.5,Germany,Male,26.0,9,108589.47,2,0,1,1632.4624999999942,0,0,3,66.51881436786474
1717,15799479,Coles,515.5,Spain,Male,26.0,9,0.0,1,1,1,1632.4624999999942,0,1,3,0.0
1718,15684269,Gray,515.5,Spain,Female,26.0,3,56674.48,1,1,0,1632.4624999999942,1,0,2,34.71717114481969
1719,15762745,Macvitie,515.5,Spain,Male,26.0,8,0.0,1,1,0,1632.4624999999942,0,1,2,0.0
1720,15746970,Townsend,515.5,Spain,Female,26.0,1,0.0,2,1,1,1632.4624999999942,0,0,4,0.0
1721,15725024,Pope,515.5,Germany,Female,26.0,3,105663.56,2,0,1,1632.4624999999942,0,0,3,64.72648529445568
1722,15592116,Jensen,515.5,France,Female,26.0,7,0.0,2,1,0,1632.4624999999942,0,0,3,0.0
1723,15624391,Thomson,515.5,Spain,Female,26.0,5,100683.54,1,1,1,1632.4624999999942,0,0,3,61.6758669800993
1724,15567422,Chiazagomekpele,515.5,France,Male,26.0,6,0.0,2,1,0,1632.4624999999942,0,1,3,0.0
1725,15612627,Ozuluonye,515.5,Germany,Male,26.0,5,139541.58,2,1,0,1632.4624999999942,0,0,3,85.47919477476542
1726,15574879,Wright,515.5,Germany,Female,26.0,2,121801.72,2,0,1,1632.4624999999942,0,0,3,74.61226214997308
1727,15745107,Lung,515.5,Germany,Male,26.0,5,112281.7,1,0,1,1632.4624999999942,0,0,2,68.7805692320653
1728,15734491,Lombardo,515.5,Spain,Female,26.0,4,0.0,2,1,1,1632.4624999999942,0,0,4,0.0
1729,15675320,Leonard,515.5,Spain,Female,26.0,5,93499.82,2,0,0,1632.4624999999942,0,0,2,57.275324854323046
1730,15643824,Johnston,515.5,France,Male,26.0,0,132255.99,2,0,1,1632.4624999999942,0,0,3,81.01624999042885
1732,15721730,Amechi,515.5,Spain,Female,26.0,4,0.0,2,1,0,1632.4624999999942,0,0,3,0.0
1733,15680727,Fang,515.5,France,Male,26.0,5,121973.28,1,1,0,1632.4624999999942,0,0,2,74.7173549162694
1734,15752508,Docherty,515.5,Germany,Male,26.0,7,99462.8,2,1,1,1632.4624999999942,0,0,4,60.92807644892324
1735,15808846,Horton,515.5,Germany,Female,21.0,3,165878.76,2,1,1,1632.4624999999942,0,0,4,101.61260059572615
1736,15727251,Vincent,515.5,France,Male,26.0,8,117494.27,1,0,0,1632.4624999999942,0,0,1,71.97364104841638
1737,15663489,Onio,515.5,Germany,Female,26.0,0,138577.34,1,1,0,1632.4624999999942,0,0,2,84.88852883297503
1738,15683677,Schiavone,515.5,Spain,Male,26.0,9,0.0,1,1,1,1632.4624999999942,0,0,3,0.0
1739,15596414,Chandler,515.5,Spain,Male,26.0,8,107525.07,1,1,0,1632.4624999999942,0,0,2,65.86679326477662
1741,15672132,Butusov,515.5,France,Female,26.0,7,121453.63,1,0,0,1632.4624999999942,0,0,1,74.3990321370325
1742,15742638,Wang,515.5,France,Female,25.0,4,0.0,2,0,1,1632.4624999999942,0,0,3,0.0
1743,15578603,Alexeieva,515.5,Germany,Female,26.0,1,77354.37,1,0,0,1632.4624999999942,1,0,1,47.38508235258101
1744,15726088,Vinogradova,476.0,France,Male,26.0,6,0.0,1,1,1,1632.4624999999942,0,0,3,0.0
1745,15682533,Hughes,515.5,France,Female,26.0,7,79259.99,1,0,1,1632.4624999999942,0,0,2,48.55241085170427
1746,15772995,Ts'ao,515.5,France,Male,26.0,2,116295.29,1,1,0,1632.4624999999942,0,0,2,71.2391800730494
1747,15765694,Bage,515.5,Spain,Female,26.0,1,0.0,1,0,1,1632.4624999999942,1,1,2,0.0
1748,15659486,Yudina,515.5,Germany,Male,26.0,9,74309.81,1,1,0,1632.4624999999942,0,0,2,45.5200716708655
1749,15568963,Naquin,515.5,Germany,Male,26.0,2,152797.9,1,1,0,1632.4624999999942,1,0,2,93.59963858281617
1750,15703820,Endrizzi,515.5,France,Male,26.0,9,133701.07,2,1,0,1632.4624999999942,1,0,3,81.90146481159627
1751,15569410,Tang,515.5,Germany,Female,26.0,7,114430.18,2,1,1,1632.4624999999942,0,0,4,70.0966668453336
1752,15632256,Schroeder,515.5,France,Male,26.0,7,127504.57,1,0,0,1632.4624999999942,0,0,1,78.10566552064778
1753,15724466,Swearingen,515.5,Germany,Female,26.0,2,84113.41,1,1,0,1632.4624999999942,0,0,2,51.52547761434048
1755,15802501,Onyeorulu,515.5,Germany,Male,26.0,5,103564.83,2,1,0,1632.4624999999942,0,0,3,63.440863113241726
1756,15778410,Clarke,515.5,Spain,Female,26.0,7,0.0,1,0,1,1632.4624999999942,1,1,2,0.0
1757,15670702,Smith,515.5,France,Male,26.0,2,168178.21,2,0,1,1632.4624999999942,0,0,3,103.021178128135
1758,15704763,Kozlova,515.5,Germany,Female,26.0,1,143903.11,1,1,1,1632.4624999999942,1,0,3,88.15094374296531
1759,15645544,Nekrasov,515.5,Germany,Female,26.0,5,129753.69,1,1,0,582.53,0,0,2,222.7416442071653
1760,15757646,Olague,515.5,France,Male,26.0,9,0.0,2,1,0,1632.4624999999942,0,1,3,0.0
1761,15701121,Holt,515.5,France,Male,26.0,5,110641.18,1,0,1,1632.4624999999942,1,0,2,67.77563343721549
1762,15796313,Olsen,515.5,France,Female,26.0,4,166909.2,2,1,0,1632.4624999999942,1,0,3,102.24381877072251
1763,15815660,Mazzi,515.5,France,Female,26.0,1,154139.45,1,1,1,1632.4624999999942,0,0,3,94.42143387673565
1764,15602844,Niu,515.5,France,Male,26.0,7,97459.06,1,0,0,1632.4624999999942,0,0,1,59.700642434359345
1765,15636238,Graham,515.5,France,Male,26.0,1,0.0,2,1,1,1632.4624999999942,0,1,4,0.0
1766,15770101,Millar,515.5,Germany,Male,26.0,6,112088.04,2,1,1,1632.4624999999942,0,0,4,68.66193863565037
1767,15645543,Bell,515.5,France,Female,26.0,3,0.0,2,1,1,1632.4624999999942,0,0,4,0.0
1768,15596397,Kelly,515.5,France,Female,26.0,7,0.0,2,1,1,1632.4624999999942,0,1,4,0.0
1769,15770525,T'an,515.5,Spain,Male,26.0,1,141038.57,2,0,0,1632.4624999999942,0,0,2,86.3962081824241
1770,15684267,Davila,515.5,Germany,Male,26.0,2,84468.67,2,1,1,1632.4624999999942,0,0,4,51.74309976492587
1771,15689980,Willis,515.5,Spain,Female,26.0,4,118520.26,1,0,0,1632.4624999999942,1,0,1,72.60213328024406
1772,15633260,Dumetochukwu,515.5,France,Male,26.0,1,142663.46,1,0,1,1632.4624999999942,0,0,2,87.3915694847511
1773,15756471,Giles,515.5,Germany,Male,26.0,4,118627.16,2,1,1,1632.4624999999942,0,0,4,72.66761717344222
1774,15721303,O'Meara,515.5,Spain,Male,26.0,1,137523.02,1,0,0,1632.4624999999942,0,0,1,84.24268245059257
1775,15802256,Yao,439.0,France,Male,26.0,7,110976.23,2,1,0,1632.4624999999942,0,0,3,67.98087551781458
1776,15725664,Wallace,515.5,France,Female,26.0,8,107283.4,1,0,0,1632.4624999999942,0,0,1,65.71875311071487
1777,15674851,T'ien,515.5,France,Male,26.0,5,0.0,2,0,0,1632.4624999999942,0,1,2,0.0
1778,15701946,Ndubueze,515.5,France,Male,26.0,4,124314.45,1,0,0,1632.4624999999942,0,0,1,76.151488931599
1779,15748947,Chukwuraenye,515.5,France,Female,26.0,5,95858.37,1,1,1,1632.4624999999942,0,0,3,58.720105362297964
1780,15673342,K'ung,515.5,France,Male,26.0,2,0.0,2,1,0,1632.4624999999942,0,1,3,0.0
1781,15601008,Stevenson,515.5,France,Male,26.0,8,0.0,2,1,0,1632.4624999999942,0,1,3,0.0
1782,15771636,Marshall,515.5,Spain,Female,26.0,0,0.0,1,0,0,1632.4624999999942,0,1,1,0.0
1783,15642002,Hayward,515.5,France,Female,26.0,6,117707.18,2,0,0,1632.4624999999942,1,0,2,72.10406364617896
1784,15693381,Tipton,515.5,Spain,Male,26.0,1,135289.33,2,0,1,1632.4624999999942,0,0,3,82.8743876199303
1785,15607691,Gibson,515.5,France,Male,26.0,8,174060.46,1,1,1,1632.4624999999942,0,0,3,106.62447682565487
1786,15589380,Fraser,515.5,Germany,Male,26.0,3,114446.84,2,1,1,1632.4624999999942,0,0,4,70.10687228649994
1787,15603846,Fang,515.5,Spain,Male,26.0,2,0.0,2,1,0,1632.4624999999942,1,0,3,0.0
1788,15753549,Dubinina,515.5,France,Male,25.0,1,157848.53,1,0,0,1632.4624999999942,1,0,1,96.69351057068727
1789,15725355,Morey,439.0,France,Female,26.0,8,0.0,1,0,1,1632.4624999999942,0,1,2,0.0
1790,15773017,Todd,515.5,Spain,Female,26.0,6,0.0,2,1,1,1632.4624999999942,0,1,4,0.0
1791,15625641,Forbes,515.5,Germany,Female,26.0,3,108071.36,2,1,1,1632.4624999999942,0,0,4,66.20143494873565
1792,15776467,De Salis,515.5,Spain,Female,26.0,8,14262.8,2,1,0,1632.4624999999942,0,0,3,8.736984769941147
1793,15746451,Barry,515.5,Spain,Male,26.0,7,102749.72,1,0,1,1632.4624999999942,0,0,2,62.941549959034504
1794,15777922,Afamefuna,515.5,Spain,Male,26.0,1,161757.87,2,1,1,1632.4624999999942,0,0,4,99.08826083294444
1795,15606841,Ibbott,515.5,France,Male,26.0,1,0.0,2,1,0,1632.4624999999942,0,1,3,0.0
1796,15757648,Marshall,515.5,Germany,Female,26.0,5,95698.79,1,0,1,1632.4624999999942,0,0,2,58.622351202554626
1797,15677173,Law,515.5,France,Male,26.0,9,124969.13,1,1,0,1632.4624999999942,0,0,2,76.55252724028911
1798,15764170,Pinto,515.5,Germany,Male,26.0,4,93960.35,1,1,0,1632.4624999999942,1,0,2,57.55743240656391
1799,15610446,Chinedum,515.5,France,Female,26.0,4,88308.87,3,0,0,1632.4624999999942,1,0,3,54.09549683377126
1800,15612776,McKay,515.5,Spain,Female,26.0,10,0.0,2,1,1,1632.4624999999942,0,1,4,0.0
1801,15794122,Otutodilinna,515.5,France,Female,26.0,3,0.0,2,1,1,1632.4624999999942,0,0,4,0.0
1802,15774931,She,452.0,France,Male,26.0,7,112935.87,1,1,1,1632.4624999999942,0,0,3,69.18129512929112
1804,15707078,Kruglov,515.5,France,Female,26.0,1,180530.51,1,0,0,1632.4624999999942,0,0,1,110.58784505003983
1805,15605263,Chin,515.5,France,Male,26.0,5,140931.57,1,0,1,1632.4624999999942,0,0,2,86.33066303207609
1806,15607381,King,515.5,Germany,Female,26.0,7,148913.72,2,1,0,1632.4624999999942,0,0,3,91.22030061946326
1807,15683471,Hansen,515.5,France,Male,26.0,7,0.0,2,0,0,1632.4624999999942,0,0,2,0.0
1808,15605037,Ting,515.5,France,Female,26.0,2,0.0,1,0,1,1632.4624999999942,1,1,2,0.0
1809,15576085,Stone,515.5,France,Male,26.0,5,0.0,2,0,0,1632.4624999999942,0,1,2,0.0
1810,15770435,McLean,515.5,France,Female,26.0,6,115335.32,2,1,1,1632.4624999999942,0,0,4,70.65112981155795
1811,15592994,Zikoranachidimma,515.5,France,Female,26.0,0,0.0,2,1,1,1632.4624999999942,0,1,4,0.0
1812,15624068,Fu,515.5,France,Female,26.0,0,0.0,2,0,1,1632.4624999999942,0,1,3,0.0
1813,15595221,Trevisano,515.5,Germany,Female,26.0,7,134678.13,1,1,0,1632.4624999999942,0,0,2,82.49998391999846
1814,15637131,Fallaci,515.5,France,Male,26.0,9,0.0,2,1,0,1632.4624999999942,0,0,3,0.0
1815,15613471,Wiley,515.5,Germany,Male,26.0,2,90547.48,2,1,1,1632.4624999999942,0,0,4,55.46680551620654
1816,15583499,Chiagoziem,510.0,France,Male,26.0,9,103324.78,1,1,1,1632.4624999999942,0,0,3,63.29381532500769
1817,15752816,Murray,515.5,France,Male,26.0,3,114590.58,1,0,0,1632.4624999999942,0,0,1,70.19492331370577
1818,15804075,Chuang,515.5,Germany,Female,26.0,3,91286.51,1,1,0,1632.4624999999942,0,0,2,55.91951423080182
1819,15800517,Huang,515.5,Spain,Male,26.0,5,163340.12,2,1,1,1632.4624999999942,0,0,4,100.05750208657201
1820,15712319,Chukwukere,515.5,Spain,Male,26.0,8,150900.29,2,0,1,1632.4624999999942,0,0,3,92.43721678139654
1822,15621432,Lee,515.5,Spain,Male,26.0,1,0.0,2,0,0,1632.4624999999942,0,1,2,0.0
1823,15779390,Theus,515.5,Spain,Female,26.0,4,91292.7,1,1,1,1632.4624999999942,0,0,3,55.92330604837803
1824,15711219,Jennings,515.5,Germany,Female,26.0,8,93716.72,1,1,1,1632.4624999999942,1,0,3,57.40819161236496
1825,15770498,Parker,515.5,France,Female,26.0,4,111723.08,1,1,1,1632.4624999999942,0,0,3,68.43837454152876
1826,15678727,Tan,515.5,Germany,Male,26.0,4,110765.68,1,1,0,1632.4624999999942,1,0,2,67.85189858878864
1829,15792649,Patterson,515.5,Spain,Female,26.0,9,0.0,2,0,0,1632.4624999999942,0,0,2,0.0
1830,15605275,Ofodile,515.5,Germany,Male,26.0,8,116917.07,1,0,0,1632.4624999999942,1,0,1,71.62006477943623
1831,15572467,Chandler,506.0,France,Male,26.0,5,0.0,2,1,1,1632.4624999999942,0,1,4,0.0
1832,15738219,Nash,515.5,France,Female,26.0,7,0.0,2,1,1,1632.4624999999942,0,0,4,0.0
1833,15600710,Atkinson,515.5,France,Male,22.0,0,0.0,1,1,0,1632.4624999999942,0,0,2,0.0
1834,15804394,Brenan,515.5,Germany,Male,26.0,8,130627.66,1,1,0,1632.4624999999942,1,0,2,80.01878144214673
1835,15694188,Obidimkpa,515.5,Spain,Female,26.0,5,56580.95,2,0,1,1632.4624999999942,0,0,3,34.65987733255753
1836,15583718,Terry,515.5,Germany,Male,26.0,6,142316.14,1,1,1,1632.4624999999942,0,0,3,87.17881115186445
1837,15802478,Spring,515.5,Spain,Male,26.0,6,0.0,2,1,1,1632.4624999999942,0,1,4,0.0
1838,15619343,Mahmood,515.5,France,Male,26.0,7,152759.0,2,1,0,1632.4624999999942,1,0,3,93.57580955152143
1839,15758813,Campbell,380.5,Germany,Male,26.0,0,109733.2,2,0,0,1632.4624999999942,1,0,2,67.21943076793518
1840,15761374,Bellucci,515.5,France,Male,26.0,9,117444.51,1,1,1,1632.4624999999942,0,0,3,71.94315949064705
1841,15569209,Amaechi,464.0,Spain,Female,26.0,5,76001.57,1,1,1,1632.4624999999942,0,0,3,46.55639562930253
1842,15788539,Foxall,501.0,France,Female,26.0,3,107747.57,1,1,0,1632.4624999999942,0,0,2,66.00309042321058
1843,15747222,Bentley,515.5,Spain,Female,26.0,8,0.0,2,1,1,1632.4624999999942,0,1,4,0.0
1844,15769346,Baird,515.5,France,Female,26.0,1,134997.49,2,1,0,1632.4624999999942,0,0,3,82.69561475378484
1845,15699634,Howard,515.5,France,Female,26.0,2,0.0,2,1,1,1632.4624999999942,0,1,4,0.0
1846,15589076,Henry,515.5,France,Male,26.0,9,0.0,1,0,1,1632.4624999999942,1,1,2,0.0
1847,15812338,Sopuluchukwu,485.0,Spain,Female,26.0,7,0.0,1,1,0,1632.4624999999942,0,1,2,0.0
1848,15758845,Rocher,515.5,Spain,Female,26.0,0,64345.21,1,0,1,1632.4624999999942,1,0,2,39.416041716119196
1849,15685844,White,515.5,Germany,Female,26.0,8,141665.63,1,0,1,1632.4624999999942,0,0,2,86.78032726632343
1850,15583090,Komar,515.5,Spain,Female,26.0,8,0.0,2,1,0,1632.4624999999942,0,0,3,0.0
1851,15587581,Russo,515.5,Germany,Female,26.0,5,136624.6,2,1,1,1632.4624999999942,0,0,4,83.6923359648387
1852,15633640,Loewenthal,515.5,France,Female,26.0,4,161209.66,1,1,1,1632.4624999999942,0,0,3,98.75244301170812
1853,15573741,Aliyeva,515.5,Spain,Male,26.0,10,95010.92,1,1,1,1632.4624999999942,0,0,3,58.20098164582668
1854,15633574,Montes,515.5,France,Female,26.0,4,167545.32,1,1,0,1632.4624999999942,0,0,2,102.63348775239898
1855,15711455,Kuo,515.5,Germany,Female,26.0,4,109044.6,1,0,0,1632.4624999999942,1,0,1,66.79761403401328
1856,15570601,Cheng,515.5,France,Female,26.0,9,122031.55,1,1,1,1632.4624999999942,1,0,3,74.75304945749164
1857,15690925,McIntosh,515.5,Spain,Female,26.0,2,27755.97,1,1,0,1632.4624999999942,1,0,2,17.002516137430476
1858,15709338,T'ao,515.5,France,Female,26.0,1,118560.55,1,1,1,1632.4624999999942,0,0,3,72.62681378592184
1859,15780746,Tyndall,515.5,France,Male,26.0,4,0.0,2,1,1,1632.4624999999942,0,1,4,0.0
1860,15681956,Bailey,515.5,France,Male,26.0,9,0.0,2,1,1,1632.4624999999942,0,0,4,0.0
1861,15778190,Onyekaozulu,515.5,Spain,Female,26.0,8,97840.72,1,1,1,1632.4624999999942,0,0,3,59.93443647250724
1862,15786852,Nwachukwu,515.5,Germany,Female,26.0,2,158651.29,2,1,1,1632.4624999999942,0,0,4,97.18525846688703
1863,15726494,Romani,481.0,France,Male,26.0,9,175303.06,1,1,0,1632.4624999999942,1,0,2,107.38565816978989
1865,15805312,Bellucci,515.5,France,Male,26.0,7,123859.6,1,0,1,1632.4624999999942,0,0,2,75.87286078547008
1866,15636572,Christmas,515.5,France,Female,26.0,7,0.0,2,1,1,1632.4624999999942,0,1,4,0.0
1867,15632575,Moore,515.5,France,Female,26.0,9,0.0,1,1,1,1632.4624999999942,0,1,3,0.0
1868,15740164,Genovesi,515.5,France,Female,26.0,3,85227.84,1,1,1,1632.4624999999942,0,0,3,52.20814566950255
1869,15574947,Cartwright,515.5,France,Male,26.0,8,97786.08,2,0,1,1632.4624999999942,0,0,3,59.90096556582485
1870,15597909,Johnstone,515.5,Germany,Male,26.0,7,128135.99,1,1,0,1632.4624999999942,0,0,2,78.4924554162809
1871,15782574,Warner,515.5,Spain,Male,26.0,6,0.0,2,0,0,1632.4624999999942,0,0,2,0.0
1872,15734999,Stephenson,515.5,Spain,Male,26.0,2,85996.19,1,1,0,1632.4624999999942,0,0,2,52.67881498043619
1873,15706593,Ellis,515.5,Spain,Female,26.0,10,0.0,2,1,1,1632.4624999999942,0,0,4,0.0
1874,15766686,Nebechi,515.5,Germany,Female,26.0,1,104502.11,1,1,0,1632.4624999999942,0,0,2,64.01501412743042
1875,15590268,Chu,515.5,Spain,Male,26.0,5,95772.97,1,1,1,1632.4624999999942,0,0,3,58.66779175631927
1876,15763055,Onuchukwu,515.5,Spain,Male,26.0,5,98108.79,1,0,1,1632.4624999999942,0,0,2,60.09864851413147
1877,15664754,Steele,515.5,Germany,Male,26.0,9,131607.28,4,0,1,1632.4624999999942,1,0,5,80.61886873358529
1878,15643630,Quaife,515.5,Spain,Male,26.0,9,63127.41,2,1,0,1632.4624999999942,1,0,3,38.67005214514896
1879,15641043,Scott,515.5,Spain,Male,26.0,7,0.0,2,1,1,1632.4624999999942,0,0,4,0.0
1880,15768095,Yeh,515.5,France,Male,26.0,9,0.0,1,0,1,1632.4624999999942,0,1,2,0.0
1881,15811314,Y?,515.5,Germany,Female,26.0,9,140355.56,2,1,0,1632.4624999999942,0,0,3,85.97781572317925
1882,15669922,Conti,515.5,Spain,Female,26.0,2,0.0,2,1,1,1632.4624999999942,0,0,4,0.0
1883,15707114,Holder,515.5,France,Male,26.0,2,0.0,2,0,1,1632.4624999999942,0,0,3,0.0
1885,15713479,Ozuluonye,515.5,France,Male,26.0,6,0.0,2,1,0,1485.27,0,0,3,0.0
1886,15663830,De Luca,515.5,Spain,Male,26.0,6,0.0,2,1,1,1632.4624999999942,0,0,4,0.0
1887,15566958,Li Fonti,515.5,Spain,Male,26.0,7,167557.12,1,1,1,1632.4624999999942,0,0,3,102.6407160960822
1888,15680918,Freeman,515.5,Spain,Male,26.0,8,117300.02,1,1,0,1632.4624999999942,0,0,2,71.85464903481729
1889,15663921,Pisani,429.0,France,Male,26.0,7,0.0,2,1,1,1632.4624999999942,0,1,4,0.0
1891,15796969,Lahti,515.5,France,Male,26.0,4,0.0,2,1,1,1632.4624999999942,0,0,4,0.0
1892,15574783,Perkins,515.5,France,Female,26.0,1,0.0,2,1,1,1632.4624999999942,0,1,4,0.0
1893,15773487,Conway,515.5,Germany,Female,26.0,8,76798.92,1,0,0,1632.4624999999942,0,0,1,47.04482951369497
1894,15802486,Hayes,488.0,France,Male,26.0,3,0.0,2,1,1,1632.4624999999942,0,1,4,0.0
1895,15783398,Rizzo,515.5,Spain,Female,26.0,7,115309.75,1,1,0,1632.4624999999942,0,0,2,70.63546635833926
1896,15649418,Krylov,515.5,France,Female,26.0,7,178171.04,2,1,1,1632.4624999999942,0,0,4,109.14250097628621
1897,15604588,Li Fonti,515.5,Spain,Female,26.0,3,0.0,2,0,1,1632.4624999999942,0,1,3,0.0
1898,15735428,Talbot,515.5,Spain,Female,26.0,0,0.0,2,0,0,1632.4624999999942,0,0,2,0.0
1899,15629078,Matthias,515.5,Germany,Female,26.0,5,127258.79,1,1,1,1632.4624999999942,1,0,3,77.95510769772687
1900,15806880,Boyle,515.5,Spain,Female,26.0,6,0.0,1,1,1,1632.4624999999942,0,1,3,0.0
1901,15754999,Ch'eng,515.5,France,Female,26.0,8,0.0,1,1,1,1632.4624999999942,0,1,3,0.0
1902,15781034,Mason,515.5,Spain,Male,26.0,5,0.0,2,0,1,1632.4624999999942,0,0,3,0.0
1903,15622017,Bruno,515.5,Spain,Female,26.0,10,0.0,1,1,1,1632.4624999999942,0,0,3,0.0
1904,15705885,Smeaton,515.5,Spain,Male,26.0,2,0.0,2,1,1,1632.4624999999942,0,0,4,0.0
1905,15677382,Miller,515.5,Spain,Female,26.0,1,107569.96,1,1,1,1632.4624999999942,0,0,3,65.89429159934785
1907,15608387,Fu,515.5,France,Female,26.0,4,0.0,2,1,0,1632.4624999999942,0,1,3,0.0
1908,15810786,O'Toole,515.5,France,Female,26.0,3,0.0,2,1,1,1632.4624999999942,0,0,4,0.0
1909,15626983,Ledford,515.5,Spain,Female,26.0,6,0.0,2,1,1,1632.4624999999942,0,0,4,0.0
1910,15773605,Iadanza,515.5,Spain,Female,26.0,3,0.0,2,1,0,1632.4624999999942,0,0,3,0.0
1911,15811261,Alaniz,515.5,Spain,Male,26.0,0,70105.87,1,1,1,1632.4624999999942,0,0,3,42.94485784512676
1912,15590606,Saunders,515.5,France,Male,26.0,9,0.0,2,1,0,1632.4624999999942,0,0,3,0.0
1913,15576644,Lin,515.5,Germany,Female,26.0,4,78939.15,1,1,0,1632.4624999999942,1,0,2,48.35587341209999
1914,15750264,Pinto,515.5,Germany,Male,26.0,6,105128.85,2,1,1,1632.4624999999942,0,0,4,64.39893718845019
1915,15741554,Streeter,515.5,Spain,Male,26.0,2,113836.27,1,1,1,1632.4624999999942,0,0,3,69.7328545066122
1916,15769051,Shaw,503.0,Spain,Male,25.0,7,0.0,1,0,1,1632.4624999999942,0,1,2,0.0
1917,15812198,Chen,515.5,Germany,Male,26.0,1,100900.5,1,0,0,1632.4624999999942,1,0,1,61.80877049243114
1918,15699772,Barclay,428.0,Germany,Female,26.0,3,129248.11,2,1,0,1632.4624999999942,1,0,3,79.17370843128124
1919,15744105,Kodilinyechukwu,515.5,France,Female,26.0,3,109118.05,2,0,1,1632.4624999999942,0,0,3,66.84260741058394
1920,15739858,Otitodilichukwu,515.5,France,Male,26.0,7,0.0,1,1,1,1632.4624999999942,1,1,3,0.0
1921,15723720,McKenzie,515.5,France,Female,26.0,7,0.0,2,0,1,1632.4624999999942,0,0,3,0.0
1922,15638355,Woods,515.5,France,Female,26.0,5,126397.66,1,0,0,1632.4624999999942,1,0,1,77.42760400315503
1923,15805637,Hsing,515.5,France,Male,26.0,9,108546.16,3,1,0,1632.4624999999942,1,0,4,66.49228389626126
1924,15629575,Wheare,515.5,France,Male,26.0,2,148061.89,1,1,0,1632.4624999999942,1,0,2,90.6984938398282
1925,15586243,Yobachi,515.5,France,Male,26.0,8,122277.87,1,1,1,1632.4624999999942,0,0,3,74.90393806902176
1926,15757931,Fang,515.5,France,Male,24.0,3,0.0,2,1,0,1632.4624999999942,0,1,3,0.0
1927,15716023,Pearson,515.5,France,Male,26.0,1,0.0,2,0,1,1632.4624999999942,0,1,3,0.0
1928,15647782,Brown,515.5,Germany,Male,26.0,8,152899.24,2,1,0,1632.4624999999942,0,0,3,93.66171657848223
1929,15716609,L?,484.0,Germany,Male,26.0,3,134388.11,1,0,0,1632.4624999999942,1,0,1,82.3223259339804
1930,15623791,Padovesi,515.5,Spain,Female,26.0,3,109740.62,1,1,0,1632.4624999999942,0,0,2,67.22397604845465
1932,15652693,Greco,515.5,France,Female,26.0,4,129109.02,1,0,0,1632.4624999999942,1,0,1,79.08850586154381
1933,15586993,Giordano,515.5,Spain,Female,26.0,5,0.0,2,1,1,1632.4624999999942,0,0,4,0.0
1934,15815560,Bogle,515.5,Germany,Male,26.0,7,105102.5,1,1,1,1632.4624999999942,0,0,3,64.38279592946262
1935,15584930,Grimmett,515.5,Germany,Male,26.0,5,111375.32,2,1,0,1632.4624999999942,0,0,3,68.22534667718273
1936,15799031,Ayers,515.5,France,Male,26.0,3,0.0,2,1,0,1632.4624999999942,0,0,3,0.0
1937,15810457,Miller,515.5,Germany,Female,26.0,9,150412.14,2,1,0,1632.4624999999942,0,0,3,92.13819000436492
1938,15697879,Webb,515.5,France,Male,26.0,3,156660.72,2,1,0,1632.4624999999942,0,0,3,95.96589201895944
1939,15594902,Lombardi,515.5,France,Male,26.0,3,90957.81,1,0,1,1632.4624999999942,0,0,2,55.718161979218706
1940,15799710,Wei,515.5,France,Male,26.0,7,104960.46,1,0,1,1632.4624999999942,0,0,2,64.29578627380438
1941,15659651,Ross,515.5,Germany,Female,26.0,7,117052.82,1,1,0,1632.4624999999942,1,0,2,71.70322136036842
1942,15645956,Jideofor,452.0,Spain,Male,26.0,3,88915.85,1,1,0,1632.4624999999942,0,0,2,54.46731548197911
1943,15651713,King,515.5,France,Male,26.0,6,148071.39,1,1,0,1632.4624999999942,0,0,2,90.7043132690647
1944,15737265,Nwokeocha,515.5,Germany,Male,26.0,6,152182.83,1,0,0,1632.4624999999942,0,0,1,93.22286423118481
1945,15687310,Humphries,515.5,Spain,Male,26.0,9,0.0,2,1,0,1632.4624999999942,0,1,3,0.0
1947,15698321,Yobanna,515.5,Germany,Male,26.0,3,95039.73,2,1,1,1632.4624999999942,0,0,4,58.218629830700756
1948,15657812,Ch'iu,515.5,France,Male,26.0,1,0.0,2,1,1,1632.4624999999942,0,1,4,0.0
1949,15569187,Fleming,515.5,Spain,Male,26.0,9,0.0,2,0,0,1632.4624999999942,0,1,2,0.0
1950,15681562,Trevisan,515.5,France,Female,26.0,2,112773.73,2,1,1,1632.4624999999942,0,0,4,69.08197278651141
1951,15615456,Aleksandrova,515.5,France,Female,26.0,10,123806.28,1,1,0,1632.4624999999942,1,0,2,75.84019847316581
1952,15589793,Onwuamaeze,515.5,France,Male,26.0,8,144453.75,1,1,0,1632.4624999999942,1,0,2,88.48825011294319
1953,15781884,Knox,515.5,Germany,Male,26.0,9,94667.29,2,0,1,1632.4624999999942,0,0,3,57.99048370176977
1955,15600734,Townsend,515.5,Spain,Male,26.0,5,174397.21,2,1,1,1632.4624999999942,0,0,4,106.83076027780155
1956,15779176,Dike,515.5,Germany,Female,26.0,3,108888.24,3,0,1,1632.4624999999942,1,0,4,66.70183235449537
1957,15605286,Moyes,515.5,France,Male,26.0,4,118803.35,2,1,1,1632.4624999999942,1,0,4,72.77554614577697
1958,15674922,Beavers,515.5,France,Male,26.0,6,171137.62,1,1,1,1632.4624999999942,1,0,3,104.83402834674646
1959,15737506,Tretiakova,515.5,France,Male,26.0,6,0.0,1,0,0,1632.4624999999942,0,1,1,0.0
1960,15780514,Fuller,515.5,France,Male,26.0,8,136678.52,1,1,0,1632.4624999999942,0,0,2,83.7253658200421
1961,15623647,Dellucci,515.5,Spain,Female,26.0,1,135515.76,1,1,0,1632.4624999999942,0,0,2,83.0130921843537
1962,15668472,Ritchie,515.5,Spain,Female,24.0,5,177799.83,2,0,0,1632.4624999999942,0,0,2,108.91510831029848
1963,15692416,Aikenhead,380.5,Spain,Female,26.0,8,143542.36,3,1,0,1632.4624999999942,1,0,4,87.92995857485272
1964,15771139,Douglas,515.5,Germany,Male,26.0,8,147487.23,2,1,0,1632.4624999999942,0,0,3,90.34647350245444
1965,15738318,Kung,515.5,France,Female,26.0,5,97764.41,1,1,0,1632.4624999999942,1,0,2,59.88769114145063
1966,15772243,MacDonald,515.5,France,Female,26.0,9,0.0,1,0,0,1632.4624999999942,1,1,1,0.0
1967,15638463,Okwudilichukwu,515.5,Germany,Female,26.0,8,139480.18,1,1,1,1632.4624999999942,0,0,3,85.44158288475263
1968,15598088,Ni,515.5,Spain,Male,25.0,5,0.0,2,1,1,1632.4624999999942,0,1,4,0.0
1969,15693468,Simmons,488.0,Spain,Female,26.0,9,140553.46,1,0,0,1632.4624999999942,0,0,1,86.09904362274814
1970,15671930,H?,515.5,France,Female,26.0,5,0.0,2,1,1,1632.4624999999942,0,1,4,0.0
1971,15762268,Hancock,515.5,France,Female,26.0,10,141162.08,1,1,0,1632.4624999999942,0,0,2,86.47186688821365
1972,15780954,Cran,515.5,Spain,Male,26.0,4,65848.36,2,1,0,1632.4624999999942,0,0,3,40.33682856420912
1973,15700174,McKay,515.5,Spain,Female,26.0,0,83319.28,1,0,0,1632.4624999999942,0,0,1,51.039016210173465
1974,15635728,P'an,515.5,France,Male,26.0,4,0.0,2,0,0,1632.4624999999942,0,1,2,0.0
1975,15679283,Parkhill,515.5,France,Female,26.0,4,129731.64,2,1,0,1632.4624999999942,0,0,3,79.46990512798943
1976,15591386,Golubova,515.5,France,Female,26.0,5,0.0,2,1,0,1632.4624999999942,0,0,3,0.0
1977,15694192,Nwankwo,515.5,Spain,Female,26.0,6,0.0,2,0,0,1632.4624999999942,0,1,2,0.0
1978,15585901,Johnson,515.5,Spain,Male,26.0,1,0.0,3,0,0,1632.4624999999942,1,1,3,0.0
1979,15792329,Mao,494.0,Germany,Male,26.0,5,107106.33,2,1,0,1632.4624999999942,0,0,3,65.61028507546139
1980,15635597,Echezonachukwu,515.5,France,Male,26.0,8,0.0,2,1,1,1632.4624999999942,0,1,4,0.0
1981,15775880,McElyea,515.5,France,Female,26.0,9,0.0,2,1,1,1632.4624999999942,0,0,4,0.0
1982,15630913,Rosas,476.0,Spain,Female,26.0,1,105303.73,1,0,1,1632.4624999999942,0,0,2,64.5060636921218
1983,15756680,Phillips,515.5,France,Male,26.0,6,165798.1,1,1,0,1632.4624999999942,0,0,2,101.56319057865072
1984,15587913,Palerma,515.5,Spain,Female,26.0,4,0.0,2,1,0,1632.4624999999942,0,1,3,0.0
1985,15737605,Morris,515.5,Spain,Female,26.0,1,126495.57,2,1,1,1632.4624999999942,0,0,4,77.48758087858096
1986,15627876,Pavlova,515.5,Spain,Female,26.0,9,116393.59,1,1,0,1632.4624999999942,1,0,2,71.29939585135978
1987,15772601,Lu,515.5,Germany,Female,26.0,2,81733.74,2,0,0,1632.4624999999942,0,0,2,50.06775959631556
1988,15758606,Yamamoto,515.5,France,Male,26.0,4,0.0,1,0,1,1632.4624999999942,1,0,2,0.0
1989,15657107,Angelo,515.5,Spain,Female,26.0,8,106171.68,1,1,0,1632.4624999999942,1,0,2,65.03774512431396
1990,15622454,Zaitsev,515.5,Spain,Male,26.0,0,96020.86,1,1,1,1632.4624999999942,0,0,3,58.81964210510216
1991,15775803,Cawker,515.5,Spain,Male,26.0,1,0.0,2,0,1,1632.4624999999942,0,1,3,0.0
1992,15570859,Froggatt,515.5,Germany,Male,26.0,2,181671.16,2,1,1,1632.4624999999942,0,0,4,111.28657472989465
1993,15748381,Gorbunov,515.5,France,Female,26.0,6,185709.28,2,1,1,1632.4624999999942,0,0,4,113.76021194973892
1994,15787189,Tai,515.5,Germany,Male,26.0,8,134250.17,3,0,0,1632.4624999999942,1,0,3,82.23782782146634
1995,15666055,Rowe,515.5,France,Female,26.0,7,0.0,1,1,0,1632.4624999999942,1,0,2,0.0
1996,15617648,Mikkelsen,515.5,France,Female,26.0,5,95671.75,2,1,1,1632.4624999999942,0,0,4,58.60578726923304
1997,15755678,Kovalyov,515.5,France,Male,26.0,2,0.0,2,0,0,1632.4624999999942,1,0,2,0.0
1998,15624781,Mbanefo,515.5,France,Female,26.0,1,142151.75,2,1,1,1632.4624999999942,0,0,4,87.07811052321294
1999,15779497,Ts'ai,515.5,France,Male,26.0,5,127823.93,1,1,1,1632.4624999999942,0,0,3,78.30129635443414
2000,15567399,Enderby,515.5,Germany,Male,26.0,3,144164.29,1,1,1,1632.4624999999942,0,0,3,88.31093516696434
2001,15613656,Lombardi,515.5,France,Male,26.0,1,63492.94,1,1,1,1632.4624999999942,0,0,3,38.89396540502476
2002,15734311,Hamilton,515.5,France,Female,26.0,3,0.0,2,1,1,1632.4624999999942,0,0,4,0.0
2003,15657214,Hsia,515.5,France,Male,26.0,2,0.0,2,0,1,1632.4624999999942,0,0,3,0.0
2004,15799350,Mao,515.5,France,Male,26.0,0,106134.46,1,0,1,1632.4624999999942,0,0,2,65.01494521313683
2005,15729970,Ugochukwu,515.5,Germany,Male,26.0,8,127269.75,1,0,1,1632.4624999999942,0,0,2,77.96182148135131
2006,15725835,West,515.5,Germany,Female,26.0,3,124493.03,2,0,1,1632.4624999999942,1,0,3,76.26088194981536
2007,15745543,Hughes,515.5,France,Male,26.0,7,0.0,2,1,0,1632.4624999999942,0,0,3,0.0
2008,15727384,Chukwuemeka,515.5,Germany,Female,26.0,10,146547.78,1,0,1,1632.4624999999942,1,0,2,89.77099320811382
2009,15666916,Lira,515.5,France,Male,26.0,6,99610.92,2,1,0,1632.4624999999942,0,0,3,61.01881053929285
2010,15732917,Li,515.5,Germany,Male,26.0,5,117837.43,1,1,0,1632.4624999999942,1,0,2,72.18385108386894
2011,15612050,Castiglione,515.5,Spain,Female,26.0,8,168522.37,1,1,1,1632.4624999999942,0,0,3,103.23200073508616
2012,15726267,Paterson,515.5,France,Male,26.0,9,117337.54,2,0,1,1632.4624999999942,0,0,3,71.87763271744399
2013,15780124,Blair,515.5,France,Male,26.0,9,108131.53,1,0,1,1632.4624999999942,0,0,2,66.2382933758052
2014,15742238,Dellucci,515.5,Germany,Male,26.0,4,136496.12,2,1,0,1632.4624999999942,0,0,3,83.61363277870119
2015,15679024,Udinesi,515.5,France,Male,26.0,3,116324.53,1,1,0,1632.4624999999942,0,0,2,71.25709166366788
2016,15715297,Yuan,515.5,Germany,Female,26.0,2,75470.23,1,1,1,1632.4624999999942,0,0,3,46.23091188924724
2017,15633612,Yuryeva,515.5,France,Male,26.0,4,172646.82,1,1,1,1632.4624999999942,0,0,3,105.75852125240282
2018,15602929,Wilson,515.5,Spain,Female,26.0,4,0.0,1,0,0,1632.4624999999942,0,0,1,0.0
2019,15696703,Dean,515.5,Germany,Male,26.0,3,160358.68,2,1,0,1632.4624999999942,0,0,3,98.23115691784685
2020,15756668,Ross,515.5,France,Male,26.0,3,98415.37,1,1,1,1632.4624999999942,0,0,3,60.286450684166006
2021,15565779,Kent,515.5,Germany,Female,26.0,6,57809.32,1,1,0,1632.4624999999942,0,0,2,35.41234178426776
2023,15761477,Golibe,501.0,Germany,Male,24.0,4,130806.42,2,1,0,1632.4624999999942,0,0,3,80.12828472323282
2024,15731890,Chukwukere,515.5,France,Male,26.0,1,123971.16,1,0,1,1632.4624999999942,0,0,2,75.94119926185162
2025,15633043,Fedorova,515.5,Spain,Female,26.0,6,0.0,1,0,0,1632.4624999999942,1,0,1,0.0
2026,15752953,Chien,515.5,France,Male,26.0,9,0.0,2,0,0,1632.4624999999942,0,0,2,0.0
2028,15606613,Samson,515.5,France,Female,26.0,7,0.0,1,1,0,1632.4624999999942,1,0,2,0.0
2029,15635939,Fenton,458.0,France,Female,26.0,9,0.0,2,1,0,1632.4624999999942,0,1,3,0.0
2030,15666043,Mackey,515.5,France,Male,26.0,4,156297.58,2,1,1,1632.4624999999942,0,0,4,95.74344280496523
2031,15746190,Payton,515.5,Spain,Female,26.0,2,0.0,2,0,1,1632.4624999999942,0,1,3,0.0
2032,15591357,Cowger,515.5,France,Male,26.0,3,123372.3,1,1,1,1632.4624999999942,0,0,3,75.57435469421223
2033,15658716,Banks,515.5,Germany,Female,26.0,5,92171.35,3,1,0,1632.4624999999942,1,0,4,56.461541995605
2034,15679909,Pugliesi,515.5,Spain,Male,26.0,8,0.0,2,1,0,1632.4624999999942,0,1,3,0.0
2035,15634262,Fantin,515.5,Germany,Male,26.0,4,148375.19,2,1,1,1632.4624999999942,0,0,4,90.89041249033318
2036,15799825,Bentley,515.5,France,Female,26.0,8,0.0,2,1,1,1632.4624999999942,0,0,4,0.0
2037,15756875,Freeman,515.5,Spain,Male,26.0,6,147422.44,1,0,1,1632.4624999999942,0,0,2,90.30678499506146
2039,15710743,Onwuamaeze,515.5,France,Male,26.0,0,0.0,1,1,1,1632.4624999999942,1,1,3,0.0
2040,15595831,Shen,515.5,Germany,Female,26.0,6,145215.43,1,1,1,1632.4624999999942,0,0,3,88.9548335719813
2041,15626684,Huang,515.5,France,Female,26.0,5,167539.97,1,0,1,1632.4624999999942,0,0,2,102.63021049488157
2042,15709846,Yeh,515.5,France,Female,26.0,1,94968.97,1,1,0,1632.4624999999942,0,0,2,58.175284271461265
2043,15635459,Shih,515.5,Germany,Female,26.0,3,106116.5,2,1,0,1632.4624999999942,0,0,3,65.00394342902234
2044,15642544,Henderson,515.5,France,Male,26.0,5,0.0,2,0,1,1632.4624999999942,0,0,3,0.0
2045,15566494,Fang,487.0,France,Male,26.0,2,0.0,2,1,0,1632.4624999999942,0,0,3,0.0
2046,15655238,Dellucci,515.5,France,Female,26.0,9,0.0,2,0,0,1632.4624999999942,0,0,2,0.0
2047,15733429,Chou,515.5,Germany,Male,26.0,8,120018.86,2,1,1,343.38,0,0,4,349.52198730269674
2048,15814536,Conti,515.5,France,Male,26.0,2,112541.54,2,0,0,1632.4624999999942,0,0,2,68.93973981025621
2049,15771702,Roberts,515.5,France,Female,26.0,5,166118.45,2,1,0,1632.4624999999942,0,0,3,101.75942785822069
2050,15723008,Lo Duca,515.5,France,Female,26.0,1,102882.4,2,1,1,1632.4624999999942,1,0,4,63.022825945466046
2051,15797160,Glover,492.0,France,Female,26.0,8,0.0,1,1,1,1632.4624999999942,1,1,3,0.0
2052,15792222,Johnstone,515.5,France,Female,26.0,1,106881.5,2,0,0,1632.4624999999942,0,0,2,65.47256062543573
2053,15644765,Ashton,515.5,Germany,Male,26.0,4,120727.97,1,0,1,1632.4624999999942,0,0,2,73.95451350337324
2054,15610686,Melton,515.5,France,Male,26.0,8,169832.57,1,0,0,1632.4624999999942,1,0,1,104.03459191252516
2055,15730868,Marshall,515.5,France,Male,26.0,5,0.0,2,1,1,1632.4624999999942,0,0,4,0.0
2056,15705991,Kenenna,469.0,Germany,Male,26.0,9,113599.42,1,0,0,1632.4624999999942,0,0,1,69.5877669471736
2057,15577078,Zakharov,515.5,Spain,Male,26.0,6,0.0,1,1,1,1632.4624999999942,1,1,3,0.0
2058,15679550,Chukwualuka,515.5,France,Male,26.0,9,0.0,2,1,0,1632.4624999999942,0,1,3,0.0
2059,15787655,Chu,515.5,France,Male,26.0,3,0.0,2,1,0,1632.4624999999942,0,1,3,0.0
2060,15668081,Capon,515.5,Spain,Female,26.0,4,0.0,2,1,1,1632.4624999999942,0,0,4,0.0
2061,15747980,Cattaneo,515.5,Spain,Male,26.0,6,146282.79,2,1,0,1632.4624999999942,0,0,3,89.60866788670522
2062,15710295,Patrick,445.0,Germany,Female,26.0,6,119413.62,2,1,0,1632.4624999999942,0,0,3,73.14938015421514
2063,15724443,Taylor,515.5,Germany,Female,26.0,3,122084.63,1,0,1,1632.4624999999942,0,0,2,74.78556475263625
2064,15571305,Stephenson,515.5,Germany,Female,26.0,1,103060.63,1,1,0,1632.4624999999942,1,0,2,63.132004563657894
2065,15569503,Yeh,515.5,France,Male,26.0,6,0.0,2,1,1,1632.4624999999942,0,1,4,0.0
2066,15581840,DeRose,515.5,France,Male,26.0,8,0.0,2,1,0,1632.4624999999942,0,1,3,0.0
2067,15772262,Vavilov,515.5,Germany,Male,26.0,9,110483.86,1,1,1,1632.4624999999942,0,0,3,67.67926368905894
2068,15767794,Browne,515.5,France,Male,26.0,9,120718.28,1,1,1,1632.4624999999942,0,0,3,73.948577685552
2069,15629338,Collingridge de Tourcey,515.5,Spain,Female,26.0,2,36566.96,1,1,0,1632.4624999999942,1,0,2,22.39987748570036
2070,15790379,Rowe,515.5,Germany,Male,26.0,8,108601.0,1,1,1,1632.4624999999942,0,0,3,66.52587731724336
2071,15750684,Jibunoh,515.5,France,Female,26.0,4,0.0,1,1,0,1632.4624999999942,1,0,2,0.0
2072,15697214,Korovin,515.5,Spain,Female,26.0,5,0.0,2,1,1,1632.4624999999942,0,1,4,0.0
2073,15711015,Hammonds,515.5,France,Male,26.0,4,0.0,2,1,1,1632.4624999999942,0,1,4,0.0
2074,15573309,Ward,515.5,Spain,Female,26.0,2,0.0,2,1,1,1632.4624999999942,0,0,4,0.0
2075,15805303,Olisanugo,515.5,Germany,Male,26.0,1,141136.62,1,1,0,1632.4624999999942,1,0,2,86.45627081785983
2076,15741385,Gallop,515.5,Germany,Male,26.0,9,108231.37,1,1,1,1632.4624999999942,0,0,3,66.29945251422338
2077,15780254,Gartrell,515.5,France,Male,26.0,6,0.0,1,0,0,1632.4624999999942,1,1,1,0.0
2078,15744843,K'ung,515.5,Spain,Female,26.0,6,144855.34,1,0,0,1632.4624999999942,0,0,1,88.73425270105777
2079,15815626,Oluchi,515.5,France,Male,26.0,2,68432.45,2,1,1,1632.4624999999942,1,0,4,41.91976844797369
2080,15784736,Jamieson,515.5,France,Male,26.0,6,136855.24,1,1,0,1632.4624999999942,0,0,2,83.83361945527109
2081,15813412,Barlow,515.5,France,Female,26.0,3,44020.89,1,1,0,1632.4624999999942,1,0,2,26.965942556107816
2082,15809143,White,456.0,Germany,Male,26.0,9,133060.63,1,1,1,1632.4624999999942,0,0,3,81.50914952104596
2083,15617617,Stewart,515.5,Spain,Male,26.0,7,0.0,2,1,1,1632.4624999999942,0,1,4,0.0
2084,15779738,Buccho,515.5,France,Male,24.0,1,0.0,1,1,1,1632.4624999999942,0,1,3,0.0
2085,15668669,Benson,423.0,France,Female,26.0,5,97665.61,1,1,0,1632.4624999999942,1,0,2,59.82716907739096
2086,15687477,Thompson,515.5,Germany,Male,26.0,5,185013.02,1,1,0,1632.4624999999942,0,0,2,113.33370291813787
2087,15578908,Todd,515.5,Spain,Female,26.0,0,0.0,2,1,1,1632.4624999999942,0,1,4,0.0
2088,15687658,Burgin,515.5,France,Female,26.0,7,65971.61,2,1,0,1632.4624999999942,1,0,3,40.41232800140906
2089,15615020,Nnaife,515.5,Germany,Female,26.0,9,150463.11,2,0,1,1632.4624999999942,0,0,3,92.1694127736475
2090,15608886,Okwudiliolisa,515.5,France,Female,26.0,1,0.0,2,0,0,1632.4624999999942,0,0,2,0.0
2091,15602551,Johnson,515.5,Spain,Male,26.0,9,0.0,2,1,0,1632.4624999999942,0,0,3,0.0
2092,15672945,Parkes,515.5,France,Female,26.0,5,136425.18,1,1,0,1632.4624999999942,0,0,2,83.57017695659195
2093,15757408,Lo,515.5,Spain,Male,26.0,3,250898.09,3,0,1,1632.4624999999942,1,0,4,153.69301898205987
2094,15806132,Martin,515.5,France,Male,26.0,4,146798.81,1,1,1,1632.4624999999942,0,0,3,89.92476703140227
2095,15813022,Kapustina,515.5,Spain,Male,26.0,1,0.0,2,0,0,1632.4624999999942,0,0,2,0.0
2096,15673578,Page,515.5,Germany,Female,26.0,7,128486.91,2,1,0,1632.4624999999942,0,0,3,78.70741900656246
2097,15757916,Amaechi,515.5,France,Female,26.0,9,0.0,2,1,1,1632.4624999999942,0,0,4,0.0
2098,15689168,Munro,515.5,Spain,Male,26.0,1,143407.29,2,0,1,1632.4624999999942,0,0,3,87.84721854253958
2099,15769216,Panicucci,515.5,France,Female,26.0,2,0.0,1,1,0,1632.4624999999942,1,0,2,0.0
2100,15593295,Greathouse,515.5,France,Male,26.0,6,76165.65,1,1,1,1632.4624999999942,0,0,3,46.65690636078946
2101,15804814,Ts'ui,515.5,France,Male,26.0,4,0.0,2,1,0,1632.4624999999942,0,1,3,0.0
2102,15778934,Napolitani,515.5,Spain,Female,26.0,8,0.0,2,0,1,1632.4624999999942,0,0,3,0.0
2103,15802351,Beers,515.5,Germany,Female,26.0,6,90560.3,2,1,1,1632.4624999999942,0,0,4,55.47465868281834
2104,15630241,Tretyakova,515.5,France,Male,26.0,3,62391.22,1,1,1,1632.4624999999942,0,0,3,38.21908313360964
2105,15719561,Lin,515.5,France,Male,26.0,5,0.0,3,0,0,1632.4624999999942,0,0,3,0.0
2106,15615096,Costa,492.0,France,Female,26.0,7,0.0,2,1,1,1632.4624999999942,0,0,4,0.0
2107,15659931,Ibezimako,515.5,Germany,Female,26.0,1,123378.2,1,1,0,1632.4624999999942,1,0,2,75.57796886605385
2108,15714586,Marcelo,515.5,Spain,Female,26.0,3,99836.47,1,0,1,1632.4624999999942,0,0,2,61.15697604079748
2109,15634949,Hay,515.5,Germany,Male,26.0,5,161434.36,2,1,1,1632.4624999999942,0,0,4,98.89008782743895
2110,15589224,Moore,515.5,Spain,Male,26.0,5,0.0,2,0,1,1632.4624999999942,0,1,3,0.0
2111,15795990,Lumholtz,515.5,Germany,Female,26.0,10,138311.76,1,1,1,1632.4624999999942,1,0,3,84.72584209438226
2112,15603216,Simpson,515.5,France,Male,25.0,7,0.0,2,1,0,1632.4624999999942,0,1,3,0.0
2113,15631201,Hill,472.0,Spain,Female,26.0,4,0.0,2,1,0,1632.4624999999942,0,0,3,0.0
2114,15686255,Mouzon,515.5,Germany,Male,26.0,6,101744.84,1,0,0,1632.4624999999942,0,0,1,62.32598911154183
2115,15746594,Wu,515.5,Spain,Male,26.0,8,0.0,1,1,0,1632.4624999999942,0,1,2,0.0
2116,15718893,Pirozzi,404.0,Germany,Female,26.0,4,125456.07,1,1,0,1632.4624999999942,1,0,2,76.85081280580745
2117,15671609,Ibeabuchi,515.5,France,Male,26.0,7,0.0,2,1,0,1632.4624999999942,0,0,3,0.0
2118,15652540,Garnsey,515.5,France,Male,26.0,2,0.0,2,0,1,1632.4624999999942,0,0,3,0.0
2119,15774857,Synnot,460.0,France,Female,26.0,7,0.0,2,1,0,1632.4624999999942,1,1,3,0.0
2120,15791836,Wildman,515.5,France,Male,26.0,5,0.0,2,1,0,1632.4624999999942,0,1,3,0.0
2121,15651554,Anenechukwu,515.5,Germany,Female,26.0,4,118449.21,1,1,1,1632.4624999999942,1,0,3,72.55861007526998
2122,15583576,Tai,515.5,France,Male,26.0,2,0.0,1,0,1,1632.4624999999942,0,1,2,0.0
2123,15732740,Plant,515.5,Spain,Female,26.0,9,178095.55,1,0,0,1632.4624999999942,0,0,1,109.09625795385844
2124,15723320,Azubuike,515.5,Germany,Female,25.0,2,109175.14,2,1,0,1632.4624999999942,0,0,3,66.87757911743785
2125,15603851,Galkin,515.5,France,Male,26.0,7,127785.17,4,0,0,1632.4624999999942,1,0,4,78.2775530831492
2126,15777923,Johnston,515.5,France,Female,26.0,6,0.0,2,0,1,1632.4624999999942,0,1,3,0.0
2127,15735719,Babbage,515.5,France,Female,26.0,9,0.0,2,1,1,1632.4624999999942,0,0,4,0.0
2128,15703482,Walker,515.5,Germany,Male,26.0,9,134260.36,2,1,0,1632.4624999999942,0,0,3,82.24406992503685
2129,15605835,Rice,515.5,France,Male,26.0,8,69143.91,2,0,1,1632.4624999999942,0,0,3,42.355588566353134
2130,15664881,Norton,515.5,France,Male,26.0,4,100054.77,1,1,0,1632.4624999999942,0,0,2,61.29070039893741
2131,15757568,Bogolyubov,515.5,France,Female,26.0,6,0.0,1,1,1,1632.4624999999942,0,1,3,0.0
2132,15792660,Gibbons,515.5,France,Male,26.0,2,116248.88,1,1,0,1632.4624999999942,0,0,2,71.21075062980033
2133,15599722,Chia,515.5,Spain,Female,26.0,6,86053.52,2,1,1,1632.4624999999942,1,0,4,52.71393370444976
2134,15726354,Smith,515.5,France,Female,26.0,6,123157.95,1,1,0,1632.4624999999942,0,0,2,75.4430499934917
2135,15610355,Hunter,515.5,France,Male,26.0,1,63438.91,1,1,0,1632.4624999999942,0,0,2,38.8608681669565
2136,15704284,Ekechukwu,515.5,Germany,Male,26.0,9,95295.39,1,1,0,1632.4624999999942,1,0,2,58.37523986002762
2138,15588219,Ford,515.5,France,Female,26.0,1,106871.81,2,1,0,1632.4624999999942,0,0,3,65.4666248076145
2139,15688619,Scott,515.5,Spain,Male,26.0,3,105266.32,2,1,1,1632.4624999999942,0,0,4,64.48314739235994
2140,15765518,Gregson,515.5,France,Female,26.0,2,105229.53,1,1,0,1632.4624999999942,1,0,2,64.46061088692718
2141,15616931,Moore,515.5,France,Male,26.0,8,102768.42,1,1,0,1632.4624999999942,0,0,2,62.953005046057946
2143,15782591,Cook,515.5,France,Male,26.0,6,112689.95,1,1,0,1632.4624999999942,0,0,2,69.03065154636042
2144,15612109,Speth,515.5,France,Male,26.0,9,122334.26,2,1,1,1632.4624999999942,0,0,4,74.93848097582666
2145,15613712,Boag,515.5,Spain,Male,26.0,1,0.0,2,1,0,1632.4624999999942,0,0,3,0.0
2146,15639322,Grave,515.5,Spain,Male,26.0,4,137847.41,2,1,0,1632.4624999999942,0,0,3,84.44139451901682
2147,15594349,Streeten,515.5,France,Male,26.0,5,122486.47,1,0,1,1632.4624999999942,0,0,2,75.03172048362546
2148,15574167,Fox,515.5,France,Male,26.0,2,101286.11,1,1,1,1632.4624999999942,0,0,3,62.044984187998416
2149,15811842,Artemyeva,515.5,Spain,Male,26.0,7,0.0,2,1,1,1632.4624999999942,0,0,4,0.0
2150,15648794,Giordano,515.5,Spain,Male,26.0,4,101247.06,1,1,0,1632.4624999999942,1,0,2,62.02106327097888
2151,15771211,Perkins,515.5,France,Male,26.0,10,86977.96,1,0,1,1632.4624999999942,0,0,2,53.280219300596684
2152,15588614,Walton,515.5,France,Male,26.0,7,0.0,1,1,0,1632.4624999999942,1,1,2,0.0
2153,15630698,Hay,515.5,France,Female,26.0,9,110123.59,1,0,1,1632.4624999999942,1,0,2,67.45857255526568
2154,15694200,Gardner,515.5,France,Male,26.0,8,178111.82,1,0,0,1632.4624999999942,1,0,1,109.10622449214034
2155,15721426,Milne,515.5,Germany,Male,26.0,10,126306.64,3,0,0,1632.4624999999942,1,0,3,77.3718477453543
2156,15725997,She,515.5,France,Female,26.0,6,100768.77,1,1,0,1632.4624999999942,0,0,2,61.72807644892325
2157,15762138,Hu,515.5,France,Male,26.0,5,0.0,2,1,0,1632.4624999999942,0,1,3,0.0
2158,15750649,Uwakwe,515.5,France,Female,26.0,3,0.0,2,1,1,1632.4624999999942,0,1,4,0.0
2159,15685706,Bird,515.5,France,Female,26.0,7,118991.79,1,1,1,1632.4624999999942,0,0,3,72.8909791189693
2160,15641835,Anderson,515.5,France,Male,26.0,3,140997.26,1,0,1,1632.4624999999942,0,0,2,86.37090285381778
2161,15586821,Bellew,515.5,France,Male,26.0,5,0.0,2,0,1,1632.4624999999942,0,0,3,0.0
2162,15569678,Cocci,515.5,Germany,Male,26.0,6,166824.59,1,1,0,1632.4624999999942,0,0,2,102.19198909622769
2163,15793842,Krichauff,515.5,France,Female,26.0,2,76322.69,1,1,0,1632.4624999999942,0,0,2,46.753104588926405
2164,15667554,Cameron,515.5,France,Male,26.0,6,0.0,2,1,1,1632.4624999999942,0,0,4,0.0
2165,15794479,Becker,515.5,Spain,Male,26.0,8,149083.7,1,1,1,1632.4624999999942,0,0,3,91.32442552279183
2166,15585041,Ainsworth,511.0,France,Male,26.0,7,0.0,2,0,1,1632.4624999999942,0,1,3,0.0
2167,15780650,Biryukov,515.5,France,Male,26.0,9,0.0,1,1,1,1632.4624999999942,0,0,3,0.0
2168,15780846,Redding,515.5,France,Male,26.0,1,126588.81,2,0,1,1632.4624999999942,0,0,3,77.5446970451085
2169,15805260,Wood,515.5,Germany,Female,26.0,2,143249.67,1,1,0,1632.4624999999942,1,0,2,87.75066502293346
2170,15621629,Scott,515.5,Germany,Male,26.0,8,81844.91,2,1,1,1632.4624999999942,0,0,4,50.135859169812655
2171,15662151,Gould,515.5,France,Male,26.0,4,0.0,1,0,1,1632.4624999999942,0,1,2,0.0
2172,15747174,Hao,515.5,Germany,Male,26.0,9,190298.89,2,1,1,1632.4624999999942,0,0,4,116.57167622533485
2173,15651585,Power,515.5,Germany,Male,26.0,2,117212.18,1,1,1,1632.4624999999942,0,0,3,71.80084075438205
2174,15649738,White,515.5,France,Female,26.0,0,0.0,2,1,1,1632.4624999999942,0,1,4,0.0
2175,15633108,Thorpe,515.5,France,Male,26.0,4,139848.17,1,1,0,1632.4624999999942,0,0,2,85.66700307051495
2176,15769254,Tuan,515.5,Germany,Female,26.0,9,101861.36,2,0,0,1632.4624999999942,0,0,2,62.397365942556334
2177,15704746,Inman,515.5,Spain,Male,26.0,2,167455.66,2,1,1,1632.4624999999942,0,0,4,102.57856459183633
2178,15637644,Hanson,515.5,France,Female,24.0,4,0.0,2,0,1,1632.4624999999942,0,0,3,0.0
2179,15609562,MacDonald,515.5,Spain,Female,26.0,1,116360.07,1,1,0,1632.4624999999942,0,0,2,71.2788624547274
2180,15787459,Parkes,515.5,Spain,Male,26.0,3,88466.82,1,0,0,1632.4624999999942,0,0,1,54.192252501971915
2181,15762902,Stanley,515.5,France,Female,26.0,7,0.0,2,0,1,1632.4624999999942,0,0,3,0.0
2182,15738605,Fischer,515.5,Germany,Female,26.0,5,123642.36,1,1,1,1632.4624999999942,1,0,3,75.73978575311864
2183,15724889,Chinweuba,515.5,Spain,Male,26.0,9,0.0,1,0,1,1632.4624999999942,0,0,2,0.0
2184,15730735,Henning,515.5,France,Male,26.0,9,72286.84,2,1,1,1632.4624999999942,0,0,4,44.280857906383915
2185,15689147,Ogochukwu,515.5,France,Female,26.0,1,0.0,2,1,0,1632.4624999999942,0,1,3,0.0
2186,15730397,Narelle,515.5,Spain,Male,26.0,1,109681.61,1,1,1,1632.4624999999942,0,0,3,67.18782820432347
2187,15762169,Bergman,515.5,Germany,Male,26.0,9,145018.64,2,1,0,1632.4624999999942,1,0,3,88.83428562677582
2188,15589320,Sagese,515.5,Spain,Male,26.0,8,0.0,1,1,1,1632.4624999999942,0,0,3,0.0
2189,15799211,Anenechi,515.5,Spain,Female,26.0,8,187487.63,1,1,1,1632.4624999999942,0,0,3,114.84957847423796
2190,15798310,Palerma,480.0,France,Male,26.0,2,165692.91,1,1,1,1632.4624999999942,0,0,3,101.49875418271513
2191,15609998,Okwudilichukwu,515.5,Germany,Female,26.0,5,137648.41,1,1,0,1632.4624999999942,1,0,2,84.31949279079947
2192,15583548,Harrison,515.5,Spain,Female,26.0,6,118560.0,1,1,0,1632.4624999999942,1,0,2,72.62647687159762
2193,15761763,Jamieson,515.5,France,Male,26.0,8,164385.53,1,1,0,1632.4624999999942,0,0,2,100.69789045690213
2194,15764409,Goodman,515.5,France,Male,26.0,9,108286.5,1,1,1,1632.4624999999942,0,0,3,66.33322358094007
2195,15710161,Ko,515.5,France,Female,26.0,2,0.0,2,1,1,1632.4624999999942,0,1,4,0.0
2196,15735246,Norman,515.5,Spain,Female,26.0,9,0.0,2,0,0,1632.4624999999942,1,1,2,0.0
2197,15791700,Ugochukwutubelum,515.5,Germany,Male,26.0,2,118079.47,4,1,1,1632.4624999999942,1,0,6,72.33211788938516
2198,15670753,Uvarova,515.5,Spain,Male,26.0,2,127283.78,1,1,1,1632.4624999999942,0,0,3,77.97041585947638
2199,15573876,Chia,473.0,Spain,Male,26.0,8,0.0,2,1,0,1632.4624999999942,0,0,3,0.0
2200,15770174,Piazza,515.5,France,Male,26.0,6,141389.06,1,1,0,1632.4624999999942,0,0,2,86.61090836696127
2201,15641114,Power,515.5,France,Male,26.0,8,130091.5,1,1,1,1632.4624999999942,0,0,3,79.6903451074683
2202,15682435,P'eng,515.5,France,Male,26.0,4,143744.77,2,1,0,1632.4624999999942,0,0,3,88.05394917188022
2203,15751788,Johnson,515.5,Spain,Male,26.0,9,97408.03,1,1,1,1632.4624999999942,0,0,3,59.66938291078683
2204,15672598,Walker,515.5,Spain,Male,26.0,9,111927.45,1,1,1,1632.4624999999942,0,0,3,68.56356577869347
2205,15762803,Innes,509.0,France,Male,26.0,3,0.0,2,1,0,1632.4624999999942,0,0,3,0.0
2206,15812982,Francis,509.0,Spain,Male,26.0,2,0.0,1,0,0,1632.4624999999942,0,1,1,0.0
2207,15597901,Chidozie,515.5,France,Male,26.0,1,0.0,1,1,1,1632.4624999999942,0,1,3,0.0
2208,15731507,Mackenzie,456.0,France,Female,26.0,1,188285.68,1,0,0,1632.4624999999942,0,0,1,115.3384411586794
2209,15809826,Craigie,515.5,France,Female,26.0,2,109705.52,1,1,0,1632.4624999999942,1,0,2,67.2024747888545
2210,15764237,Manfrin,515.5,Spain,Male,26.0,9,0.0,2,0,0,1632.4624999999942,0,0,2,0.0
2211,15769917,Onyekachi,515.5,Germany,Female,26.0,1,127122.79,3,0,1,1632.4624999999942,0,0,4,77.87179797392004
2212,15641850,Pethard,515.5,France,Male,26.0,0,98241.04,1,1,0,1632.4624999999942,0,0,2,60.17966109481862
2213,15770974,Nwabugwu,515.5,Germany,Female,26.0,8,170840.08,2,0,0,1632.4624999999942,0,0,2,104.65176382305908
2214,15803749,DeRose,498.0,Germany,Female,26.0,4,87541.06,2,1,1,1632.4624999999942,1,0,4,53.62515831144685
2215,15684999,Ch'eng,515.5,France,Female,26.0,4,62610.96,2,0,1,1632.4624999999942,0,0,3,38.35368959470752
2216,15770225,Padovesi,493.0,France,Male,26.0,9,0.0,2,1,1,1632.4624999999942,0,0,4,0.0
2217,15627484,Obielumani,515.5,France,Female,26.0,5,113328.93,1,1,0,1632.4624999999942,0,0,2,69.42207248252281
2218,15610337,Stephens,515.5,Spain,Male,26.0,2,104832.49,1,1,0,1632.4624999999942,0,0,2,64.21739549913114
2219,15752488,Emery,515.5,Spain,Female,26.0,9,102289.85,1,1,1,1632.4624999999942,0,0,3,62.65984670398271
2220,15610056,Dufresne,515.5,Germany,Female,26.0,6,125227.82,2,0,1,1632.4624999999942,0,0,3,76.71099336125666
2221,15806049,Lee,515.5,Germany,Female,26.0,5,140510.89,1,1,0,1632.4624999999942,0,0,2,86.07296645405363
2222,15736069,Hsing,515.5,Germany,Female,26.0,6,132253.22,1,1,0,1632.4624999999942,1,0,2,81.0145531673778
2223,15763662,Longo,515.5,Germany,Male,26.0,2,39043.29,2,1,1,1632.4624999999942,0,0,4,23.91680666477799
2224,15615575,Vial,515.5,France,Male,26.0,8,0.0,2,1,1,1632.4624999999942,0,1,4,0.0
2225,15691723,Chukwudi,515.5,Spain,Male,26.0,9,99685.06,1,1,0,1632.4624999999942,0,0,2,61.06422659019754
2226,15774098,Grant,515.5,Germany,Male,26.0,3,125385.49,2,0,1,1632.4624999999942,0,0,3,76.8075775094377
2227,15750808,Ma,515.5,Spain,Male,26.0,2,131365.37,2,1,1,1632.4624999999942,0,0,4,80.4706815623639
2228,15744368,Sun,515.5,Spain,Male,26.0,6,98308.51,1,1,1,1632.4624999999942,0,0,3,60.22099129382779
2229,15610594,Moss,515.5,France,Female,26.0,8,0.0,2,1,0,1632.4624999999942,0,0,3,0.0
2230,15756125,Booth,515.5,Spain,Male,26.0,5,140856.16,2,1,0,1632.4624999999942,0,0,3,86.2844690153682
2231,15623277,Ross,515.5,France,Female,26.0,8,0.0,2,1,1,1632.4624999999942,0,1,4,0.0
2232,15795954,Ndukaku,515.5,France,Male,26.0,2,172274.01,1,1,0,1632.4624999999942,0,0,2,105.53014847201734
2233,15671969,Pruneda,515.5,Spain,Male,26.0,8,0.0,2,1,0,1632.4624999999942,0,1,3,0.0
2234,15791268,Neumann,515.5,Spain,Male,26.0,0,122447.76,1,0,0,1632.4624999999942,0,0,1,75.00800784091544
2235,15713655,Calabrese,515.5,France,Female,26.0,10,0.0,2,1,1,1632.4624999999942,1,0,4,0.0
2236,15633930,Yobachukwu,515.5,Spain,Female,26.0,6,157559.59,2,1,0,1632.4624999999942,1,0,3,96.51651416188767
2237,15712849,Tung,515.5,Germany,Male,26.0,3,126550.7,1,0,0,1632.4624999999942,1,0,1,77.52135194529764
2238,15639077,Marchesi,515.5,France,Female,26.0,2,158584.82,3,1,0,1632.4624999999942,1,0,4,97.14454083937645
2239,15808784,Hess,515.5,France,Male,26.0,2,163569.61,2,1,1,1632.4624999999942,0,0,4,100.19808111978105
2240,15648577,Pickering,493.0,France,Female,26.0,3,0.0,1,1,1,1632.4624999999942,1,1,3,0.0
2241,15670345,Mazzi,515.5,Germany,Female,26.0,6,127211.45,1,0,0,1632.4624999999942,0,0,1,77.92610856298411
2242,15633112,Madukaego,515.5,Germany,Male,26.0,3,118199.97,2,1,0,1632.4624999999942,1,0,3,72.405932754964
2243,15714397,Trentino,515.5,Germany,Female,26.0,2,101014.08,2,1,1,1632.4624999999942,0,0,4,61.87834636323981
2244,15780038,Paterson,515.5,Spain,Male,26.0,6,119208.85,1,1,0,1632.4624999999942,1,0,2,73.023943888451
2245,15756305,Marchesi,515.0,France,Female,26.0,6,0.0,2,1,1,1632.4624999999942,0,1,4,0.0
2246,15578799,Anayolisa,515.5,France,Female,26.0,10,53772.73,1,1,1,1632.4624999999942,1,0,3,32.939641798816325
2247,15800326,Poole,515.5,Spain,Female,26.0,6,0.0,2,1,0,1632.4624999999942,0,0,3,0.0
2248,15785485,Zhou,515.5,Germany,Female,26.0,2,138878.81,1,0,1,1632.4624999999942,0,0,2,85.07320076265182
2249,15783958,Bates,515.5,Spain,Female,26.0,1,130922.81,2,0,0,1632.4624999999942,0,0,2,80.19958191995251
2250,15727546,Olejuru,515.5,France,Male,26.0,9,0.0,2,1,1,1632.4624999999942,0,0,4,0.0
2253,15604782,Tan,515.5,Germany,Female,26.0,7,187257.94,1,0,1,1632.4624999999942,0,0,2,114.7088769267292
2254,15589643,Ngozichukwuka,515.5,Spain,Female,26.0,7,0.0,1,1,1,1632.4624999999942,0,1,3,0.0
2255,15585533,Calabrese,515.5,France,Male,26.0,6,147733.64,1,0,1,1632.4624999999942,0,0,2,90.49741724541944
2256,15681506,Lane,478.0,Spain,Male,26.0,1,0.0,2,1,1,1632.4624999999942,0,1,4,0.0
2257,15630551,Forbes,515.5,France,Male,26.0,2,163139.27,1,1,1,1632.4624999999942,0,0,3,99.9344671010823
2258,15698349,Davy,515.5,Spain,Female,26.0,4,0.0,2,1,1,1632.4624999999942,0,1,4,0.0
2259,15776631,Ma,466.0,France,Female,26.0,5,119540.15,1,0,1,1632.4624999999942,0,0,2,73.2268888259304
2260,15762216,Barrera,515.5,France,Female,26.0,4,129553.76,2,1,0,1632.4624999999942,0,0,3,79.3609409098221
2261,15623927,Alexander,515.5,France,Male,26.0,9,0.0,2,1,1,1632.4624999999942,0,0,4,0.0
2262,15681402,Ngozichukwuka,515.5,Germany,Female,26.0,1,66101.89,1,1,1,1632.4624999999942,0,0,3,40.49213381624401
2263,15586264,Murray,515.5,France,Male,26.0,2,140431.98,1,1,0,1632.4624999999942,1,0,2,86.0246284371007
2264,15594685,Hall,515.5,France,Female,26.0,2,0.0,2,0,0,1632.4624999999942,0,1,2,0.0
2265,15812945,Padovesi,515.5,France,Female,26.0,0,0.0,1,1,1,1632.4624999999942,0,0,3,0.0
2266,15734628,Lysaght,515.5,France,Female,26.0,5,0.0,2,1,0,1632.4624999999942,0,1,3,0.0
2267,15629323,Kelechi,515.5,Germany,Female,26.0,4,116471.43,2,1,0,1632.4624999999942,1,0,3,71.34707841680921
2268,15666823,Nebechi,425.0,France,Male,26.0,4,0.0,2,1,0,1632.4624999999942,0,1,3,0.0
2269,15777553,Hanson,515.5,France,Female,26.0,9,123785.24,1,1,0,1632.4624999999942,1,0,2,75.82730996883569
2270,15613097,Kao,515.5,France,Female,26.0,4,0.0,2,0,1,1632.4624999999942,0,0,3,0.0
2271,15622217,Tu,515.5,France,Female,26.0,8,88758.95,2,0,0,1632.4624999999942,1,0,2,54.37120301385197
2272,15703588,Palerma,515.5,Germany,Male,25.0,5,153611.83,2,1,0,1632.4624999999942,0,0,3,94.09822890265507
2273,15570835,Fallaci,491.0,Germany,Female,26.0,4,112044.72,1,1,1,1632.4624999999942,1,0,3,68.6354020383319
2274,15679299,Shen,515.5,Spain,Female,26.0,7,123826.07,1,0,1,1632.4624999999942,0,0,2,75.8523212631227
2275,15808044,Ts'ui,515.5,France,Female,26.0,9,106804.26,3,1,0,1632.4624999999942,1,0,4,65.42524560288544
2276,15579208,Chikezie,515.5,France,Female,26.0,6,0.0,2,1,1,1632.4624999999942,0,1,4,0.0
2277,15684951,He,515.5,France,Female,26.0,2,68892.77,2,1,0,1632.4624999999942,1,0,3,42.20174736019985
2278,15667620,Dreyer,515.5,France,Female,26.0,6,0.0,2,1,0,1632.4624999999942,0,0,3,0.0
2279,15582960,Short,473.0,France,Female,26.0,5,125827.43,1,0,1,1632.4624999999942,0,0,2,77.07829735751997
2280,15590730,Hunt,515.5,Spain,Male,26.0,9,0.0,2,1,0,1632.4624999999942,0,0,3,0.0
2281,15763747,Ricci,515.5,France,Male,26.0,7,0.0,2,1,1,1632.4624999999942,0,0,4,0.0
2282,15778320,Teng,515.5,Germany,Female,26.0,5,148495.64,1,0,0,1632.4624999999942,0,0,1,90.9641967273371
2283,15642787,Ijendu,515.5,France,Male,26.0,1,133043.66,1,0,0,1632.4624999999942,0,0,1,81.49875418271506
2284,15624633,Kibby,515.5,France,Male,26.0,9,74989.58,1,1,1,1632.4624999999942,0,0,3,45.936479398454956
2285,15766765,Obiuto,515.5,Germany,Male,26.0,7,60263.23,1,1,0,1632.4624999999942,0,0,2,36.91553711034723
2286,15783615,Ramos,515.5,Germany,Male,26.0,3,129370.91,4,1,1,1632.4624999999942,1,0,6,79.24893221130682
2287,15640161,Calabrese,515.5,Germany,Male,26.0,5,157955.83,2,0,0,1632.4624999999942,0,0,2,96.75923949248485
2288,15619889,Vasin,515.5,France,Male,26.0,4,0.0,1,1,0,1632.4624999999942,0,1,2,0.0
2289,15579166,Munro,515.5,France,Female,26.0,7,70729.17,1,1,1,1632.4624999999942,0,0,3,43.32667366019143
2290,15789097,Keeley,515.5,France,Male,26.0,8,0.0,2,0,1,1632.4624999999942,1,0,3,0.0
2291,15674880,Archer,515.5,Spain,Male,26.0,2,0.0,2,1,0,1632.4624999999942,0,0,3,0.0
2292,15778157,Murray,515.5,Spain,Male,26.0,8,90721.52,2,1,0,1632.4624999999942,0,0,3,55.57341745981934
2293,15779064,Chidiegwu,515.5,France,Male,26.0,2,0.0,2,1,1,1632.4624999999942,0,0,4,0.0
2294,15801265,Tang,515.5,Spain,Female,26.0,0,57784.22,1,1,0,1632.4624999999942,1,0,2,35.39696623965341
2295,15589204,Farrar,515.5,France,Male,26.0,9,131765.72,1,1,0,1632.4624999999942,0,0,2,80.71592456182024
2296,15664543,Shaw,515.5,France,Male,26.0,7,0.0,1,0,1,1632.4624999999942,1,1,2,0.0
2297,15582714,Napolitani,515.5,Germany,Male,26.0,9,110022.74,1,0,1,1632.4624999999942,1,0,2,67.39679471963393
2298,15797595,Greenhalgh,515.5,France,Female,26.0,9,131569.63,1,1,1,1632.4624999999942,0,0,3,80.59580541666377
2299,15614034,Martin,515.5,Germany,Male,26.0,2,164523.5,2,1,1,1632.4624999999942,0,0,4,100.78240694656115
2300,15763171,Hu,515.5,Germany,Female,25.0,2,114330.95,1,1,1,1632.4624999999942,0,0,3,70.03588137552954
2301,15647266,Y?an,515.5,Spain,Female,26.0,10,135923.16,1,1,0,1632.4624999999942,0,0,2,83.26265381287502
2302,15757577,Odili,515.5,France,Female,26.0,8,0.0,2,1,1,1632.4624999999942,0,1,4,0.0
2303,15736656,H?,515.5,France,Female,26.0,4,0.0,2,0,1,1632.4624999999942,0,0,3,0.0
2304,15635078,Chiemela,515.5,Spain,Male,26.0,0,124693.48,1,0,1,1632.4624999999942,0,0,2,76.38367190670563
2305,15680141,Yuan,515.5,Spain,Female,26.0,7,147936.42,1,1,1,1632.4624999999942,0,0,3,90.62163449390141
2306,15576945,Clements,515.5,France,Male,26.0,0,0.0,1,1,0,1632.4624999999942,0,1,2,0.0
2307,15602034,Kolesnikov,515.5,France,Female,26.0,2,126558.92,1,1,0,1632.4624999999942,0,0,2,77.52638728301596
2308,15732020,Rutherford,515.5,Germany,Male,26.0,6,106938.11,2,0,1,1632.4624999999942,0,0,3,65.50723829797033
2309,15611029,Hsiung,488.0,Germany,Female,26.0,4,140002.35,1,1,0,1632.4624999999942,0,0,2,85.76144934416595
2310,15621210,Angelo,515.5,Germany,Male,26.0,9,123444.72,1,1,1,1632.4624999999942,1,0,3,75.61871712213937
2311,15569222,Mendes,515.5,France,Male,26.0,6,147107.91,1,1,1,1632.4624999999942,0,0,3,90.11411288161322
2313,15724223,Bronner,515.5,France,Female,26.0,5,0.0,1,0,0,1632.4624999999942,1,0,1,0.0
2314,15644621,Mironova,515.5,Germany,Female,26.0,9,106756.01,2,1,0,1632.4624999999942,0,0,3,65.39568902807898
2315,15756056,Ku,515.5,Spain,Female,26.0,3,0.0,2,1,0,1632.4624999999942,0,1,3,0.0
2316,15700353,Evans,515.5,France,Female,26.0,6,0.0,2,1,0,1632.4624999999942,0,0,3,0.0
2317,15624388,Henderson,515.5,Germany,Female,26.0,5,155393.32,1,1,1,1632.4624999999942,1,0,3,95.18951890165965
2318,15627212,Smith,515.5,France,Female,26.0,2,110414.48,1,1,1,1632.4624999999942,0,0,3,67.6367634784875
2319,15648005,Russell,515.5,Spain,Male,26.0,2,0.0,2,1,1,1632.4624999999942,0,1,4,0.0
2320,15681446,Sun,515.5,Germany,Female,26.0,9,157098.52,1,1,1,1632.4624999999942,0,0,3,96.23407582103758
2321,15775888,McDonald,515.5,Germany,Female,26.0,5,85626.6,1,1,1,1632.4624999999942,0,0,3,52.452414680276156
2322,15749019,Wong,515.5,Germany,Male,26.0,6,93796.42,2,1,1,1632.4624999999942,0,0,4,57.457013560801755
2323,15709928,Niu,515.5,Spain,Female,26.0,1,0.0,2,1,0,1632.4624999999942,0,0,3,0.0
2324,15784676,Fanucci,515.5,France,Male,26.0,6,125268.03,2,1,0,1632.4624999999942,0,0,3,76.73562486121455
2325,15748116,Zetticci,515.5,France,Female,26.0,2,148143.84,1,1,1,1632.4624999999942,0,0,3,90.7486940741368
2326,15612193,Hsia,515.5,Spain,Male,26.0,10,115545.33,2,1,0,1632.4624999999942,0,0,3,70.77977595197464
2327,15762984,McIntosh,515.5,Spain,Male,26.0,7,0.0,2,0,0,1632.4624999999942,0,1,2,0.0
2328,15613713,Kozlova,515.5,France,Male,26.0,5,44928.88,1,1,1,1632.4624999999942,0,0,3,27.52215135110311
2329,15664204,Meany,515.5,Spain,Male,26.0,2,0.0,2,1,1,1632.4624999999942,0,0,4,0.0
2330,15639415,Thompson,515.5,France,Male,26.0,3,162442.35,1,1,0,1632.4624999999942,0,0,2,99.50755377229221
2331,15806332,Le Gallienne,484.0,Spain,Female,26.0,5,0.0,2,1,1,1632.4624999999942,0,1,4,0.0
2332,15614929,Cheng,508.0,Germany,Male,26.0,0,96213.82,2,1,0,1632.4624999999942,0,0,3,58.93784390146809
2333,15695492,P'eng,439.0,France,Female,26.0,6,156569.43,1,1,0,1632.4624999999942,0,0,2,95.9099703668541
2334,15635972,Lloyd,484.0,Spain,Male,26.0,8,0.0,2,1,0,1632.4624999999942,0,1,3,0.0
2335,15616380,Wheeler,515.5,Spain,Female,26.0,1,0.0,2,0,0,1632.4624999999942,0,0,2,0.0
2336,15581440,Christie,515.5,Germany,Female,26.0,6,110463.25,2,1,1,1632.4624999999942,1,0,4,67.66663859047323
2337,15654390,He,515.5,France,Male,26.0,7,154575.76,1,1,0,1632.4624999999942,1,0,2,94.68870494728091
2338,15660688,King,515.5,Spain,Female,26.0,9,0.0,2,0,0,1632.4624999999942,0,1,2,0.0
2339,15806307,Favors,515.5,France,Male,26.0,3,0.0,2,1,1,1632.4624999999942,0,0,4,0.0
2340,15647975,Vida,515.5,Germany,Male,26.0,5,147037.32,1,0,0,1632.4624999999942,0,0,1,90.07087145952849
2341,15595728,Thomas,515.5,Germany,Male,26.0,0,119276.31,1,0,0,1632.4624999999942,1,0,1,73.06526796174516
2342,15735388,Wayn,515.5,France,Female,25.0,7,108664.85,2,1,0,1632.4624999999942,0,0,3,66.56499000742767
2343,15788535,Tan,515.5,Spain,Male,26.0,5,0.0,1,1,0,1632.4624999999942,0,1,2,0.0
2344,15765902,Gibson,515.5,Germany,Male,26.0,5,163034.82,2,1,1,1632.4624999999942,0,0,4,99.87048400805567
2345,15642345,Y?,515.5,Germany,Female,26.0,4,93059.34,1,1,0,1632.4624999999942,1,0,2,57.0054993606287
2346,15641250,Calabresi,515.5,Spain,Male,26.0,9,179581.31,1,1,0,1632.4624999999942,0,0,2,110.00639218358806
2347,15706163,Enyinnaya,515.5,Germany,Male,26.0,4,113625.93,1,0,0,1632.4624999999942,1,0,1,69.60400621760095
2348,15746708,Ritchie,515.5,Germany,Male,26.0,7,119961.48,1,1,0,1632.4624999999942,1,0,2,73.48498357542695
2349,15775203,Chia,515.5,France,Male,26.0,3,129209.48,1,0,0,1632.4624999999942,0,0,1,79.15004479429112
2350,15787907,Wang,515.5,Germany,Female,26.0,5,137227.04,3,1,0,1632.4624999999942,1,0,4,84.061373538443
2351,15646764,Lorenzo,515.5,Germany,Female,26.0,3,119024.75,2,1,0,1632.4624999999942,1,0,3,72.91116947556249
2352,15678284,Pai,515.5,France,Male,26.0,7,74623.5,3,1,0,1632.4624999999942,1,0,4,45.71222922425493
2353,15726791,Nuttall,515.5,Spain,Female,26.0,2,157929.45,1,1,1,1632.4624999999942,1,0,3,96.74307985635234
2354,15813144,Osborne,515.5,France,Female,26.0,7,92606.86,2,1,0,1632.4624999999942,0,0,3,56.728323008951406
2355,15669342,Ferri,515.5,Germany,Male,26.0,2,127862.93,2,1,0,1632.4624999999942,0,0,3,78.32518664287875
2356,15710366,Hamilton,515.5,Spain,Female,26.0,1,0.0,1,1,1,1632.4624999999942,1,0,3,0.0
2357,15614934,McEwan,515.5,Germany,Female,26.0,4,142711.81,1,1,0,1632.4624999999942,0,0,2,87.42118731670743
2358,15588701,Lai,515.5,France,Female,26.0,4,0.0,2,1,0,1632.4624999999942,0,0,3,0.0
2359,15665438,Hs?,515.5,France,Male,26.0,1,163159.85,1,0,1,1632.4624999999942,0,0,2,99.94707382252308
2360,15644896,Thompson,515.5,Germany,Male,26.0,3,108586.86,1,1,1,1632.4624999999942,0,0,3,66.51721555625345
2361,15670205,Boyd,515.5,Germany,Female,26.0,5,110624.99,1,1,0,1632.4624999999942,0,0,2,67.76571590465349
2362,15635776,Trevisani,515.5,Germany,Female,26.0,5,154846.24,2,1,1,1632.4624999999942,0,0,4,94.8543932862167
2363,15791053,Lucciano,515.5,Germany,Male,26.0,4,122917.71,1,1,1,11.58,1,0,3,10614.655440414508
2364,15644005,Holman,515.5,France,Female,26.0,9,0.0,2,0,1,1632.4624999999942,0,0,3,0.0
2365,15796343,Bazhenov,515.5,France,Female,26.0,2,82787.93,2,0,0,1632.4624999999942,0,0,2,50.713526344403185
2366,15751057,Douglas,515.5,Germany,Male,26.0,5,102500.34,1,0,0,1632.4624999999942,0,0,1,62.788786878718724
2367,15623430,Hill,515.5,France,Male,26.0,9,0.0,2,1,0,1632.4624999999942,0,1,3,0.0
2368,15682600,Lo,515.5,Germany,Male,26.0,9,159492.79,1,1,0,1632.4624999999942,1,0,2,97.70073738294177
2369,15769312,Forbes,515.5,Spain,Male,26.0,10,0.0,2,1,1,1632.4624999999942,0,1,4,0.0
2370,15708212,Lin,515.5,Spain,Female,26.0,7,118241.02,1,1,0,1632.4624999999942,1,0,2,72.4310788149807
2371,15650258,Sinclair,479.0,France,Female,26.0,2,113090.4,1,1,0,1632.4624999999942,0,0,2,69.27595580296662
2373,15578297,Ebelegbulam,515.5,Germany,Female,26.0,1,125537.38,1,1,0,1632.4624999999942,1,0,2,76.90062099435696
2374,15671789,Woods,515.5,France,Male,26.0,3,94263.91,2,1,0,1632.4624999999942,0,0,3,57.743384610672734
2375,15726186,Genovese,515.5,Spain,Male,26.0,4,133434.57,2,1,0,1632.4624999999942,0,0,3,81.73821450722481
2376,15764618,Tseng,515.5,Spain,Female,26.0,6,0.0,1,1,1,1632.4624999999942,0,0,3,0.0
2377,15730738,Chiang,515.5,Spain,Male,26.0,9,0.0,2,1,1,1632.4624999999942,0,0,4,0.0
2378,15637650,Williams,515.5,France,Male,26.0,9,94748.76,2,0,1,1632.4624999999942,0,0,3,58.04038990175905
2379,15606267,Wilson,515.5,France,Female,26.0,4,98640.74,1,1,1,1632.4624999999942,0,0,3,60.4245059228009
2381,15654463,Moore,515.5,France,Male,26.0,4,0.0,2,1,0,1632.4624999999942,0,1,3,0.0
2382,15774151,Iadanza,515.5,Spain,Female,26.0,7,179915.85,1,0,0,1632.4624999999942,1,0,1,110.21132185272289
2383,15693259,Wallace,515.5,France,Male,26.0,1,128207.23,1,1,1,1632.4624999999942,0,0,3,78.53609500983971
2384,15642468,Clark,515.5,France,Male,26.0,9,132739.26,2,0,0,1632.4624999999942,0,0,2,81.31228741854743
2385,15758531,Y?,515.5,France,Female,26.0,10,0.0,2,1,0,1632.4624999999942,0,1,3,0.0
2386,15728352,Yermakov,515.5,France,Male,26.0,4,120509.81,1,0,0,1632.4624999999942,0,0,1,73.8208749052431
2387,15637240,Wei,515.5,France,Male,26.0,4,124547.13,2,1,0,1632.4624999999942,0,0,3,76.2940220678885
2388,15595588,Chukwunonso,515.5,Spain,Female,26.0,4,0.0,2,0,1,1632.4624999999942,0,1,3,0.0
2389,15778395,McIntyre,515.5,Germany,Male,26.0,4,88815.56,2,1,0,1632.4624999999942,1,0,3,54.40588068638656
2390,15711825,Ts'ai,515.5,Spain,Female,26.0,1,82231.51,2,1,0,1632.4624999999942,0,0,3,50.37267931116352
2391,15599251,Chung,515.5,Germany,Male,26.0,7,184715.86,2,1,0,1632.4624999999942,0,0,3,113.15167117161995
2392,15570004,Tsou,515.5,France,Male,26.0,3,0.0,2,1,0,1632.4624999999942,0,1,3,0.0
2393,15656912,Aitken,515.5,Spain,Male,26.0,4,0.0,1,1,1,1632.4624999999942,0,1,3,0.0
2394,15657342,Dawson,515.5,Germany,Male,26.0,4,147972.19,1,1,0,1632.4624999999942,1,0,2,90.64354617640561
2395,15716284,Ward,515.5,France,Male,26.0,9,0.0,2,1,1,1632.4624999999942,0,0,4,0.0
2396,15672374,Pai,515.5,France,Male,26.0,8,170008.84,1,0,0,1632.4624999999942,1,0,1,104.14256989057978
2397,15732476,Ifeanyichukwu,515.5,France,Female,26.0,3,0.0,2,0,1,1632.4624999999942,0,1,3,0.0
2398,15747724,Briggs,515.5,Spain,Female,26.0,10,0.0,1,1,0,1632.4624999999942,0,0,2,0.0
2399,15633877,Morrison,515.5,Spain,Female,26.0,8,95386.82,1,1,1,1632.4624999999942,0,0,3,58.431247272142755
2400,15672516,Wall,515.5,Germany,Male,26.0,7,90373.28,2,1,0,1632.4624999999942,0,0,3,55.360095561153976
2401,15607827,Nebechukwu,515.5,Germany,Male,26.0,4,133467.77,2,1,1,1632.4624999999942,0,0,4,81.75855188097765
2402,15751336,Yao,515.5,Spain,Male,26.0,3,0.0,2,0,1,1632.4624999999942,0,0,3,0.0
2403,15646539,Liao,515.5,France,Male,26.0,3,96288.26,1,1,0,1632.4624999999942,0,0,2,58.98344372382235
2404,15756901,Ch'ang,515.5,France,Female,26.0,4,91547.84,2,0,1,1632.4624999999942,0,0,3,56.07959754052563
2405,15809286,Burke,515.5,Germany,Male,26.0,8,138292.64,2,0,0,1632.4624999999942,1,0,2,84.71412972732942
2406,15759021,Kay,515.5,France,Male,26.0,9,0.0,1,1,0,1632.4624999999942,0,1,2,0.0
2407,15725039,McIntyre,515.5,Spain,Male,26.0,8,71667.74,1,1,1,1632.4624999999942,0,0,3,43.90161489161329
2408,15579130,Chidiegwu,515.5,Germany,Female,26.0,0,118994.84,1,1,0,1632.4624999999942,1,0,2,72.89284746203997
2409,15754112,Musgrove,515.5,Spain,Male,26.0,7,0.0,2,1,1,1632.4624999999942,0,0,4,0.0
2410,15735522,Boulger,515.5,Germany,Male,26.0,2,145610.07,2,0,0,1632.4624999999942,0,0,2,89.19657878818076
2411,15613326,Gow,515.5,France,Female,26.0,1,138162.81,1,1,0,1632.4624999999942,0,0,2,84.63459956966882
2412,15739502,Amaechi,515.5,Germany,Female,26.0,9,135020.21,2,1,1,1632.4624999999942,0,0,4,82.70953237823257
2413,15670914,Robe,515.5,France,Male,26.0,2,0.0,2,1,0,1632.4624999999942,0,1,3,0.0
2415,15806027,Niu,515.5,France,Female,26.0,9,0.0,1,1,0,1632.4624999999942,1,1,2,0.0
2416,15574886,Palerma,515.5,France,Male,26.0,6,94486.47,1,1,1,1632.4624999999942,0,0,3,57.87971852339661
2417,15707120,Cocci,515.5,France,Male,26.0,9,117640.39,1,1,0,1632.4624999999942,0,0,2,72.06314999578883
2418,15800845,Artemieva,515.5,Spain,Female,26.0,8,111379.55,1,1,1,1632.4624999999942,0,0,3,68.22793785462171
2419,15603914,Arcuri,515.5,France,Male,26.0,6,0.0,1,1,1,1632.4624999999942,1,0,3,0.0
2420,15722765,Owen,515.5,Spain,Female,26.0,0,136820.99,1,0,1,1632.4624999999942,0,0,2,83.81263888144474
2421,15783305,Franklin,515.5,France,Female,26.0,7,98752.51,1,1,0,1632.4624999999942,0,0,2,60.49297303919713
2422,15574842,Lorenzo,515.5,Germany,Female,25.0,2,158266.42,3,1,1,1632.4624999999942,0,0,5,96.9494980742287
2423,15607837,Muriel,515.5,France,Female,26.0,4,105599.67,1,1,1,1632.4624999999942,0,0,3,64.68734810141144
2424,15714877,MacDevitt,515.5,France,Female,26.0,10,0.0,2,1,0,1632.4624999999942,0,1,3,0.0
2425,15782941,Chijindum,515.5,France,Male,26.0,2,0.0,2,1,1,1632.4624999999942,0,0,4,0.0
2426,15630167,Gibson,515.5,Spain,Female,26.0,4,139723.9,1,1,1,1632.4624999999942,0,0,3,85.59087881038646
2427,15759038,Whitehead,515.5,France,Female,26.0,3,141806.46,1,1,0,1632.4624999999942,0,0,2,86.86659571046839
2428,15661821,Johnstone,515.5,Germany,Female,26.0,5,132571.67,1,1,1,1632.4624999999942,1,0,3,81.20962656110048
2429,15728006,Endrizzi,515.5,France,Male,26.0,2,180516.9,1,1,0,1632.4624999999942,0,0,2,110.57950795194415
2430,15712176,Burke,515.5,France,Male,26.0,8,0.0,2,1,1,1632.4624999999942,0,0,4,0.0
2431,15689351,Johnson,515.5,Germany,Female,26.0,4,92805.72,1,0,1,1632.4624999999942,1,0,2,56.85013897715894
2432,15782247,Yeh,515.5,France,Male,22.0,4,0.0,3,1,1,1632.4624999999942,1,1,5,0.0
2433,15769064,Marshall,515.5,Germany,Male,26.0,3,135309.36,1,1,0,1632.4624999999942,1,0,2,82.88665742704686
2434,15718153,Kao,515.5,Spain,Female,26.0,6,128917.84,1,1,1,1632.4624999999942,0,0,3,78.97139444244536
2435,15613189,Browne,515.5,France,Female,26.0,2,56580.93,1,1,0,1632.4624999999942,1,0,2,34.65986508112756
2436,15661734,Taylor,515.5,Germany,Male,26.0,8,131390.75,2,1,0,1632.4624999999942,0,0,3,80.48622862699784
2437,15592645,Gibbons,515.5,Spain,Male,26.0,4,0.0,2,0,0,1632.4624999999942,0,0,2,0.0
2438,15768387,Nott,515.5,France,Male,26.0,8,0.0,2,0,0,1632.4624999999942,0,0,2,0.0
2439,15792525,Lei,515.5,Germany,Female,26.0,1,97361.66,1,1,1,1632.4624999999942,1,0,3,59.6409779703977
2440,15586976,Alexeeva,515.5,France,Female,26.0,6,0.0,1,1,0,1632.4624999999942,1,1,2,0.0
2441,15790659,Sheets,515.5,Spain,Male,26.0,7,0.0,2,0,1,1632.4624999999942,0,0,3,0.0
2442,15691446,Tokaryev,515.5,Spain,Male,26.0,10,0.0,2,1,1,1632.4624999999942,0,0,4,0.0
2443,15772632,Ts'ui,515.5,France,Female,26.0,1,0.0,2,1,0,1632.4624999999942,0,1,3,0.0
2444,15706587,Johnston,515.5,France,Male,26.0,0,0.0,2,0,1,1632.4624999999942,0,1,3,0.0
2445,15572461,Kung,515.5,Germany,Female,26.0,4,102714.65,2,0,0,1632.4624999999942,0,0,2,62.920067076579315
2446,15654409,Unwin,515.5,France,Female,26.0,5,67816.72,1,1,1,1632.4624999999942,0,0,3,41.54258979915327
2447,15568025,Hsueh,515.5,France,Male,26.0,8,81710.46,1,1,1,1632.4624999999942,0,0,3,50.053498931828635
2448,15715769,Hao,515.5,France,Male,26.0,2,75237.54,1,0,1,1632.4624999999942,0,0,2,46.08837262724275
2449,15667458,L?,515.5,Germany,Male,26.0,10,124023.18,1,1,0,1632.4624999999942,0,0,2,75.97306523120773
2450,15567980,Frater,515.5,Germany,Female,26.0,5,100727.5,1,0,1,1632.4624999999942,1,0,2,61.70279562317686
2451,15679294,Brennan,515.5,France,Female,26.0,10,107238.85,2,1,0,1632.4624999999942,0,0,3,65.69146305045315
2452,15606507,Pisani,515.5,France,Male,24.0,5,0.0,2,1,0,1632.4624999999942,0,0,3,0.0
2453,15578825,Golubev,515.5,France,Female,26.0,0,139994.66,1,1,0,1632.4624999999942,0,0,2,85.75673866934187
2454,15619935,Vanmeter,515.5,Spain,Female,26.0,9,126224.87,1,1,1,1632.4624999999942,0,0,3,77.32175777391545
2455,15636089,Hs?,515.5,Germany,Female,26.0,1,145751.03,1,0,0,1632.4624999999942,1,0,1,89.28292686662053
2456,15727490,Scott,515.5,France,Male,26.0,5,0.0,1,0,1,1632.4624999999942,1,1,2,0.0
2457,15591766,Crawford,515.5,Spain,Female,25.0,4,121166.89,1,0,1,1632.4624999999942,0,0,2,74.2233833855298
2458,15641629,P'eng,515.5,Spain,Female,26.0,1,0.0,2,0,1,1632.4624999999942,0,0,3,0.0
2459,15813303,Rearick,513.0,Spain,Male,26.0,10,0.0,2,1,1,1632.4624999999942,0,0,4,0.0
2460,15756920,Genovesi,515.5,France,Male,26.0,9,70655.48,1,0,0,1632.4624999999942,1,0,1,43.281533266461096
2461,15726403,Glenny,515.5,Germany,Male,26.0,1,129901.21,1,1,0,1632.4624999999942,1,0,2,79.57377887700359
2462,15592765,Marks,515.5,France,Male,26.0,8,125470.81,1,1,1,1632.4624999999942,0,0,3,76.85984210969652
2463,15704442,Fleming,515.5,France,Female,26.0,9,169406.33,4,1,1,1632.4624999999942,1,0,6,103.77348943697058
2464,15641136,Davison,515.5,France,Male,26.0,2,0.0,2,0,1,1632.4624999999942,0,0,3,0.0
2465,15725818,Chibuzo,515.5,Germany,Male,26.0,4,107041.3,1,1,1,1632.4624999999942,0,0,3,65.57044955090876
2466,15612071,Wilson,515.5,Spain,Female,26.0,10,95153.77,1,0,1,1632.4624999999942,0,0,2,58.28848748439878
2467,15719809,Endrizzi,515.5,Germany,Male,26.0,3,145166.09,2,0,0,1632.4624999999942,0,0,2,88.92460929424138
2468,15716518,Yuryeva,515.5,France,Female,26.0,4,0.0,2,0,0,1632.4624999999942,0,1,2,0.0
2469,15742210,Ugochukwu,515.5,France,Male,26.0,9,65962.63,1,1,1,1632.4624999999942,0,0,3,40.406827109351816
2470,15630617,Lo Duca,515.5,Germany,Male,26.0,6,140418.81,1,1,1,1632.4624999999942,1,0,3,86.0165608704644
2471,15720838,Gallo,515.5,Spain,Female,26.0,3,139799.63,1,0,1,1632.4624999999942,0,0,2,85.63726884997389
2472,15595537,Trout,515.5,Germany,Male,26.0,9,171787.84,2,1,0,1632.4624999999942,0,0,3,105.2323345865529
2473,15623196,Morley,515.5,France,Male,26.0,6,149238.97,1,1,1,1632.4624999999942,0,0,3,91.41953949937627
2474,15679249,Chou,380.5,Germany,Female,26.0,4,163146.46,1,1,0,1632.4624999999942,1,0,2,99.9388714901571
2475,15693199,Shao,515.5,France,Female,26.0,8,0.0,2,1,0,1632.4624999999942,1,1,3,0.0
2476,15661219,Trentino,515.5,France,Male,26.0,10,0.0,2,1,0,1632.4624999999942,0,1,3,0.0
2477,15617136,Mazzanti,451.0,Germany,Female,26.0,9,61482.47,1,1,1,1632.4624999999942,0,0,3,37.66240878427543
2478,15760294,Endrizzi,512.0,France,Female,26.0,8,145150.28,1,1,0,1632.4624999999942,1,0,2,88.91492453884884
2479,15652808,Monaldo,515.5,France,Female,26.0,5,126670.37,1,1,0,1632.4624999999942,0,0,2,77.59465837653266
2480,15657139,Otutodilinna,515.5,France,Female,26.0,8,84390.8,2,0,1,1632.4624999999942,0,0,3,51.69539882233148
2481,15803790,Allen,515.5,Germany,Male,26.0,2,89728.86,2,1,1,1632.4624999999942,0,0,4,54.96534223603931
2482,15764105,Milne,475.0,France,Female,26.0,1,0.0,2,1,0,1632.4624999999942,0,0,3,0.0
2483,15672610,Somadina,515.5,Spain,Male,26.0,4,118628.8,1,0,0,1632.4624999999942,0,0,1,72.66862179069989
2484,15766896,Chieloka,515.5,France,Male,26.0,3,0.0,2,1,0,1632.4624999999942,0,0,3,0.0
2485,15587735,Chukwuebuka,515.5,France,Male,26.0,6,96863.13,1,1,1,1632.4624999999942,0,0,3,59.33559270121081
2486,15659501,Chioke,515.5,France,Female,26.0,6,142263.45,1,0,1,1632.4624999999942,0,0,2,87.1465347596043
2487,15745001,Kovalev,515.5,Spain,Female,26.0,7,0.0,2,1,0,1632.4624999999942,0,1,3,0.0
2488,15651140,Doherty,515.5,France,Female,26.0,3,0.0,1,1,0,1632.4624999999942,0,0,2,0.0
2489,15571148,Baranov,515.5,Spain,Female,21.0,1,0.0,2,0,0,1632.4624999999942,0,0,2,0.0
2490,15776824,Rossi,515.5,France,Male,26.0,6,122724.37,1,1,1,1632.4624999999942,0,0,3,75.17745124313755
2491,15633141,Robinson,515.5,Germany,Female,26.0,4,174902.26,1,1,0,1632.4624999999942,0,0,2,107.14013951315918
2492,15764174,Bidencope,515.5,Spain,Female,26.0,4,0.0,2,1,1,1632.4624999999942,0,1,4,0.0
2493,15778155,T'ien,515.5,Germany,Female,26.0,3,108914.17,1,1,1,1632.4624999999942,1,0,3,66.71771633345354
2495,15671917,Wade,515.5,France,Male,26.0,5,123873.19,1,1,1,1632.4624999999942,0,0,3,75.88118563213577
2496,15666548,Chung,466.0,Germany,Female,26.0,2,111920.13,3,1,0,1632.4624999999942,1,0,4,68.55908175532387
2497,15625623,Stevenson,515.5,France,Female,26.0,4,0.0,2,0,1,1632.4624999999942,0,1,3,0.0
2499,15648735,Cashin,515.5,France,Male,26.0,8,0.0,2,1,1,142.81,0,0,4,0.0
2500,15634974,Seppelt,515.5,France,Female,26.0,8,75150.34,4,0,1,1632.4624999999942,1,0,5,46.034956392566606
2501,15713378,Brownless,515.5,France,Male,26.0,10,0.0,2,0,0,1632.4624999999942,0,0,2,0.0
2502,15753370,McDonald,515.5,Germany,Female,26.0,5,114753.76,1,1,0,1632.4624999999942,0,0,2,70.294882730844
2503,15782659,Mamelu,515.5,France,Male,26.0,0,0.0,1,1,0,1632.4624999999942,0,1,2,0.0
2504,15583364,McGregor,476.0,France,Female,26.0,6,111871.93,1,0,0,1632.4624999999942,0,0,1,68.52955580909233
2505,15625942,McDonald,515.5,Spain,Female,26.0,0,0.0,2,0,0,1632.4624999999942,0,1,2,0.0
2506,15720284,Crawford,515.5,Germany,Female,26.0,4,135927.06,1,0,0,1632.4624999999942,0,0,1,83.26504284171948
2507,15679642,Feng,515.5,Spain,Male,26.0,8,0.0,2,1,1,1632.4624999999942,0,0,4,0.0
2508,15628007,Genovese,515.5,France,Male,26.0,1,0.0,2,0,0,1632.4624999999942,0,0,2,0.0
2509,15661974,Pirozzi,515.5,France,Male,26.0,2,57037.74,1,1,1,1632.4624999999942,0,0,3,34.93969386739371
2510,15689341,Gibbs,515.5,France,Female,26.0,10,0.0,4,1,0,1632.4624999999942,1,1,5,0.0
2511,15607993,Milne,515.5,France,Female,26.0,2,79468.96,1,1,1,1632.4624999999942,0,0,3,48.68041991776246
2512,15693267,Dickson,515.5,Germany,Female,26.0,7,121063.85,1,1,0,1632.4624999999942,0,0,2,74.16026401831616
2513,15769522,O'Connor,515.5,France,Male,26.0,1,118537.47,1,1,1,1632.4624999999942,0,0,3,72.61267563573462
2514,15755825,McGuirk,515.5,France,Male,26.0,10,0.0,2,1,0,1632.4624999999942,0,1,3,0.0
2515,15598175,Toscani,515.5,Germany,Female,26.0,4,105082.07,2,1,0,1632.4624999999942,0,0,3,64.37028109374664
2516,15744327,Ruth,515.5,France,Male,26.0,4,0.0,1,1,0,1632.4624999999942,1,0,2,0.0
2517,15798666,Hughes,515.5,France,Female,26.0,6,0.0,2,1,1,1632.4624999999942,0,0,4,0.0
2518,15577064,Onyekaozulu,515.5,Germany,Male,26.0,2,104702.65,2,1,0,1632.4624999999942,0,0,3,64.13785921575557
2519,15759436,Aksenov,515.5,France,Female,26.0,2,95813.76,3,1,1,1632.4624999999942,1,0,5,58.69277854774633
2520,15690231,K'ung,515.5,Spain,Female,26.0,0,167026.61,2,1,1,1632.4624999999942,0,0,4,102.31574079037073
2521,15751561,Meng,498.0,Germany,Male,26.0,7,102453.26,1,1,0,1632.4624999999942,1,0,2,62.7599470125656
2522,15739068,Nwoye,515.5,Germany,Male,25.0,4,148045.45,2,1,1,1632.4624999999942,0,0,4,90.68842316439155
2523,15758056,Calabresi,515.5,France,Male,26.0,1,0.0,2,0,0,1632.4624999999942,0,1,2,0.0
2524,15742269,Milano,515.5,France,Female,24.0,1,0.0,2,1,0,1632.4624999999942,0,1,3,0.0
2525,15726490,Kirby,515.5,Spain,Male,26.0,4,0.0,1,1,1,1632.4624999999942,1,0,3,0.0
2526,15738411,Ho,505.0,France,Male,26.0,10,104498.79,1,0,1,1632.4624999999942,0,0,2,64.01298039005512
2527,15727919,Chukwuemeka,515.5,Spain,Female,26.0,6,0.0,2,0,0,1632.4624999999942,0,0,2,0.0
2528,15709396,Hale,515.5,France,Male,26.0,6,0.0,2,1,1,1632.4624999999942,0,0,4,0.0
2529,15654106,K?,515.5,France,Male,26.0,8,149542.52,2,0,1,1632.4624999999942,0,0,3,91.6054855777701
2530,15621653,Rice,515.5,France,Female,26.0,10,87946.39,1,1,1,1632.4624999999942,0,0,3,53.873451916966125
2531,15598086,Brown,515.5,France,Female,26.0,3,68639.57,1,1,0,1632.4624999999942,1,0,2,42.0466442567595
2532,15752300,Sagese,515.5,Germany,Male,26.0,4,148826.32,1,1,1,1632.4624999999942,0,0,3,91.1667618704874
2533,15658693,Aksyonova,515.5,France,Female,26.0,2,0.0,2,0,1,1632.4624999999942,0,0,3,0.0
2534,15631838,Findlay,515.5,France,Male,26.0,5,108166.09,2,0,1,1632.4624999999942,0,0,3,66.25946384679611
2535,15803804,Walker,515.5,Germany,Female,26.0,5,103214.71,1,1,0,1632.4624999999942,0,0,2,63.22638958015904
2536,15578809,Hao,515.5,Germany,Male,26.0,1,134760.21,2,0,0,1632.4624999999942,1,0,2,82.55026378860187
2537,15752026,Hammer,515.5,France,Male,26.0,3,0.0,1,0,1,1632.4624999999942,1,1,2,0.0
2538,15723706,Abbott,515.5,France,Female,26.0,0,90124.64,1,1,0,1632.4624999999942,0,0,2,55.20778578374714
2539,15752838,Lucas,515.5,Spain,Male,26.0,6,0.0,2,1,1,1632.4624999999942,0,0,4,0.0
2540,15569571,Davydova,515.5,Germany,Female,26.0,6,87361.02,2,1,0,1632.4624999999942,1,0,3,53.514870938842584
2541,15769703,West,515.5,Germany,Female,26.0,8,111257.59,1,0,0,1632.4624999999942,1,0,1,68.15322863465494
2542,15679770,Smith,515.5,France,Female,26.0,3,131583.59,4,0,1,1632.4624999999942,1,0,5,80.60435691478393
2543,15791102,Mai,515.5,Germany,Male,26.0,9,95020.8,3,1,1,1632.4624999999942,1,0,5,58.20703385223265
2544,15655192,Fiorentino,515.5,Spain,Female,24.0,1,0.0,2,0,1,1632.4624999999942,0,0,3,0.0
2545,15709487,Freeman,515.5,Germany,Male,26.0,5,80242.37,2,0,0,1632.4624999999942,0,0,2,49.154188840478895
2546,15687130,Nkemjika,515.5,France,Female,26.0,0,0.0,1,1,1,1632.4624999999942,0,1,3,0.0
2547,15755178,Ramos,515.5,France,Male,26.0,1,0.0,3,1,1,1632.4624999999942,1,1,5,0.0
2548,15634772,Mario,515.5,Spain,Female,26.0,0,122661.39,1,0,1,1632.4624999999942,0,0,2,75.13887149015702
2549,15617197,Chien,515.5,France,Male,26.0,4,0.0,2,1,1,1632.4624999999942,1,0,4,0.0
2550,15631240,Dubinina,515.5,France,Female,26.0,8,0.0,2,1,1,1632.4624999999942,1,0,4,0.0
2551,15784301,Wang,515.5,France,Male,26.0,0,0.0,2,1,0,1632.4624999999942,0,0,3,0.0
2552,15631310,Hsieh,515.5,France,Female,26.0,3,0.0,1,1,1,1632.4624999999942,0,0,3,0.0
2553,15756560,Moran,515.5,Spain,Female,26.0,7,81742.84,2,1,0,1632.4624999999942,0,0,3,50.073333996952634
2554,15732270,Hung,515.5,Spain,Male,26.0,8,0.0,1,1,1,1632.4624999999942,1,1,3,0.0
2555,15739357,Moss,515.5,Spain,Male,26.0,2,145127.85,1,0,0,1632.4624999999942,0,0,1,88.9011845601357
2556,15771540,Fedorova,515.5,France,Male,26.0,9,148912.44,1,1,0,1632.4624999999942,0,0,2,91.21951652794507
2557,15567486,Li,515.5,Spain,Female,26.0,4,0.0,2,1,1,1632.4624999999942,0,1,4,0.0
2558,15714634,Nebechi,515.5,France,Male,26.0,4,89900.24,2,1,0,1632.4624999999942,0,0,3,55.07032473946588
2559,15727021,Obialo,515.5,Germany,Female,26.0,8,119027.28,2,1,1,1632.4624999999942,0,0,4,72.91271928145389
2560,15650670,Bateson,515.5,Germany,Female,26.0,2,105222.86,2,1,0,1632.4624999999942,0,0,3,64.45652503503166
2561,15711834,Long,515.5,Spain,Female,26.0,6,0.0,1,0,0,1632.4624999999942,1,0,1,0.0
2562,15729763,Nelson,515.5,Spain,Male,26.0,1,116114.93,1,1,1,1632.4624999999942,0,0,3,71.12869667756559
2563,15646566,Bell,515.5,France,Female,26.0,9,187911.55,1,0,1,1632.4624999999942,0,0,2,115.1092597839158
2564,15645463,Udinese,515.5,France,Female,26.0,5,0.0,2,1,1,1632.4624999999942,0,0,4,0.0
2565,15672144,Mao,515.5,France,Female,26.0,6,144432.04,1,1,1,1632.4624999999942,1,0,3,88.47495118570903
2566,15596088,Fanucci,515.5,France,Female,26.0,4,77065.9,2,0,1,1632.4624999999942,0,0,3,47.20837385238575
2567,15614878,Yeh,515.5,Germany,Female,26.0,6,180520.29,1,1,1,1632.4624999999942,0,0,3,110.58158456932435
2568,15635240,Onuoha,515.5,France,Male,26.0,1,0.0,2,0,0,1632.4624999999942,0,0,2,0.0
2569,15775905,Moore,515.5,Germany,Female,26.0,6,130024.87,1,1,1,1632.4624999999942,1,0,3,79.64952946851794
2570,15700657,Thornton,515.5,Germany,Female,26.0,2,110086.69,1,1,0,1632.4624999999942,0,0,2,67.4359686669681
2571,15611905,Warlow-Davies,513.0,Spain,Female,26.0,5,174853.46,1,1,0,1632.4624999999942,0,0,2,107.1102460240285
2572,15652527,Champion,515.5,France,Male,26.0,7,108724.98,1,0,1,1632.4624999999942,0,0,2,66.60182393163726
2573,15785865,Mazzanti,515.5,France,Male,26.0,9,91285.13,2,1,1,1632.4624999999942,0,0,4,55.91866888213379
2574,15645942,Macleod,515.5,Spain,Male,26.0,2,0.0,2,1,1,1632.4624999999942,0,1,4,0.0
2575,15688691,Lei,515.5,Germany,Female,26.0,9,110610.41,2,0,1,1112.76,1,0,3,99.40185664473921
2576,15592736,Lucchese,515.5,Germany,Male,26.0,5,102994.04,1,1,0,1632.4624999999942,1,0,2,63.09121342756747
2577,15673529,Lombardo,515.5,Spain,Male,26.0,4,59893.85,2,1,0,1632.4624999999942,0,0,3,36.689265450201894
2578,15724145,William,515.5,Germany,Male,26.0,8,149318.55,1,1,0,1632.4624999999942,0,0,2,91.46828793923322
2579,15704629,Wright,515.5,France,Female,26.0,1,116409.55,1,0,1,1632.4624999999942,0,0,2,71.30917249247712
2580,15597896,Ozoemena,380.5,Germany,Male,26.0,0,127760.07,1,1,0,1632.4624999999942,1,0,2,78.26217753853486
2581,15731790,Boyle,515.5,Germany,Female,26.0,6,132591.36,1,1,1,1632.4624999999942,1,0,3,81.22168809390749
2582,15634719,Chinwendu,515.5,France,Male,26.0,0,0.0,2,1,0,1632.4624999999942,0,1,3,0.0
2583,15703205,Uwaezuoke,515.5,France,Female,26.0,5,113402.14,2,1,1,1632.4624999999942,0,0,4,69.46691884193383
2584,15567333,Archambault,515.5,France,Female,26.0,7,0.0,2,1,0,1632.4624999999942,0,1,3,0.0
2585,15754537,Ko,515.5,France,Male,26.0,0,0.0,1,0,0,1632.4624999999942,0,0,1,0.0
2586,15612030,Udegbulam,515.5,France,Male,26.0,9,0.0,2,1,1,1632.4624999999942,0,1,4,0.0
2587,15573242,Greene,515.5,France,Male,26.0,6,136953.47,1,1,1,1632.4624999999942,0,0,3,83.89379235357657
2588,15601892,Hunter,515.5,France,Male,26.0,8,0.0,2,0,1,1632.4624999999942,0,0,3,0.0
2589,15663885,Blinova,515.5,France,Male,26.0,5,0.0,1,1,1,1632.4624999999942,0,0,3,0.0
2590,15701096,De Garis,515.5,France,Male,26.0,8,123863.64,1,1,0,1632.4624999999942,0,0,2,75.87533557432434
2592,15790846,Ts'ai,515.5,Germany,Male,26.0,2,148430.55,1,1,1,1632.4624999999942,0,0,3,90.92432444849454
2593,15658956,Tuan,505.0,Germany,Male,26.0,6,47869.69,2,1,1,1632.4624999999942,0,0,4,29.32360773984099
2594,15755223,Tseng,515.5,Germany,Male,26.0,7,150926.99,2,0,0,1632.4624999999942,0,0,2,92.4535724404086
2595,15787318,Holmwood,515.5,Germany,Female,26.0,6,103163.35,1,1,0,1632.4624999999942,1,0,2,63.19492790799199
2596,15737310,Thompson,515.5,France,Male,26.0,10,130206.28,1,1,0,1632.4624999999942,0,0,2,79.76065606407526
2597,15763665,Y?,515.5,France,Female,26.0,4,136674.51,2,0,0,1632.4624999999942,0,0,2,83.72290940833281
2598,15668818,Chidubem,515.5,Spain,Female,26.0,2,200322.45,1,1,1,1632.4624999999942,0,0,3,122.71182339563741
2599,15765812,Trevisani,515.5,Spain,Male,26.0,1,0.0,2,1,1,1632.4624999999942,0,0,4,0.0
2600,15704844,Hsiung,515.5,Spain,Male,26.0,7,80927.56,1,0,1,1632.4624999999942,0,0,2,49.573916705590655
2602,15616700,Leach,515.5,Spain,Female,26.0,9,0.0,2,1,1,1632.4624999999942,0,1,4,0.0
2603,15683521,Godfrey,515.5,Germany,Male,26.0,0,142574.71,2,1,0,1632.4624999999942,0,0,3,87.33720376425217
2604,15583049,Wallace,515.5,Germany,Female,26.0,7,160426.07,1,0,1,1632.4624999999942,0,0,2,98.27243811113614
2605,15643752,Wei,515.5,France,Male,25.0,5,116160.23,1,1,0,1632.4624999999942,0,0,2,71.15644616645125
2606,15620398,Mitchell,515.5,Spain,Female,26.0,5,98683.47,2,1,0,1632.4624999999942,0,0,3,60.4506811029352
2607,15715707,Light,515.5,France,Male,26.0,3,118829.03,2,1,1,1632.4624999999942,0,0,4,72.79127698186049
2608,15814209,Capon,515.5,France,Male,26.0,1,118870.92,1,1,0,1632.4624999999942,0,0,2,72.81693760193599
2609,15733768,Hou,515.5,France,Male,26.0,1,0.0,1,1,1,1632.4624999999942,0,1,3,0.0
2610,15755242,Rowe,515.5,France,Female,26.0,2,0.0,1,1,1,1632.4624999999942,0,1,3,0.0
2611,15729412,Holloway,515.5,France,Male,26.0,4,107192.38,1,1,1,1632.4624999999942,0,0,3,65.66299685291416
2612,15746564,O'Sullivan,515.5,France,Male,26.0,3,108010.78,1,1,1,1632.4624999999942,0,0,3,66.16432536735171
2613,15588446,Udinesi,515.5,Spain,Male,26.0,3,0.0,2,0,0,1632.4624999999942,0,1,2,0.0
2614,15665221,Nwebube,515.5,France,Male,26.0,7,129837.72,2,0,1,1632.4624999999942,0,0,3,79.53488671255876
2615,15640846,Chibueze,515.5,Germany,Female,26.0,3,106458.31,4,1,0,1632.4624999999942,1,0,5,65.21332649295184
2616,15700209,Walker,486.0,France,Male,26.0,9,97009.15,1,1,1,1632.4624999999942,0,0,3,59.4250403914334
2617,15658360,Gregory,515.5,Spain,Male,26.0,9,122929.42,2,0,0,1632.4624999999942,0,0,2,75.3030590289213
2618,15602735,Kuo,515.5,Germany,Male,26.0,6,152296.83,4,0,1,1632.4624999999942,1,0,5,93.29269738202288
2619,15724834,Wilson,498.0,France,Female,26.0,1,0.0,2,0,0,1632.4624999999942,0,1,2,0.0
2620,15800062,Lanford,515.5,Spain,Male,26.0,8,0.0,1,0,0,1632.4624999999942,1,0,1,0.0
2621,15685300,Meng,515.5,France,Male,26.0,6,128993.76,2,1,0,1632.4624999999942,0,0,3,79.01790087061752
2622,15760102,Yeh,515.5,France,Female,26.0,5,0.0,1,1,0,1632.4624999999942,0,1,2,0.0
2623,15787026,Onwuatuegwu,515.5,Germany,Male,26.0,0,185267.45,2,1,1,1632.4624999999942,0,0,4,113.4895594845215
2624,15653696,Goliwe,515.0,France,Female,26.0,9,0.0,2,0,0,1632.4624999999942,0,0,2,0.0
2625,15788946,Anthony,515.5,Spain,Female,26.0,3,116805.82,1,0,0,1632.4624999999942,0,0,1,71.55191620021925
2626,15600724,Scott,515.5,Germany,Male,26.0,5,129750.68,1,1,0,1632.4624999999942,0,0,2,79.4815684893224
2627,15574324,Genovese,515.5,Germany,Female,26.0,2,129177.01,2,0,1,1632.4624999999942,0,0,3,79.13015459773223
2628,15707144,Onyeorulu,515.5,Germany,Male,25.0,6,82506.72,2,1,0,1632.4624999999942,0,0,3,50.54126511328762
2629,15775891,Myers,515.5,Germany,Male,26.0,2,107247.69,1,1,1,1632.4624999999942,1,0,3,65.6968781825006
2630,15711789,Davey,515.5,Spain,Female,26.0,3,0.0,1,0,0,1632.4624999999942,1,1,1,0.0
2631,15600879,Parsons,515.5,Germany,Female,26.0,3,157780.93,2,1,0,1632.4624999999942,0,0,3,96.65210073738328
2632,15681196,Chikere,515.5,France,Male,26.0,1,172170.36,1,1,1,1632.4624999999942,0,0,3,105.46665543618955
2633,15716000,Hs?eh,515.5,Spain,Male,26.0,2,0.0,2,1,1,1632.4624999999942,0,0,4,0.0
2634,15766776,Sal,515.5,France,Male,26.0,1,0.0,1,1,1,1632.4624999999942,0,1,3,0.0
2635,15680278,Ts'ai,515.5,Spain,Female,26.0,9,75361.44,1,1,0,1632.4624999999942,1,0,2,46.16427023591677
2636,15688637,Witt,515.5,France,Female,26.0,4,0.0,2,1,1,1632.4624999999942,0,1,4,0.0
2637,15591179,Skelton,515.5,Spain,Male,26.0,2,0.0,2,1,1,1632.4624999999942,0,1,4,0.0
2638,15677435,Kazantseva,515.5,France,Female,26.0,0,98263.46,2,1,0,1632.4624999999942,0,0,3,60.193394947816785
2639,15698619,Bowhay,515.5,France,Male,26.0,9,0.0,2,1,1,1632.4624999999942,0,0,4,0.0
2640,15581036,Beyer,515.5,Germany,Female,26.0,3,109308.79,2,1,0,1632.4624999999942,1,0,3,66.959449298223
2641,15622117,Fries,515.5,Spain,Female,26.0,8,0.0,2,1,0,1632.4624999999942,0,1,3,0.0
2642,15599301,Tao,515.5,Germany,Female,26.0,6,164365.44,1,0,1,1632.4624999999942,0,0,2,100.68558389549567
2644,15586870,Ni,515.5,France,Male,26.0,4,193125.85,1,1,1,1632.4624999999942,0,0,3,118.30339134895944
2645,15735263,Hsueh,515.5,France,Male,26.0,5,51522.75,1,0,1,1632.4624999999942,0,0,2,31.56136817844219
2646,15765322,Connely,515.5,France,Male,23.0,5,84284.48,2,1,1,1632.4624999999942,0,0,4,51.63027022060249
2647,15582944,Becker,425.0,Spain,Female,26.0,5,0.0,2,1,0,1632.4624999999942,0,1,3,0.0
2648,15687162,Clayton,461.0,France,Male,26.0,9,119889.84,1,0,0,1632.4624999999942,1,0,1,73.4410989532687
2650,15612615,Graham,515.5,France,Female,26.0,6,0.0,2,1,0,1632.4624999999942,0,0,3,0.0
2651,15813439,Ch'ien,515.5,France,Male,26.0,5,100116.82,1,1,0,1632.4624999999942,0,0,2,61.328710460424276
2652,15604544,Manfrin,515.5,Germany,Male,26.0,4,166082.15,2,0,1,1632.4624999999942,0,0,3,101.73719151282225
2653,15761348,Kuo,515.5,France,Female,26.0,0,0.0,2,1,0,1632.4624999999942,0,1,3,0.0
2654,15785078,Fomin,515.5,Spain,Male,26.0,3,0.0,1,1,0,1632.4624999999942,0,0,2,0.0
2655,15759874,Chamberlain,515.5,France,Male,26.0,3,148595.55,1,1,0,1632.4624999999942,1,0,2,91.02539874576017
2656,15643658,Barber,515.5,Germany,Male,26.0,2,94078.97,2,1,0,1632.4624999999942,0,0,3,57.630095637725425
2657,15713267,Zimmer,515.5,Spain,Female,26.0,5,0.0,2,0,1,1632.4624999999942,0,1,3,0.0
2658,15737782,Brazenor,515.5,France,Male,26.0,9,0.0,1,1,1,1632.4624999999942,0,0,3,0.0
2659,15815490,Cocci,515.5,Germany,Male,26.0,2,164948.98,3,0,0,1632.4624999999942,1,0,3,101.0430438677768
2660,15679410,Caldwell,515.5,France,Female,26.0,4,140549.4,1,1,0,1632.4624999999942,1,0,2,86.09655658246392
2661,15756241,Yirawala,515.5,France,Female,26.0,2,152509.25,1,1,1,1632.4624999999942,0,0,3,93.42281981975117
2662,15688409,Donaldson,515.5,France,Female,26.0,2,191864.51,1,1,0,1632.4624999999942,1,0,2,117.53073041494105
2663,15742272,Ozerova,515.5,France,Female,26.0,8,96418.09,1,0,0,1632.4624999999942,1,0,1,59.06297388148294
2664,15717898,Bruce,515.5,Spain,Male,26.0,2,131945.94,1,0,1,1632.4624999999942,0,0,2,80.82632219729426
2665,15769582,Kang,515.5,France,Male,26.0,3,0.0,2,1,1,1632.4624999999942,0,1,4,0.0
2666,15635660,Rossi,515.5,Germany,Male,26.0,9,142910.15,1,1,0,1632.4624999999942,1,0,2,87.5426847477357
2667,15576723,Ts'ai,515.5,France,Female,26.0,7,0.0,2,1,1,1632.4624999999942,0,1,4,0.0
2668,15591577,Moran,515.5,France,Male,26.0,3,146311.58,1,1,1,1632.4624999999942,0,0,3,89.62630382014932
2669,15582325,Jennings,515.5,France,Male,26.0,2,87894.26,1,1,0,1632.4624999999942,1,0,2,53.841518564745165
2671,15760446,Pagnotto,515.5,France,Female,26.0,9,0.0,1,0,1,1632.4624999999942,1,0,2,0.0
2672,15611105,Castella,515.5,Spain,Male,26.0,7,0.0,2,0,1,1632.4624999999942,0,1,3,0.0
2673,15630920,Du Cane,515.5,France,Male,26.0,2,154485.74,2,0,0,1632.4624999999942,0,0,2,94.63356126097877
2674,15574910,Ferguson,515.5,France,Male,26.0,2,115625.07,1,1,0,1632.4624999999942,0,0,2,70.82862240327138
2675,15756472,Odinakachukwu,515.5,France,Male,25.0,7,108396.67,1,1,0,1632.4624999999942,0,0,2,66.40071058293859
2676,15682890,Woronoff,515.5,Germany,Male,26.0,5,65095.41,2,1,1,1632.4624999999942,0,0,4,39.87559285435361
2677,15641994,Meng,515.5,Germany,Male,26.0,1,103018.45,1,1,0,1632.4624999999942,1,0,2,63.1061662978478
2678,15733297,Sinclair,515.5,France,Female,26.0,10,84764.79,1,1,1,1632.4624999999942,0,0,3,51.92449443708526
2679,15767793,Hsu,515.5,France,Female,26.0,10,0.0,2,1,0,1632.4624999999942,0,0,3,0.0
2680,15725698,Panicucci,515.5,Spain,Female,26.0,4,115680.81,1,1,1,1632.4624999999942,0,0,3,70.86276713860221
2681,15813532,Burns,515.5,France,Female,26.0,5,0.0,2,1,0,1632.4624999999942,0,0,3,0.0
2682,15576760,Onodugoadiegbemma,515.5,Germany,Male,26.0,5,73088.06,2,0,0,1632.4624999999942,0,0,2,44.771662442475865
2683,15732102,Darling,515.5,Germany,Female,26.0,3,150905.03,2,1,0,1632.4624999999942,0,0,3,92.4401203702998
2685,15631927,Thomas,515.5,Spain,Female,26.0,7,0.0,2,0,0,1632.4624999999942,0,1,2,0.0
2686,15672115,Lettiere,515.5,France,Male,26.0,6,0.0,2,1,1,1632.4624999999942,0,0,4,0.0
2687,15618765,Ponomaryov,515.5,Germany,Female,26.0,0,99948.45,1,0,1,1632.4624999999942,0,0,2,61.225571797208424
2688,15679148,Oliver,508.0,France,Male,26.0,3,115451.05,2,0,0,1632.4624999999942,0,0,2,70.72202271108857
2689,15728474,Chienezie,515.5,Germany,Male,26.0,4,108235.91,1,1,1,1632.4624999999942,0,0,3,66.30223358882694
2690,15636999,Mao,414.0,France,Male,26.0,8,0.0,1,0,1,1632.4624999999942,1,0,2,0.0
2691,15754261,Ho,515.5,Spain,Male,26.0,2,98795.61,2,1,0,1632.4624999999942,0,0,3,60.51937487078592
2692,15629150,Lucchese,515.5,France,Female,26.0,1,0.0,2,1,0,1632.4624999999942,0,0,3,0.0
2693,15736274,Prokhorova,515.5,France,Male,26.0,8,0.0,2,0,0,1632.4624999999942,0,0,2,0.0
2694,15627697,Alekseyeva,515.5,France,Male,26.0,2,0.0,2,0,1,1632.4624999999942,0,0,3,0.0
2695,15721585,Blacklock,515.5,Germany,Male,26.0,3,113146.98,2,0,1,1632.4624999999942,0,0,3,69.31061509835625
2696,15639946,Sazonova,515.5,Germany,Female,26.0,8,162532.14,3,1,0,1632.4624999999942,1,0,4,99.56255656714968
2697,15792176,Henty,515.5,Spain,Female,26.0,0,92053.44,1,1,1,1632.4624999999942,0,0,3,56.38931369020748
2698,15699450,Li,515.5,France,Male,26.0,7,0.0,2,1,1,1632.4624999999942,0,1,4,0.0
2699,15729954,Azuka,515.5,France,Female,26.0,5,0.0,3,1,0,1632.4624999999942,1,1,4,0.0
2700,15600103,Alexander,515.5,Germany,Female,26.0,8,104944.1,1,1,1,1632.4624999999942,0,0,3,64.28576460408762
2701,15786200,Brock,515.5,France,Male,26.0,4,0.0,2,1,0,1632.4624999999942,0,0,3,0.0
2702,15797010,Shen,515.5,France,Female,26.0,2,0.0,2,1,0,1632.4624999999942,0,0,3,0.0
2703,15670172,Padovesi,515.5,France,Female,26.0,4,107879.04,1,0,1,1632.4624999999942,0,0,2,66.08362519812883
2704,15627352,Bulgakov,459.0,Germany,Male,26.0,7,110356.42,1,1,0,1632.4624999999942,1,0,2,67.60119757727996
2705,15622494,Mazzanti,515.5,France,Male,26.0,2,0.0,2,0,0,1632.4624999999942,0,0,2,0.0
2706,15585835,Lord,515.5,Spain,Female,26.0,4,109783.69,2,1,0,1632.4624999999942,0,0,3,67.25035950289848
2708,15628203,Pai,515.5,France,Female,26.0,3,104339.56,1,0,0,1632.4624999999942,0,0,1,63.9154406303363
2709,15667190,Yuan,515.5,Spain,Female,21.0,1,85818.18,1,1,1,1632.4624999999942,0,0,3,52.56977112797403
2710,15780212,Mao,515.5,France,Male,26.0,4,212692.97,1,0,0,1632.4624999999942,0,0,1,130.28965137024633
2711,15766869,Uspenskaya,515.5,Germany,Male,26.0,1,89696.84,2,1,1,1632.4624999999942,0,0,4,54.945727696654785
2712,15775741,Powell,515.5,France,Female,26.0,9,0.0,2,1,1,1632.4624999999942,0,1,4,0.0
2713,15628170,Brown,515.5,Germany,Female,26.0,9,68067.24,1,1,0,1632.4624999999942,0,0,2,41.69605121097743
2714,15701318,Poole,515.5,Spain,Male,26.0,9,148564.66,1,0,1,1632.4624999999942,0,0,2,91.00647641216906
2715,15710928,McChesney,515.5,France,Female,26.0,8,136354.16,1,1,1,1632.4624999999942,0,0,3,83.52667212876283
2716,15682547,Lucchese,515.5,France,Male,26.0,1,122214.0,1,0,1,1632.4624999999942,0,0,2,74.86481312740749
2717,15631170,Clements,515.5,France,Male,26.0,3,0.0,2,1,1,1632.4624999999942,0,0,4,0.0
2718,15648702,Yuriev,515.5,Germany,Male,26.0,6,119684.88,2,1,1,1632.4624999999942,0,0,4,73.31554629891984
2719,15783444,Endrizzi,515.5,France,Female,26.0,3,135139.33,1,0,1,1632.4624999999942,0,0,2,82.78250189514335
2720,15809178,Pan,515.5,Germany,Female,26.0,9,146100.75,1,1,0,1632.4624999999942,1,0,2,89.49715537110379
2721,15806688,Manfrin,515.5,Spain,Female,26.0,8,123110.9,3,0,1,1632.4624999999942,1,0,4,75.41422850448352
2722,15576824,Kennedy,515.5,Germany,Female,26.0,3,111760.4,3,1,1,1632.4624999999942,1,0,5,68.46123570985576
2723,15675422,Conway,515.5,France,Female,26.0,9,110728.39,1,1,1,1632.4624999999942,0,0,3,67.82905579760661
2724,15681550,Lablanc,515.5,France,Female,26.0,8,121558.46,1,1,1,598.8,0,0,3,203.00344021376088
2725,15812628,Dodd,453.0,Germany,Female,26.0,8,120623.21,1,1,0,1632.4624999999942,0,0,2,73.89034051318204
2726,15597951,Muir,471.0,France,Female,26.0,4,114713.57,1,1,1,1632.4624999999942,0,0,3,70.27026348231608
2727,15807045,Milanesi,515.5,Germany,Female,26.0,3,103457.76,1,0,0,1114.12,0,0,1,92.86051771801961
2728,15581748,Shen,515.5,Germany,Male,26.0,2,101134.87,2,1,1,1632.4624999999942,0,0,4,61.952338874553234
2729,15770420,Dillon,515.5,Germany,Male,26.0,10,78136.36,2,1,1,1632.4624999999942,0,0,4,47.86410713875527
2730,15608230,Hoelscher,515.5,France,Male,23.0,1,0.0,2,1,0,1632.4624999999942,0,0,3,0.0
2731,15730339,Bell,515.5,Spain,Male,26.0,3,133446.34,1,0,0,1632.4624999999942,0,0,1,81.74542447376308
2732,15712584,Liao,515.5,France,Female,26.0,7,0.0,2,1,1,1632.4624999999942,0,0,4,0.0
2733,15592816,Udokamma,515.5,Germany,Female,26.0,1,108076.33,1,1,0,1632.4624999999942,1,0,2,66.2044794290836
2734,15641480,Sinnett,515.5,France,Male,26.0,5,131354.25,1,1,0,1632.4624999999942,0,0,2,80.46386976729968
2735,15708505,Palerma,515.5,Germany,Female,26.0,7,62974.64,2,0,1,1632.4624999999942,0,0,3,38.57646959731095
2736,15791131,Chimaijem,515.5,Germany,Female,26.0,2,143340.44,1,1,0,1632.4624999999942,0,0,2,87.80626813785953
2737,15618225,Porter,515.5,Germany,Male,26.0,8,116993.43,2,1,0,1632.4624999999942,0,0,3,71.66684073906777
2738,15644724,Fan,472.0,France,Male,26.0,4,58662.92,2,0,1,1632.4624999999942,0,0,3,35.93523281545531
2739,15662098,Palmer,515.5,Spain,Male,26.0,3,128808.65,3,0,0,1632.4624999999942,1,0,3,78.90450776051546
2740,15723894,Younger,515.5,France,Male,26.0,7,137555.44,1,0,0,1632.4624999999942,0,0,1,84.26254201857654
2741,15787699,Burke,515.5,Germany,Male,26.0,4,142393.11,1,1,1,1632.4624999999942,0,0,3,87.2259607801101
2742,15687738,Nwagugheuzo,515.5,France,Female,26.0,8,0.0,2,1,0,1632.4624999999942,0,1,3,0.0
2743,15576126,Young,515.5,France,Female,26.0,2,125785.23,1,1,1,1632.4624999999942,0,0,3,77.05244684027991
2744,15658889,Watson,515.5,France,Male,22.0,4,136444.25,1,1,0,1632.4624999999942,1,0,2,83.58185869506987
2745,15667046,Tseng,515.5,Spain,Male,26.0,7,121527.4,1,1,0,1632.4624999999942,0,0,2,74.44422153648273
2746,15669957,Drake,515.5,Germany,Male,26.0,9,144696.75,1,1,1,1632.4624999999942,0,0,3,88.63710498709803
2747,15655794,Hanna,515.5,France,Male,26.0,8,0.0,2,1,1,1632.4624999999942,0,1,4,0.0
2748,15599829,Padovesi,515.5,France,Female,26.0,10,0.0,2,1,1,1632.4624999999942,0,0,4,0.0
2749,15753332,Loftus,401.0,Germany,Male,26.0,8,128140.17,1,1,0,1632.4624999999942,1,0,2,78.49501596514496
2750,15671124,Buccho,515.5,France,Male,25.0,6,120383.41,1,1,1,1632.4624999999942,0,0,3,73.74344586782264
2751,15767474,Lorenzo,481.0,France,Female,26.0,9,0.0,3,1,1,1632.4624999999942,1,1,5,0.0
2752,15720671,Ibezimako,515.5,France,Male,26.0,8,129735.3,2,1,1,1632.4624999999942,0,0,4,79.47214713967425
2753,15626787,Wei,515.5,Spain,Female,26.0,8,185078.26,1,0,0,1632.4624999999942,1,0,1,113.37366708270523
2754,15774491,Ross,480.0,France,Female,26.0,6,0.0,2,0,0,1632.4624999999942,0,0,2,0.0
2755,15579647,Oluchukwu,515.5,France,Male,26.0,0,0.0,1,1,1,1632.4624999999942,0,1,3,0.0
2756,15625522,Walker,515.5,Spain,Male,26.0,7,0.0,2,0,1,1632.4624999999942,0,1,3,0.0
2757,15765806,Wu,492.0,France,Male,26.0,1,144591.96,1,1,1,1632.4624999999942,0,0,3,88.57291361976186
2758,15566708,Chidalu,444.0,France,Female,26.0,4,0.0,2,1,0,1632.4624999999942,1,1,3,0.0
2759,15668347,Ingram,515.5,France,Male,26.0,6,0.0,2,0,0,1632.4624999999942,0,0,2,0.0
2760,15575214,Ch'en,515.5,France,Male,26.0,7,0.0,1,1,0,1632.4624999999942,0,1,2,0.0
2761,15591123,Iredale,515.5,Germany,Male,26.0,2,100194.44,1,1,1,1632.4624999999942,0,0,3,61.37625826014402
2762,15573280,Gallagher,515.5,Germany,Male,26.0,6,145295.31,2,1,1,1632.4624999999942,0,0,4,89.00376578328783
2763,15589018,Padilla,515.5,Germany,Male,26.0,3,106070.29,2,1,1,1632.4624999999942,0,0,4,64.97563650007297
2764,15654495,Potter,515.5,Germany,Female,26.0,6,120621.89,1,1,1,1632.4624999999942,0,0,3,73.88953191880391
2765,15597265,Mao,515.5,France,Male,26.0,7,0.0,2,0,1,1632.4624999999942,0,1,3,0.0
2766,15733876,Schneider,515.5,France,Male,26.0,9,0.0,2,1,1,1632.4624999999942,0,0,4,0.0
2767,15677217,Ibragimova,515.5,France,Male,26.0,1,0.0,1,1,1,1632.4624999999942,0,1,3,0.0
2769,15713379,Anderson,515.5,France,Male,26.0,4,0.0,2,1,1,1632.4624999999942,0,1,4,0.0
2770,15730433,Nakayama,515.5,Germany,Female,26.0,1,128218.47,1,1,0,1632.4624999999942,1,0,2,78.54298031348374
2771,15693347,Gardener,515.5,France,Female,26.0,5,0.0,2,1,1,1632.4624999999942,0,0,4,0.0
2772,15715465,Aksenova,515.5,Germany,Male,26.0,7,77776.39,1,1,0,1632.4624999999942,0,0,2,47.64359977641157
2773,15680736,Milne,515.5,Germany,Female,26.0,6,124978.19,2,1,1,1632.4624999999942,0,0,4,76.55807713806624
2774,15610765,Onwumelu,515.5,France,Male,26.0,1,0.0,2,0,0,1632.4624999999942,0,1,2,0.0
2775,15650034,Kudryashova,515.5,France,Female,26.0,1,0.0,1,1,1,1632.4624999999942,0,1,3,0.0
2776,15782468,Hart,515.5,Spain,Male,26.0,3,109799.55,2,1,1,1632.4624999999942,1,0,4,67.26007488686594
2777,15685109,Teng,515.5,France,Male,26.0,7,0.0,2,0,0,1632.4624999999942,0,0,2,0.0
2778,15776233,Kruglova,515.5,Germany,Female,26.0,8,125397.21,1,1,0,1632.4624999999942,1,0,2,76.81475684740106
2779,15761141,Palerma,515.5,Spain,Female,26.0,10,0.0,2,1,1,1632.4624999999942,0,1,4,0.0
2780,15781702,Brookes,515.5,Germany,Male,26.0,9,111347.37,2,0,1,1632.4624999999942,0,0,3,68.20822530379742
2781,15790235,Hsing,515.5,Spain,Male,26.0,8,104291.41,2,1,1,1632.4624999999942,0,0,4,63.885945312679695
2782,15641416,Shaffer,515.5,Germany,Female,26.0,9,94867.18,2,1,1,1632.4624999999942,1,0,4,58.112930618620844
2784,15659475,Chung,515.5,France,Female,26.0,6,135703.59,2,0,0,1632.4624999999942,0,0,2,83.12815148893189
2785,15642202,Whitfield,515.5,Germany,Female,26.0,5,106453.53,2,0,1,1632.4624999999942,0,0,3,65.21039840118863
2786,15771417,Thomas,515.5,France,Male,26.0,7,132412.38,1,0,0,1632.4624999999942,1,0,1,81.11205004709173
2787,15585100,Rioux,511.0,Germany,Female,26.0,9,124401.6,1,1,0,1632.4624999999942,1,0,2,76.20487453770022
2788,15700487,Osonduagwuike,515.5,France,Male,26.0,6,118022.06,3,1,0,1632.4624999999942,1,0,4,72.2969501596517
2789,15726589,Matveyev,515.5,Germany,Male,26.0,1,82531.11,1,1,0,1632.4624999999942,0,0,2,50.556205732137975
2790,15747503,Hayward,515.5,Spain,Male,26.0,0,184552.12,1,1,0,1632.4624999999942,1,0,2,113.05136871444255
2791,15595883,Nkemdirim,515.5,Germany,Male,26.0,4,127278.31,1,1,1,1632.4624999999942,0,0,3,77.96706509337915
2792,15663826,Brim,515.5,Spain,Female,26.0,3,0.0,1,1,1,1632.4624999999942,0,1,3,0.0
2793,15742820,Trevisano,515.5,France,Female,26.0,2,0.0,2,0,1,1632.4624999999942,0,1,3,0.0
2794,15624793,Soubeiran,515.5,Germany,Male,23.0,5,184244.86,1,1,0,1632.4624999999942,0,0,2,112.86314999578896
2795,15597930,Wilson,515.5,France,Male,26.0,8,59669.43,1,0,0,1632.4624999999942,1,0,1,36.55179215449066
2796,15665110,Helena,515.0,France,Female,25.0,7,79543.59,1,0,1,1632.4624999999942,0,0,2,48.72613612870144
2797,15770719,Duncan,515.5,France,Female,26.0,6,151553.19,1,1,1,1632.4624999999942,0,0,3,92.83716471281916
2798,15731327,Hale,515.5,Germany,Male,26.0,2,166527.88,2,0,1,1632.4624999999942,0,0,3,102.01023300688414
2799,15576044,Macdonald,515.5,Germany,Male,26.0,6,150329.15,1,1,0,1632.4624999999942,0,0,2,92.08735269569777
2800,15775662,McKay,515.5,France,Male,26.0,8,121911.59,1,1,0,1632.4624999999942,0,0,2,74.67956538052202
2801,15646817,Chiekwugo,515.5,France,Male,26.0,9,156773.78,2,1,0,1632.4624999999942,0,0,3,96.03514935258885
2802,15596060,Skinner,498.0,Spain,Male,26.0,8,127864.26,1,1,1,1632.4624999999942,0,0,3,78.32600136297187
2803,15723299,Sorokina,515.5,France,Male,26.0,4,113709.28,1,1,1,1632.4624999999942,1,0,3,69.65506405200757
2804,15636982,Weller,515.5,Germany,Female,26.0,7,79974.55,1,1,1,1632.4624999999942,0,0,3,48.990129941729315
2805,15751175,Bess,515.5,France,Female,26.0,2,0.0,2,1,1,1632.4624999999942,0,0,4,0.0
2806,15618936,MacDonald,515.5,France,Female,26.0,5,0.0,1,1,0,1632.4624999999942,1,0,2,0.0
2807,15787529,Gray,515.5,Spain,Male,26.0,0,0.0,1,1,0,1632.4624999999942,1,0,2,0.0
2808,15780128,Ogbonnaya,515.5,France,Male,26.0,3,144427.96,2,1,0,1632.4624999999942,0,0,3,88.47245189399482
2809,15615991,Udegbulam,515.5,France,Male,26.0,7,99263.09,1,1,1,1632.4624999999942,0,0,3,60.80573979494191
2810,15757001,Mai,515.5,France,Female,26.0,2,79368.87,2,1,1,1632.4624999999942,0,0,4,48.619107636469614
2811,15595388,Yeh,515.5,France,Female,26.0,10,0.0,2,1,1,1632.4624999999942,0,1,4,0.0
2812,15699550,Babbage,515.5,Spain,Female,26.0,9,0.0,2,1,1,1632.4624999999942,0,0,4,0.0
2813,15581620,Franklin,515.5,France,Male,26.0,2,0.0,3,1,1,1632.4624999999942,0,0,5,0.0
2814,15600934,Randell,515.5,France,Female,26.0,7,125095.94,1,1,0,1632.4624999999942,1,0,2,76.63020743202398
2815,15738672,Paterson,515.5,Germany,Female,26.0,2,162485.8,2,1,0,1632.4624999999942,0,0,3,99.53417000390549
2816,15721307,Pickering,515.5,Germany,Male,26.0,1,95668.82,2,1,0,1632.4624999999942,0,0,3,58.6039924347422
2817,15619280,Uspensky,515.5,France,Male,25.0,4,0.0,2,1,0,1632.4624999999942,0,1,3,0.0
2818,15768244,Macleod,515.5,Spain,Female,26.0,8,0.0,2,1,1,1632.4624999999942,0,0,4,0.0
2819,15806837,Nnaife,515.5,France,Male,26.0,4,0.0,1,1,0,1632.4624999999942,0,1,2,0.0
2820,15643496,Randolph,515.5,France,Female,26.0,5,74197.38,2,1,0,1632.4624999999942,0,0,3,45.45120025728019
2821,15813916,Kudryashova,515.5,France,Female,26.0,1,89688.94,1,1,1,1632.4624999999942,0,0,3,54.94088838181601
2822,15626385,George,515.5,Spain,Female,26.0,10,103121.33,2,1,1,1632.4624999999942,0,0,4,63.16918765362167
2823,15603582,Robertson,515.5,Spain,Female,26.0,3,0.0,1,1,0,1632.4624999999942,0,1,2,0.0
2824,15764351,Yuryeva,515.5,Germany,Female,26.0,5,120170.07,1,0,1,1632.4624999999942,0,0,2,73.61275986431568
2825,15667938,Hurst,515.5,France,Male,26.0,9,149136.31,2,1,1,1632.4624999999942,0,0,4,91.35665290933208
2826,15576360,Ch'iu,515.5,France,Male,26.0,1,141136.79,1,1,1,1632.4624999999942,0,0,3,86.4563749550146
2827,15628813,King,515.5,France,Female,26.0,4,152341.55,1,1,0,1632.4624999999942,0,0,2,93.32009157943936
2828,15584190,Esposito,515.5,France,Male,26.0,7,120026.98,2,0,1,1632.4624999999942,0,0,3,73.52510700858392
2829,15716449,Fraser,515.5,Spain,Male,26.0,9,132168.28,1,0,0,1632.4624999999942,0,0,1,80.96252134428845
2830,15759913,Trentini,515.5,Germany,Male,26.0,6,85200.82,2,1,1,1632.4624999999942,0,0,4,52.19159398761093
2831,15701555,Nicholls,515.5,Spain,Male,26.0,1,84903.33,2,0,1,1632.4624999999942,0,0,3,52.00936009249848
2832,15758482,Montalvo,515.5,France,Female,26.0,0,0.0,2,0,0,1632.4624999999942,0,1,2,0.0
2834,15680346,Chuang,515.5,Spain,Male,26.0,8,0.0,1,1,0,1632.4624999999942,0,0,2,0.0
2835,15649124,Fang,515.5,France,Male,26.0,9,121535.18,1,0,0,1632.4624999999942,0,0,1,74.44898734274167
2836,15812917,Kosisochukwu,515.5,Spain,Male,26.0,6,116662.96,2,1,1,1632.4624999999942,0,0,4,71.46440423593216
2837,15768455,Young,515.5,France,Male,26.0,8,0.0,2,1,1,1632.4624999999942,0,0,4,0.0
2838,15703059,Scott,515.5,Germany,Female,26.0,6,124829.16,1,0,1,1632.4624999999942,0,0,2,76.46678560763291
2839,15646196,Yeh,515.5,Spain,Female,26.0,2,155180.56,2,0,0,1632.4624999999942,0,0,2,95.05918818962185
2840,15585451,Vigano,515.5,Germany,Female,26.0,1,108262.87,1,1,1,1632.4624999999942,0,0,3,66.31874851642864
2841,15714057,Windradyne,515.5,Spain,Male,26.0,4,0.0,2,1,0,1632.4624999999942,0,0,3,0.0
2842,15748473,Curnow,515.5,France,Male,26.0,5,0.0,2,1,0,1632.4624999999942,0,0,3,0.0
2843,15785782,Ugonna,513.0,Spain,Male,26.0,2,0.0,1,1,1,1632.4624999999942,1,1,3,0.0
2844,15693233,De Neeve,515.5,Germany,Male,26.0,6,99812.88,2,1,1,1632.4624999999942,0,0,4,61.14252547914599
2845,15757521,Ricci,515.5,France,Male,26.0,2,132164.26,1,0,1,1632.4624999999942,0,0,2,80.96005880686415
2846,15812513,Nnaife,515.5,Germany,Male,26.0,10,103583.05,1,1,0,1632.4624999999942,1,0,2,63.45202416594584
2847,15674950,Ebelechukwu,515.5,Germany,Male,26.0,4,142406.43,2,1,0,1632.4624999999942,0,0,3,87.23412023247118
2848,15678572,Keating,515.5,Spain,Male,26.0,7,99842.5,2,1,0,1632.4624999999942,1,0,3,61.160669846933914
2849,15713608,Tuan,515.5,France,Female,26.0,5,0.0,2,1,1,1632.4624999999942,0,0,4,0.0
2850,15579262,Shearston,497.0,France,Male,26.0,9,0.0,1,0,0,1632.4624999999942,0,0,1,0.0
2851,15610426,Tien,515.5,France,Female,26.0,5,81042.42,1,0,1,1632.4624999999942,0,0,2,49.64427666791751
2852,15776454,Hamilton,515.5,France,Female,26.0,5,0.0,1,1,0,1632.4624999999942,1,1,2,0.0
2853,15771483,Arnold,515.5,France,Male,26.0,6,0.0,2,1,1,1632.4624999999942,0,0,4,0.0
2854,15648489,Ting,487.0,France,Male,26.0,4,199689.49,1,1,1,1632.4624999999942,1,0,3,122.32409013989644
2855,15646609,Chao,515.5,France,Male,26.0,1,142645.43,1,0,0,1632.4624999999942,0,0,1,87.38052482063172
2856,15693203,Powell,515.5,Spain,Female,26.0,5,0.0,2,1,1,1632.4624999999942,0,0,4,0.0
2857,15813067,Williams,432.0,Germany,Female,26.0,3,110219.14,1,1,0,1632.4624999999942,1,0,2,67.51710376195496
2858,15769829,Cheng,515.5,Spain,Male,26.0,3,0.0,2,0,1,1632.4624999999942,0,0,3,0.0
2859,15662434,Zhdanova,515.5,France,Male,25.0,3,0.0,2,0,0,1632.4624999999942,0,1,2,0.0
2860,15773503,Tsai,515.5,Spain,Male,26.0,4,0.0,2,1,0,1632.4624999999942,0,0,3,0.0
2861,15705890,Nebechukwu,515.5,France,Male,26.0,7,142072.02,1,1,0,1632.4624999999942,0,0,2,87.02927019763118
2862,15711398,Fetherstonhaugh,515.5,France,Female,25.0,6,0.0,2,1,0,1632.4624999999942,0,0,3,0.0
2863,15752375,Ojiofor,515.5,Germany,Male,26.0,8,149564.61,1,0,0,1632.4624999999942,0,0,1,91.61901728217371
2864,15659175,Severson,515.5,France,Female,26.0,9,0.0,2,1,0,1632.4624999999942,0,0,3,0.0
2865,15597033,Speight,515.5,Germany,Male,26.0,8,153366.13,1,1,1,1632.4624999999942,0,0,3,93.94772008545407
2868,15654211,Milani,515.5,Spain,Female,26.0,1,0.0,1,0,1,1050.33,0,0,2,0.0
2869,15707968,Akobundu,515.5,Spain,Male,26.0,8,73211.12,2,1,0,1632.4624999999942,1,0,3,44.84704549109107
2871,15651093,Chien,515.5,France,Female,26.0,1,0.0,2,0,1,1632.4624999999942,0,0,3,0.0
2872,15798824,Kennedy,515.5,Spain,Male,26.0,0,92674.94,2,1,0,1632.4624999999942,0,0,3,56.770026876574704
2873,15671591,Castiglione,439.0,Spain,Male,26.0,3,96196.24,4,1,0,1632.4624999999942,1,0,5,58.92707489452306
2874,15707189,Marshall,515.5,Germany,Female,26.0,1,114391.62,1,1,1,1632.4624999999942,0,0,3,70.07304608834838
2875,15733581,Duncan,515.5,Germany,Male,26.0,9,80262.66,1,1,0,1632.4624999999942,0,0,2,49.16661791618508
2876,15641640,Uspenskaya,515.5,Spain,Female,26.0,7,173331.52,1,1,0,1632.4624999999942,0,0,2,106.17794895748025
2877,15585284,Thomson,515.5,Spain,Female,26.0,7,147285.52,1,1,1,1632.4624999999942,0,0,3,90.22291170547594
2878,15617866,Calabrese,515.5,Spain,Male,26.0,5,119785.47,2,1,1,1632.4624999999942,0,0,4,73.37716486596196
2879,15667751,Herrera,487.0,Spain,Female,26.0,1,140137.15,1,1,0,1632.4624999999942,0,0,2,85.84402398217448
2880,15669411,Muse,515.5,Germany,Female,26.0,6,107467.56,1,1,0,1632.4624999999942,1,0,2,65.83156427789329
2881,15789425,Marsden,515.5,Germany,Female,26.0,8,98218.04,2,1,0,1632.4624999999942,1,0,3,60.16557195035129
2882,15570943,Artemyeva,515.5,Germany,Female,26.0,2,133607.75,1,1,1,1632.4624999999942,0,0,3,81.84429963934882
2883,15685829,McKay,515.5,France,Male,26.0,3,0.0,2,1,1,1632.4624999999942,0,0,4,0.0
2884,15721917,Chuang,515.5,France,Female,26.0,8,95139.41,1,1,1,1632.4624999999942,0,0,3,58.27969095767918
2885,15776047,Nicholls,515.5,France,Female,26.0,3,0.0,2,0,1,1632.4624999999942,0,1,3,0.0
2886,15716024,Dennis,515.5,Spain,Male,26.0,5,0.0,2,1,0,1632.4624999999942,0,1,3,0.0
2887,15675328,Knight,449.0,France,Female,26.0,6,0.0,2,1,0,1632.4624999999942,0,0,3,0.0
2888,15604314,Webb,515.5,Germany,Female,26.0,1,97331.19,1,1,0,1632.4624999999942,0,0,2,59.62231291683597
2889,15658339,Pugliesi,515.5,Germany,Male,26.0,2,139265.63,2,1,1,1632.4624999999942,0,0,4,85.31015566973238
2890,15630402,Nebechukwu,515.5,France,Female,26.0,9,0.0,1,0,1,1632.4624999999942,0,0,2,0.0
2891,15689616,Ward,515.5,Spain,Male,26.0,5,168094.01,1,0,0,1632.4624999999942,0,0,1,102.96959960795462
2892,15774224,Nixon,515.5,Germany,Female,26.0,5,131563.88,2,1,0,1632.4624999999942,0,0,3,80.59228313054693
2893,15701291,Chidubem,515.5,France,Male,26.0,3,0.0,2,1,0,1632.4624999999942,0,0,3,0.0
2894,15719606,Rivers,515.5,France,Male,26.0,9,0.0,2,0,0,1632.4624999999942,0,0,2,0.0
2895,15644119,Sochima,515.5,France,Male,26.0,3,0.0,1,1,1,1632.4624999999942,0,0,3,0.0
2896,15646859,Heydon,515.5,Germany,Male,26.0,7,107363.29,1,1,1,1632.4624999999942,0,0,3,65.7676914477364
2897,15606836,Lombardo,515.5,France,Female,26.0,2,94493.03,1,0,1,1632.4624999999942,0,0,2,57.88373699242729
2898,15664150,Holland,515.5,Germany,Female,26.0,9,170214.23,2,1,0,1632.4624999999942,0,0,3,104.26838595067306
2899,15624510,Tien,515.5,France,Male,26.0,6,139781.06,1,1,0,1632.4624999999942,1,0,2,85.62589339724526
2900,15810944,Bryant,515.5,France,Female,26.0,7,0.0,2,1,0,1632.4624999999942,0,0,3,0.0
2901,15668575,Hao,515.5,Spain,Female,26.0,8,148610.41,3,0,1,1632.4624999999942,1,0,4,91.03450155822908
2902,15603246,Genovesi,498.0,France,Male,26.0,2,170241.7,2,1,1,1632.4624999999942,0,0,4,104.28521328973905
2903,15804002,Kovalev,515.5,France,Female,26.0,1,128306.83,1,1,1,1632.4624999999942,0,0,3,78.59710713109824
2904,15728773,Hsieh,515.5,France,Female,26.0,7,0.0,2,1,1,1632.4624999999942,0,0,4,0.0
2905,15598044,Debellis,515.5,France,Female,26.0,3,0.0,1,1,1,1632.4624999999942,0,1,3,0.0
2906,15694829,Chibueze,515.5,Germany,Male,26.0,7,175454.0,1,0,1,1632.4624999999942,0,0,2,107.4781197117855
2907,15600575,Padovano,515.5,Spain,Male,26.0,6,0.0,2,1,0,1632.4624999999942,0,0,3,0.0
2908,15727311,Yen,515.5,France,Female,22.0,0,100885.93,2,1,1,1632.4624999999942,0,0,4,61.79984532569682
2909,15570769,Kibble,494.0,France,Male,26.0,9,93320.8,1,1,1,1632.4624999999942,0,0,3,57.16566230464733
2910,15606274,Lori,515.5,Germany,Male,26.0,6,63176.44,2,1,1,1632.4624999999942,0,0,4,38.700086525724316
2911,15746139,Enemuo,515.5,France,Male,26.0,2,139451.67,1,0,0,1632.4624999999942,0,0,1,85.42411847132814
2912,15704987,Lu,515.5,France,Female,26.0,8,49113.75,1,1,0,1632.4624999999942,0,0,2,30.08568343836393
2913,15628972,Nebeolisa,515.5,Germany,Male,26.0,1,123906.22,3,1,1,1632.4624999999942,1,0,5,75.90141886873386
2914,15697686,Stewart,515.5,France,Female,26.0,6,0.0,2,1,1,1632.4624999999942,0,0,4,0.0
2915,15733883,Ward,515.5,France,Male,26.0,7,0.0,2,0,0,1632.4624999999942,0,0,2,0.0
2916,15617482,Milanesi,489.0,Germany,Female,26.0,1,131441.51,1,1,0,1632.4624999999942,1,0,2,80.51732275626576
2917,15704583,Chikwado,515.5,France,Male,26.0,2,0.0,1,1,0,1632.4624999999942,1,1,2,0.0
2918,15621083,Douglas,515.5,France,Male,26.0,6,136325.48,2,1,1,1632.4624999999942,1,0,4,83.50910357818357
2919,15649487,Sal,515.5,Germany,Female,26.0,4,113150.44,2,1,0,1632.4624999999942,1,0,3,69.31273459574135
2920,15736760,Douglas,515.5,Spain,Female,26.0,9,0.0,1,0,0,1632.4624999999942,0,1,1,0.0
2921,15714658,Yates,515.5,France,Female,26.0,4,0.0,2,1,1,1632.4624999999942,0,0,4,0.0
2922,15599081,Watt,507.0,Germany,Female,26.0,8,102785.16,1,1,1,1632.4624999999942,0,0,3,62.96325949294417
2923,15705113,P'an,515.5,Spain,Male,26.0,6,83264.28,1,0,0,1632.4624999999942,0,0,1,51.00532477775158
2924,15631159,H?,515.5,Germany,Male,26.0,4,72252.64,2,1,1,1632.4624999999942,0,0,4,44.2599079611325
2925,15792818,Perry,499.0,Germany,Female,26.0,6,148051.52,1,1,0,1632.4624999999942,0,0,2,90.69214147338792
2926,15633531,Lavrov,515.5,France,Female,26.0,9,138489.66,1,1,1,1632.4624999999942,0,0,3,84.83481856397957
2927,15744529,Chiekwugo,510.0,France,Male,26.0,8,0.0,2,1,1,1632.4624999999942,0,1,4,0.0
2928,15669656,Macdonald,515.5,France,Male,26.0,6,111589.33,1,1,1,1632.4624999999942,0,0,3,68.35644310359375
2929,15581198,Jenkins,515.5,Germany,Female,26.0,0,122104.79,1,1,0,1632.4624999999942,1,0,2,74.79791419404759
2930,15729054,Korovina,515.5,Germany,Male,26.0,4,96106.83,1,1,1,1632.4624999999942,0,0,3,58.87230487683505
2931,15573452,Manning,515.5,Germany,Male,26.0,7,115930.87,1,1,0,1632.4624999999942,0,0,2,71.01594676753703
2932,15776733,Wilson,515.5,Germany,Female,26.0,7,124513.66,2,1,0,1632.4624999999942,0,0,3,76.27351929983105
2933,15724858,Begum,515.5,France,Female,26.0,9,0.0,1,1,0,1632.4624999999942,1,1,2,0.0
2934,15713144,Ingrassia,515.5,Spain,Male,26.0,8,0.0,1,1,0,1632.4624999999942,0,0,2,0.0
2935,15690188,Maclean,515.5,France,Male,26.0,7,0.0,1,1,1,1632.4624999999942,1,0,3,0.0
2936,15689425,Olejuru,515.5,Spain,Male,26.0,8,100988.39,2,1,0,1632.4624999999942,0,0,3,61.8626094014413
2937,15671766,Enyinnaya,515.5,France,Male,26.0,10,118577.24,1,1,1,1632.4624999999942,0,0,3,72.63703760423313
2938,15782806,Watson,515.5,Spain,Male,26.0,6,0.0,2,1,0,1632.4624999999942,0,1,3,0.0
2939,15764419,Langdon,515.5,France,Male,26.0,5,0.0,2,1,1,1632.4624999999942,0,1,4,0.0
2940,15591915,Frolov,515.5,France,Female,26.0,2,0.0,1,0,1,1632.4624999999942,1,0,2,0.0
2941,15772798,Chikezie,515.5,Spain,Female,26.0,5,0.0,2,1,1,1632.4624999999942,0,0,4,0.0
2943,15715541,Yang,515.5,France,Female,26.0,9,113311.11,1,1,1,1632.4624999999942,0,0,3,69.41115645841813
2944,15639277,Lin,515.5,France,Female,26.0,9,0.0,1,0,0,1632.4624999999942,0,0,1,0.0
2945,15798850,Goddard,515.5,France,Male,26.0,7,0.0,2,1,0,1632.4624999999942,0,0,3,0.0
2947,15727696,Zubareva,515.5,France,Male,26.0,1,147249.29,2,1,1,1632.4624999999942,0,0,4,90.20071824008241
2948,15793813,Onochie,515.5,France,Male,26.0,7,103688.19,1,0,1,1632.4624999999942,0,0,2,63.516429933306505
2949,15694395,Ts'ui,515.5,France,Female,26.0,1,138740.24,2,0,0,1632.4624999999942,0,0,2,84.98831673009364
2950,15764195,Newsom,515.5,Spain,Male,26.0,4,111900.14,1,1,1,1632.4624999999942,0,0,3,68.54683645106726
2951,15744919,Genovese,515.5,Spain,Female,26.0,0,152760.24,1,1,1,1632.4624999999942,0,0,3,93.57656914017966
2952,15671655,Thorpe,515.5,Germany,Male,26.0,7,143966.3,2,1,1,1632.4624999999942,1,0,4,88.18965213596056
2953,15654901,Horton,515.5,France,Male,26.0,10,141556.96,1,1,0,1632.4624999999942,0,0,2,86.71375912157278
2954,15649136,Williamson,515.5,France,Female,26.0,6,0.0,2,1,1,1632.4624999999942,0,0,4,0.0
2955,15775562,Shoobridge,515.5,France,Female,26.0,5,0.0,2,1,0,1632.4624999999942,0,1,3,0.0
2956,15807481,Peng,515.5,France,Female,26.0,1,0.0,1,1,1,1632.4624999999942,0,1,3,0.0
2957,15642885,Gray,515.5,France,Male,26.0,8,0.0,2,1,0,1632.4624999999942,0,1,3,0.0
2958,15789109,Watson,515.5,France,Female,26.0,10,0.0,1,1,1,1632.4624999999942,1,1,3,0.0
2959,15814004,Fyodorova,515.5,France,Male,26.0,2,0.0,2,0,1,1632.4624999999942,0,0,3,0.0
2961,15595135,Solomon,515.5,Germany,Female,26.0,7,123229.46,1,1,0,1632.4624999999942,0,0,2,75.48685498135512
2962,15583681,Layh,515.5,Spain,Male,26.0,7,76665.71,2,1,1,1632.4624999999942,0,0,4,46.963228864369185
2963,15605000,John,515.5,France,Male,26.0,9,140278.99,3,1,1,1632.4624999999942,1,0,5,85.930911123533
2964,15718071,Tuan,515.5,France,Female,26.0,3,0.0,2,0,1,1632.4624999999942,0,0,3,0.0
2965,15679760,Slattery,515.5,France,Male,26.0,1,115764.32,2,0,0,1632.4624999999942,0,0,2,70.9139229844486
2966,15654574,Onyekachi,499.0,Germany,Male,26.0,5,131142.53,2,1,0,1632.4624999999942,0,0,3,80.33417612962042
2967,15577178,Genovese,511.0,France,Male,26.0,5,68375.27,1,1,0,1632.4624999999942,1,0,2,41.88474160968491
2968,15595324,Daniels,515.5,Germany,Female,26.0,5,117833.3,3,0,0,1632.4624999999942,1,0,3,72.18132116357982
2969,15756932,Caldwell,515.5,Spain,Female,26.0,7,0.0,2,1,1,1632.4624999999942,0,0,4,0.0
2970,15726358,Chiemenam,515.5,France,Male,26.0,7,0.0,2,0,0,1632.4624999999942,0,1,2,0.0
2971,15595228,Wanliss,515.5,France,Male,26.0,7,0.0,1,0,1,1632.4624999999942,1,0,2,0.0
2972,15782530,Bruce,515.5,Spain,Male,26.0,2,111093.01,1,1,0,1632.4624999999942,0,0,2,68.05241161741871
2973,15592877,Wright,515.5,Spain,Male,26.0,9,132657.55,1,1,0,1632.4624999999942,0,0,2,81.26223420139847
2974,15651983,Fang,515.5,France,Female,26.0,9,128882.49,1,1,1,1632.4624999999942,1,0,3,78.94974003997058
2975,15746737,Eames,515.5,Germany,Male,26.0,9,69129.59,1,1,1,1632.4624999999942,0,0,3,42.34681654249347
2976,15774179,Sutherland,487.0,France,Male,26.0,6,0.0,2,1,1,1632.4624999999942,0,1,4,0.0
2977,15667265,Cavenagh,515.5,France,Male,26.0,4,121404.64,1,1,1,1632.4624999999942,0,0,3,74.36902225931709
2978,15655123,Dumetolisa,505.0,Spain,Female,26.0,9,131355.3,3,1,0,1632.4624999999942,1,0,4,80.4645129673732
2979,15595917,Mackay,515.5,France,Female,26.0,1,102097.33,1,0,1,1632.4624999999942,0,0,2,62.54191443907616
2980,15668385,Dellucci,515.5,France,Male,26.0,1,154863.15,1,1,1,1632.4624999999942,0,0,3,94.86475187025769
2981,15709476,Kenyon,515.5,Spain,Female,26.0,3,99945.93,2,1,0,1632.4624999999942,0,0,3,61.224028117032
2982,15711218,Parry,515.5,Germany,Male,26.0,2,121704.32,2,1,0,1632.4624999999942,0,0,3,74.55259768601144
2983,15798659,Kennedy,515.5,Spain,Female,26.0,3,0.0,2,1,0,1632.4624999999942,0,0,3,0.0
2984,15663939,Arnott,515.5,Germany,Male,26.0,8,138782.76,1,1,1,1632.4624999999942,0,0,3,85.01436327021325
2985,15694946,Hanson,515.5,France,Male,26.0,9,0.0,2,1,1,1632.4624999999942,0,1,4,0.0
2986,15631912,T'ao,515.5,France,Male,26.0,8,136291.71,1,1,0,1632.4624999999942,0,0,2,83.48841703867653
2987,15768816,Shen,515.5,Germany,Male,26.0,0,107856.57,2,1,0,1632.4624999999942,0,0,3,66.06986071655575
2988,15682268,Steere,515.5,Germany,Female,26.0,1,108348.66,1,0,0,1632.4624999999942,1,0,1,66.37130102529179
2989,15684801,Abbott,515.5,France,Male,26.0,1,93871.95,3,1,0,1632.4624999999942,1,0,4,57.50328108608947
2990,15636428,Sutherland,515.5,Spain,Female,26.0,1,0.0,1,1,0,1632.4624999999942,1,1,2,0.0
2992,15699284,Johnson,515.5,France,Male,26.0,8,172713.44,1,1,0,1632.4624999999942,0,0,2,105.79933076563817
2993,15786993,Lung,515.5,France,Female,26.0,5,0.0,2,0,1,1632.4624999999942,0,1,3,0.0
2994,15709441,Cocci,515.5,Spain,Female,26.0,8,0.0,1,1,1,1632.4624999999942,0,0,3,0.0
2995,15710257,Matveyeva,515.5,France,Female,26.0,3,130786.92,1,0,1,1632.4624999999942,0,0,2,80.11633957901053
2996,15582492,Moore,515.5,France,Female,26.0,2,112367.34,1,1,0,1632.4624999999942,0,0,2,68.83302985520366
2997,15575694,Yobachukwu,515.5,Spain,Female,26.0,7,91091.06,2,1,0,1632.4624999999942,0,0,3,55.79978713140444
2998,15756820,Fleming,515.5,France,Female,26.0,7,106198.5,1,0,1,1632.4624999999942,0,0,2,65.05417429190587
2999,15766289,Dickinson,515.5,France,Male,26.0,5,142669.93,2,1,0,1632.4624999999942,0,0,3,87.39553282234692
3000,15593014,Evseyev,515.5,France,Male,26.0,1,112833.35,1,0,1,1632.4624999999942,0,0,2,69.11849429925674
3001,15584545,Aksenov,515.5,France,Female,26.0,5,0.0,2,0,1,1632.4624999999942,0,1,3,0.0
3002,15675949,Fleming,515.5,Spain,Female,26.0,4,0.0,2,1,1,1632.4624999999942,0,0,4,0.0
3003,15672091,Ulyanov,515.5,Germany,Female,26.0,2,104336.43,2,0,0,1632.4624999999942,0,0,2,63.91352328154574
3004,15801658,Summers,515.5,France,Male,26.0,6,104305.74,1,0,1,1632.4624999999942,0,0,2,63.89472346225434
3005,15706185,Clements,515.5,Germany,Male,26.0,5,140187.1,2,1,1,1632.4624999999942,0,0,4,85.87462192852853
3006,15789863,Kazakova,515.5,France,Male,26.0,4,0.0,2,1,0,1632.4624999999942,0,1,3,0.0
3007,15720943,Pirozzi,515.5,France,Female,26.0,1,114959.12,1,1,0,1632.4624999999942,1,0,2,70.4206804137923
3008,15697997,Jamieson,515.5,France,Male,26.0,5,164704.38,1,0,1,1632.4624999999942,1,0,2,100.89320887922423
3009,15665416,Ferri,515.5,France,Male,26.0,10,119096.55,1,0,1,1632.4624999999942,0,0,2,72.95515210916051
3010,15660200,Mai,515.5,France,Male,26.0,1,0.0,2,1,1,1632.4624999999942,0,1,4,0.0
3011,15619653,Hannaford,515.5,France,Male,26.0,2,0.0,1,1,0,1632.4624999999942,1,0,2,0.0
3012,15773447,Fomin,515.5,Spain,Male,26.0,8,0.0,1,1,0,1632.4624999999942,0,0,2,0.0
3013,15739160,Mahon,515.5,France,Female,26.0,9,115465.28,1,1,0,1632.4624999999942,0,0,2,70.73073960351334
3014,15689237,Shaw,471.0,France,Female,26.0,4,0.0,2,1,0,1632.4624999999942,0,1,3,0.0
3015,15679297,Volkova,515.5,Spain,Male,26.0,3,184926.61,1,1,0,1632.4624999999942,0,0,2,113.28077061494561
3016,15591433,Miles,515.5,Germany,Male,26.0,8,85957.88,2,1,0,1632.4624999999942,0,0,3,52.65534736632561
3017,15642725,Madison,515.5,France,Male,26.0,10,114084.6,1,0,1,1632.4624999999942,0,0,2,69.88497438685447
3018,15701962,Scott,515.5,Spain,Female,26.0,2,166930.76,2,1,0,1632.4624999999942,0,0,3,102.25702581223189
3019,15811613,Voss,515.5,France,Female,26.0,8,0.0,1,1,0,1632.4624999999942,0,0,2,0.0
3020,15741049,Colebatch,515.5,France,Male,26.0,7,0.0,2,1,1,1632.4624999999942,0,0,4,0.0
3021,15724423,Wilson,515.5,France,Female,26.0,6,107193.82,2,0,0,1632.4624999999942,0,0,2,65.66387895587212
3022,15574305,T'ang,515.5,France,Male,26.0,3,116275.12,1,1,1,1632.4624999999942,0,0,3,71.22682450592305
3023,15678168,Gibson,515.5,Spain,Female,26.0,7,0.0,2,1,1,1632.4624999999942,0,1,4,0.0
3024,15697020,Hs?eh,515.5,France,Male,26.0,2,91068.56,1,1,0,1632.4624999999942,0,0,2,55.7860042726864
3025,15610801,Pan,515.5,Germany,Male,26.0,5,123049.21,1,0,1,1632.4624999999942,0,0,2,75.37643896873615
3026,15745232,Chikelu,515.5,France,Female,26.0,6,0.0,2,1,1,1632.4624999999942,0,1,4,0.0
3027,15722758,Allan,515.5,France,Male,26.0,7,0.0,2,0,0,1632.4624999999942,0,1,2,0.0
3028,15792102,Yefremova,515.5,France,Female,26.0,3,137781.65,1,0,0,1632.4624999999942,0,0,1,84.40111181727022
3029,15675185,Chuang,515.5,Germany,Female,26.0,2,108128.96,2,1,1,1632.4624999999942,0,0,4,66.23671906705385
3030,15801247,Fan,515.5,Spain,Male,26.0,10,105317.73,2,1,0,1632.4624999999942,0,0,3,64.51463969310191
3031,15725660,Dellucci,515.5,France,Male,20.0,1,80569.73,1,0,0,1632.4624999999942,0,0,1,49.35472024625392
3032,15638963,Garran,515.5,France,Female,22.0,4,174852.89,1,1,1,1632.4624999999942,0,0,3,107.10989685827431
3033,15800061,Moretti,495.0,Spain,Female,26.0,3,89158.94,3,1,0,1632.4624999999942,1,0,4,54.616225487568826
3034,15578006,Yao,515.5,France,Female,26.0,10,0.0,2,1,1,1632.4624999999942,0,1,4,0.0
3035,15668504,Lucchesi,515.5,France,Male,26.0,2,89800.14,1,1,1,1632.4624999999942,0,0,3,55.009006332458064
3036,15687491,Nkemdilim,515.5,Germany,Male,26.0,9,101207.75,1,0,0,1632.4624999999942,1,0,1,61.99698308536971
3037,15610403,Anderson,515.5,France,Male,26.0,1,106086.42,2,1,0,1632.4624999999942,0,0,3,64.98551727834506
3038,15741094,Sagese,515.5,France,Male,21.0,1,0.0,2,1,1,1632.4624999999942,0,0,4,0.0
3039,15807909,Rubensohn,515.5,France,Male,26.0,9,0.0,2,1,0,1632.4624999999942,0,1,3,0.0
3040,15666141,Baldwin,515.5,Spain,Female,26.0,8,101440.36,2,1,1,1632.4624999999942,0,0,4,62.139473341654316
3041,15617134,Iqbal,515.5,France,Male,26.0,4,0.0,2,1,0,1632.4624999999942,0,1,3,0.0
3042,15783029,Monaldo,515.5,France,Male,26.0,7,106603.74,2,1,1,1632.4624999999942,0,0,4,65.30241276599027
3043,15622833,Mahon,515.5,Germany,Female,26.0,10,130420.2,2,0,0,1632.4624999999942,0,0,2,79.8916973590514
3044,15746422,Muir,515.5,France,Female,26.0,1,0.0,1,1,0,1632.4624999999942,0,0,2,0.0
3045,15750839,Burns,515.5,Spain,Male,26.0,2,45022.23,1,1,1,1632.4624999999942,0,0,3,27.579334900495518
3046,15749130,Dyer,515.5,Germany,Male,26.0,1,74298.43,1,1,1,1632.4624999999942,0,0,3,45.513100607211655
3047,15779862,Lyons,515.5,Germany,Female,26.0,3,133003.03,1,0,1,1632.4624999999942,1,0,2,81.47386540272777
3048,15767871,H?,515.5,Spain,Male,26.0,7,0.0,2,1,1,1632.4624999999942,0,1,4,0.0
3049,15679651,Gardiner,515.5,Spain,Female,26.0,1,136689.66,1,1,0,1632.4624999999942,0,0,2,83.73218986653629
3050,15576219,Cameron,515.5,France,Male,26.0,4,0.0,2,1,1,1632.4624999999942,0,0,4,0.0
3051,15699247,Chapman,515.5,France,Female,26.0,5,0.0,2,1,1,1632.4624999999942,1,1,4,0.0
3052,15619087,Taylor,515.5,France,Male,26.0,1,102520.37,1,1,1,1632.4624999999942,0,0,3,62.80105668583527
3053,15605327,Namatjira,515.5,France,Male,26.0,2,0.0,2,1,1,1632.4624999999942,0,1,4,0.0
3054,15610140,He,515.5,France,Female,26.0,5,0.0,2,1,0,1632.4624999999942,0,0,3,0.0
3055,15791174,Leibius,515.5,Spain,Male,26.0,1,88382.01,1,0,1,1632.4624999999942,0,0,2,54.14030031317737
3056,15602373,White,515.5,France,Male,26.0,4,115049.15,2,1,0,1632.4624999999942,0,0,3,70.47583022580942
3057,15762605,Wall,515.5,France,Male,26.0,1,104796.54,1,1,1,1632.4624999999942,0,0,3,64.19537355375721
3058,15598840,Moretti,515.5,France,Male,26.0,1,123082.08,1,1,0,1632.4624999999942,0,0,2,75.39657419389447
3059,15744279,Patterson,515.5,Spain,Female,26.0,8,0.0,2,1,1,1632.4624999999942,0,0,4,0.0
3060,15670619,Coppin,515.5,France,Female,26.0,8,0.0,2,0,0,1632.4624999999942,0,1,2,0.0
3061,15599533,Tsao,515.5,France,Female,26.0,7,0.0,2,1,1,1632.4624999999942,0,0,4,0.0
3062,15757837,Kao,515.5,Germany,Male,26.0,3,88311.48,2,1,1,1632.4624999999942,0,0,4,54.09709564538255
3063,15697574,Stewart,515.5,France,Female,26.0,9,0.0,3,1,1,1632.4624999999942,0,0,5,0.0
3064,15578738,Tuan,515.5,France,Male,26.0,7,71872.19,1,1,1,1632.4624999999942,0,0,3,44.026855134497886
3065,15762228,Barnes,506.0,Spain,Male,26.0,6,110046.93,2,1,0,1632.4624999999942,0,0,3,67.41161282418456
3066,15614827,Sun,503.0,France,Male,26.0,8,104430.08,1,1,1,1632.4624999999942,0,0,3,63.970890602387726
3067,15789815,Fallaci,503.0,France,Female,26.0,5,0.0,2,1,0,1632.4624999999942,0,1,3,0.0
3068,15579781,Buccho,515.5,Germany,Male,26.0,10,138653.51,1,1,0,1632.4624999999942,0,0,2,84.93518840402184
3069,15587013,Tien,515.5,France,Female,26.0,7,102575.04,1,1,1,1632.4624999999942,0,0,3,62.834545969662614
3070,15570932,Pirozzi,515.5,France,Male,26.0,7,137780.74,2,1,1,1632.4624999999942,1,0,4,84.4005543772065
3071,15794661,Liu,515.5,Spain,Male,26.0,2,0.0,2,1,0,1632.4624999999942,0,1,3,0.0
3072,15581654,Long,515.5,France,Male,26.0,7,0.0,2,0,1,1632.4624999999942,0,0,3,0.0
3073,15644296,Scott,515.5,France,Female,26.0,8,105209.54,1,1,0,1632.4624999999942,0,0,2,64.44836558267058
3074,15614420,Gerasimova,515.5,Germany,Female,26.0,0,109570.21,2,1,1,1632.4624999999942,0,0,4,67.1195877393817
3075,15609653,Ifeatu,515.5,Germany,Female,26.0,6,118715.86,1,1,0,1632.4624999999942,1,0,2,72.72195226536623
3076,15594577,De Luca,515.5,France,Male,26.0,10,0.0,2,1,1,1632.4624999999942,0,1,4,0.0
3077,15584114,Ogbonnaya,515.5,Germany,Female,26.0,2,153393.18,2,1,1,1632.4624999999942,0,0,4,93.96429014449063
3078,15673367,Humffray,515.5,Germany,Male,26.0,6,132603.36,1,1,0,1632.4624999999942,0,0,2,81.22903895189044
3079,15685576,Degtyaryov,515.5,Spain,Female,26.0,6,0.0,2,1,1,1632.4624999999942,0,1,4,0.0
3080,15774727,Monaldo,515.5,Germany,Female,26.0,1,129398.01,2,0,0,1632.4624999999942,0,0,2,79.26553289891832
3081,15694288,Cawthorne,468.0,Spain,Male,26.0,3,0.0,2,1,0,1632.4624999999942,0,1,3,0.0
3082,15603319,Graham,515.5,France,Male,26.0,2,151352.74,1,0,0,1632.4624999999942,0,0,1,92.71437475592887
3083,15759066,Carpenter,483.0,France,Female,26.0,5,136836.49,1,1,0,1632.4624999999942,1,0,2,83.82213373967272
3084,15814816,Kambinachi,466.0,France,Male,26.0,4,91592.06,1,1,0,1632.4624999999942,1,0,2,56.10668545219282
3085,15724402,Tyler,515.5,France,Female,26.0,8,0.0,2,1,0,1632.4624999999942,0,1,3,0.0
3086,15571059,Martin,515.5,France,Female,26.0,3,0.0,1,1,0,1632.4624999999942,1,1,2,0.0
3088,15715160,Khan,439.0,France,Male,26.0,2,165536.28,2,1,1,1632.4624999999942,0,0,4,101.4028071088926
3089,15730448,Iroawuchi,515.5,Germany,Male,25.0,5,62482.95,1,1,1,1632.4624999999942,0,0,3,38.27527431717434
3090,15662067,Summers,515.5,France,Male,26.0,8,68155.59,1,1,0,1632.4624999999942,0,0,2,41.750171902876936
3091,15779581,Bottrill,515.5,Spain,Female,26.0,3,55853.33,2,0,1,1632.4624999999942,1,0,3,34.21415805876104
3092,15662901,Hu,515.5,France,Male,26.0,2,0.0,2,0,1,1632.4624999999942,0,0,3,0.0
3093,15689751,Jones,515.5,France,Female,26.0,2,79589.43,1,0,0,1632.4624999999942,0,0,1,48.75421640619633
3094,15667742,Vincent,515.5,Spain,Male,26.0,5,100880.76,1,0,1,1632.4624999999942,0,0,2,61.79667833104917
3095,15738448,Sanford,480.0,Germany,Female,25.0,3,174330.35,2,0,0,1632.4624999999942,0,0,2,106.78980374740652
3097,15745083,Lei,515.5,Germany,Male,26.0,8,91415.76,1,0,0,1632.4624999999942,1,0,1,55.99868909699324
3098,15708228,Toscani,476.0,Germany,Male,26.0,3,134366.42,1,1,0,1632.4624999999942,0,0,2,82.30903925817621
3099,15628523,Chien,515.5,France,Female,24.0,3,0.0,2,1,1,1632.4624999999942,0,1,4,0.0
3100,15708196,Uchenna,515.5,Spain,Male,26.0,8,88786.81,1,1,1,1632.4624999999942,0,0,3,54.38826925580239
3101,15735549,Lori,515.5,Germany,Male,26.0,3,96814.46,2,1,1,1632.4624999999942,0,0,4,59.30577884637494
3102,15809347,Fanucci,515.5,Germany,Male,26.0,9,160680.41,1,1,0,1632.4624999999942,0,0,2,98.42823954608487
3103,15660866,Chimaobim,515.5,France,Female,26.0,3,0.0,2,1,0,1632.4624999999942,0,0,3,0.0
3104,15766609,Jowers,515.5,France,Female,26.0,10,0.0,2,1,0,1632.4624999999942,0,1,3,0.0
3105,15654230,Miller,515.5,Germany,Male,26.0,5,145537.21,1,1,0,1632.4624999999942,0,0,2,89.15194682879424
3106,15794566,Kirsova,515.5,France,Female,26.0,4,0.0,2,1,1,1632.4624999999942,1,1,4,0.0
3107,15800890,T'ien,515.5,France,Female,26.0,6,0.0,2,1,1,1632.4624999999942,0,1,4,0.0
3108,15697424,Ku,515.5,Spain,Female,26.0,2,119370.11,1,1,1,1632.4624999999942,1,0,3,73.12272716831194
3109,15724536,Chin,515.5,Spain,Female,26.0,1,0.0,2,1,1,1632.4624999999942,0,1,4,0.0
3110,15735878,Law,515.5,Germany,Female,26.0,10,134381.52,1,0,0,1632.4624999999942,1,0,1,82.31828908780476
3111,15707596,Chung,515.5,Germany,Female,26.0,8,114888.74,2,1,1,1632.4624999999942,1,0,4,70.37756763172227
3112,15657163,Cockrum,515.5,Germany,Male,26.0,1,149332.48,2,1,0,1632.4624999999942,0,0,3,91.47682106020845
3113,15622478,Greaves,515.5,France,Female,26.0,7,105061.74,3,1,0,1632.4624999999942,1,0,4,64.35782751518052
3114,15779529,Grant,515.5,France,Male,26.0,7,0.0,2,1,1,1632.4624999999942,0,0,4,0.0
3115,15636023,O'Donnell,515.5,France,Female,26.0,10,0.0,1,1,1,1632.4624999999942,1,1,3,0.0
3117,15666675,Hsieh,515.5,France,Female,26.0,7,155062.8,1,1,1,1632.4624999999942,0,0,3,94.9870517699491
3118,15732987,Hs?,515.5,Spain,Male,26.0,3,88798.34,1,0,0,1632.4624999999942,0,0,1,54.39533220518101
3119,15789432,Mazzanti,451.0,France,Male,26.0,6,0.0,2,1,0,1632.4624999999942,0,1,3,0.0
3120,15663161,Chiu,515.5,Germany,Female,26.0,5,143139.87,1,0,0,1632.4624999999942,1,0,1,87.68340467238941
3122,15593715,Castiglione,515.5,Germany,Male,26.0,3,107027.52,1,1,0,1632.4624999999942,0,0,2,65.56200831565833
3123,15575002,Ferguson,515.5,France,Male,26.0,4,140720.93,1,1,0,1632.4624999999942,0,0,2,86.20163097161527
3124,15622171,Nnamdi,515.5,France,Male,26.0,8,80964.57,2,1,0,1632.4624999999942,0,0,3,49.59658797675309
3125,15795224,Wu,515.5,France,Male,26.0,6,178585.46,1,1,0,1632.4624999999942,1,0,2,109.39636285672756
3126,15685346,Chu,515.5,Spain,Female,26.0,4,135889.13,1,1,1,1632.4624999999942,0,0,3,83.24180800477836
3127,15691808,King,515.5,France,Male,26.0,7,134919.85,1,1,0,1632.4624999999942,0,0,2,82.64805470263512
3128,15721007,Charlton,515.5,Germany,Male,26.0,8,115130.34,1,0,0,1632.4624999999942,1,0,1,70.52556490577909
3129,15794253,Marsh,515.5,Spain,Female,26.0,6,138190.13,2,0,1,1632.4624999999942,0,0,3,84.65133502301002
3130,15694453,Walker,515.5,Germany,Male,26.0,9,131519.49,2,1,1,1632.4624999999942,0,0,4,80.56509108172497
3131,15813113,Chang,515.5,Spain,Female,26.0,5,0.0,1,1,0,1632.4624999999942,1,0,2,0.0
3132,15614187,Pottinger,515.5,Germany,Female,26.0,3,126935.98,2,0,1,1632.4624999999942,0,0,3,77.75736349227039
3133,15619407,Buckley,515.5,France,Male,26.0,4,133707.09,1,1,1,1632.4624999999942,0,0,3,81.90515249201772
3134,15646227,Folliero,515.5,France,Female,26.0,1,97893.2,1,1,0,1632.4624999999942,0,0,2,59.966584224752694
3135,15660541,Olisanugo,515.5,France,Male,26.0,5,127900.03,1,1,0,1632.4624999999942,0,0,2,78.34791304547606
3136,15753874,Kent,515.5,France,Male,26.0,10,143835.47,1,0,1,1632.4624999999942,0,0,2,88.1095094068014
3137,15617877,Jessop,515.5,France,Male,26.0,0,0.0,2,1,1,1632.4624999999942,0,0,4,0.0
3138,15772073,Hodge,515.5,France,Male,26.0,10,0.0,1,1,0,1632.4624999999942,1,1,2,0.0
3139,15701537,Ignatiev,515.5,France,Male,26.0,2,0.0,1,1,1,1632.4624999999942,1,1,3,0.0
3140,15736228,Chambers,515.5,France,Female,26.0,3,129596.77,1,1,1,1632.4624999999942,0,0,3,79.38728760997601
3141,15780572,Mansom,515.5,Spain,Male,26.0,4,0.0,2,1,0,1632.4624999999942,0,1,3,0.0
3142,15769596,Yen,515.5,Germany,Female,24.0,2,110407.44,2,0,0,1632.4624999999942,1,0,2,67.6324509751375
3143,15586996,Azikiwe,515.5,France,Female,26.0,7,0.0,2,0,1,1632.4624999999942,0,1,3,0.0
3144,15722061,Allen,515.5,Germany,Female,26.0,8,142015.76,2,1,0,1632.4624999999942,0,0,3,86.99480692512111
3145,15638003,Komarova,515.5,Spain,Male,26.0,1,81370.07,1,0,1,1632.4624999999942,0,0,2,49.84498571942712
3146,15775590,Mackay,482.0,Germany,Female,26.0,2,69329.47,1,0,0,1632.4624999999942,1,0,1,42.469257333629564
3147,15730688,Yu,515.5,France,Female,26.0,8,116755.5,2,1,1,1632.4624999999942,1,0,4,71.52109160241072
3148,15753102,Curtis,515.5,Spain,Male,26.0,6,83870.33,1,1,0,1632.4624999999942,0,0,2,51.37657373446575
3149,15810075,Fang,515.5,France,Female,26.0,6,130694.89,2,1,1,1632.4624999999942,1,0,4,80.05996462399624
3150,15723373,Page,515.5,Spain,Female,26.0,8,117451.47,1,1,0,1632.4624999999942,0,0,2,71.94742298827717
3151,15795298,Olisaemeka,515.5,Germany,Female,26.0,9,206868.78,2,0,1,1632.4624999999942,0,0,3,126.721918573934
3152,15584320,Brennan,515.5,France,Female,26.0,3,111695.62,1,0,0,1632.4624999999942,0,0,1,68.42155332817777
3153,15724161,Sutton,515.5,France,Female,26.0,9,137285.26,4,1,0,1632.4624999999942,1,0,5,84.0970374510903
3154,15750056,Hyde,515.5,France,Female,26.0,6,149218.39,1,1,1,1632.4624999999942,0,0,3,91.40693277793551
3155,15609637,Nkemakolam,515.5,France,Male,26.0,7,0.0,2,0,1,1632.4624999999942,0,0,3,0.0
3156,15794493,Chimaijem,515.5,Spain,Male,26.0,7,0.0,2,1,1,1632.4624999999942,0,0,4,0.0
3157,15569641,Sung,515.5,Germany,Female,26.0,8,130701.29,1,1,0,1632.4624999999942,1,0,2,80.06388508158715
3158,15815236,Chiganu,515.5,Spain,Male,26.0,5,0.0,2,0,0,1632.4624999999942,0,0,2,0.0
3159,15811177,Beneventi,515.5,France,Female,26.0,3,167949.48,1,1,0,1632.4624999999942,0,0,2,102.8810646492649
3160,15680587,Esposito,515.5,France,Male,23.0,4,131254.81,1,1,0,1632.4624999999942,0,0,2,80.40295565748093
3161,15672821,Owen,515.5,France,Male,26.0,5,0.0,2,1,1,1632.4624999999942,0,0,4,0.0
3162,15767681,Smalley,470.0,Spain,Male,26.0,9,0.0,2,0,1,1632.4624999999942,0,0,3,0.0
3163,15600379,Hsiung,515.5,Spain,Male,26.0,7,86656.13,1,0,1,1632.4624999999942,0,0,2,53.08307541520881
3164,15801336,Ch'ang,515.5,Germany,Female,26.0,8,114737.26,1,1,1,1632.4624999999942,1,0,3,70.28477530111742
3165,15721592,Barton,515.5,France,Female,26.0,5,0.0,2,1,0,1632.4624999999942,0,1,3,0.0
3166,15581282,Lucchese,515.5,France,Female,26.0,6,0.0,1,1,0,1632.4624999999942,0,0,2,0.0
3167,15746203,Hsia,515.5,Germany,Male,26.0,4,119817.33,1,0,1,1632.4624999999942,1,0,2,73.3966813939067
3168,15583137,Pope,515.5,France,Female,26.0,7,130806.99,2,1,1,1632.4624999999942,1,0,4,80.12863388898703
3169,15680752,Horrocks,515.5,France,Female,26.0,0,0.0,1,1,1,1632.4624999999942,1,0,3,0.0
3170,15688172,Tai,515.5,Spain,Male,26.0,5,0.0,2,1,0,1632.4624999999942,0,0,3,0.0
3171,15791373,Chikezie,515.5,Germany,Female,26.0,2,80931.75,1,0,0,1632.4624999999942,1,0,1,49.576483380169705
3172,15589449,Frye,515.5,France,Female,26.0,3,0.0,3,1,1,1632.4624999999942,1,0,5,0.0
3173,15692819,Toscani,515.5,Germany,Male,26.0,1,132178.67,1,0,0,1632.4624999999942,0,0,1,80.9688859621587
3174,15727467,Mellor,485.0,France,Female,26.0,3,0.0,2,1,0,1632.4624999999942,0,1,3,0.0
3175,15734312,Kang,515.5,Spain,Male,26.0,6,0.0,2,1,1,1632.4624999999942,0,1,4,0.0
3176,15764604,Sutherland,515.5,France,Female,26.0,7,164769.02,3,1,0,1632.4624999999942,1,0,4,100.93280550089241
3177,15613014,Hs?,515.5,Germany,Male,26.0,1,107233.85,2,1,0,1632.4624999999942,0,0,3,65.68840019296026
3178,15759684,Ting,515.5,France,Female,26.0,7,176227.07,2,0,1,1632.4624999999942,0,0,3,107.95168036019243
3179,15609669,Chuang,515.5,France,Female,26.0,4,109949.39,2,1,1,1632.4624999999942,0,0,4,67.35186260021311
3180,15685536,Chu,515.5,France,Female,26.0,5,0.0,2,1,1,1351.41,0,0,4,0.0
3181,15750447,Ozoemena,515.5,France,Female,26.0,10,117738.81,1,1,0,1632.4624999999942,1,0,2,72.12343928267903
3182,15663249,Howells,515.5,Spain,Female,26.0,9,133292.45,1,1,0,1632.4624999999942,0,0,2,81.65115584584667
3183,15638646,Lucchese,515.5,France,Female,26.0,1,160474.59,1,1,1,1632.4624999999942,0,0,3,98.30216008024722
3184,15734161,Nnonso,515.5,France,Male,26.0,6,0.0,2,1,0,1632.4624999999942,0,0,3,0.0
3185,15631070,Gerasimova,515.5,Germany,Male,26.0,9,154393.43,1,1,1,1632.4624999999942,1,0,3,94.57701478594488
3186,15761950,Woronoff,515.5,Germany,Female,26.0,9,110827.49,1,1,1,1632.4624999999942,1,0,3,67.88976163311587
3187,15649668,Wilhelm,515.5,Germany,Female,26.0,10,145750.45,2,1,1,1632.4624999999942,0,0,4,89.28257157515137
3188,15713912,Nebechukwu,515.5,Spain,Female,26.0,8,109044.3,1,0,1,1632.4624999999942,0,0,2,66.7974302625637
3189,15586757,Anenechukwu,515.5,France,Female,26.0,4,75170.54,1,1,1,1632.4624999999942,0,0,3,46.047330336837916
3190,15596522,Meredith,515.5,France,Female,26.0,2,0.0,2,1,0,1632.4624999999942,0,1,3,0.0
3191,15625395,Chinomso,515.5,France,Female,26.0,6,105795.9,1,1,1,1632.4624999999942,0,0,3,64.80755300657772
3192,15760570,Stephenson,515.5,France,Male,26.0,5,0.0,2,1,0,1632.4624999999942,0,0,3,0.0
3193,15566689,Chimaoke,515.5,Spain,Male,26.0,8,0.0,2,1,1,1632.4624999999942,0,1,4,0.0
3194,15725794,Winters,515.5,France,Female,26.0,1,0.0,1,1,0,1632.4624999999942,1,1,2,0.0
3195,15673539,Napolitani,515.5,France,Female,26.0,3,118097.87,1,1,0,1632.4624999999942,0,0,2,72.34338920495902
3196,15705298,L?,515.5,Germany,Male,26.0,0,172693.54,1,0,0,1632.4624999999942,0,0,1,105.78714059281646
3197,15675791,Williams,515.5,France,Male,26.0,4,129440.3,2,1,0,1632.4624999999942,0,0,3,79.29143854759326
3198,15747043,Giles,515.5,Spain,Male,26.0,4,0.0,2,0,0,1632.4624999999942,0,0,2,0.0
3199,15736397,Wang,515.5,France,Male,23.0,1,96471.2,1,1,0,1632.4624999999942,0,0,2,59.0955075537725
3200,15678201,Robertson,515.5,France,Female,26.0,1,0.0,1,1,1,1632.4624999999942,1,1,3,0.0
3201,15720745,Murray,515.5,Spain,Male,24.0,4,140197.18,1,1,1,1632.4624999999942,0,0,3,85.8807966492342
3203,15598070,Marchesi,515.5,France,Female,26.0,4,135946.26,1,1,0,1632.4624999999942,0,0,2,83.27680421449222
3204,15787550,Chao,515.5,France,Male,26.0,3,0.0,2,1,1,1632.4624999999942,0,0,4,0.0
3205,15603942,Hawthorn,515.5,Germany,Male,26.0,3,81290.02,3,0,1,1632.4624999999942,1,0,4,49.79594937096582
3206,15733973,Bibi,515.5,France,Female,26.0,8,0.0,1,1,0,1632.4624999999942,1,0,2,0.0
3207,15596761,Hawdon,515.0,Germany,Male,26.0,9,113715.36,1,1,0,1632.4624999999942,1,0,2,69.65878848671893
3208,15652400,Moss,515.5,Spain,Male,26.0,2,168883.08,1,0,1,1632.4624999999942,0,0,2,103.45296140033881
3209,15717893,Briggs,515.5,Germany,Male,26.0,8,143421.74,1,1,0,1632.4624999999942,0,0,2,87.85607020069405
3210,15622585,McIntyre,515.5,France,Male,26.0,7,153644.39,1,1,1,1632.4624999999942,0,0,3,94.11817423064883
3211,15733964,Russo,515.5,Spain,Female,26.0,1,109330.06,1,1,1,1632.4624999999942,0,0,3,66.9724786939978
3212,15753861,Ballard,515.5,Germany,Female,26.0,1,115095.88,2,0,0,1632.4624999999942,0,0,2,70.50445569193805
3213,15747097,Hs?,515.5,France,Male,26.0,10,0.0,1,1,1,1632.4624999999942,1,0,3,0.0
3214,15594762,Pisani,515.5,Spain,Male,26.0,1,183276.32,1,1,1,1632.4624999999942,0,0,3,112.26984999655468
3215,15667417,Tao,515.5,France,Male,26.0,9,68193.72,1,1,0,1632.4624999999942,0,0,2,41.773529254117776
3216,15684861,Thomson,515.5,France,Female,26.0,8,0.0,2,0,0,1632.4624999999942,0,1,2,0.0
3217,15742204,Hsu,515.5,Germany,Male,26.0,6,139729.54,1,0,1,1632.4624999999942,0,0,2,85.59433371363845
3218,15623502,Morrison,515.5,Spain,Female,26.0,4,98365.33,1,1,1,1632.4624999999942,0,0,3,60.25579760637709
3219,15774872,Joslin,515.5,France,Male,26.0,10,0.0,2,1,0,1632.4624999999942,0,1,3,0.0
3220,15611191,Scott,505.0,Germany,Female,26.0,10,122453.97,2,1,1,1632.4624999999942,0,0,4,75.01181190992163
3221,15674331,Bidwill,515.5,Germany,Male,26.0,7,132174.41,2,0,0,1632.4624999999942,0,0,2,80.96627640757474
3222,15619465,Cameron,515.5,Spain,Female,24.0,2,0.0,2,0,1,1632.4624999999942,0,1,3,0.0
3223,15575247,Cartwright,515.5,France,Male,26.0,1,0.0,2,1,0,1632.4624999999942,0,1,3,0.0
3224,15695679,Yao,515.5,Spain,Male,26.0,2,104349.45,1,0,0,1632.4624999999942,0,0,1,63.92149896245725
3225,15713463,Tate,515.5,Germany,Female,26.0,2,138881.04,1,1,0,1632.4624999999942,1,0,2,85.07456679709365
3226,15785170,Neal,515.5,Germany,Female,26.0,0,116968.91,1,0,0,1632.4624999999942,0,0,1,71.6518204859226
3227,15796351,Yao,515.5,Germany,Male,26.0,1,105346.03,2,1,1,1632.4624999999942,0,0,4,64.53197546651171
3229,15693264,Onyinyechukwuka,515.5,France,Female,26.0,10,0.0,2,1,1,1632.4624999999942,0,1,4,0.0
3230,15589715,Fulks,515.5,France,Female,26.0,5,0.0,1,1,0,1632.4624999999942,1,0,2,0.0
3231,15769902,Christie,515.5,France,Female,26.0,6,0.0,2,1,1,1632.4624999999942,0,0,4,0.0
3232,15587177,Lloyd,515.5,France,Male,26.0,6,124445.52,1,1,0,1632.4624999999942,0,0,2,76.23177867791783
3233,15814553,Ball,515.5,France,Female,26.0,5,68999.66,2,1,1,1632.4624999999942,0,0,4,42.26722512768303
3234,15601550,Genovesi,515.5,Spain,Male,26.0,6,85768.42,1,1,1,1632.4624999999942,0,0,3,52.53928957020471
3235,15664907,Alexander,515.5,France,Male,26.0,1,0.0,1,1,0,1632.4624999999942,1,0,2,0.0
3236,15612465,Siciliano,515.5,Spain,Male,26.0,9,100628.0,2,1,1,1632.4624999999942,0,0,4,61.64184475906819
3237,15810800,Ositadimma,515.5,Spain,Female,26.0,0,0.0,1,1,1,1632.4624999999942,0,0,3,0.0
3238,15665760,Kazantsev,515.5,Spain,Male,26.0,7,0.0,2,0,1,1632.4624999999942,0,0,3,0.0
3239,15588080,Giles,515.5,France,Male,26.0,6,0.0,1,1,0,1632.4624999999942,1,1,2,0.0
3241,15717560,Martin,515.5,France,Male,26.0,0,125647.36,1,1,0,1632.4624999999942,1,0,2,76.96799160777074
3242,15629739,Hartley,515.5,Germany,Female,26.0,8,100375.39,1,1,1,1632.4624999999942,0,0,3,61.487103072812
3243,15729908,Allan,411.0,France,Female,26.0,10,0.0,1,0,0,1632.4624999999942,0,1,1,0.0
3245,15646936,Nnamdi,515.5,Germany,Female,26.0,2,146810.99,2,1,1,1632.4624999999942,0,0,4,89.93222815225496
3246,15768151,Romano,514.0,Germany,Female,26.0,3,109032.23,1,0,1,1632.4624999999942,1,0,2,66.79003652457584
3247,15579212,Chuang,515.5,France,Male,26.0,6,0.0,1,1,0,1632.4624999999942,1,0,2,0.0
3248,15721835,Owen,515.5,Spain,Male,25.0,7,0.0,1,1,0,1632.4624999999942,0,0,2,0.0
3249,15800515,Singh,515.5,France,Male,26.0,5,128653.59,1,1,0,1632.4624999999942,0,0,2,78.8095224239457
3250,15591279,Nwagugheuzo,515.5,France,Male,26.0,3,80387.81,1,0,1,1632.4624999999942,0,0,2,49.24328123923232
3251,15587419,Shipton,515.5,France,Male,26.0,8,0.0,2,0,1,1632.4624999999942,1,1,3,0.0
3252,15750335,Paterson,515.5,Germany,Male,26.0,0,108508.82,3,1,0,1632.4624999999942,1,0,4,66.4694104765043
3253,15699619,Rivas,515.5,France,Male,26.0,10,155978.17,1,1,0,1632.4624999999942,0,0,2,95.54778134260393
3254,15606472,Lung,515.5,France,Female,26.0,5,0.0,1,1,1,1632.4624999999942,0,0,3,0.0
3255,15778368,Allan,515.5,Germany,Male,26.0,4,121175.56,1,1,0,1632.4624999999942,1,0,2,74.22869438042248
3256,15671387,Fetherstonhaugh,507.0,France,Female,26.0,4,89349.47,2,0,0,1632.4624999999942,0,0,2,54.732938735193194
3257,15573926,Lung,515.5,Spain,Male,26.0,7,86131.71,2,0,0,1632.4624999999942,0,0,2,52.7618306699237
3258,15709183,Davidson,515.5,France,Female,26.0,3,102346.86,1,1,1,1632.4624999999942,0,0,3,62.69476940511673
3259,15577514,Mai,515.5,Germany,Female,26.0,7,121263.62,1,1,1,1632.4624999999942,0,0,3,74.2826374265874
3260,15778830,Dellucci,515.5,France,Male,26.0,2,0.0,2,1,0,1632.4624999999942,0,1,3,0.0
3261,15768072,Mitchell,515.5,Spain,Female,26.0,2,0.0,1,0,0,1632.4624999999942,1,0,1,0.0
3262,15768293,Sun,515.5,France,Male,26.0,3,0.0,2,1,1,1632.4624999999942,0,0,4,0.0
3263,15654456,Napolitano,511.0,Germany,Male,26.0,6,149726.08,1,0,0,1632.4624999999942,1,0,1,91.71792920204938
3264,15807525,Bailey,447.0,France,Male,26.0,2,0.0,2,1,0,1632.4624999999942,1,0,3,0.0
3265,15574372,Hoolan,515.5,France,Male,26.0,5,161274.05,2,1,0,1632.4624999999942,0,0,3,98.79188649050165
3266,15671249,Kent,422.0,France,Female,26.0,2,0.0,2,1,0,1632.4624999999942,0,1,3,0.0
3267,15779744,Chou,515.5,Spain,Male,26.0,1,103138.17,1,1,1,1632.4624999999942,0,0,3,63.17950335765775
3268,15624755,Pepper,515.5,Germany,Female,26.0,3,109628.44,1,1,0,1632.4624999999942,0,0,2,67.15525777774398
3269,15611430,Abramowitz,515.5,France,Male,26.0,5,0.0,1,1,0,1632.4624999999942,1,0,2,0.0
3270,15774744,Lord,515.5,Germany,Male,26.0,7,97286.16,2,1,0,1632.4624999999942,0,0,3,59.594728822254936
3271,15629885,Wilson,515.5,France,Female,26.0,7,118004.26,1,1,0,1632.4624999999942,0,0,2,72.28604638697698
3272,15708791,Abazu,515.5,Spain,Male,26.0,9,85534.83,1,0,0,1632.4624999999942,0,0,1,52.3961989938515
3273,15793890,Harriman,515.5,France,Female,26.0,4,0.0,1,1,1,1632.4624999999942,1,1,3,0.0
3274,15646091,Frankland,515.5,Spain,Female,26.0,4,95140.44,2,1,0,1632.4624999999942,1,0,3,58.28032190632271
3275,15596984,Pinto,515.5,France,Female,26.0,6,0.0,1,1,1,1632.4624999999942,1,0,3,0.0
3276,15800215,Kwemtochukwu,515.5,France,Male,25.0,3,0.0,2,0,1,1632.4624999999942,0,1,3,0.0
3277,15577806,Chiu,515.5,Germany,Female,26.0,1,75900.84,1,1,1,1632.4624999999942,0,0,3,46.4946913022506
3278,15749381,Yu,515.5,France,Female,26.0,2,126619.27,1,1,0,1632.4624999999942,0,0,2,77.56335597295525
3279,15683758,Onyekachukwu,515.5,France,Male,26.0,7,111833.47,1,1,0,1632.4624999999942,0,0,2,68.50599630925697
3280,15670615,Castiglione,515.5,Spain,Male,26.0,7,0.0,2,1,0,1632.4624999999942,0,0,3,0.0
3281,15715622,To Rot,515.5,France,Female,26.0,3,238387.56,1,0,1,1632.4624999999942,1,0,2,146.0294248719348
3282,15707634,Anenechukwu,515.5,France,Female,26.0,2,108698.96,2,1,1,1632.4624999999942,0,0,4,66.58588482124422
3283,15806901,Henderson,515.5,France,Female,26.0,2,112687.69,1,1,1,1632.4624999999942,0,0,3,69.02926713477363
3284,15775335,Ellis,515.5,Germany,Female,26.0,4,81556.89,2,1,0,1632.4624999999942,0,0,3,49.95942632679176
3285,15724150,Nkemdirim,515.5,France,Male,26.0,9,136596.85,1,1,1,1632.4624999999942,0,0,3,83.67533710575312
3286,15627220,Kang,515.5,Germany,Female,26.0,9,98807.45,1,0,0,1632.4624999999942,1,0,1,60.5266277173291
3287,15672330,Lear,515.5,France,Female,26.0,1,0.0,2,0,1,1632.4624999999942,0,1,3,0.0
3288,15668521,Jamieson,515.5,France,Male,26.0,1,0.0,2,1,1,1632.4624999999942,0,0,4,0.0
3289,15807837,Mazzanti,515.5,France,Female,26.0,6,107499.7,1,1,1,1632.4624999999942,0,0,3,65.85125232585764
3291,15748589,Winter,515.5,France,Female,26.0,9,0.0,2,1,0,1632.4624999999942,0,0,3,0.0
3292,15635893,T'ien,515.5,France,Female,26.0,8,0.0,2,1,1,1632.4624999999942,0,1,4,0.0
3293,15757632,Hughes-Jones,496.0,France,Female,26.0,1,176024.05,2,1,0,1632.4624999999942,0,0,3,107.82731609455078
3294,15691863,Cody,515.5,France,Female,26.0,3,0.0,2,1,1,1632.4624999999942,0,0,4,0.0
3295,15706071,Hunt,515.5,Germany,Male,26.0,0,127631.62,1,0,1,1632.4624999999942,1,0,2,78.18349272954231
3298,15594041,Fanucci,515.5,Spain,Female,26.0,2,138734.94,1,1,0,1632.4624999999942,0,0,2,84.98507010115118
3300,15724527,Forbes,515.5,France,Male,26.0,9,0.0,2,1,1,1632.4624999999942,0,0,4,0.0
3301,15801904,Heard,515.5,Germany,Male,26.0,0,143988.0,2,1,0,1632.4624999999942,1,0,3,88.20294493747974
3302,15658195,Efremova,515.5,France,Male,26.0,5,118838.75,1,1,1,1632.4624999999942,0,0,3,72.79723117682668
3303,15630113,Morphett,515.5,Spain,Male,26.0,4,161637.75,1,1,1,1632.4624999999942,0,0,3,99.01467874453506
3304,15784320,Lenhardt,515.5,France,Female,26.0,3,133793.89,1,1,1,1632.4624999999942,1,0,3,81.95832369809443
3305,15676513,Burns,515.5,Germany,Male,26.0,8,71553.83,1,1,0,1632.4624999999942,0,0,2,43.83183687221008
3306,15574072,Ch'ien,515.5,France,Female,26.0,8,0.0,1,1,1,1632.4624999999942,0,1,3,0.0
3307,15633854,Sun,515.5,France,Female,26.0,3,0.0,2,1,0,1632.4624999999942,0,1,3,0.0
3308,15618566,Jamieson,515.5,France,Female,26.0,7,0.0,2,1,1,1632.4624999999942,0,1,4,0.0
3309,15733014,Nolan,515.5,France,Female,26.0,10,64667.95,2,0,1,1632.4624999999942,0,0,3,39.61374304157077
3310,15753343,Barry,515.5,France,Female,26.0,2,121164.11,1,1,1,1632.4624999999942,0,0,3,74.22168043676375
3311,15746076,Saunders,506.0,Spain,Male,26.0,3,0.0,2,1,0,1632.4624999999942,0,0,3,0.0
3312,15608226,McMorran,513.0,Spain,Male,26.0,3,98903.06,1,1,1,1632.4624999999942,0,0,3,60.585195678308295
3313,15605684,Phelan,515.5,France,Female,26.0,7,104158.84,1,1,0,1632.4624999999942,0,0,2,63.804736709112994
3314,15638988,Fu,515.5,France,Male,26.0,6,0.0,2,1,1,1632.4624999999942,0,0,4,0.0
3315,15628767,Hotchin,515.5,Spain,Female,26.0,3,139529.93,2,1,1,1632.4624999999942,1,0,4,85.47205831680697
3316,15737977,Aksyonov,515.5,France,Female,25.0,6,0.0,2,0,1,1632.4624999999942,0,0,3,0.0
3317,15758116,Rossi,515.5,France,Male,26.0,5,64646.7,1,1,0,1632.4624999999942,1,0,2,39.600725897225956
3318,15575119,Hughes,515.5,France,Male,26.0,3,0.0,2,1,1,1632.4624999999942,1,1,4,0.0
3319,15625126,Duncan,515.5,France,Female,26.0,6,0.0,2,1,1,1632.4624999999942,0,1,4,0.0
3320,15567114,McGarry,430.0,France,Male,26.0,1,118894.22,1,0,0,1632.4624999999942,0,0,1,72.8312105178529
3321,15672242,Aksenov,515.5,France,Male,24.0,2,0.0,1,0,1,1632.4624999999942,0,1,2,0.0
3322,15681327,Akhtar,515.5,France,Male,26.0,9,0.0,2,1,1,1632.4624999999942,0,0,4,0.0
3323,15802585,Pisani,515.5,France,Female,26.0,8,68213.99,1,1,1,1632.4624999999942,0,0,3,41.78594607839399
3324,15740630,Pisano,487.0,Spain,Female,26.0,1,0.0,2,1,0,1632.4624999999942,0,1,3,0.0
3325,15815420,McDaniels,515.5,Spain,Male,26.0,8,139196.0,1,0,1,1632.4624999999942,0,0,2,85.26750231628628
3326,15711468,Tennant,515.5,France,Female,26.0,7,0.0,2,1,1,1632.4624999999942,0,0,4,0.0
3327,15799626,Donaghy,515.5,Germany,Male,26.0,4,126345.55,1,0,1,1632.4624999999942,1,0,2,77.39568290236404
3328,15659325,Todd,515.5,Spain,Male,26.0,5,0.0,2,1,1,1632.4624999999942,0,1,4,0.0
3329,15651352,Tobenna,515.5,France,Female,26.0,2,0.0,1,1,0,1632.4624999999942,1,1,2,0.0
3330,15684925,Vicars,515.5,France,Female,26.0,3,0.0,2,0,0,1632.4624999999942,0,0,2,0.0
3332,15574122,Tien,515.5,France,Male,26.0,5,129278.43,1,0,0,1632.4624999999942,0,0,1,79.19228159911817
3333,15720508,Hsing,515.5,France,Male,26.0,3,119558.35,1,0,0,1632.4624999999942,0,0,1,73.23803762720456
3334,15599078,Yang,515.5,Germany,Female,26.0,5,92467.58,1,1,0,1632.4624999999942,0,0,2,56.64300405062924
3335,15702300,Walker,515.5,France,Male,26.0,5,0.0,2,0,0,1632.4624999999942,0,1,2,0.0
3336,15660735,T'ang,515.5,Spain,Female,26.0,6,0.0,2,1,0,1632.4624999999942,0,1,3,0.0
3337,15671390,Chukwukere,515.5,Spain,Male,26.0,10,0.0,2,1,0,1632.4624999999942,0,0,3,0.0
3338,15647385,Ch'iu,515.5,Spain,Male,26.0,4,99340.83,1,0,0,1632.4624999999942,1,0,1,60.85336110324149
3339,15739223,Pai,515.5,Spain,Female,24.0,3,0.0,2,1,1,1632.4624999999942,0,1,4,0.0
3340,15631305,Franklin,515.5,Spain,Female,26.0,4,126833.79,2,1,0,1632.4624999999942,1,0,3,77.69476481083053
3341,15809263,Y?,515.5,Germany,Male,26.0,5,109676.52,1,1,1,1632.4624999999942,0,0,3,67.1847102153957
3342,15640866,Peng,515.5,France,Female,26.0,3,0.0,1,0,1,1632.4624999999942,0,1,2,0.0
3343,15775663,Otitodilichukwu,515.5,Germany,Male,26.0,6,134729.99,2,1,1,1632.4624999999942,0,0,4,82.53175187791479
3344,15631800,Pagnotto,474.0,France,Male,26.0,3,98431.37,1,0,0,1632.4624999999942,0,0,1,60.296251828143276
3345,15654292,Vessels,515.5,Germany,Male,26.0,8,130368.31,2,1,0,1632.4624999999942,0,0,3,79.85991102399011
3346,15648320,Heller,515.5,France,Female,26.0,7,123974.96,1,1,0,1632.4624999999942,0,0,2,75.94352703354622
3347,15726747,Donaldson,515.5,France,Male,26.0,4,138082.16,1,0,1,1632.4624999999942,0,0,2,84.58519567830838
3348,15694510,Ifeanyichukwu,515.5,France,Male,26.0,1,129855.32,1,0,0,1632.4624999999942,0,0,1,79.54566797093376
3349,15572291,Kao,515.5,France,Male,26.0,6,132308.22,1,0,0,1632.4624999999942,0,0,1,81.04824459979967
3350,15603465,Dunn,515.5,Germany,Female,26.0,5,155447.65,2,1,0,1632.4624999999942,1,0,3,95.22279991117747
3351,15685628,Calabresi,515.5,Spain,Male,26.0,2,124268.64,2,0,1,1632.4624999999942,0,0,3,76.12342703124908
3352,15792729,Holland,474.0,Germany,Female,26.0,9,176311.36,1,1,0,1632.4624999999942,0,0,2,108.00331401180769
3353,15767414,Calabresi,515.5,France,Male,26.0,2,99886.42,2,1,1,1632.4624999999942,0,0,4,61.18757398715153
3354,15568044,Butusov,508.0,France,Female,26.0,7,0.0,2,1,1,1632.4624999999942,0,0,4,0.0
3355,15751333,Atkinson,515.5,France,Female,26.0,2,0.0,2,0,1,1632.4624999999942,0,1,3,0.0
3356,15623062,Vasilyeva,515.5,Germany,Male,24.0,5,85089.3,1,1,1,1632.4624999999942,0,0,3,52.12328001408933
3357,15713621,Mollison,515.5,Germany,Male,26.0,10,134318.21,2,1,1,1632.4624999999942,0,0,4,82.27950718622968
3358,15670668,Webb,515.5,Germany,Male,26.0,5,75395.53,2,0,1,1632.4624999999942,0,0,3,46.18515279830334
3359,15750638,Obiajulu,515.5,Germany,Female,26.0,5,116765.7,1,0,0,1632.4624999999942,1,0,1,71.52733983169624
3360,15747878,Aiken,515.5,Spain,Male,26.0,4,0.0,1,1,1,1632.4624999999942,0,0,3,0.0
3361,15726796,Brabyn,515.5,France,Male,26.0,7,111501.66,1,1,1,1632.4624999999942,0,0,3,68.30273896031326
3362,15754952,Su,515.5,Germany,Female,26.0,7,76595.08,2,0,0,1632.4624999999942,0,0,2,46.9199629394245
3363,15652192,Traeger,515.5,France,Female,26.0,9,160541.36,2,0,0,1632.4624999999942,0,0,2,98.34306147920736
3364,15681924,Ekwueme,515.5,Germany,Male,26.0,2,129728.6,1,1,0,1632.4624999999942,0,0,2,79.46804291063376
3365,15763544,Thompson,515.5,France,Male,26.0,1,0.0,2,0,0,1632.4624999999942,0,1,2,0.0
3366,15764431,Chinwenma,515.5,Spain,Female,26.0,5,130929.02,4,1,1,1632.4624999999942,1,0,6,80.20338598895869
3367,15684010,Tuan,515.5,Germany,Female,26.0,2,116800.25,1,1,1,1632.4624999999942,0,0,3,71.54850417697216
3368,15648881,Tsai,515.5,Germany,Male,26.0,0,101016.53,1,0,1,1632.4624999999942,1,0,2,61.87984716341133
3369,15733303,Liu,515.5,France,Male,26.0,5,0.0,2,1,1,1632.4624999999942,0,0,4,0.0
3370,15643294,Robinson,515.5,France,Female,26.0,8,190566.65,1,1,1,1632.4624999999942,0,0,3,116.7356983697945
3371,15749905,Carr,515.5,Spain,Female,26.0,6,0.0,1,1,0,1632.4624999999942,1,0,2,0.0
3372,15625175,Palerma,515.5,Germany,Female,26.0,6,97067.69,1,0,1,1632.4624999999942,1,0,2,59.46090032696025
3373,15643967,Chineze,515.5,France,Female,26.0,4,92208.54,1,0,1,1632.4624999999942,1,0,2,56.48432352963717
3374,15578251,Fang,515.5,France,Male,26.0,2,186347.97,2,1,0,1632.4624999999942,0,0,3,114.15145524016673
3375,15772573,Simpson,515.5,Spain,Male,26.0,2,103176.62,1,0,1,1632.4624999999942,0,0,2,63.20305673177813
3376,15733234,Moretti,515.5,France,Female,26.0,4,0.0,1,1,1,1632.4624999999942,1,0,3,0.0
3377,15721582,Hale,515.5,Germany,Female,26.0,4,77270.08,2,1,1,1632.4624999999942,1,0,4,47.33344870096573
3378,15628219,Benson,515.5,Germany,Female,26.0,3,111911.63,1,1,1,1632.4624999999942,1,0,3,68.55387489758596
3379,15571302,Estep,515.5,Germany,Male,26.0,5,94216.05,1,1,1,1632.4624999999942,0,0,3,57.71406693875071
3380,15637178,Mishina,515.5,Spain,Female,26.0,7,0.0,2,1,1,1632.4624999999942,0,1,4,0.0
3381,15601184,Abramovich,515.5,Spain,Female,26.0,3,0.0,2,1,0,1632.4624999999942,0,1,3,0.0
3382,15629511,Lavrentiev,515.5,France,Male,26.0,6,106770.82,1,1,0,1632.4624999999942,0,0,2,65.40476121197295
3383,15570629,Alexeyeva,515.5,Germany,Female,26.0,5,138089.97,2,1,1,1632.4624999999942,0,0,4,84.58997986171228
3384,15665766,T'ang,515.5,Germany,Male,26.0,9,133191.19,2,0,1,1632.4624999999942,0,0,3,81.5891268559005
3385,15693732,Kilgour,515.5,France,Female,26.0,9,0.0,2,1,1,1632.4624999999942,0,0,4,0.0
3386,15765982,Chin,515.5,France,Male,26.0,7,74135.85,1,1,1,1632.4624999999942,1,0,3,45.413508732972595
3387,15582016,Fiorentini,515.5,Spain,Male,26.0,6,99208.46,2,1,0,1632.4624999999942,0,0,3,60.77227501397451
3388,15798024,Lori,515.5,Germany,Male,26.0,8,92242.34,1,1,1,1632.4624999999942,0,0,3,56.50502844628917
3389,15588622,Marchesi,515.5,Germany,Male,25.0,7,108380.72,1,1,1,1632.4624999999942,0,0,3,66.39094006753625
3390,15724863,Sheppard,420.0,Spain,Female,26.0,4,91893.32,1,1,0,1632.4624999999942,1,0,2,56.291228741854916
3391,15618213,Nnanna,515.5,France,Female,26.0,7,85757.93,1,1,1,1632.4624999999942,0,0,3,52.5328636951846
3392,15780411,Norris,515.5,France,Female,26.0,3,0.0,2,0,0,820.46,0,0,2,0.0
3393,15725429,Vincent,515.5,Germany,Male,26.0,8,96759.42,1,1,1,1632.4624999999942,0,0,3,59.272062911093116
3394,15600626,Bradley,515.5,France,Male,26.0,6,0.0,2,1,1,1632.4624999999942,0,0,4,0.0
3395,15668460,Bellucci,466.0,France,Male,26.0,6,0.0,2,1,1,1632.4624999999942,0,0,4,0.0
3397,15720354,Knowles,515.5,France,Male,26.0,4,0.0,2,1,1,1632.4624999999942,0,1,4,0.0
3398,15691624,Chidiebere,515.5,France,Male,26.0,2,132150.26,2,1,0,1632.4624999999942,0,0,3,80.95148280588404
3399,15793196,Kelly,515.5,France,Male,26.0,9,0.0,2,0,1,1632.4624999999942,0,1,3,0.0
3400,15633352,Okwukwe,515.5,France,Female,26.0,6,175443.75,1,1,0,1632.4624999999942,1,0,2,107.47184085392506
3401,15750874,Onyemere,515.5,France,Male,26.0,3,78990.15,1,1,1,1632.4624999999942,0,0,3,48.38711455852755
3402,15588923,Murphy,515.5,France,Female,26.0,4,113743.37,1,1,0,1632.4624999999942,0,0,2,69.67594661439415
3403,15715745,Elliott,515.5,France,Female,26.0,5,157624.84,1,1,1,1632.4624999999942,0,0,3,96.55648445217
3404,15611800,Loggia,515.5,France,Female,26.0,7,125163.62,2,1,1,1632.4624999999942,0,0,4,76.67166627104784
3405,15576928,Walsh,515.5,France,Female,23.0,2,0.0,1,1,0,1632.4624999999942,0,1,2,0.0
3406,15793693,Mahomed,515.5,France,Male,26.0,9,0.0,1,1,1,1632.4624999999942,0,0,3,0.0
3407,15581252,Dolgorukova,515.5,Spain,Female,26.0,7,80922.75,1,1,0,1632.4624999999942,0,0,2,49.57097023668249
3408,15797760,Bogdanov,515.5,France,Male,26.0,3,193354.86,2,1,0,1632.4624999999942,0,0,3,118.44367634784913
3409,15790564,She,515.5,Germany,Female,26.0,9,107648.94,2,1,1,1632.4624999999942,0,0,4,65.94267249630566
3410,15593736,Cook,515.5,Germany,Female,26.0,7,131769.04,1,0,0,1632.4624999999942,1,0,1,80.71795829919553
3411,15595937,Bruno,430.0,Germany,Male,26.0,1,138992.48,2,0,0,1632.4624999999942,0,0,2,85.14283176489536
3412,15815628,Moysey,515.5,France,Female,26.0,8,113899.92,1,0,0,1632.4624999999942,0,0,1,69.77184468249678
3413,15782802,Beneventi,515.5,Germany,Male,26.0,6,114450.32,1,1,1,1632.4624999999942,0,0,3,70.109004035315
3414,15627412,Ferri,515.5,France,Male,26.0,3,0.0,2,1,0,1632.4624999999942,0,1,3,0.0
3415,15734609,Skinner,515.5,France,Female,26.0,2,0.0,2,1,1,1632.4624999999942,0,0,4,0.0
3416,15710689,Angel,515.5,Spain,Male,26.0,6,63609.92,1,0,0,1632.4624999999942,1,0,1,38.965624018928594
3417,15565806,Toosey,515.5,France,Male,26.0,9,0.0,2,0,0,1632.4624999999942,0,0,2,0.0
3418,15815530,Chin,515.5,France,Female,26.0,10,75497.51,1,0,0,1632.4624999999942,0,0,1,46.247622839728486
3419,15632272,Lung,515.5,France,Female,26.0,2,0.0,2,1,0,1632.4624999999942,0,0,3,0.0
3421,15654519,Hassall,515.5,France,Male,26.0,1,0.0,2,1,1,1632.4624999999942,0,0,4,0.0
3422,15767722,Richardson,515.5,France,Female,26.0,0,117704.73,1,1,0,1632.4624999999942,0,0,2,72.10256284600743
3423,15654346,Poninski,515.5,Germany,Male,26.0,1,130463.55,2,1,1,1632.4624999999942,0,0,4,79.91825233351484
3424,15660147,Dore,493.0,Spain,Male,26.0,8,46161.18,1,1,1,1632.4624999999942,0,0,3,28.277023208802753
3425,15814998,Bonham,515.5,Spain,Male,26.0,5,0.0,2,0,0,1632.4624999999942,0,1,2,0.0
3426,15802207,Ibezimako,515.5,Germany,Male,26.0,4,110182.54,2,1,1,1632.4624999999942,0,0,4,67.49468364510695
3427,15658668,Hunter,515.5,Spain,Male,26.0,10,0.0,2,0,0,1632.4624999999942,0,0,2,0.0
3428,15715079,Bold,465.0,France,Male,26.0,9,117221.15,1,1,0,1632.4624999999942,0,0,2,71.80633552072432
3429,15570360,Wan,515.5,France,Female,26.0,4,0.0,2,0,0,1632.4624999999942,0,1,2,0.0
3430,15674678,Bradley,515.5,Germany,Female,26.0,9,79120.27,1,0,0,548.52,1,0,1,144.2431816524466
3431,15780925,Tretyakova,515.5,France,Male,26.0,1,177069.24,2,1,1,1632.4624999999942,0,0,4,108.4675696991512
3432,15688193,Graham,468.0,France,Male,26.0,3,61636.97,1,0,0,1632.4624999999942,0,0,1,37.75705108080597
3433,15778219,Izmailov,515.5,France,Male,26.0,5,0.0,1,1,0,1632.4624999999942,0,0,2,0.0
3434,15696514,Calabrese,515.5,Germany,Female,26.0,6,104414.03,1,1,0,1632.4624999999942,0,0,2,63.96105882983552
3435,15712303,Valentin,515.5,France,Male,26.0,4,159732.02,1,1,1,1632.4624999999942,0,0,3,97.84728286254696
3436,15719090,Osonduagwuike,515.5,Germany,Female,26.0,4,89437.03,1,1,1,1632.4624999999942,0,0,3,54.78657549560882
3437,15735632,Williamson,515.5,France,Male,26.0,8,0.0,1,1,1,1632.4624999999942,0,0,3,0.0
3438,15619436,Pan,515.5,France,Female,26.0,3,0.0,1,0,0,1632.4624999999942,0,0,1,0.0
3439,15722404,Carpenter,445.0,France,Female,26.0,3,0.0,2,1,1,1632.4624999999942,0,1,4,0.0
3440,15662063,McIver,515.5,France,Male,26.0,7,142400.77,1,1,1,1632.4624999999942,0,0,3,87.23065307778923
3441,15745605,Trevisan,515.5,France,Female,26.0,2,88011.4,1,1,1,1632.4624999999942,1,0,3,53.91327519008878
3442,15636658,Rozhkova,515.5,France,Male,26.0,2,0.0,2,1,1,1632.4624999999942,0,0,4,0.0
3443,15784130,He,515.5,Germany,Female,26.0,8,154870.28,1,1,1,1632.4624999999942,0,0,3,94.86911950504256
3444,15606755,Moretti,515.5,Spain,Female,26.0,4,0.0,2,1,0,1632.4624999999942,1,0,3,0.0
3445,15801699,Fishbourne,436.0,Spain,Male,26.0,5,0.0,2,1,1,1632.4624999999942,0,0,4,0.0
3446,15784097,Gibson,515.5,Germany,Male,26.0,1,118402.25,2,1,0,1632.4624999999942,0,0,3,72.52984371769668
3447,15764654,Zikoranachidimma,515.5,France,Male,26.0,9,87374.88,2,1,1,247.36,0,0,4,353.22962483829235
3448,15612092,Palmer,515.5,Germany,Male,26.0,8,105397.8,1,1,0,1632.4624999999942,1,0,2,64.56368829299318
3449,15610903,Chukwueloka,515.5,Spain,Female,26.0,5,125341.69,1,1,0,1632.4624999999942,0,0,2,76.78074687779991
3450,15705777,Real,515.5,Germany,Male,26.0,10,129164.88,1,1,1,1632.4624999999942,0,0,3,79.12272410545447
3451,15661936,Chikelu,513.0,France,Male,26.0,3,141004.46,1,1,0,1632.4624999999942,0,0,2,86.37531336860755
3452,15700864,Fiorentini,515.5,France,Female,21.0,0,0.0,2,1,0,1632.4624999999942,0,1,3,0.0
3453,15722965,Yefimova,515.5,France,Male,26.0,3,89079.41,1,1,1,1632.4624999999942,1,0,3,54.56750767628679
3454,15737521,Ball,515.5,Germany,Male,26.0,9,103604.31,2,0,0,1632.4624999999942,0,0,2,63.46504743600565
3455,15814465,Ch'in,515.5,France,Male,24.0,1,182705.05,1,1,1,1632.4624999999942,0,0,3,111.91990627656111
3456,15580988,Odell,515.5,France,Male,26.0,8,0.0,2,1,1,1632.4624999999942,0,1,4,0.0
3457,15789974,Enemuo,515.5,France,Male,26.0,6,94598.48,1,0,0,1632.4624999999942,1,0,1,57.94833265695251
3458,15713370,Hunter,515.5,Spain,Male,26.0,8,188241.05,2,0,0,1632.4624999999942,1,0,2,115.31110209269778
3459,15748673,Nepean,515.5,France,Female,26.0,9,0.0,2,0,0,1632.4624999999942,0,0,2,0.0
3460,15754919,Nwebube,515.5,France,Female,26.0,10,0.0,2,0,1,1632.4624999999942,0,0,3,0.0
3461,15641662,Enticknap,470.0,Germany,Male,26.0,5,117469.91,2,0,0,1632.4624999999942,0,0,2,71.95871880671098
3462,15813422,Lu,515.5,Spain,Male,26.0,4,80790.74,1,1,0,1632.4624999999942,0,0,2,49.490104673155
3463,15713596,Ugochukwu,428.0,France,Female,26.0,1,107735.93,1,0,1,1632.4624999999942,0,0,2,65.9959600909671
3464,15791216,Mann,515.5,Germany,Male,26.0,8,133379.41,1,1,0,1632.4624999999942,1,0,2,81.70442506336316
3465,15689031,Murphy,515.5,Spain,Female,26.0,7,168066.87,1,1,0,1632.4624999999942,0,0,2,102.95297441748315
3466,15763704,Docherty,515.5,Germany,Female,26.0,2,69014.49,2,0,0,1632.4624999999942,0,0,2,42.27630956300696
3467,15631339,Adams,515.5,France,Male,26.0,4,0.0,1,1,0,1632.4624999999942,0,1,2,0.0
3468,15771509,Hirst,515.5,Germany,Female,26.0,1,98548.62,2,0,1,1632.4624999999942,0,0,3,60.368075836351736
3469,15769586,Horan,515.5,France,Female,26.0,1,0.0,2,1,1,1632.4624999999942,0,1,4,0.0
3470,15656096,Cumbrae-Stewart,515.5,Spain,Female,26.0,3,76554.06,1,1,1,1632.4624999999942,0,0,3,46.89483525655277
3471,15585280,Kinney,515.5,France,Female,26.0,2,0.0,2,0,1,1632.4624999999942,0,0,3,0.0
3472,15743582,T'ang,515.5,France,Female,26.0,3,107375.82,1,1,1,1632.4624999999942,0,0,3,65.77536696861361
3473,15761692,Muir,515.5,France,Male,26.0,9,122417.17,2,0,1,1632.4624999999942,0,0,3,74.9892692787739
3474,15627840,Toscano,515.5,France,Female,26.0,0,0.0,1,0,1,1632.4624999999942,1,0,2,0.0
3475,15778861,Wallace,515.5,Spain,Male,26.0,6,97188.62,1,0,0,1632.4624999999942,0,0,1,59.53497859828348
3476,15770554,Fraser,515.5,France,Male,26.0,4,61297.05,2,1,1,1632.4624999999942,0,0,4,37.548825777008794
3477,15806956,Iqbal,515.5,Spain,Male,26.0,1,112666.67,1,0,0,1632.4624999999942,1,0,1,69.01639088187349
3478,15701908,Nina,515.5,Spain,Female,26.0,7,0.0,1,1,1,1632.4624999999942,0,0,3,0.0
3479,15736990,Chuang,515.5,France,Male,26.0,3,157842.07,1,1,0,1632.4624999999942,0,0,2,96.68955335880645
3480,15743714,Ch'ien,468.0,France,Male,26.0,7,91443.75,1,1,0,1632.4624999999942,0,0,2,56.01583497323848
3481,15807993,Bruno,515.5,Germany,Female,26.0,0,110148.49,1,1,0,1632.4624999999942,1,0,2,67.47382558558031
3482,15644686,Kennedy,515.5,Spain,Female,26.0,9,53299.96,2,1,1,1632.4624999999942,0,0,4,32.65003637143285
3483,15677377,Lawrence,515.5,Spain,Male,26.0,3,0.0,2,1,1,1632.4624999999942,0,0,4,0.0
3484,15626412,Mort,499.0,Spain,Male,26.0,6,0.0,2,1,1,1632.4624999999942,0,0,4,0.0
3485,15643679,Goliwe,515.5,Germany,Male,26.0,2,70233.74,2,1,1,1632.4624999999942,0,0,4,43.02318736265014
3486,15728456,Martinez,515.5,France,Male,26.0,3,0.0,1,1,0,1632.4624999999942,1,0,2,0.0
3488,15734044,Black,515.5,France,Female,26.0,7,41299.03,1,0,1,1632.4624999999942,0,0,2,25.29860869698394
3489,15705001,Napolitani,515.5,Spain,Female,26.0,3,83286.56,1,1,0,1632.4624999999942,0,0,2,51.01897287073994
3490,15809817,Ch'en,515.5,Spain,Male,26.0,10,0.0,2,0,0,1632.4624999999942,0,0,2,0.0
3491,15809137,Sagese,453.0,France,Male,26.0,6,0.0,1,0,0,1632.4624999999942,1,1,1,0.0
3492,15751593,Fraser,515.5,Germany,Male,26.0,6,85668.59,1,1,0,1632.4624999999942,0,0,2,52.47813655750151
3493,15626491,Hughes,515.5,France,Female,26.0,7,57327.04,1,0,1,1632.4624999999942,0,0,2,35.11691080193279
3494,15765461,Giles,515.5,Spain,Male,26.0,3,0.0,2,1,0,1632.4624999999942,0,1,3,0.0
3495,15568120,Lacross,515.5,France,Female,26.0,7,69609.85,1,1,1,1632.4624999999942,0,0,3,42.64101013040131
3496,15787161,Pisani,515.5,Germany,Male,26.0,4,129269.27,1,1,0,1632.4624999999942,0,0,2,79.1866704441912
3497,15812324,King,515.5,France,Male,26.0,1,0.0,2,1,1,1632.4624999999942,0,1,4,0.0
3498,15588944,Maughan,456.0,France,Female,26.0,1,165350.61,2,0,0,1632.4624999999942,1,0,2,101.28907095875132
3499,15694253,Palerma,515.5,France,Female,26.0,7,152105.57,2,0,1,1632.4624999999942,0,0,3,93.17553695720456
3500,15759566,Tochukwu,515.5,France,Male,26.0,10,0.0,2,1,1,1632.4624999999942,0,0,4,0.0
3501,15675675,Slate,515.5,France,Female,26.0,5,106290.64,1,1,0,1632.4624999999942,0,0,2,65.11061662978499
3502,15802060,Ch'ang,515.5,Germany,Female,26.0,10,100548.67,2,0,0,1632.4624999999942,0,0,2,61.59324946208587
3503,15660505,Romani,515.5,Germany,Male,26.0,2,106344.95,1,1,0,1632.4624999999942,1,0,2,65.14388538787284
3504,15782630,Genovese,515.5,France,Male,26.0,5,137482.19,1,0,0,1632.4624999999942,0,0,1,84.21767115630557
3505,15700710,Chiebuka,490.0,France,Female,26.0,3,116465.53,1,0,1,1632.4624999999942,0,0,2,71.34346424496759
3506,15742834,Liao,515.5,France,Male,26.0,1,0.0,1,1,1,1632.4624999999942,0,0,3,0.0
3507,15806511,Berry,445.0,Spain,Male,26.0,10,0.0,2,0,1,1632.4624999999942,0,0,3,0.0
3508,15608166,Fallaci,515.5,France,Male,26.0,9,127637.92,1,1,1,1632.4624999999942,0,0,3,78.18735192998335
3509,15614230,T'an,426.0,France,Female,26.0,3,0.0,2,1,1,1632.4624999999942,0,0,4,0.0
3510,15729958,Wilkinson,515.5,France,Male,26.0,1,0.0,1,1,1,1632.4624999999942,0,1,3,0.0
3511,15800814,Palerma,515.5,France,Male,26.0,2,81951.74,2,1,0,1632.4624999999942,0,0,3,50.20130018300592
3512,15674727,Lazarev,515.5,France,Female,26.0,5,147531.82,1,1,1,1632.4624999999942,0,0,3,90.37378806557611
3514,15801395,Warren,515.5,France,Female,26.0,10,135120.72,1,0,0,1632.4624999999942,0,0,1,82.7711019395548
3515,15757911,Trevisani,515.5,Spain,Female,26.0,2,0.0,1,0,0,1632.4624999999942,0,1,1,0.0
3516,15665340,Trevisano,515.5,Spain,Female,26.0,8,0.0,2,0,1,1632.4624999999942,0,1,3,0.0
3517,15787151,Liao,515.5,France,Female,26.0,7,0.0,2,1,1,1632.4624999999942,0,1,4,0.0
3519,15600688,Liston,515.5,France,Female,26.0,5,0.0,2,0,0,1632.4624999999942,0,1,2,0.0
3520,15594878,Thompson,515.5,Spain,Female,26.0,5,28082.95,1,1,0,1632.4624999999942,1,0,2,17.202814766036035
3521,15569248,Milanesi,515.5,France,Female,26.0,10,0.0,2,1,0,1632.4624999999942,1,1,3,0.0
3522,15812706,Mazure,515.5,Spain,Male,26.0,4,111087.5,1,0,1,1632.4624999999942,0,0,2,68.04903634846154
3523,15645045,Rudduck,515.5,France,Female,26.0,9,0.0,2,1,1,1632.4624999999942,0,1,4,0.0
3524,15766746,Darwin,515.5,France,Male,26.0,6,127120.07,1,1,0,1632.4624999999942,0,0,2,77.87013177944391
3525,15700383,Uvarova,515.5,France,Female,26.0,7,115651.6,2,1,1,1632.4624999999942,0,0,4,70.84487392512871
3526,15632551,Buccho,515.5,Germany,Male,26.0,4,77743.01,2,1,0,1632.4624999999942,0,0,3,47.623152139788985
3527,15795129,Gallo,515.5,France,Female,26.0,9,0.0,2,1,0,1632.4624999999942,0,1,3,0.0
3528,15650545,Tomlinson,515.5,France,Male,26.0,7,71996.09,1,1,1,1632.4624999999942,0,0,3,44.1027527431719
3529,15612769,Carr,515.5,France,Male,26.0,5,61581.97,1,1,1,1632.4624999999942,0,0,3,37.7233596483841
3530,15710853,Ts'ui,515.5,France,Female,24.0,5,0.0,2,1,0,1632.4624999999942,0,1,3,0.0
3531,15623712,Coates,453.0,Spain,Female,26.0,5,0.0,3,1,0,1632.4624999999942,1,0,4,0.0
3532,15653251,Hickey,408.0,France,Female,26.0,8,87873.39,1,0,0,1632.4624999999942,1,0,1,53.828734197569815
3533,15755077,Norton,515.5,Germany,Female,26.0,0,105617.73,2,1,1,1632.4624999999942,1,0,4,64.69841114267578
3534,15808557,Mancini,515.5,France,Female,26.0,5,0.0,1,0,1,1632.4624999999942,1,0,2,0.0
3535,15614687,Tien,515.5,Germany,Female,26.0,4,148770.61,2,1,1,1632.4624999999942,0,0,4,91.13263551230152
3536,15626882,Stobie,515.5,Spain,Male,26.0,5,94901.09,1,1,1,1632.4624999999942,0,0,3,58.13370291813768
3537,15748034,Drakeford,515.5,France,Male,26.0,7,174851.9,1,1,1,1632.4624999999942,0,0,3,107.10929041249071
3538,15632324,Pisani,515.5,France,Male,26.0,7,0.0,2,1,1,1632.4624999999942,0,1,4,0.0
3539,15761023,Murphy,515.5,Germany,Female,26.0,2,120847.11,1,1,0,1632.4624999999942,1,0,2,74.02749527171402
3540,15761453,Kovalev,515.5,France,Male,26.0,6,0.0,1,1,0,1632.4624999999942,0,0,2,0.0
3541,15646726,Crawford,515.5,France,Male,26.0,5,0.0,1,0,0,1632.4624999999942,0,0,1,0.0
3542,15637169,Maclean,515.5,Spain,Female,26.0,4,103267.8,1,1,1,1632.4624999999942,0,0,3,63.258911001018625
3543,15636024,Blackburn,515.5,Spain,Female,26.0,4,109699.08,1,1,1,1632.4624999999942,0,0,3,67.19852982840365
3544,15801218,Bermudez,515.5,France,Male,26.0,8,135133.39,1,0,1,1632.4624999999942,1,0,2,82.77886322044182
3545,15642655,Savage,515.5,Spain,Male,26.0,1,0.0,1,1,0,1632.4624999999942,0,1,2,0.0
3546,15690130,Wyatt,468.0,France,Female,26.0,8,137649.47,1,0,0,1632.4624999999942,0,0,1,84.32014211658797
3547,15653753,Chiemenam,515.5,Spain,Male,26.0,6,113567.94,1,1,0,1632.4624999999942,0,0,2,69.56848319639833
3548,15641359,Shao,515.5,Spain,Female,26.0,6,0.0,2,0,0,1632.4624999999942,1,0,2,0.0
3549,15776827,Langdon,515.5,Germany,Male,26.0,5,141547.26,2,0,1,1632.4624999999942,0,0,3,86.70781717803656
3550,15647725,Napolitano,515.5,France,Female,26.0,5,62055.17,3,1,0,1632.4624999999942,1,0,4,38.01322848151196
3551,15648455,Kung,515.5,Germany,Male,26.0,4,131156.76,1,1,0,1632.4624999999942,0,0,2,80.3428930220452
3552,15580629,Blackwood,515.5,France,Male,26.0,6,134837.58,1,1,0,1632.4624999999942,0,0,2,82.59765844544697
3553,15730161,Marcelo,515.5,France,Female,26.0,3,0.0,2,1,0,1632.4624999999942,0,0,3,0.0
3554,15626612,Yin,515.5,Spain,Male,26.0,4,104784.23,1,1,0,1632.4624999999942,1,0,2,64.18783279860969
3555,15662865,Storey,515.5,Spain,Male,26.0,1,0.0,2,0,1,1632.4624999999942,0,0,3,0.0
3556,15629094,Fomin,515.5,France,Female,26.0,1,156948.41,1,1,1,1632.4624999999942,1,0,3,96.1421227133858
3557,15651823,Nkemjika,515.5,France,Female,26.0,6,147751.75,1,1,0,1632.4624999999942,1,0,2,90.50851091525871
3558,15594827,Glasgow,515.5,France,Male,26.0,1,124619.33,2,0,1,1632.4624999999942,0,0,3,76.33824973008596
3559,15786392,Chen,515.5,France,Male,26.0,4,124182.21,1,0,0,1632.4624999999942,0,0,1,76.07048247662685
3560,15727353,Ch'ang,515.5,France,Female,26.0,7,142028.36,1,1,0,1632.4624999999942,1,0,2,87.0025253260032
3561,15733777,Evans,515.5,France,Male,26.0,8,0.0,1,0,0,1632.4624999999942,1,0,1,0.0
3562,15614302,Crotty,515.5,Germany,Female,26.0,10,125837.86,2,1,0,1632.4624999999942,0,0,3,77.08468647825016
3563,15723263,Cocci,495.0,Germany,Female,26.0,9,117160.32,1,1,1,1632.4624999999942,1,0,3,71.76907279646572
3564,15687270,Iroawuchi,491.0,Spain,Female,26.0,8,0.0,2,0,1,1632.4624999999942,0,1,3,0.0
3565,15803121,Chia,515.5,France,Male,26.0,5,97565.74,1,0,0,1632.4624999999942,1,0,1,59.765991561827825
3566,15598700,Hysell,515.5,Spain,Female,26.0,5,0.0,2,0,1,1632.4624999999942,0,1,3,0.0
3567,15741875,Williamson,515.5,Spain,Female,25.0,3,104833.79,1,0,0,1632.4624999999942,0,0,1,64.21819184207929
3568,15631709,Ginikanwa,470.0,Spain,Female,26.0,2,101675.22,2,1,0,1632.4624999999942,0,0,3,62.28334188381072
3570,15761670,Morley,515.5,France,Female,26.0,8,0.0,1,1,0,1632.4624999999942,1,1,2,0.0
3571,15706005,Roberts,515.5,France,Male,26.0,2,174701.05,1,1,0,1632.4624999999942,1,0,2,107.01688400192998
3572,15790336,Tokareva,515.5,Germany,Male,26.0,6,71142.77,2,1,0,1632.4624999999942,0,0,3,43.580033232003956
3573,15754267,Fleming,515.5,Germany,Male,26.0,3,108805.42,2,0,1,1632.4624999999942,0,0,3,66.651099182983
3574,15791988,Chinomso,515.5,France,Male,26.0,4,0.0,2,1,1,1632.4624999999942,0,0,4,0.0
3575,15683375,Compton,515.5,France,Female,26.0,4,0.0,1,1,1,1632.4624999999942,0,1,3,0.0
3576,15625151,Wan,515.5,France,Female,26.0,9,116037.76,1,0,1,1632.4624999999942,0,0,2,71.08142453502019
3577,15635285,Taylor,515.5,France,Male,26.0,8,0.0,2,1,1,1632.4624999999942,0,0,4,0.0
3578,15574296,Kambinachi,515.5,France,Male,23.0,2,80673.96,2,1,0,1632.4624999999942,0,0,3,49.41856857355087
3579,15711618,Chang,515.5,Germany,Female,26.0,1,124640.51,1,1,0,1632.4624999999942,1,0,2,76.35122399442587
3580,15670943,See,515.5,Germany,Male,26.0,9,182275.23,2,1,0,1632.4624999999942,0,0,3,111.65661079504164
3581,15634359,Dyer,515.5,Germany,Female,26.0,5,98635.77,1,1,0,1632.4624999999942,0,0,2,60.42146144245295
3582,15586629,Campbell,515.5,France,Male,26.0,5,0.0,2,1,0,1632.4624999999942,0,1,3,0.0
3583,15588461,Cremonesi,515.5,France,Male,26.0,4,0.0,1,1,0,1632.4624999999942,0,0,2,0.0
3584,15773221,Harris,515.5,Spain,Male,26.0,8,79757.21,1,1,0,1632.4624999999942,1,0,2,48.85699365222803
3585,15664227,Threatt,506.0,Germany,Male,26.0,8,53053.76,1,0,1,1632.4624999999942,0,0,2,32.49922126848255
3586,15741745,Lane,515.5,France,Male,26.0,7,120911.75,2,1,1,1632.4624999999942,0,0,4,74.0670918933822
3587,15652626,Grave,515.5,France,Male,26.0,4,115285.85,1,1,0,1632.4624999999942,0,0,2,70.62082589952321
3588,15599410,Stanley,515.5,France,Male,26.0,2,0.0,2,1,0,1632.4624999999942,0,1,3,0.0
3589,15571958,McIntosh,489.0,Spain,Male,26.0,3,221532.8,1,1,0,1632.4624999999942,0,0,2,135.70467928053526
3590,15785406,Watts,446.0,France,Female,26.0,4,105056.13,1,0,0,1632.4624999999942,0,0,1,64.3543909890735
3591,15687884,Alekseyeva,515.5,France,Male,26.0,3,88363.03,1,0,1,1632.4624999999942,0,0,2,54.12867370613433
3592,15621685,Davies,515.5,France,Male,26.0,2,123757.52,2,1,0,1632.4624999999942,0,0,3,75.81032948689507
3593,15628886,Matlock,515.5,Spain,Male,26.0,5,123959.97,1,1,1,1632.4624999999942,1,0,3,75.93434458678252
3594,15699325,Fedorova,515.5,Germany,Female,26.0,10,114822.64,1,0,1,1632.4624999999942,0,0,2,70.33707665566615
3595,15578369,Chiedozie,515.5,Germany,Female,26.0,9,145219.3,1,1,0,1632.4624999999942,0,0,2,88.95720422368079
3596,15654156,Marcelo,515.5,Germany,Female,26.0,5,106807.64,1,1,1,1632.4624999999942,0,0,3,65.42731609455065
3597,15707199,Cooper,515.5,France,Male,26.0,0,148159.71,1,0,0,1632.4624999999942,0,0,1,90.75841558381924
3598,15671630,McMillan,515.5,Germany,Female,26.0,1,99745.95,1,1,0,1632.4624999999942,0,0,2,61.101526068746054
3599,15632079,Hardy,515.5,Germany,Female,26.0,8,156282.79,1,1,0,1632.4624999999942,0,0,2,95.73438287250124
3600,15767921,Madukwe,515.5,France,Male,26.0,7,0.0,2,1,0,1632.4624999999942,0,0,3,0.0
3601,15573599,Adamson,506.0,France,Female,26.0,6,0.0,2,0,1,1632.4624999999942,1,1,3,0.0
3602,15747208,Watt,515.5,France,Male,26.0,6,0.0,1,1,0,1632.4624999999942,1,0,2,0.0
3603,15582762,Mazzanti,515.5,Spain,Male,26.0,2,0.0,1,1,1,1632.4624999999942,0,0,3,0.0
3604,15772528,Mishin,515.5,France,Female,26.0,7,121376.15,2,1,0,1632.4624999999942,1,0,3,74.35157009732256
3605,15755798,Feng,515.5,France,Male,26.0,4,111582.11,1,0,0,1632.4624999999942,0,0,1,68.352020337374
3606,15788683,Kang,515.5,Germany,Female,26.0,10,129417.82,1,1,0,1632.4624999999942,0,0,2,79.2776679403052
3607,15616922,Kelly,479.0,France,Female,26.0,1,0.0,2,1,1,1632.4624999999942,0,0,4,0.0
3608,15771855,Yu,515.5,France,Male,26.0,5,0.0,2,0,1,1632.4624999999942,0,1,3,0.0
3609,15601873,Bull,515.5,France,Female,26.0,7,0.0,1,1,0,1632.4624999999942,0,0,2,0.0
3610,15657868,Serra,515.5,Germany,Male,26.0,6,94607.08,1,1,0,1632.4624999999942,0,0,2,57.95360077184029
3611,15711716,Ferguson,515.5,France,Female,26.0,1,131368.3,1,1,0,1632.4624999999942,1,0,2,80.47247639685473
3613,15792151,Hamilton,515.5,Spain,Female,26.0,3,0.0,2,1,0,1632.4624999999942,0,0,3,0.0
3614,15770159,Nnanna,515.5,Germany,Male,25.0,6,172812.72,2,1,1,1632.4624999999942,0,0,4,105.86014686401717
3615,15747649,Summerville,515.5,Germany,Female,26.0,0,126606.63,2,1,1,1632.4624999999942,0,0,4,77.55561306921321
3616,15639357,Allan,415.0,France,Male,26.0,9,134950.19,3,0,0,1632.4624999999942,1,0,3,82.66664012190202
3617,15738907,Tobenna,515.5,France,Female,26.0,6,96956.1,1,1,0,1632.4624999999942,1,0,2,59.392543473433754
3618,15663446,Volkova,515.5,Germany,Female,26.0,4,107601.79,1,1,0,1632.4624999999942,1,0,2,65.91378975014763
3619,15750867,Nucci,489.0,Germany,Female,26.0,8,92060.06,1,1,0,1632.4624999999942,1,0,2,56.39336891352808
3620,15715939,Wright,515.5,France,Male,26.0,0,0.0,2,1,0,1474.79,0,0,3,0.0
3621,15763806,Astorga,515.5,France,Male,26.0,4,0.0,2,1,1,1632.4624999999942,0,0,4,0.0
3622,15637993,Pokrovsky,515.5,France,Male,26.0,9,137688.71,1,1,1,1632.4624999999942,0,0,3,84.34417942219223
3623,15720338,Mazzanti,515.5,Spain,Male,26.0,8,85845.43,2,1,1,1632.4624999999942,0,0,4,52.58646370131032
3624,15627162,Blesing,515.5,Germany,Male,26.0,6,125552.96,1,1,0,1632.4624999999942,0,0,2,76.91016485830484
3625,15596710,Ku,515.5,France,Female,26.0,1,167298.42,1,0,1,1632.4624999999942,0,0,2,102.48224384939967
3626,15781678,Pisani,470.0,Spain,Male,26.0,4,55732.92,2,1,1,1632.4624999999942,0,0,4,34.140398324617074
3627,15634968,Hsueh,515.5,Germany,Female,26.0,6,110689.07,1,1,1,1632.4624999999942,1,0,3,67.80496948628247
3628,15609475,Ricci,515.5,Spain,Female,26.0,7,98544.11,1,1,1,1632.4624999999942,0,0,3,60.36531313889314
3629,15573319,Azubuike,493.0,Germany,Female,26.0,8,178317.6,1,0,0,1632.4624999999942,0,0,1,109.23227945511805
3630,15738291,Nevzorova,515.5,France,Female,26.0,8,115713.84,2,0,0,1632.4624999999942,0,0,2,70.8830003752003
3631,15782456,Odili,515.5,France,Male,26.0,9,143267.14,2,0,0,1632.4624999999942,0,0,2,87.76136664701366
3633,15684696,Lei,515.5,Spain,Female,26.0,3,116576.45,1,1,0,1632.4624999999942,0,0,2,71.41141067559005
3634,15629846,Sheehan,515.5,Germany,Female,26.0,8,143001.5,2,1,0,1632.4624999999942,0,0,3,87.59864315413095
3636,15571689,Kelechi,515.5,France,Female,26.0,5,0.0,2,1,1,1632.4624999999942,0,0,4,0.0
3637,15730469,Anenechi,515.5,Spain,Male,26.0,4,103430.11,2,0,1,1632.4624999999942,0,0,3,63.35833748095308
3638,15809320,McElhone,515.5,Spain,Female,26.0,0,0.0,1,1,0,1632.4624999999942,1,0,2,0.0
3639,15684367,Chigbogu,515.5,Spain,Male,26.0,5,0.0,2,0,0,1632.4624999999942,0,0,2,0.0
3640,15793049,Atkins,515.5,Germany,Female,26.0,8,115115.38,1,1,0,1632.4624999999942,1,0,2,70.51640083616034
3641,15603665,Colombo,515.5,Germany,Female,26.0,0,122501.28,2,1,1,1632.4624999999942,0,0,4,75.04079266751943
3642,15613623,Tilley,515.5,Spain,Male,26.0,3,0.0,1,1,1,1632.4624999999942,0,1,3,0.0
3643,15569572,Sopuluchi,515.5,France,Male,26.0,6,0.0,2,1,1,1632.4624999999942,0,1,4,0.0
3644,15698791,Udinesi,515.5,France,Male,26.0,3,146758.24,1,1,0,1632.4624999999942,0,0,2,89.89991500570488
3645,15626233,Onyekachi,515.5,France,Female,26.0,3,0.0,2,1,1,1632.4624999999942,0,1,4,0.0
3646,15607263,McCartney,515.5,France,Male,26.0,3,0.0,1,0,1,1632.4624999999942,1,0,2,0.0
3647,15610900,Thompson,515.5,France,Female,26.0,9,110738.89,1,1,0,1632.4624999999942,1,0,2,67.8354877983417
3648,15624775,Onyeoruru,515.5,France,Male,26.0,2,94203.8,1,0,1,1632.4624999999942,0,0,2,57.70656293789312
3649,15691703,Shih,515.5,France,Male,26.0,8,105792.49,1,0,1,1632.4624999999942,1,0,2,64.80546413776756
3650,15745355,Golibe,515.5,France,Male,26.0,4,153198.23,1,1,1,1632.4624999999942,0,0,3,93.84486933084256
3651,15724955,Lucchesi,515.5,France,Male,26.0,3,0.0,2,0,0,1632.4624999999942,0,1,2,0.0
3652,15628999,Townsend,515.5,France,Male,26.0,10,61811.23,1,1,1,1632.4624999999942,0,0,3,37.86379779014845
3653,15654341,Chao,515.5,France,Male,26.0,8,101116.06,1,1,0,1632.4624999999942,0,0,2,61.94081640466495
3654,15744240,Shen,515.5,Germany,Female,26.0,0,74458.25,1,0,1,1632.4624999999942,0,0,2,45.611001784114656
3655,15632365,Booth,515.5,Germany,Male,26.0,8,142871.27,2,0,0,1632.4624999999942,0,0,2,87.51886796787093
3656,15729689,Chan,515.5,Germany,Male,26.0,6,98585.94,2,0,1,1632.4624999999942,0,0,3,60.39093700467873
3657,15759284,Yeh,515.5,France,Female,26.0,6,0.0,1,1,1,1632.4624999999942,1,1,3,0.0
3658,15602124,Badgery,515.5,France,Male,26.0,7,0.0,2,1,1,1632.4624999999942,0,1,4,0.0
3659,15661903,Hsia,515.5,France,Female,26.0,3,80764.03,1,1,0,1632.4624999999942,1,0,2,49.473742888427935
3660,15664668,Zarate,515.5,France,Female,26.0,9,144801.97,1,0,1,1632.4624999999942,1,0,2,88.70155976017857
3661,15736431,Congreve,494.0,Spain,Male,26.0,2,0.0,2,1,0,1632.4624999999942,0,0,3,0.0
3662,15748639,Hayslett,497.0,Germany,Male,26.0,7,110053.62,2,1,1,1632.4624999999942,0,0,4,67.41571092751006
3663,15628123,Robinson,515.5,France,Female,26.0,5,118890.81,1,0,1,1632.4624999999942,0,0,2,72.82912164904273
3664,15602731,Wong,515.5,France,Male,26.0,5,0.0,1,1,0,1632.4624999999942,1,1,2,0.0
3665,15794137,Nevzorova,515.5,Germany,Female,26.0,0,151218.98,1,1,1,1632.4624999999942,0,0,3,92.63243719227887
3666,15748696,Page,515.5,France,Male,26.0,9,150507.21,1,0,1,1632.4624999999942,0,0,2,92.19642717673486
3668,15807340,O'Donnell,515.5,Germany,Male,26.0,4,131023.76,2,0,0,1632.4624999999942,0,0,2,80.26142101273412
3669,15586133,Pisano,515.5,Germany,Female,26.0,2,122314.5,1,0,0,1632.4624999999942,1,0,1,74.92637656301473
3670,15576185,Sinclair,515.5,France,Male,26.0,2,0.0,2,1,1,1632.4624999999942,0,0,4,0.0
3671,15660809,Loving,515.5,France,Male,26.0,4,0.0,2,1,1,1632.4624999999942,0,0,4,0.0
3672,15616666,Artemova,515.5,Germany,Female,26.0,6,111739.4,2,0,1,1632.4624999999942,0,0,3,68.44837170838558
3673,15706904,Robertson,515.5,France,Male,26.0,6,113882.31,1,1,1,1632.4624999999942,0,0,3,69.7610572984068
3675,15749693,Ugonnatubelum,515.5,France,Female,26.0,9,0.0,2,1,0,1632.4624999999942,0,1,3,0.0
3676,15791743,Corbett,515.5,France,Male,26.0,1,59271.82,1,1,1,1632.4624999999942,0,0,3,36.30822760094043
3677,15796480,Reilly,515.5,France,Female,26.0,2,0.0,2,0,1,1632.4624999999942,0,1,3,0.0
3678,15790442,Wright,515.5,Spain,Male,26.0,2,0.0,2,1,1,1632.4624999999942,0,1,4,0.0
3679,15609458,Vincent,515.5,France,Male,26.0,10,69413.44,1,1,1,1632.4624999999942,0,0,3,42.52069496236529
3680,15593897,Carr,515.5,Spain,Male,25.0,7,160599.06,2,1,1,1632.4624999999942,0,0,4,98.37840685467542
3681,15604576,Eiland,515.5,Spain,Male,22.0,3,0.0,1,1,1,1632.4624999999942,0,1,3,0.0
3682,15666270,Omeokachie,515.5,France,Female,26.0,2,147803.48,1,1,0,1632.4624999999942,1,0,2,90.54019923888025
3683,15572626,Mackenzie,515.5,Spain,Male,26.0,8,0.0,2,1,1,1632.4624999999942,0,0,4,0.0
3684,15727197,Pinto,515.5,France,Female,26.0,9,170228.59,2,0,0,1632.4624999999942,1,0,2,104.27718247739266
3685,15714006,Gardener,482.0,France,Female,26.0,2,133111.73,1,0,1,1632.4624999999942,0,0,2,81.54045192462337
3686,15642137,Fang,515.5,Spain,Female,26.0,5,0.0,2,0,0,1632.4624999999942,0,1,2,0.0
3688,15626806,Labrador,515.5,France,Female,26.0,2,0.0,2,1,1,1632.4624999999942,0,0,4,0.0
3689,15662578,Dettmann,515.5,Germany,Male,26.0,1,110245.13,1,1,1,1632.4624999999942,0,0,3,67.53302449520304
3690,15790829,Gibson,515.5,France,Female,26.0,5,0.0,2,1,0,1632.4624999999942,0,1,3,0.0
3691,15654959,Hope,515.5,Spain,Male,26.0,6,158719.57,1,1,1,1632.4624999999942,0,0,3,97.22708484881005
3692,15760244,Ives,515.5,France,Female,26.0,5,160979.68,1,0,1,1632.4624999999942,0,0,2,98.61156381846479
3693,15715394,Greece,515.5,Spain,Male,26.0,4,123557.65,2,0,1,1632.4624999999942,0,0,3,75.68789482147396
3694,15722246,Omeokachie,515.5,France,Female,26.0,4,0.0,1,1,1,1632.4624999999942,1,0,3,0.0
3695,15609704,Mao,515.5,France,Female,26.0,4,0.0,1,1,0,1632.4624999999942,1,0,2,0.0
3696,15757628,Savage,515.5,France,Male,26.0,10,112896.86,1,1,1,1632.4624999999942,0,0,3,69.15739871513154
3697,15633586,Brierly,515.5,France,Female,26.0,7,120962.13,1,0,0,1632.4624999999942,0,0,1,74.09795324548064
3698,15565796,Docherty,515.5,Germany,Male,26.0,10,96048.55,1,1,0,1632.4624999999942,0,0,2,58.836604209897835
3699,15717935,McDonald,515.5,France,Female,21.0,3,0.0,2,0,1,1632.4624999999942,0,0,3,0.0
3700,15577700,Rapuokwu,515.5,France,Male,26.0,10,185063.7,2,1,1,1632.4624999999942,0,0,4,113.3647480416859
3702,15678317,Manfrin,515.5,France,Male,26.0,2,0.0,2,1,1,1632.4624999999942,0,0,4,0.0
3703,15698335,Bergamaschi,504.0,France,Female,26.0,8,0.0,1,1,1,1632.4624999999942,0,0,3,0.0
3704,15768451,MacDonald,515.5,Germany,Male,26.0,5,149131.03,3,1,1,1632.4624999999942,1,0,5,91.35341853181959
3705,15753213,Lees,515.5,France,Female,26.0,7,0.0,2,1,0,1632.4624999999942,0,1,3,0.0
3706,15769645,Senior,515.5,France,Female,26.0,3,0.0,1,1,1,1632.4624999999942,0,0,3,0.0
3707,15657565,Nwokezuike,515.5,Spain,Female,26.0,6,125512.98,2,0,0,1632.4624999999942,0,0,2,76.88567424979162
3708,15620323,Ekwueme,515.5,Spain,Female,26.0,3,83492.07,2,1,0,1632.4624999999942,0,0,3,51.14486243941304
3709,15679983,Garmon,515.5,France,Male,26.0,7,0.0,1,0,0,1632.4624999999942,0,0,1,0.0
3710,15812616,Enyinnaya,515.5,France,Female,26.0,10,0.0,1,1,0,1632.4624999999942,1,0,2,0.0
3711,15601796,Chizuoke,515.5,France,Male,26.0,1,125739.26,1,1,1,1632.4624999999942,0,0,3,77.02428692849021
3712,15729489,Hyde,515.5,Germany,Female,26.0,8,98592.88,1,0,1,1632.4624999999942,1,0,2,60.395188250878874
3713,15613216,Cameron,515.5,Spain,Female,26.0,1,141789.15,1,1,0,1632.4624999999942,0,0,2,86.85599209782798
3714,15657937,Lord,515.5,Germany,Male,22.0,0,112949.71,1,0,0,1632.4624999999942,0,0,1,69.18977311883147
3715,15815428,Biryukova,515.5,France,Male,26.0,3,105057.33,1,1,0,1632.4624999999942,0,0,2,64.35512607487178
3716,15640409,Carpenter,515.5,Germany,Female,26.0,0,89087.89,1,0,1,1632.4624999999942,1,0,2,54.57270228259474
3717,15699492,Lorenzo,515.5,Germany,Female,26.0,2,147435.96,1,0,0,1632.4624999999942,0,0,1,90.31506696172225
3718,15623536,Madukwe,515.5,Germany,Male,26.0,0,154439.86,1,1,0,1632.4624999999942,0,0,2,94.60545648062393
3719,15707551,Hutcheon,515.5,France,Male,26.0,8,73054.37,2,1,1,1632.4624999999942,0,0,4,44.75102490868872
3720,15577999,Sleeman,515.5,France,Female,26.0,1,124678.35,1,1,0,1632.4624999999942,1,0,2,76.37440369993213
3721,15788775,Milne,473.0,Germany,Male,26.0,8,152576.25,2,1,0,1632.4624999999942,0,0,3,93.463862110156
3722,15758362,Williamson,515.5,France,Female,26.0,9,152243.57,1,1,1,1632.4624999999942,0,0,3,93.26007182400855
3723,15807961,Bruno,515.5,France,Male,25.0,4,0.0,1,1,0,1632.4624999999942,0,1,2,0.0
3724,15710978,Palerma,515.5,Germany,Male,26.0,2,88120.97,2,1,1,1632.4624999999942,0,0,4,53.980394649188156
3725,15703541,Wang,515.5,Germany,Female,26.0,9,143930.92,1,0,1,1632.4624999999942,1,0,2,88.16797935634082
3726,15626474,Onyemere,515.5,France,Female,26.0,1,0.0,2,1,0,1632.4624999999942,0,0,3,0.0
3727,15608344,Dawson,515.5,Germany,Female,26.0,7,137059.05,3,1,0,1632.4624999999942,1,0,4,83.95846765239659
3728,15768367,Nebechukwu,515.5,France,Female,26.0,7,186558.55,1,1,1,1632.4624999999942,1,0,3,114.2804505463376
3729,15806210,Bateman,515.5,Spain,Male,26.0,5,115654.47,2,1,1,1632.4624999999942,0,0,4,70.84663200532962
3730,15697702,Lord,515.5,Spain,Male,26.0,2,0.0,2,1,0,1632.4624999999942,0,0,3,0.0
3731,15689152,Loggia,515.5,Spain,Male,26.0,3,126152.84,1,0,0,1632.4624999999942,0,0,1,77.27763424887276
3732,15568573,Graham,515.5,Germany,Female,26.0,7,105701.91,1,0,1,1632.4624999999942,1,0,2,64.74997741142623
3733,15689598,Dean,515.5,France,Male,26.0,6,0.0,1,1,1,1632.4624999999942,1,0,3,0.0
3734,15713374,Jarvis,515.5,Germany,Male,26.0,9,157094.78,1,1,1,1632.4624999999942,0,0,3,96.23178480363289
3735,15679733,Haugh,515.5,Germany,Male,26.0,2,113228.38,2,1,1,1632.4624999999942,0,0,4,69.36047841834063
3736,15759274,Micklem,447.0,France,Female,26.0,10,0.0,1,1,1,1632.4624999999942,0,1,3,0.0
3737,15607748,Bennett,498.0,Germany,Male,26.0,8,108432.88,2,1,1,1632.4624999999942,0,0,4,66.42289179690216
3738,15607577,Roberts,515.5,Spain,Male,26.0,8,0.0,1,1,1,1632.4624999999942,0,1,3,0.0
3739,15813697,Onyekaozulu,498.0,Germany,Female,26.0,2,120702.67,2,1,1,1632.4624999999942,0,0,4,73.93901544445917
3740,15801125,Kegley,515.5,France,Female,26.0,1,0.0,1,1,0,1632.4624999999942,0,1,2,0.0
3741,15777855,Manna,515.5,France,Male,26.0,7,0.0,2,0,1,1632.4624999999942,0,0,3,0.0
3742,15635396,Thompson,515.5,Germany,Female,26.0,9,139106.19,1,1,0,1632.4624999999942,1,0,2,85.21248726999885
3743,15698031,Romano,515.5,Germany,Female,26.0,6,101851.8,2,1,0,1632.4624999999942,0,0,3,62.39150975902991
3744,15678944,Brown,515.5,Germany,Female,26.0,6,130935.56,1,1,0,1632.4624999999942,1,0,2,80.20739220655939
3745,15718507,Su,515.5,Germany,Male,26.0,3,116509.99,1,1,1,1632.4624999999942,1,0,3,71.37069917379445
3746,15808334,Mackay,515.5,Germany,Female,26.0,1,93124.04,2,1,1,1632.4624999999942,0,0,4,57.0451327365868
3747,15804709,Watt,515.5,Germany,Male,26.0,5,111578.18,1,0,0,1632.4624999999942,1,0,1,68.34961293138457
3748,15645835,Milani,515.5,France,Male,26.0,9,0.0,2,1,1,1632.4624999999942,0,0,4,0.0
3749,15738166,Hsu,515.5,France,Female,26.0,10,86546.29,1,0,1,1632.4624999999942,0,0,2,53.01579056180482
3750,15675360,Valenzuela,427.0,France,Male,26.0,8,0.0,1,1,1,1632.4624999999942,0,0,3,0.0
3751,15793042,Sung,515.5,France,Male,26.0,2,129669.32,2,1,0,1632.4624999999942,0,0,3,79.43172967219796
3752,15630106,Lo,496.0,Spain,Male,26.0,2,0.0,2,1,0,1632.4624999999942,0,0,3,0.0
3753,15810385,Giordano,515.5,Spain,Female,26.0,2,164557.95,1,0,1,1632.4624999999942,0,0,2,100.80351003468722
3755,15572792,Bellucci,515.5,Spain,Male,26.0,8,118989.92,1,1,1,1632.4624999999942,0,0,3,72.88983361026696
3756,15620030,Jamieson,515.5,France,Male,26.0,1,0.0,1,0,0,1632.4624999999942,0,0,1,0.0
3757,15783541,Fomina,515.5,France,Male,26.0,5,0.0,2,0,1,1632.4624999999942,0,1,3,0.0
3758,15679284,Aksenov,515.5,Spain,Female,26.0,6,79259.75,1,1,0,1632.4624999999942,0,0,2,48.55226383454461
3759,15582910,Turnbull,514.0,France,Male,26.0,4,112230.38,1,1,0,1632.4624999999942,1,0,2,68.74913206275819
3760,15688337,Dixon,515.5,France,Male,26.0,9,118129.87,1,1,1,1632.4624999999942,0,0,3,72.36299149291357
3761,15734970,White,515.5,Spain,Male,26.0,7,86824.09,1,0,0,1632.4624999999942,0,0,1,53.185962924110235
3762,15759140,Long,515.5,France,Female,26.0,10,128306.7,1,0,1,1632.4624999999942,0,0,2,78.59702749680342
3763,15643042,Han,515.5,Germany,Female,26.0,2,117641.43,2,0,0,1632.4624999999942,0,0,2,72.06378707014734
3764,15773868,Belov,515.5,Germany,Female,26.0,3,125734.2,2,1,0,1632.4624999999942,1,0,3,77.0211873167074
3765,15615820,MacDonald,515.5,France,Male,26.0,8,103302.37,1,1,1,1632.4624999999942,0,0,3,63.28008759772452
3766,15730273,Parsons,515.5,France,Male,26.0,8,0.0,1,1,0,1632.4624999999942,0,1,2,0.0
3767,15724890,Cross,515.5,Spain,Male,26.0,4,82696.09,2,0,0,1632.4624999999942,0,0,2,50.65726777797364
3768,15765952,Milanesi,515.5,France,Male,26.0,4,145471.37,1,1,0,1632.4624999999942,0,0,2,89.11161512132776
3769,15685920,Lombardo,515.5,Spain,Male,26.0,2,101506.66,1,0,0,1632.4624999999942,0,0,1,62.18008683201015
3770,15663263,Collins,515.5,France,Male,26.0,5,156265.31,2,0,0,1055.66,0,0,2,148.02617319970443
3771,15568953,Alexeieva,477.0,France,Male,26.0,1,128554.98,1,1,1,1632.4624999999942,0,0,3,78.74911674847077
3772,15643361,Cullen,477.0,Germany,Male,26.0,8,139959.55,2,1,1,1632.4624999999942,0,0,4,85.73523128402672
3773,15699486,Johnson,515.5,Spain,Male,26.0,7,132944.53,1,1,1,1632.4624999999942,0,0,3,81.43802997006085
3774,15747854,Rudd,515.5,France,Female,26.0,3,0.0,3,1,1,1632.4624999999942,0,1,5,0.0
3775,15691785,Findlay,515.5,France,Male,26.0,1,0.0,1,1,0,1632.4624999999942,1,0,2,0.0
3777,15652218,Morrison,515.5,France,Male,26.0,2,152302.72,1,1,0,1632.4624999999942,0,0,2,93.29630542814952
3778,15697127,Monaldo,515.5,France,Female,26.0,2,147674.26,1,1,1,1632.4624999999942,0,0,3,90.46104274983378
3779,15658486,Gidney,515.5,Spain,Female,26.0,3,148021.12,1,1,1,1632.4624999999942,0,0,3,90.6735192998311
3780,15694160,Sagese,515.5,France,Male,26.0,0,0.0,2,0,0,1632.4624999999942,0,1,2,0.0
3781,15685290,Wall,515.5,Germany,Male,26.0,5,142360.62,2,1,0,1632.4624999999942,1,0,3,87.20605833212126
3782,15701042,Dalton,515.5,Germany,Female,26.0,2,151027.56,1,1,0,1632.4624999999942,0,0,2,92.51517875602076
3783,15680449,Hsing,431.0,Germany,Female,26.0,2,138843.7,1,1,0,1632.4624999999942,1,0,2,85.05169337733669
3784,15599860,Warner,515.5,Spain,Female,26.0,8,109958.15,1,1,1,1632.4624999999942,1,0,3,67.35722872654067
3785,15723169,Williams,515.5,France,Female,26.0,9,138857.59,1,1,0,1632.4624999999942,0,0,2,85.06020199545196
3786,15803842,Dunn,515.5,Germany,Female,26.0,3,105426.5,2,0,1,1632.4624999999942,0,0,3,64.58126909500241
3787,15728224,Kerr,515.5,Germany,Female,26.0,9,149155.53,2,1,0,1632.4624999999942,1,0,3,91.36842653353479
3788,15644174,Marchesi,515.5,Germany,Male,26.0,4,135096.05,1,1,1,1632.4624999999942,1,0,3,82.75598980068483
3789,15707110,Endrizzi,515.5,Germany,Male,26.0,2,170890.05,2,1,0,1632.4624999999942,0,0,3,104.68237402084311
3790,15765415,King,515.5,Spain,Female,26.0,4,89122.3,1,1,1,1632.4624999999942,0,0,3,54.593780867860865
3791,15756751,Griffiths,515.5,Spain,Female,26.0,0,78126.28,1,1,1,1632.4624999999942,1,0,3,47.857932418049586
3792,15795151,Hartzler,515.5,France,Female,26.0,3,123894.43,1,1,0,1632.4624999999942,0,0,2,75.8941966507656
3793,15632859,Chukwudi,444.0,France,Male,26.0,7,0.0,2,0,1,1632.4624999999942,0,1,3,0.0
3794,15584037,Denisov,515.5,Germany,Male,26.0,5,106913.43,1,1,0,1632.4624999999942,1,0,2,65.49212003338538
3795,15621409,Endrizzi,496.0,France,Male,26.0,4,127845.83,1,1,0,1632.4624999999942,0,0,2,78.31471167025305
3797,15578096,Nnachetam,515.5,France,Male,26.0,7,106397.75,1,0,0,1632.4624999999942,0,0,1,65.17622916299786
3798,15669887,Lambert,515.5,France,Female,26.0,3,0.0,1,1,1,1632.4624999999942,1,0,3,0.0
3799,15621834,Game,515.5,Spain,Female,26.0,0,0.0,2,1,0,1632.4624999999942,0,0,3,0.0
3800,15655341,Chinagorom,458.0,Spain,Female,26.0,5,166492.48,1,1,0,1632.4624999999942,0,0,2,101.98854797583442
3801,15685314,Noble,515.5,France,Female,26.0,2,0.0,2,1,1,1632.4624999999942,0,0,4,0.0
3802,15653997,Haynes,515.5,Spain,Male,26.0,6,114493.68,1,0,0,1632.4624999999942,0,0,1,70.13556513549341
3803,15629551,Cattaneo,515.5,Germany,Female,26.0,9,126104.98,2,0,1,1632.4624999999942,0,0,3,77.24831657695074
3804,15651264,Yobanna,515.5,Germany,Male,26.0,4,124425.99,1,0,0,1632.4624999999942,1,0,1,76.21981515655058
3805,15760825,Fraser,515.5,France,Female,26.0,1,0.0,2,1,0,1632.4624999999942,0,1,3,0.0
3806,15597394,Rhodes,515.5,Spain,Male,26.0,0,0.0,1,0,0,1632.4624999999942,0,0,1,0.0
3807,15740383,Jimenez,515.5,Spain,Female,26.0,10,0.0,2,1,0,1632.4624999999942,0,0,3,0.0
3808,15670562,Pharr,470.0,France,Male,26.0,3,101140.76,1,1,1,1632.4624999999942,0,0,3,61.955946920679864
3809,15698117,Jerger,515.5,Germany,Male,26.0,0,150844.94,1,0,1,1632.4624999999942,0,0,2,92.40331094895015
3810,15694805,McIntyre,515.5,Spain,Male,26.0,1,115024.5,1,0,1,1632.4624999999942,0,0,2,70.46073033836943
3811,15746802,Onio,477.0,France,Female,26.0,6,131286.46,1,1,0,1632.4624999999942,0,0,2,80.42234354541097
3812,15589428,Tomlinson,515.5,France,Female,26.0,9,0.0,2,1,0,1632.4624999999942,0,0,3,0.0
3813,15790267,Onuoha,515.5,France,Female,26.0,7,141267.67,1,0,1,1632.4624999999942,0,0,2,86.53654831274869
3814,15665402,Panicucci,515.5,Spain,Male,26.0,5,137761.55,1,1,1,1632.4624999999942,0,0,3,84.38879913014877
3815,15642093,Piccio,515.5,France,Male,26.0,7,0.0,2,1,0,1632.4624999999942,0,1,3,0.0
3816,15666181,Ramsden,515.5,France,Male,26.0,0,98064.97,1,1,0,1632.4624999999942,0,0,2,60.07180563106372
3817,15602554,Vorobyova,515.5,France,Female,26.0,9,114519.57,2,0,1,1632.4624999999942,0,0,3,70.15142461159164
3818,15724251,Todd,515.5,Germany,Female,26.0,6,101012.77,1,0,0,1632.4624999999942,1,0,1,61.87754389457667
3819,15740147,Cremonesi,515.5,France,Female,26.0,10,0.0,1,0,1,1632.4624999999942,0,0,2,0.0
3820,15718289,Bradley,515.5,Germany,Male,26.0,3,82291.1,1,1,0,1632.4624999999942,1,0,2,50.40918244676389
3821,15763148,Stanley,515.5,France,Male,26.0,9,84719.98,1,0,0,1632.4624999999942,0,0,1,51.89704510823391
3822,15685245,Jowett,515.5,Spain,Female,26.0,5,0.0,2,0,1,1632.4624999999942,0,1,3,0.0
3823,15626985,Yefremova,515.5,France,Female,26.0,0,104386.53,1,1,0,1632.4624999999942,0,0,2,63.944213113624585
3824,15585823,Wilson,515.5,France,Male,26.0,8,128131.73,1,1,0,1632.4624999999942,0,0,2,78.48984586169695
3825,15728167,Abramovich,515.5,France,Male,26.0,2,122806.95,1,0,0,1632.4624999999942,0,0,1,75.22803739749025
3826,15762928,Venables,515.5,Spain,Male,26.0,8,0.0,1,1,0,1632.4624999999942,0,0,2,0.0
3827,15751774,Monnier,515.5,France,Male,26.0,4,112510.89,1,1,1,1632.4624999999942,0,0,3,68.92096449382475
3828,15654733,Hsieh,515.5,Germany,Male,26.0,3,117056.46,1,1,0,1632.4624999999942,1,0,2,71.70545112062325
3829,15809777,Gadsden,497.0,Germany,Female,26.0,7,131778.66,1,1,1,1632.4624999999942,0,0,3,80.72385123701186
3830,15744200,Ni,515.5,France,Female,26.0,1,70784.27,1,1,0,1632.4624999999942,0,0,2,43.360426349763166
3831,15720713,Chibueze,515.5,France,Female,26.0,10,0.0,2,1,1,1632.4624999999942,0,1,4,0.0
3832,15695356,Chinwemma,515.5,France,Male,26.0,5,0.0,2,1,0,1632.4624999999942,0,1,3,0.0
3833,15653315,Kang,515.5,Spain,Female,26.0,1,0.0,2,1,0,1632.4624999999942,0,1,3,0.0
3834,15604792,Kuo,515.5,Germany,Male,26.0,6,140752.06,2,0,1,1632.4624999999942,0,0,3,86.22070032236606
3835,15704819,Ositadimma,515.5,Spain,Female,26.0,6,92126.26,2,0,0,1632.4624999999942,0,0,2,56.43392114673404
3836,15670859,Smith,515.5,Germany,Female,26.0,7,93148.74,2,1,1,1632.4624999999942,0,0,4,57.06026325260172
3837,15602797,Okwudilichukwu,515.5,Spain,Female,26.0,5,110132.55,3,0,1,1632.4624999999942,1,0,4,67.46406119589295
3839,15778154,Kung,515.5,Germany,Male,26.0,4,122227.71,1,0,1,1632.4624999999942,1,0,2,74.873211482653
3840,15806230,Trevisano,515.5,Germany,Male,26.0,2,121647.54,2,1,1,1632.4624999999942,1,0,4,74.51781587632208
3841,15662884,Naylor,515.5,Germany,Male,26.0,1,110597.76,1,0,1,1632.4624999999942,1,0,2,67.74903558274717
3842,15750778,Ponomarev,515.5,France,Female,26.0,2,120731.39,4,1,1,1632.4624999999942,1,0,6,73.95660849789837
3843,15717185,Udinese,515.5,France,Male,26.0,8,0.0,2,1,1,1632.4624999999942,0,0,4,0.0
3844,15677804,Aliyeva,515.5,Spain,Male,26.0,1,0.0,3,1,1,1632.4624999999942,1,0,5,0.0
3845,15568915,Bailey,515.5,France,Male,26.0,6,153722.47,1,1,0,1632.4624999999942,0,0,2,94.16600381325792
3846,15736495,Jackson,515.5,France,Male,26.0,8,114088.32,1,1,0,1632.4624999999942,0,0,2,69.88725315282919
3847,15737354,Yin,515.5,France,Female,26.0,7,0.0,2,1,1,1632.4624999999942,0,0,4,0.0
3848,15667889,Akobundu,515.5,France,Female,26.0,6,0.0,2,1,0,1632.4624999999942,0,1,3,0.0
3849,15577831,Byrne,515.5,Germany,Male,26.0,4,152532.3,1,0,0,1632.4624999999942,0,0,1,93.43693959279342
3850,15729836,Robinson,515.5,Spain,Male,26.0,1,0.0,2,1,0,1632.4624999999942,0,1,3,0.0
3851,15775293,Stephenson,515.5,France,Male,26.0,3,143292.95,1,1,0,1632.4624999999942,0,0,2,87.77717711739199
3852,15697597,Chiemenam,515.5,France,Male,26.0,1,149144.61,1,0,1,1632.4624999999942,0,0,2,91.36173725277028
3853,15639669,Forbes,515.5,France,Male,26.0,9,127157.04,1,1,1,1632.4624999999942,0,0,3,77.89277854774639
3854,15631392,Douglas,515.5,Germany,Male,26.0,9,84673.17,2,0,1,1632.4624999999942,0,0,3,51.8683706363854
3855,15580935,Okechukwu,515.5,Germany,Male,26.0,9,135962.4,2,1,0,1632.4624999999942,0,0,3,83.28669111847928
3856,15590344,Russell,515.5,Germany,Male,26.0,3,151691.44,2,1,1,1632.4624999999942,0,0,4,92.92185272249779
3857,15653306,Ermakova,515.5,Germany,Female,26.0,0,88335.05,1,0,0,1632.4624999999942,0,0,1,54.111533955604074
3858,15805025,Oster,515.5,France,Female,26.0,7,139859.23,1,1,1,1632.4624999999942,0,0,3,85.67377811128924
3859,15658449,Chizoba,515.5,France,Male,26.0,9,43134.65,1,0,1,1632.4624999999942,0,0,2,26.42305719120663
3860,15694450,Bianchi,515.5,France,Male,26.0,5,99580.13,1,1,0,1632.4624999999942,0,0,2,60.99994946285159
3861,15605666,Peyser,515.5,France,Female,26.0,6,110717.38,1,1,1,1632.4624999999942,0,0,3,67.82231138540726
3862,15615126,Cocci,515.5,France,Female,26.0,3,0.0,2,0,0,1632.4624999999942,1,1,2,0.0
3863,15726588,Seleznev,515.5,Spain,Female,26.0,3,0.0,2,0,0,1632.4624999999942,0,1,2,0.0
3864,15645095,Huang,515.5,France,Female,26.0,3,0.0,1,1,0,1632.4624999999942,0,0,2,0.0
3865,15808960,Alleyne,515.5,Germany,Male,26.0,5,108197.11,2,1,0,1632.4624999999942,0,0,3,66.27846581468205
3866,15729435,McKenzie,515.5,France,Male,26.0,6,0.0,2,1,1,1632.4624999999942,0,0,4,0.0
3867,15656840,Zikoranachukwudimma,515.5,France,Female,26.0,6,104450.86,1,1,1,1632.4624999999942,0,0,3,63.98361983812821
3868,15659149,King,515.5,France,Male,26.0,2,0.0,2,1,0,1632.4624999999942,0,1,3,0.0
3869,15585490,Nkemdilim,515.5,France,Female,26.0,4,0.0,1,0,1,1632.4624999999942,0,0,2,0.0
3870,15674929,Anderson,512.0,France,Female,26.0,7,0.0,2,0,0,1632.4624999999942,0,0,2,0.0
3871,15746341,Ejikemeifeuwa,515.5,France,Male,26.0,8,0.0,2,1,1,1632.4624999999942,0,0,4,0.0
3873,15620123,Christie,515.5,France,Male,26.0,6,111169.91,1,0,0,1632.4624999999942,0,0,1,68.09951836565949
3874,15616240,Yeh,515.5,Spain,Male,26.0,4,0.0,2,1,1,1632.4624999999942,0,1,4,0.0
3875,15624186,McGregor,515.5,Germany,Female,25.0,5,123616.43,1,0,1,1632.4624999999942,0,0,2,75.72390177416047
3876,15605036,Pisano,515.5,Spain,Female,26.0,9,155619.58,1,1,1,1632.4624999999942,0,0,3,95.32811932892825
3877,15805151,Ginikanwa,515.5,Germany,Male,26.0,2,89558.39,2,1,1,1632.4624999999942,0,0,4,54.860917172676444
3878,15753847,Hawkins,515.5,Spain,Male,26.0,4,0.0,1,0,1,1632.4624999999942,1,1,2,0.0
3879,15653222,Otutodilichukwu,515.5,Germany,Female,26.0,6,131938.92,2,1,1,1632.4624999999942,0,0,4,80.82202194537423
3880,15757541,Rickard,515.5,France,Female,26.0,9,151772.63,2,0,0,1632.4624999999942,1,0,2,92.97158740246746
3881,15726945,Andreev,515.5,France,Female,26.0,8,0.0,2,1,1,1632.4624999999942,0,1,4,0.0
3882,15794276,Steele,515.5,France,Female,26.0,3,0.0,1,1,1,1632.4624999999942,0,1,3,0.0
3884,15604355,Shand,515.5,France,Male,26.0,1,97700.02,1,1,1,1632.4624999999942,0,0,3,59.848247662657094
3885,15735788,Chiagoziem,515.5,France,Male,26.0,6,0.0,2,1,1,1632.4624999999942,0,0,4,0.0
3886,15618255,Fedorov,515.5,Germany,Female,26.0,6,103244.86,2,1,0,1632.4624999999942,1,0,3,63.24485861084121
3887,15720941,Tien,515.5,Germany,Male,26.0,8,147833.3,2,0,1,1561.58,0,0,3,94.66905313848794
3888,15769110,Stehle,515.5,France,Female,26.0,5,0.0,2,1,0,1632.4624999999942,0,0,3,0.0
3889,15576094,Sung,515.5,France,Male,26.0,0,0.0,2,0,1,1632.4624999999942,0,0,3,0.0
3890,15756150,Alexander,418.0,France,Female,26.0,2,0.0,2,0,0,1632.4624999999942,0,0,2,0.0
3891,15719579,McIntosh,515.5,Germany,Female,26.0,9,84521.48,2,0,1,1632.4624999999942,0,0,3,51.775449665765855
3892,15748854,Sung,515.5,Germany,Female,26.0,5,91938.31,1,1,0,1632.4624999999942,0,0,2,56.31878833357601
3893,15612455,Yao,515.5,Germany,Male,26.0,6,124240.93,1,1,1,1632.4624999999942,0,0,3,76.10645267502343
3894,15664802,Chinweuba,515.5,France,Female,26.0,5,0.0,2,0,0,1632.4624999999942,0,1,2,0.0
3895,15735687,Chinweuba,515.5,Spain,Male,26.0,2,157084.99,1,1,0,1632.4624999999942,0,0,2,96.22578772866179
3896,15664734,T'ao,515.5,Germany,Female,25.0,3,108244.82,2,1,1,1632.4624999999942,0,0,4,66.30769160087928
3898,15666884,Su,508.0,Germany,Female,26.0,5,82161.7,2,1,0,1632.4624999999942,0,0,3,50.329915694847685
3899,15750156,Yu,515.5,Germany,Male,26.0,2,104568.41,1,1,0,1632.4624999999942,1,0,2,64.05562761778624
3900,15751120,Loyau,515.5,France,Female,26.0,2,119912.46,1,1,0,1632.4624999999942,0,0,2,73.45495532056658
3901,15575748,Conti,515.5,France,Male,26.0,9,68881.59,2,0,1,1632.4624999999942,0,0,3,42.19489881084573
3902,15714610,Alexeeva,515.5,Spain,Male,26.0,2,0.0,2,1,1,1632.4624999999942,0,0,4,0.0
3903,15720305,Power,515.5,Spain,Female,26.0,1,86376.29,1,0,1,1632.4624999999942,1,0,2,52.91165340704629
3904,15678129,Hill,515.5,Spain,Female,26.0,9,150840.03,2,1,0,1632.4624999999942,0,0,3,92.40030322289212
3905,15566633,Freeman,515.5,Germany,Male,26.0,8,155059.1,2,1,1,1632.4624999999942,0,0,4,94.98478525540438
3906,15680436,Hsing,496.0,France,Female,26.0,4,0.0,2,1,0,1632.4624999999942,0,1,3,0.0
3907,15674343,Esposito,515.5,France,Male,26.0,8,78128.13,2,0,1,1632.4624999999942,0,0,3,47.859065675321965
3908,15658890,Belonwu,515.5,Germany,Male,26.0,4,98899.76,2,1,1,1632.4624999999942,0,0,4,60.583174192362975
3909,15599004,Tsao,515.5,Spain,Male,26.0,1,0.0,1,1,1,1632.4624999999942,0,1,3,0.0
3910,15726487,P'eng,431.0,France,Male,26.0,6,160982.89,1,1,1,1632.4624999999942,0,0,3,98.61353017297523
3911,15698716,Baker,515.5,France,Female,26.0,3,87926.24,2,1,0,1632.4624999999942,1,0,3,53.86110860126975
3912,15710527,Matthews,515.5,France,Female,26.0,4,0.0,1,1,1,1632.4624999999942,0,1,3,0.0
3913,15655590,Garcia,515.5,Spain,Male,26.0,2,79385.21,2,0,0,1632.4624999999942,0,0,2,48.62911705475641
3914,15732266,Field,515.5,Germany,Male,26.0,5,127997.83,1,1,0,1632.4624999999942,1,0,2,78.40782253803714
3915,15669326,Gordon,515.5,France,Male,26.0,2,168396.34,1,1,1,1632.4624999999942,0,0,3,103.15479834912017
3916,15672246,Jefferies,515.5,Germany,Male,26.0,2,134896.03,1,1,1,1632.4624999999942,0,0,3,82.63346324953895
3917,15620276,Palermo,515.5,Spain,Male,26.0,6,0.0,3,1,1,1632.4624999999942,0,1,5,0.0
3918,15640258,Chou,515.5,France,Female,26.0,6,94238.75,2,1,1,1632.4624999999942,1,0,4,57.72797231176847
3919,15740283,Ewing,515.5,France,Male,26.0,1,0.0,2,0,0,1632.4624999999942,0,1,2,0.0
3920,15759717,Mazzi,515.5,Spain,Female,26.0,7,0.0,2,1,0,1632.4624999999942,0,0,3,0.0
3921,15620268,Thomson,515.5,Germany,Male,26.0,3,212696.32,1,1,0,1632.4624999999942,0,0,2,130.29170348476657
3922,15743871,Nkemdirim,515.5,France,Male,26.0,3,0.0,2,1,0,1632.4624999999942,1,0,3,0.0
3923,15614491,Lockyer,515.5,France,Male,26.0,3,139153.68,2,1,0,1632.4624999999942,0,0,3,85.24157829046639
3924,15595047,Murray,515.5,France,Male,26.0,7,0.0,2,0,0,1632.4624999999942,0,1,2,0.0
3925,15732334,Black,515.5,France,Female,26.0,0,0.0,2,1,0,1632.4624999999942,0,0,3,0.0
3926,15701206,Torreggiani,515.5,Spain,Male,26.0,5,0.0,2,1,0,1632.4624999999942,0,0,3,0.0
3927,15581280,Atkinson,515.5,Germany,Male,26.0,6,92887.13,1,1,1,1632.4624999999942,0,0,3,56.90000842285831
3928,15651943,Richards,515.5,Spain,Female,26.0,1,0.0,2,0,1,1632.4624999999942,0,1,3,0.0
3929,15609545,Azubuike,515.5,France,Male,26.0,5,83442.98,1,0,1,1632.4624999999942,0,0,2,51.11479130454776
3930,15658548,Ignatiev,515.5,Germany,Female,26.0,6,144773.29,2,1,0,1632.4624999999942,0,0,3,88.68399120959931
3931,15626008,Miller,515.5,Germany,Female,26.0,9,111973.97,1,1,1,1632.4624999999942,1,0,3,68.5920626048074
3932,15774133,Cox,515.5,France,Female,26.0,8,178032.53,1,0,1,1632.4624999999942,0,0,2,109.05765369801796
3933,15763798,McMillan,515.5,France,Male,23.0,5,140007.19,1,0,1,1632.4624999999942,0,0,2,85.76441419021907
3934,15758013,Napolitano,515.5,France,Male,26.0,5,98400.61,2,0,0,1632.4624999999942,0,0,2,60.277409128846976
3935,15705765,Lane,515.5,Spain,Female,26.0,1,0.0,2,1,0,1632.4624999999942,0,1,3,0.0
3936,15648362,Kennedy,515.5,Germany,Male,26.0,3,108924.33,2,1,0,1632.4624999999942,1,0,3,66.7239400598791
3937,15761102,T'ao,515.5,Spain,Female,26.0,4,132835.56,1,0,0,1632.4624999999942,0,0,1,81.37127805386064
3938,15610165,Hsiung,515.5,France,Female,26.0,1,0.0,2,1,1,1632.4624999999942,0,1,4,0.0
3939,15723717,Heath,483.0,Germany,Male,26.0,1,118334.44,1,0,0,1632.4624999999942,1,0,1,72.488305244378
3941,15659736,Herbert,515.5,Germany,Male,26.0,5,121411.9,1,0,0,1632.4624999999942,1,0,1,74.37346952839678
3942,15603170,Kang,515.5,France,Male,26.0,9,121455.65,1,1,0,1632.4624999999942,1,0,2,74.40026953145964
3944,15671915,Bowen,515.5,France,Male,26.0,5,0.0,2,1,1,1632.4624999999942,0,0,4,0.0
3945,15794792,Golubev,515.5,France,Female,26.0,8,117989.76,1,1,1,1632.4624999999942,0,0,3,72.27716410024757
3946,15652789,Hancock,515.5,Spain,Male,26.0,10,0.0,2,1,1,1632.4624999999942,0,0,4,0.0
3947,15739168,Fowler,511.0,France,Female,26.0,5,137411.29,1,0,1,1632.4624999999942,0,0,2,84.17423983705629
3948,15719950,Sutherland,515.5,France,Male,26.0,10,73688.2,1,1,1,1632.4624999999942,0,0,3,45.139291101633425
3949,15743818,Rowley,515.5,Spain,Male,26.0,9,122330.7,2,0,1,1632.4624999999942,0,0,3,74.93630022129172
3950,15717937,Gibbons,515.5,Germany,Male,26.0,5,99906.89,1,0,0,1632.4624999999942,0,0,1,61.20011332572746
3951,15602841,Lockett,515.5,Spain,Female,26.0,5,0.0,2,0,1,1632.4624999999942,0,0,3,0.0
3952,15619972,Akabueze,515.5,France,Female,26.0,9,167664.83,1,0,0,1632.4624999999942,1,0,1,102.70669617219421
3953,15796114,Phelps,515.5,France,Female,26.0,7,141525.55,1,0,0,1632.4624999999942,0,0,1,86.69451825080239
3954,15633546,Frederick,515.5,Spain,Female,26.0,3,124832.51,1,1,0,1632.4624999999942,0,0,2,76.46883772215315
3955,15758755,Beneventi,515.5,France,Female,26.0,9,132121.71,1,0,1,1632.4624999999942,0,0,2,80.93399388959959
3956,15695168,Bruce,515.5,France,Male,26.0,2,0.0,2,1,0,1632.4624999999942,0,1,3,0.0
3957,15754342,Green,515.5,Germany,Female,26.0,0,78539.84,1,0,1,1632.4624999999942,0,0,2,48.111267487002166
3958,15756610,Carlson,515.5,Germany,Female,26.0,5,123770.46,1,0,0,1632.4624999999942,1,0,1,75.8182561620867
3959,15640917,Tang,515.5,France,Male,26.0,5,0.0,2,1,1,1632.4624999999942,0,0,4,0.0
3960,15663164,Yudin,515.5,Germany,Male,26.0,7,116150.65,3,1,1,1632.4624999999942,1,0,5,71.15057773149485
3961,15616811,MacDonald,515.5,France,Male,26.0,0,160729.1,1,0,1,1632.4624999999942,0,0,2,98.45806565235071
3962,15610781,Watt,515.5,France,Female,26.0,10,88378.6,1,1,0,1632.4624999999942,0,0,2,54.13821144436722
3963,15600911,Mbadiwe,515.5,France,Male,26.0,2,182888.08,1,1,0,1632.4624999999942,0,0,2,112.03202523794613
3964,15629603,Chuang,515.5,France,Male,26.0,8,0.0,2,1,1,1632.4624999999942,0,0,4,0.0
3965,15714981,Sabbatini,476.0,France,Male,26.0,4,0.0,1,1,1,1632.4624999999942,1,0,3,0.0
3967,15782778,Ewers,515.5,France,Male,26.0,4,0.0,2,0,1,1632.4624999999942,0,1,3,0.0
3968,15786643,Tsao,515.5,France,Male,26.0,10,0.0,2,1,1,1632.4624999999942,0,1,4,0.0
3969,15595657,Hannam,515.5,Germany,Male,26.0,4,95001.33,1,0,1,1632.4624999999942,0,0,2,58.19510708515531
3970,15743673,Wood,515.5,Spain,Male,26.0,2,113873.22,1,1,1,1632.4624999999942,1,0,3,69.75548902348471
3971,15634310,Ko,509.0,France,Male,26.0,6,0.0,2,1,0,1632.4624999999942,0,1,3,0.0
3972,15790809,Lo Duca,515.5,Spain,Male,26.0,7,74896.92,1,1,0,1632.4624999999942,0,0,2,45.87971852339656
3974,15669281,Ch'iu,515.5,Spain,Male,26.0,3,128718.78,1,0,0,1632.4624999999942,0,0,1,78.8494559599381
3975,15621031,Mofflin,515.5,Spain,Male,26.0,8,0.0,2,1,0,1632.4624999999942,0,0,3,0.0
3976,15720071,Fiorentini,515.5,France,Female,26.0,3,0.0,1,0,0,1632.4624999999942,1,0,1,0.0
3979,15669490,Ifeanacho,515.5,Germany,Male,26.0,6,94001.61,2,1,0,1632.4624999999942,0,0,3,57.5827071065953
3980,15783030,Owens,515.5,France,Female,26.0,7,0.0,1,1,0,1632.4624999999942,1,0,2,0.0
3981,15695792,Ch'ien,515.5,France,Male,26.0,0,0.0,1,1,1,1632.4624999999942,0,0,3,0.0
3982,15575676,Chung,515.5,France,Male,24.0,1,0.0,2,0,1,1632.4624999999942,0,1,3,0.0
3983,15627665,Sung,515.5,France,Male,26.0,4,0.0,1,1,0,1632.4624999999942,1,0,2,0.0
3984,15814092,Wang,515.5,France,Female,26.0,2,0.0,1,0,1,1632.4624999999942,1,1,2,0.0
3985,15695225,Sun,515.5,Spain,Male,26.0,8,0.0,2,1,1,1632.4624999999942,0,0,4,0.0
3986,15615091,Maitland,515.5,France,Male,24.0,6,0.0,2,1,1,1632.4624999999942,0,0,4,0.0
3987,15794345,Ma,515.5,Spain,Male,26.0,8,0.0,2,0,1,1632.4624999999942,0,0,3,0.0
3988,15726484,Pollard,515.5,France,Male,26.0,7,141546.35,1,1,1,1632.4624999999942,0,0,3,86.70725973797285
3989,15650442,Hsieh,515.5,Germany,Female,26.0,8,141528.88,1,1,1,1632.4624999999942,1,0,3,86.69655811389266
3990,15714256,Gerasimov,515.5,France,Male,26.0,7,109805.3,1,0,1,1632.4624999999942,0,0,2,67.26359717298277
3991,15778752,Johnson,515.5,France,Male,26.0,10,86614.06,2,1,1,1632.4624999999942,0,0,4,53.057304532263565
3992,15601659,Fiorentino,496.0,Germany,Female,26.0,7,91680.1,2,1,0,1632.4624999999942,1,0,3,56.16061624692777
3993,15602811,Chioke,515.5,Germany,Male,26.0,0,38848.19,2,0,0,1632.4624999999942,0,0,2,23.79729396540511
3994,15779414,Rossi,515.5,Spain,Male,26.0,3,153639.11,1,1,1,1632.4624999999942,0,0,3,94.1149398531363
3995,15763097,Siciliano,515.5,Spain,Male,26.0,8,0.0,2,0,1,1632.4624999999942,0,0,3,0.0
3996,15633666,Efremov,515.5,Spain,Female,26.0,7,123870.07,1,1,0,1632.4624999999942,0,0,2,75.8792744090602
3997,15718789,Brigstocke,515.5,France,Male,26.0,5,0.0,2,1,0,1632.4624999999942,0,0,3,0.0
3998,15690620,Olisaemeka,515.5,France,Male,26.0,10,46323.57,1,1,0,1632.4624999999942,0,0,2,28.376498694457094
3999,15737071,Tang,515.5,France,Female,26.0,5,162039.78,1,1,1,1632.4624999999942,1,0,3,99.26095086410902
4000,15665062,Lucchese,515.5,France,Male,19.0,1,110928.51,1,1,1,1632.4624999999942,0,0,3,67.95164360590236
4001,15600692,West,515.5,France,Male,26.0,5,0.0,2,1,0,1632.4624999999942,0,1,3,0.0
4002,15792064,Pai,515.5,Germany,Male,26.0,5,114421.55,1,1,0,1632.4624999999942,1,0,2,70.09138035330086
4003,15811486,Tang,515.5,Germany,Female,26.0,8,130036.21,2,0,1,1632.4624999999942,0,0,3,79.65647602931183
4004,15626141,Fedorov,515.5,France,Female,26.0,1,151510.17,2,1,1,1632.4624999999942,0,0,4,92.81081188695026
4005,15738546,Gboliwe,515.5,Spain,Female,26.0,4,0.0,2,0,1,1632.4624999999942,0,1,3,0.0
4006,15677052,Ko,515.5,France,Female,26.0,2,0.0,2,1,1,1632.4624999999942,1,1,4,0.0
4007,15656454,Le Gallienne,515.5,France,Male,26.0,6,83568.55,1,1,0,1632.4624999999942,0,0,2,51.1917119076244
4008,15645496,Seleznyova,515.5,France,Female,26.0,7,139972.18,1,1,0,1632.4624999999942,0,0,2,85.74296806205379
4009,15612505,Joseph,515.5,Spain,Male,26.0,3,100212.13,1,1,0,1632.4624999999942,0,0,2,61.387094649953895
4010,15708513,Bevan,446.0,France,Female,26.0,1,90217.07,1,1,0,1632.4624999999942,0,0,2,55.26440576736086
4011,15685654,Allan,514.0,Spain,Male,26.0,9,0.0,2,1,1,1632.4624999999942,0,0,4,0.0
4012,15732307,Lavrentiev,515.5,Germany,Male,26.0,4,124067.32,1,1,1,1632.4624999999942,0,0,3,76.00010413715503
4013,15726814,Walton,515.5,Spain,Male,26.0,4,0.0,2,0,1,1632.4624999999942,0,0,3,0.0
4014,15653776,Salier,515.5,Germany,Female,26.0,1,162082.31,4,0,0,1632.4624999999942,1,0,4,99.28700352994362
4015,15597914,Evdokimov,515.5,Germany,Female,26.0,2,117306.69,4,1,1,1632.4624999999942,1,0,6,71.85873488671281
4016,15631603,Ponomaryova,515.5,France,Male,26.0,1,122889.88,1,1,1,1632.4624999999942,0,0,3,75.27883795186746
4017,15789753,Millar,480.0,France,Male,26.0,6,148790.61,1,0,1,1632.4624999999942,0,0,2,91.1448869422731
4018,15678034,Grosse,515.5,France,Male,26.0,9,180226.24,1,1,0,1632.4624999999942,1,0,2,110.401457920167
4019,15690209,Hsiao,515.5,Germany,Female,26.0,3,104857.19,2,1,0,1632.4624999999942,0,0,3,64.23252601514606
4020,15592091,Belbin,515.5,Spain,Male,26.0,2,166833.86,2,1,1,1632.4624999999942,0,0,4,102.19766763401951
4021,15647453,Ifeajuna,515.5,France,Male,26.0,4,102936.72,1,0,0,1187.88,0,0,1,86.65582382058793
4022,15697100,Wright,515.5,Germany,Female,26.0,6,108736.52,1,1,0,1632.4624999999942,1,0,2,66.60889300673087
4023,15811290,Komarova,515.5,Germany,Male,26.0,0,129974.79,2,1,1,1632.4624999999942,0,0,4,79.61885188786907
4024,15629187,Titheradge,515.5,France,Male,26.0,8,85982.07,1,1,0,1632.4624999999942,0,0,2,52.67016547087625
4026,15640769,Hobbs,515.5,France,Male,26.0,8,137841.53,1,1,1,1632.4624999999942,0,0,3,84.43779259860517
4027,15606641,Beggs,515.5,Germany,Male,26.0,10,100260.88,3,1,1,1632.4624999999942,1,0,5,61.416957510509654
4028,15718280,Luffman,515.5,Germany,Male,26.0,5,139822.11,2,1,1,1632.4624999999942,0,0,4,85.65103945726194
4029,15764335,Caldwell,463.0,Germany,Female,26.0,8,123151.51,2,1,0,1632.4624999999942,0,0,3,75.43910503304085
4030,15634218,Mancini,501.0,Germany,Male,26.0,4,95331.83,2,1,0,1632.4624999999942,0,0,3,58.39756196543586
4031,15808760,Evseev,515.5,Spain,Female,26.0,6,0.0,1,1,1,1632.4624999999942,0,0,3,0.0
4032,15648461,Hs?eh,515.5,Spain,Male,26.0,7,138162.41,2,1,1,1632.4624999999942,0,0,4,84.6343545410694
4033,15593555,Chinedum,430.0,France,Male,26.0,9,0.0,2,1,1,1632.4624999999942,0,0,4,0.0
4034,15569079,Hagins,515.5,Germany,Male,26.0,6,126066.26,1,1,0,1632.4624999999942,1,0,2,77.22459780852573
4035,15800736,Kirwan,515.5,Spain,Female,26.0,4,96763.89,1,1,1,1632.4624999999942,0,0,3,59.274801105691765
4036,15792607,Little,515.5,France,Female,26.0,2,0.0,2,0,0,1632.4624999999942,0,0,2,0.0
4037,15640034,Milligan,515.5,France,Male,26.0,2,139561.46,1,1,0,1632.4624999999942,1,0,2,85.49137269615719
4038,15807563,Ch'iu,515.5,France,Female,26.0,5,0.0,1,0,0,1632.4624999999942,1,1,1,0.0
4039,15684461,McKay,469.0,Spain,Female,26.0,6,0.0,1,1,0,1632.4624999999942,1,1,2,0.0
4040,15580134,Crawford,479.0,Spain,Male,26.0,2,172463.45,1,1,1,1632.4624999999942,0,0,3,105.64619401670826
4041,15679075,Onyemere,515.5,France,Male,26.0,8,107798.85,1,1,0,1632.4624999999942,0,0,2,66.03450308965773
4042,15742504,Azuka,515.5,France,Male,26.0,2,70181.48,2,1,0,1632.4624999999942,0,0,3,42.99117437613437
4043,15567328,Ch'en,515.5,Spain,Male,26.0,5,177997.07,1,0,1,1632.4624999999942,0,0,2,109.03593191267832
4044,15698294,Royster,515.5,Spain,Male,26.0,1,0.0,2,1,0,1632.4624999999942,0,1,3,0.0
4045,15607142,Parkin,515.5,France,Male,26.0,8,0.0,1,1,1,1632.4624999999942,0,0,3,0.0
4046,15738516,Kozlova,515.5,Spain,Female,26.0,5,0.0,1,1,0,1632.4624999999942,0,0,2,0.0
4047,15806403,Hu,515.5,France,Male,26.0,9,0.0,2,1,0,1632.4624999999942,0,0,3,0.0
4048,15656707,Ma,515.5,Spain,Male,21.0,2,123200.78,1,1,1,1632.4624999999942,0,0,3,75.46928643077587
4049,15653715,Coates,515.5,France,Female,26.0,7,0.0,2,1,1,1632.4624999999942,0,0,4,0.0
4050,15806184,Burns,515.5,Spain,Male,26.0,4,0.0,2,1,1,1632.4624999999942,0,0,4,0.0
4051,15585734,Gouger,515.5,Germany,Male,26.0,9,137742.9,2,1,1,1632.4624999999942,0,0,4,84.37737467170027
4052,15725639,Ignatyev,515.5,France,Female,26.0,9,116270.72,1,1,1,1632.4624999999942,0,0,3,71.22412919132931
4053,15618401,Douglas,515.5,Germany,Male,26.0,10,113220.2,2,1,1,1632.4624999999942,0,0,4,69.35546758348225
4054,15785385,Fiorentino,515.5,Spain,Male,26.0,5,0.0,2,1,0,1632.4624999999942,0,1,3,0.0
4055,15734762,Ignatiev,515.5,France,Female,26.0,3,115895.22,3,1,0,1632.4624999999942,1,0,4,70.99410859361267
4056,15767129,Munz,452.0,France,Female,26.0,6,121730.49,1,1,1,1632.4624999999942,0,0,3,74.56862868212926
4057,15797204,Paling,515.5,Spain,Female,26.0,3,113811.85,2,0,1,1632.4624999999942,0,0,3,69.71789551061688
4058,15769272,Clark,510.0,France,Female,26.0,6,136214.08,1,0,0,1632.4624999999942,0,0,1,83.44086311324179
4059,15771966,Akobundu,515.5,France,Male,26.0,8,146200.01,1,1,0,1632.4624999999942,0,0,2,89.5579592180528
4060,15691952,Fanucci,515.5,France,Male,26.0,10,106242.67,1,1,1,1632.4624999999942,0,0,3,65.08123157499813
4061,15593250,Hsiao,515.5,France,Female,26.0,4,0.0,2,1,0,1632.4624999999942,0,0,3,0.0
4062,15605333,Clancy,515.5,Spain,Male,26.0,6,0.0,1,1,0,1632.4624999999942,0,0,2,0.0
4063,15800083,Macdonald,515.5,France,Male,26.0,8,24043.45,1,0,1,1632.4624999999942,1,0,2,14.728332197523732
4064,15575691,Palerma,515.5,France,Female,26.0,5,0.0,2,0,1,1632.4624999999942,0,0,3,0.0
4065,15689886,Holden,515.5,Germany,Male,26.0,10,132287.92,3,1,1,1632.4624999999942,1,0,5,81.03580939837852
4066,15809838,Moore,515.5,Spain,Male,26.0,1,0.0,2,0,0,735.79,0,0,2,0.0
4067,15736154,Gallo,515.5,France,Female,26.0,1,0.0,2,0,1,1632.4624999999942,0,1,3,0.0
4068,15767391,Otutodilinna,515.5,Germany,Female,26.0,4,90322.99,2,0,1,1632.4624999999942,0,0,3,55.32928934049041
4069,15704910,Rios,515.5,Spain,Male,23.0,3,0.0,2,1,0,1632.4624999999942,0,0,3,0.0
4070,15656613,McGregor,515.5,France,Female,26.0,3,131283.11,1,0,0,1632.4624999999942,0,0,1,80.42029143089073
4071,15611551,Hill,515.5,Spain,Male,26.0,1,131659.59,2,0,1,1632.4624999999942,0,0,3,80.65091234867599
4072,15732430,H?,515.5,Spain,Female,26.0,4,120952.74,1,1,0,1632.4624999999942,0,0,2,74.09220119910897
4073,15741865,Ferrari,515.5,France,Female,26.0,9,153166.17,1,1,1,1632.4624999999942,0,0,3,93.82523028859809
4074,15634143,Onyemauchechi,515.5,Spain,Male,26.0,0,53291.86,1,0,0,1632.4624999999942,0,0,1,32.64507454229435
4075,15609676,Nkemakonam,515.5,France,Female,26.0,2,167924.95,1,1,0,1632.4624999999942,0,0,2,102.86603827040474
4076,15761600,White,515.5,France,Male,26.0,5,86394.14,1,1,1,1632.4624999999942,0,0,3,52.92258780829594
4077,15676404,Kirillov,515.5,France,Female,26.0,1,0.0,1,1,0,1632.4624999999942,1,0,2,0.0
4078,15659236,Iadanza,515.5,Spain,Male,26.0,3,0.0,2,1,1,1632.4624999999942,0,0,4,0.0
4079,15690440,Stiles,515.5,Spain,Male,26.0,1,0.0,2,1,1,1632.4624999999942,0,1,4,0.0
4080,15694601,Ankudinov,515.5,France,Female,26.0,4,158978.79,1,1,0,1632.4624999999942,0,0,2,97.38587563267185
4081,15812262,Gaffney,515.5,Germany,Female,26.0,2,100431.84,1,1,0,1632.4624999999942,1,0,2,61.521682733906815
4082,15762821,Udinese,515.5,Spain,Male,26.0,5,0.0,2,0,1,1632.4624999999942,0,1,3,0.0
4083,15669301,Romani,515.5,Germany,Female,26.0,6,150358.97,1,1,0,1632.4624999999942,1,0,2,92.10561957778542
4084,15672640,Kambinachi,515.5,Spain,Female,26.0,4,114347.85,2,1,1,1632.4624999999942,0,0,4,70.04623383385555
4085,15750458,Hawkins,515.5,France,Female,26.0,4,0.0,2,0,1,1632.4624999999942,0,1,3,0.0
4086,15627251,Tsui,515.5,France,Male,26.0,4,134007.9,1,1,1,1632.4624999999942,0,0,3,82.08942012450545
4087,15764294,Ifeatu,515.5,Germany,Male,26.0,4,98899.91,1,1,1,1632.4624999999942,0,0,3,60.58326607808777
4088,15659962,McIntosh,515.5,France,Male,26.0,3,0.0,2,1,1,1632.4624999999942,0,0,4,0.0
4089,15788536,Armit,515.5,Germany,Male,26.0,2,137430.82,2,0,0,1632.4624999999942,0,0,2,84.18620335842354
4090,15596979,Fang,515.5,France,Female,26.0,6,0.0,2,1,1,1632.4624999999942,0,1,4,0.0
4091,15681220,Chou,503.0,France,Female,26.0,8,0.0,2,1,1,1632.4624999999942,0,0,4,0.0
4092,15635097,Okeke,515.5,Germany,Male,26.0,2,188976.89,2,0,1,1632.4624999999942,0,0,3,115.76185670421262
4093,15780779,Ramsbotham,515.5,Spain,Female,26.0,4,0.0,2,1,0,1632.4624999999942,0,1,3,0.0
4094,15798470,Scannell,515.5,Spain,Female,26.0,1,75990.97,1,1,0,1632.4624999999942,1,0,2,46.54990237141758
4095,15760880,Edman,513.0,France,Male,26.0,10,0.0,2,0,1,1632.4624999999942,0,0,3,0.0
4096,15616929,De Luca,515.5,Spain,Male,26.0,5,112181.08,1,0,1,1632.4624999999942,0,0,2,68.71893228787822
4097,15758775,Vasilyeva,515.5,Spain,Male,26.0,10,97208.46,1,1,1,1632.4624999999942,0,0,3,59.547132016815304
4098,15663386,Tuan,515.5,Spain,Female,26.0,7,0.0,2,1,0,1632.4624999999942,0,1,3,0.0
4099,15621267,Ejimofor,515.5,France,Male,26.0,5,0.0,1,0,0,1632.4624999999942,0,1,1,0.0
4100,15720509,Hs?,515.5,France,Male,26.0,9,150856.79,1,0,1,1632.4624999999942,0,0,2,92.41056992120832
4101,15693322,Shaver,515.5,Germany,Female,26.0,9,146748.07,1,0,1,1632.4624999999942,0,0,2,89.89368515356435
4102,15589544,Wallis,515.5,Spain,Female,26.0,4,0.0,2,1,1,1632.4624999999942,0,0,4,0.0
4103,15772030,Coupp,515.5,Spain,Male,26.0,3,0.0,2,0,1,1632.4624999999942,0,0,3,0.0
4104,15693337,Perry,515.5,Spain,Male,26.0,0,148863.17,1,1,1,1632.4624999999942,0,0,3,91.18933513021007
4105,15676571,Bezrukova,515.5,France,Male,26.0,6,0.0,1,1,0,944.41,1,0,2,0.0
4106,15701392,Lucciano,515.5,Spain,Male,26.0,6,0.0,2,0,1,1632.4624999999942,0,1,3,0.0
4107,15741092,Ingram,515.5,Spain,Male,26.0,10,153360.02,1,1,0,1632.4624999999942,0,0,2,93.94397727359772
4108,15643865,Lo Duca,515.5,France,Female,26.0,3,92055.36,1,0,1,1632.4624999999942,1,0,2,56.39048982748475
4109,15769389,Wan,515.5,Germany,Female,26.0,9,124723.92,1,1,0,1632.4624999999942,0,0,2,76.4023185831224
4110,15807768,Cohn,515.5,Germany,Male,26.0,1,103033.83,1,1,1,1632.4624999999942,0,0,3,63.11558764749596
4111,15801630,Yen,515.5,France,Male,26.0,6,0.0,2,1,0,1632.4624999999942,0,1,3,0.0
4112,15705034,Peng,515.5,Spain,Male,26.0,1,0.0,2,1,1,1632.4624999999942,0,1,4,0.0
4113,15763107,Little,515.5,France,Female,26.0,9,0.0,1,1,1,1632.4624999999942,0,1,3,0.0
4114,15667085,Meng,515.5,France,Male,26.0,4,0.0,2,1,1,1632.4624999999942,0,1,4,0.0
4115,15647008,Adams,515.5,Germany,Male,26.0,3,116726.22,1,1,0,1632.4624999999942,1,0,2,71.50315550893231
4116,15584505,Hill,515.5,France,Female,23.0,5,113923.81,2,0,0,1632.4624999999942,0,0,2,69.78647901559785
4117,15748068,Boyle,515.5,Spain,Female,26.0,3,0.0,2,1,1,1632.4624999999942,0,1,4,0.0
4118,15663964,Pagnotto,515.5,France,Male,26.0,5,0.0,2,1,0,1632.4624999999942,0,0,3,0.0
4119,15782311,Feng,515.5,France,Male,26.0,9,0.0,2,1,1,1632.4624999999942,0,0,4,0.0
4120,15588197,Endrizzi,515.5,France,Male,26.0,7,0.0,2,0,0,1632.4624999999942,0,0,2,0.0
4121,15610105,Shen,515.5,Germany,Female,21.0,1,121827.43,2,1,1,1632.4624999999942,0,0,4,74.62801136320157
4122,15606133,Lay,515.5,Spain,Male,26.0,7,0.0,2,0,1,1632.4624999999942,0,1,3,0.0
4123,15599403,Wu,515.5,France,Male,26.0,10,125389.7,2,1,1,1632.4624999999942,0,0,4,76.81015643544673
4124,15648225,Shephard,515.5,Spain,Female,26.0,1,103895.31,1,0,1,1632.4624999999942,0,0,2,63.64330574209231
4125,15608406,Schmidt,515.5,France,Male,26.0,5,111128.04,1,1,0,1632.4624999999942,1,0,2,68.07386999701396
4126,15633378,Davidson,515.5,Spain,Female,26.0,9,0.0,2,1,0,1632.4624999999942,0,1,3,0.0
4127,15664759,Lamb,515.5,Spain,Male,26.0,10,0.0,2,1,0,1632.4624999999942,0,1,3,0.0
4128,15625545,Hussey,515.5,Spain,Male,26.0,9,0.0,1,1,1,1632.4624999999942,1,1,3,0.0
4129,15772148,Ferrari,515.5,Germany,Female,26.0,5,151242.48,1,0,1,1632.4624999999942,0,0,2,92.6468326224955
4130,15810829,Macfarlan,515.5,France,Male,26.0,7,0.0,1,1,0,1632.4624999999942,1,0,2,0.0
4131,15731669,Szabados,515.5,France,Male,26.0,2,129709.62,1,1,0,1632.4624999999942,0,0,2,79.45641630359071
4132,15738634,Yuan,515.5,France,Male,26.0,9,83347.25,1,1,1,1632.4624999999942,0,0,3,51.05614983498874
4133,15737571,Matveyev,515.5,Spain,Female,26.0,6,84121.04,1,0,1,1632.4624999999942,0,0,2,51.53015153487464
4134,15667602,Cheng,515.5,Spain,Male,26.0,3,0.0,2,1,0,1632.4624999999942,0,0,3,0.0
4135,15684147,Palerma,515.5,France,Male,26.0,5,102338.19,1,1,1,1632.4624999999942,0,0,3,62.68945841022404
4136,15789874,Wang,515.5,France,Female,26.0,3,87375.78,2,0,0,1632.4624999999942,0,0,2,53.52391249416162
4137,15757952,Teng,515.5,France,Male,26.0,2,0.0,3,1,0,1632.4624999999942,1,1,4,0.0
4138,15698732,K'ung,515.5,Germany,Male,26.0,3,104677.09,1,1,0,1632.4624999999942,0,0,2,64.12220188825187
4139,15714355,Sinclair,515.5,Germany,Male,26.0,8,121669.23,1,0,1,1632.4624999999942,0,0,2,74.53110255212627
4140,15599090,McKelvey,515.5,Germany,Male,26.0,7,108407.34,1,1,1,1632.4624999999942,0,0,3,66.40724672082843
4141,15762048,Yuan,515.5,Germany,Female,26.0,7,154969.79,2,1,1,1632.4624999999942,0,0,4,94.93007649486623
4142,15790596,Moran,515.5,Spain,Male,26.0,0,141829.67,1,1,1,1632.4624999999942,0,0,3,86.88081349495043
4143,15609623,McConnell,515.5,France,Female,26.0,5,0.0,1,1,0,1632.4624999999942,1,0,2,0.0
4144,15711901,Iheatu,500.0,France,Male,26.0,2,109162.82,1,1,1,1632.4624999999942,0,0,3,66.87003223657536
4145,15779809,Giordano,515.5,France,Male,26.0,8,87471.63,1,0,1,1632.4624999999942,0,0,2,53.58262747230047
4146,15729018,Alexander,515.5,France,Female,26.0,2,147229.65,1,1,1,1632.4624999999942,0,0,3,90.1886873358503
4147,15698246,Gordon,515.5,France,Female,24.0,2,0.0,2,1,1,1632.4624999999942,0,0,4,0.0
4148,15712409,Tang,515.5,Germany,Male,26.0,6,182532.23,2,1,1,1632.4624999999942,0,0,4,111.8140416701766
4149,15758306,T'an,515.5,France,Male,26.0,6,0.0,2,1,1,1632.4624999999942,0,1,4,0.0
4150,15621435,Davies,515.5,France,Female,26.0,1,160903.2,1,0,0,1632.4624999999942,0,0,1,98.56471435025342
4151,15566295,Sanders,515.5,France,Female,26.0,6,138053.79,2,1,0,1632.4624999999942,0,0,3,84.56781702489369
4152,15569098,Winifred,515.5,France,Male,26.0,6,153548.12,1,0,0,1632.4624999999942,1,0,1,94.05920197248055
4153,15662532,Holmes,515.5,Germany,Male,26.0,8,149085.9,2,1,1,1632.4624999999942,0,0,4,91.32577318008869
4154,15664001,Riddle,515.5,Germany,Female,26.0,8,95231.91,1,0,0,1632.4624999999942,1,0,1,58.33635382129779
4155,15703437,Chinedum,515.5,France,Male,26.0,3,0.0,2,1,0,1632.4624999999942,0,1,3,0.0
4156,15708003,Aleksandrova,515.5,Spain,Male,26.0,8,85109.21,1,1,0,1557.82,0,0,2,54.63353275731472
4157,15599452,Conti,515.5,Germany,Female,26.0,8,125338.8,2,1,0,1632.4624999999942,0,0,3,76.77897654616902
4158,15719793,Watson,515.5,Spain,Male,26.0,5,0.0,2,1,1,1632.4624999999942,0,1,4,0.0
4159,15771580,Davison,515.5,France,Female,26.0,0,106831.69,1,0,1,1632.4624999999942,0,0,2,65.44204843909148
4160,15732268,Cook,515.5,France,Male,26.0,3,159597.45,1,1,0,1632.4624999999942,0,0,2,97.76484911598311
4161,15722350,Udinesi,515.5,Germany,Female,26.0,7,147361.57,1,1,1,1632.4624999999942,0,0,3,90.26949776794292
4162,15611371,Siciliani,515.5,France,Male,26.0,4,176134.54,1,1,1,1632.4624999999942,0,0,3,107.89499911942886
4163,15673584,Bell,515.5,France,Female,26.0,5,0.0,2,1,1,937.15,0,0,4,0.0
4164,15636396,Jackson,515.5,France,Female,26.0,7,0.0,2,0,1,1632.4624999999942,0,1,3,0.0
4165,15706170,Onyemere,515.5,France,Male,26.0,1,84055.43,1,0,0,1632.4624999999942,0,0,1,51.489960718852835
4166,15725478,McClemans,515.5,France,Male,26.0,7,0.0,2,1,1,1632.4624999999942,0,1,4,0.0
4167,15654562,Ma,515.5,Spain,Female,26.0,5,174088.3,4,1,0,1632.4624999999942,1,0,5,106.64153081617532
4168,15737509,Morrison,515.5,Spain,Male,26.0,8,199229.14,1,0,0,1632.4624999999942,0,0,1,122.04209285052534
4169,15690796,Chambers,515.5,France,Male,26.0,8,0.0,1,1,0,1632.4624999999942,0,1,2,0.0
4170,15716728,Basedow,513.0,Spain,Female,26.0,10,0.0,2,0,1,1632.4624999999942,0,0,3,0.0
4171,15605665,Nwora,515.5,Germany,Female,26.0,3,78833.15,2,1,1,1632.4624999999942,0,0,4,48.29094083325055
4172,15748481,Howey,515.5,France,Female,26.0,6,0.0,1,0,0,1632.4624999999942,0,0,1,0.0
4173,15757777,Pai,515.5,France,Female,26.0,2,0.0,2,1,1,1632.4624999999942,0,0,4,0.0
4174,15747808,Ni,515.5,France,Male,26.0,3,102540.61,1,1,1,1632.4624999999942,0,0,3,62.813455132966524
4175,15810593,Forbes,515.5,France,Male,26.0,4,0.0,3,1,1,1632.4624999999942,0,0,5,0.0
4176,15693376,Baryshnikov,515.5,Spain,Male,26.0,0,0.0,2,1,1,1632.4624999999942,1,0,4,0.0
4177,15579808,Kramer,515.5,Germany,Female,26.0,8,129401.87,1,1,1,1632.4624999999942,0,0,3,79.26789742490284
4178,15598275,Sochima,515.5,France,Female,26.0,7,0.0,2,1,1,1632.4624999999942,0,1,4,0.0
4179,15737080,Marchesi,510.0,France,Female,26.0,1,0.0,2,0,1,1632.4624999999942,0,0,3,0.0
4180,15668580,Todd,515.5,Spain,Male,26.0,2,0.0,2,1,1,1632.4624999999942,0,0,4,0.0
4181,15569438,Mai,515.5,Germany,Male,26.0,10,106702.94,2,0,0,1632.4624999999942,0,0,2,65.36317985864936
4182,15675842,Pinto,515.5,Spain,Male,26.0,4,139584.57,1,1,0,1632.4624999999942,0,0,2,85.50552922348936
4183,15577587,Reynolds,515.5,Germany,Male,26.0,5,121016.23,1,1,1,1632.4624999999942,1,0,3,74.13109336355379
4184,15625592,Sal,486.0,France,Male,26.0,2,0.0,2,1,1,1632.4624999999942,0,0,4,0.0
4185,15635141,Miller,515.5,Germany,Male,26.0,8,118210.42,2,0,0,1632.4624999999942,1,0,2,72.41233412712415
4186,15642570,Scott,515.5,Spain,Male,26.0,8,0.0,2,1,0,1632.4624999999942,0,0,3,0.0
4187,15702175,Herrin,515.5,France,Female,26.0,4,148654.84,2,1,1,1632.4624999999942,0,0,4,91.06171810991097
4188,15677785,Stevenson,515.5,Spain,Male,26.0,5,136963.12,1,1,0,1632.4624999999942,0,0,2,83.89970366853785
4189,15786153,McKenzie,515.5,Germany,Male,26.0,9,137774.11,2,1,0,1632.4624999999942,0,0,3,84.39649302817092
4190,15759499,Gardiner,515.5,France,Female,26.0,4,111156.52,1,1,1,1632.4624999999942,0,0,3,68.09131603329351
4191,15659568,Atkinson,515.5,Spain,Female,26.0,3,121237.65,1,1,1,1632.4624999999942,0,0,3,74.26672894476928
4192,15715597,Onyemauchechi,515.5,France,Male,26.0,1,97234.58,1,1,0,1632.4624999999942,0,0,2,59.5631323843582
4193,15610147,Ross,515.5,France,Male,26.0,2,0.0,2,0,1,1632.4624999999942,0,0,3,0.0
4194,15802362,Newland,515.5,Spain,Male,26.0,0,0.0,2,0,1,1632.4624999999942,0,0,3,0.0
4195,15660524,Hu,515.5,Germany,Female,26.0,9,97382.53,1,1,1,1632.4624999999942,0,0,3,59.65376233757305
4196,15747168,Sanders,515.5,Germany,Female,26.0,2,103108.8,1,0,1,1632.4624999999942,1,0,2,63.16151213274447
4197,15796910,Tsui,515.5,Spain,Female,26.0,7,0.0,1,0,0,1632.4624999999942,1,0,1,0.0
4198,15707674,Marino,515.0,France,Female,26.0,2,131852.81,1,1,0,1632.4624999999942,1,0,2,80.76927341363154
4199,15565706,Akobundu,515.5,Spain,Male,26.0,1,0.0,1,1,1,1632.4624999999942,1,0,3,0.0
4200,15587596,Morrison,515.5,Spain,Female,26.0,8,107553.33,1,1,0,1632.4624999999942,0,0,2,65.88410453532647
4201,15751943,Mai,515.5,Spain,Female,26.0,5,0.0,2,0,0,1632.4624999999942,0,0,2,0.0
4202,15621227,Hs?eh,515.5,Germany,Female,26.0,7,161806.09,1,1,1,1632.4624999999942,0,0,3,99.11779903060595
4203,15757588,Wright,515.5,France,Male,26.0,9,0.0,2,0,0,1632.4624999999942,0,1,2,0.0
4204,15640922,Demaine,515.5,France,Female,26.0,7,0.0,1,1,1,1632.4624999999942,0,1,3,0.0
4205,15567557,Chien,515.5,France,Male,26.0,2,128243.03,1,1,1,1632.4624999999942,0,0,3,78.55802506948886
4206,15670103,Dickinson,515.5,France,Female,26.0,5,126645.13,1,1,1,1632.4624999999942,0,0,3,77.57919707190851
4207,15720929,Kazantseva,515.5,France,Female,26.0,8,62094.71,3,0,0,1632.4624999999942,1,0,3,38.0374495585658
4208,15732774,Marchesi,515.5,France,Male,26.0,7,112291.34,1,1,0,1632.4624999999942,0,0,2,68.78647442131161
4209,15628558,Pan,447.0,France,Female,26.0,5,89188.83,1,1,1,1632.4624999999942,0,0,3,54.63453524966137
4210,15729201,Harewood,515.5,France,Male,26.0,9,0.0,1,1,0,1632.4624999999942,1,1,2,0.0
4211,15731117,Kao,437.0,Spain,Male,26.0,2,109161.25,1,1,0,1632.4624999999942,0,0,2,66.86907049932258
4212,15615207,Yeh,515.5,Spain,Male,26.0,0,0.0,1,1,1,1632.4624999999942,1,0,3,0.0
4213,15773512,Bischof,515.5,Spain,Female,25.0,4,0.0,1,1,1,1632.4624999999942,0,1,3,0.0
4214,15572145,Ashton,515.5,France,Female,26.0,8,0.0,2,1,0,1632.4624999999942,0,0,3,0.0
4215,15642710,Napolitani,515.5,France,Male,26.0,7,0.0,2,1,0,1540.89,0,0,3,0.0
4216,15574213,Wilson,515.5,France,Female,26.0,1,158271.74,1,1,1,1632.4624999999942,1,0,3,96.95275695460113
4217,15718852,Uren,515.5,France,Male,26.0,9,96951.21,1,1,1,1632.4624999999942,0,0,3,59.3895479988057
4218,15583840,Okechukwu,515.5,Germany,Male,26.0,5,121863.61,1,1,1,1632.4624999999942,1,0,3,74.65017420002017
4220,15813504,Onyemachukwu,515.5,Germany,Female,25.0,1,146566.01,1,0,1,1632.4624999999942,0,0,2,89.78216038653294
4221,15711314,Kao,515.5,Spain,Female,26.0,1,0.0,1,0,0,1632.4624999999942,1,1,1,0.0
4222,15621064,Russell,515.5,Germany,Male,23.0,5,186101.18,2,1,1,1632.4624999999942,0,0,4,114.00027872003226
4223,15627847,Woronoff,515.5,France,Male,26.0,6,0.0,1,1,0,1632.4624999999942,1,1,2,0.0
4224,15588090,Ferri,515.5,Germany,Female,26.0,8,107494.86,2,1,0,1632.4624999999942,1,0,3,65.84828747980451
4225,15735270,Ruggiero,515.5,Spain,Male,26.0,2,0.0,1,1,0,1632.4624999999942,1,0,2,0.0
4226,15671804,Wilding,515.5,Spain,Male,26.0,8,146943.38,2,1,1,1632.4624999999942,0,0,4,90.01332649295192
4227,15753215,Yashina,515.5,Spain,Female,26.0,8,0.0,2,1,0,1632.4624999999942,0,0,3,0.0
4228,15789941,Yevseyev,515.5,France,Female,26.0,6,125130.28,1,0,0,1632.4624999999942,0,0,1,76.6512431372852
4229,15691061,Rapuokwu,515.5,France,Female,26.0,9,0.0,2,1,1,1632.4624999999942,0,0,4,0.0
4230,15808326,Maslov,515.5,France,Female,26.0,9,0.0,2,1,1,1632.4624999999942,0,0,4,0.0
4231,15566660,Cole,515.5,France,Female,26.0,10,0.0,3,1,0,1632.4624999999942,0,0,4,0.0
4232,15778947,Sullivan,515.5,France,Male,26.0,3,0.0,2,1,1,1632.4624999999942,0,0,4,0.0
4233,15632977,Hsiao,515.5,France,Male,26.0,5,0.0,2,0,0,1632.4624999999942,0,1,2,0.0
4234,15591747,Rossi,515.5,France,Male,26.0,3,0.0,2,0,0,1632.4624999999942,0,1,2,0.0
4235,15567335,Allsop,515.5,France,Female,26.0,7,0.0,2,1,1,1632.4624999999942,0,1,4,0.0
4236,15609299,Chamberlain,515.5,France,Male,26.0,6,150685.79,1,1,0,1632.4624999999942,0,0,2,92.30582019495121
4237,15669945,Jackson,492.0,France,Male,26.0,4,141359.37,2,1,0,1632.4624999999942,0,0,3,86.59272111916843
4238,15736271,Dumetochukwu,498.0,France,Female,26.0,9,0.0,1,1,0,1632.4624999999942,0,1,2,0.0
4239,15710390,Uspensky,515.5,France,Female,26.0,6,94631.26,2,1,1,1632.4624999999942,0,0,4,57.968412750675945
4240,15756481,Garcia,515.5,France,Female,26.0,3,118336.14,1,1,0,1632.4624999999942,0,0,2,72.48934661592558
4241,15736730,Soto,515.5,France,Female,26.0,2,0.0,1,1,1,1632.4624999999942,0,1,3,0.0
4242,15626040,McDonald,515.5,Spain,Male,26.0,0,0.0,2,0,1,1632.4624999999942,0,0,3,0.0
4243,15746553,Castles,515.5,Germany,Male,26.0,5,124233.24,1,0,1,1632.4624999999942,1,0,2,76.10174200019937
4244,15622518,Stephenson,515.5,France,Female,26.0,5,51116.26,1,1,1,1632.4624999999942,1,0,3,31.31236398998457
4245,15684908,Davidson,515.5,Germany,Male,26.0,1,91869.69,1,0,1,1632.4624999999942,0,0,2,56.27675367734348
4246,15569446,Tu,515.5,France,Female,26.0,8,122338.43,2,1,0,1632.4624999999942,0,0,3,74.94103539897574
4247,15777504,Colbert,515.5,France,Female,26.0,8,0.0,1,1,1,1632.4624999999942,0,0,3,0.0
4248,15677906,Owens,515.5,Spain,Female,26.0,5,0.0,1,0,1,1632.4624999999942,0,1,2,0.0
4249,15703292,Chimezie,515.5,France,Male,26.0,8,86270.93,2,1,1,1632.4624999999942,0,0,4,52.84711287395594
4250,15712938,Genovese,515.5,France,Male,26.0,3,0.0,2,1,1,1632.4624999999942,0,0,4,0.0
4251,15631359,Daluchi,489.0,France,Female,26.0,5,117289.92,1,0,0,1632.4624999999942,0,0,1,71.84846206268163
4252,15720847,Sheffield,515.5,France,Male,26.0,2,0.0,2,1,1,1632.4624999999942,0,1,4,0.0
4253,15787830,Bailey,452.0,Germany,Male,26.0,7,153663.27,1,1,0,1632.4624999999942,0,0,2,94.129739580542
4254,15599869,Dyson,515.5,Spain,Female,26.0,1,0.0,1,1,1,1632.4624999999942,0,0,3,0.0
4255,15592078,Davide,515.5,Germany,Female,26.0,8,123599.49,2,1,0,1632.4624999999942,0,0,3,75.71352481297454
4256,15596228,Uwaezuoke,490.0,France,Male,26.0,4,0.0,2,1,0,1632.4624999999942,0,0,3,0.0
4257,15578462,Hs?,515.5,Spain,Female,26.0,9,134208.25,1,1,1,1632.4624999999942,0,0,3,82.21214882424587
4258,15756894,Onwuka,515.5,France,Male,26.0,1,0.0,1,0,1,1632.4624999999942,0,0,2,0.0
4259,15796167,Flores,515.5,Germany,Male,26.0,7,98556.89,2,1,0,1632.4624999999942,0,0,3,60.373141802644994
4260,15664808,Nicoll,515.5,Spain,Female,26.0,3,0.0,3,0,0,1632.4624999999942,0,0,3,0.0
4261,15664555,Hughes,515.5,France,Male,26.0,2,0.0,4,0,1,1632.4624999999942,1,1,5,0.0
4262,15607278,Romano,515.5,Spain,Female,26.0,8,134593.79,1,1,1,1632.4624999999942,0,0,3,82.44831963980826
4263,15585222,Norman,515.0,France,Male,26.0,8,0.0,2,1,1,1632.4624999999942,0,1,4,0.0
4265,15761294,Manna,515.5,Germany,Female,26.0,8,137464.04,1,1,0,1632.4624999999942,1,0,2,84.20655298360636
4266,15810454,Reed,515.5,France,Male,26.0,4,147307.91,1,0,1,1632.4624999999942,0,0,2,90.23662718132914
4267,15673984,Daniels,515.5,France,Female,26.0,8,0.0,1,1,0,1632.4624999999942,1,1,2,0.0
4268,15609319,Hunt,515.5,France,Female,26.0,3,145754.91,1,1,1,1632.4624999999942,0,0,3,89.28530364403503
4269,15709941,Feng,515.5,France,Male,26.0,8,0.0,3,1,0,1632.4624999999942,1,0,4,0.0
4270,15580252,Waters,515.5,France,Male,26.0,4,112610.77,1,0,1,1632.4624999999942,0,0,2,68.98214813510289
4271,15741275,Yuan,515.5,France,Female,26.0,7,71481.79,2,1,1,1632.4624999999942,0,0,4,43.78770722145241
4272,15707132,Yudin,465.0,France,Male,26.0,5,0.0,2,0,1,1632.4624999999942,0,0,3,0.0
4273,15600708,Calabresi,515.5,Spain,Female,26.0,3,77826.8,1,1,1,1632.4624999999942,0,0,3,47.67447950565497
4274,15804787,Onyemauchechukwu,515.5,France,Male,26.0,5,87140.85,1,1,1,1632.4624999999942,0,0,3,53.38000107200032
4275,15690021,Martin,502.0,Germany,Female,26.0,0,132002.7,1,0,1,1632.4624999999942,1,0,2,80.86109175555364
4276,15763895,Hung,515.5,France,Male,26.0,7,178011.5,2,1,0,1632.4624999999942,0,0,3,109.04477131940283
4277,15623478,Maslova,515.5,Germany,Female,26.0,4,102954.68,2,0,1,1632.4624999999942,0,0,3,63.067102613383376
4278,15797910,Zetticci,515.5,Germany,Male,26.0,2,123783.25,1,1,1,1632.4624999999942,0,0,3,75.82609095155352
4279,15577751,Pisano,515.5,Germany,Male,26.0,4,101802.67,1,0,0,1632.4624999999942,0,0,1,62.36141412130469
4280,15781777,Sutherland,515.5,France,Male,26.0,3,148659.48,1,0,0,1632.4624999999942,0,0,1,91.06456044166438
4281,15740527,Lai,515.5,Germany,Female,26.0,7,142724.48,1,0,1,1632.4624999999942,1,0,2,87.42894859759444
4282,15721251,Watson,515.5,Spain,Female,26.0,4,112152.89,1,0,1,1632.4624999999942,0,0,2,68.70166389733326
4283,15602994,Gorbunov,487.0,France,Female,26.0,10,89550.85,1,0,1,1632.4624999999942,0,0,2,54.856298383577155
4284,15750769,Padovano,515.5,France,Male,26.0,7,75915.75,1,1,0,1632.4624999999942,0,0,2,46.50382474329442
4285,15740175,Raynor,515.5,Germany,Female,26.0,2,118889.66,2,0,0,1632.4624999999942,0,0,2,72.82841719181937
4286,15679968,Ting,515.5,France,Male,26.0,5,118788.57,1,1,0,1632.4624999999942,0,0,2,72.76649233902796
4287,15694404,Eberegbulam,515.5,France,Female,26.0,3,156555.54,1,1,1,1632.4624999999942,0,0,3,95.90146174873884
4288,15657529,Chin,515.5,Germany,Male,26.0,1,99141.86,1,1,1,1632.4624999999942,1,0,3,60.731477752169106
4289,15762882,Manna,515.5,Germany,Female,26.0,4,61211.18,1,1,1,1632.4624999999942,0,0,3,37.49622426242576
4290,15642579,Chang,515.5,Spain,Female,26.0,1,128932.4,1,1,1,1632.4624999999942,0,0,3,78.98031348346467
4291,15598884,Kent,515.5,Spain,Female,23.0,5,0.0,1,1,1,1632.4624999999942,0,1,3,0.0
4292,15770185,Buckley,515.5,France,Male,26.0,10,80728.15,1,1,0,1632.4624999999942,0,0,2,49.4517638230589
4293,15800287,Micco,515.5,Spain,Female,26.0,2,127660.46,2,1,0,1632.4624999999942,1,0,3,78.20115929156134
4294,15665861,Avdeev,515.5,Spain,Male,26.0,3,106070.89,1,0,1,1632.4624999999942,0,0,2,64.97600404297212
4295,15662203,Bremer,515.5,Germany,Female,26.0,3,137560.38,2,1,1,1632.4624999999942,0,0,4,84.26556812177952
4296,15616454,Davidson,476.0,Germany,Female,26.0,8,111905.43,1,0,1,1632.4624999999942,1,0,2,68.55007695429475
4297,15702788,Gadsdon,515.5,France,Male,26.0,9,126212.64,1,1,0,1632.4624999999942,0,0,2,77.31426602448782
4298,15778149,Connolly,515.5,Spain,Male,26.0,9,0.0,2,1,0,1632.4624999999942,1,1,3,0.0
4299,15680001,McDonald,515.5,France,Male,26.0,7,111835.94,2,1,0,1632.4624999999942,0,0,3,68.50750936085846
4300,15711991,Chiawuotu,515.5,France,Male,26.0,8,0.0,2,0,0,1632.4624999999942,0,0,2,0.0
4301,15633834,Milne,515.5,Germany,Female,26.0,3,99705.69,2,0,0,1632.4624999999942,0,0,2,61.076863940213244
4302,15765266,Fleming,515.5,France,Male,26.0,1,0.0,2,0,0,1632.4624999999942,0,0,2,0.0
4303,15791867,Hicks,515.5,Germany,Male,26.0,2,108895.93,1,0,0,1632.4624999999942,1,0,1,66.70654302931943
4304,15675380,Logan,515.5,Spain,Male,26.0,3,154669.77,1,0,1,1632.4624999999942,1,0,2,94.74629279386237
4305,15770576,Hammond,515.5,Spain,Male,26.0,7,128061.0,2,1,1,1632.4624999999942,0,0,4,78.44651867960242
4306,15775294,Weber,515.5,France,Female,26.0,2,0.0,2,1,0,1632.4624999999942,1,0,3,0.0
4307,15727059,Lettiere,476.0,France,Female,26.0,4,0.0,2,0,0,1632.4624999999942,0,1,2,0.0
4308,15702499,Schnaars,515.5,Spain,Male,26.0,9,190678.02,1,1,1,1632.4624999999942,0,0,3,116.80392045759132
4309,15611699,Tao,515.5,France,Female,26.0,7,0.0,1,1,0,1632.4624999999942,0,1,2,0.0
4310,15654000,Algarin,515.5,France,Female,26.0,5,0.0,1,1,0,1632.4624999999942,1,1,2,0.0
4311,15657881,Onyemere,515.5,France,Male,26.0,5,136712.91,1,0,1,1632.4624999999942,0,0,2,83.74643215387826
4312,15719991,Korovina,515.5,Spain,Female,26.0,1,154733.97,1,1,0,1632.4624999999942,1,0,2,94.78561988407118
4313,15720687,Chidubem,515.5,France,Female,26.0,4,112609.91,1,0,0,1632.4624999999942,1,0,1,68.9816213236141
4314,15687079,King,515.5,Spain,Male,26.0,10,115462.44,1,1,0,1632.4624999999942,0,0,2,70.72899990045738
4315,15582276,Greco,515.5,France,Male,26.0,5,133501.36,1,0,1,1632.4624999999942,0,0,2,81.77912815761493
4316,15763980,Beneventi,515.5,Germany,Male,26.0,1,58668.02,1,1,1,1632.4624999999942,0,0,3,35.93835693009806
4317,15720774,P'eng,515.5,Spain,Male,26.0,7,89118.26,1,1,0,1632.4624999999942,1,0,2,54.5913060790066
4318,15592194,Metcalf,492.0,France,Female,26.0,9,0.0,2,1,0,1632.4624999999942,0,0,3,0.0
4319,15803685,Greco,515.5,Germany,Female,26.0,10,76510.52,2,0,1,1632.4624999999942,0,0,3,46.868163893504615
4320,15759456,Lupton,515.5,Spain,Male,26.0,7,140694.78,2,1,0,1632.4624999999942,0,0,3,86.18561222692742
4321,15611544,Ibeamaka,515.5,Germany,Male,26.0,7,95448.32,2,1,0,1632.4624999999942,0,0,3,58.468920419305405
4322,15794257,Hsiung,515.5,France,Male,26.0,4,91562.99,1,1,1,1632.4624999999942,0,0,3,56.08887799872912
4323,15681697,Rueda,508.0,France,Male,26.0,8,72541.48,1,1,0,1632.4624999999942,0,0,2,44.43684311278223
4324,15579566,Li Fonti,515.5,Spain,Female,26.0,3,120867.18,1,1,0,1632.4624999999942,1,0,2,74.0397895816905
4325,15577970,Alexeeva,489.0,France,Male,26.0,5,0.0,1,0,0,1632.4624999999942,0,0,1,0.0
4326,15727489,Madueke,515.5,Spain,Female,26.0,1,157320.51,1,1,0,1632.4624999999942,0,0,2,96.37006056800728
4327,15764284,Torres,515.5,Spain,Male,26.0,3,0.0,3,1,1,1632.4624999999942,0,1,5,0.0
4328,15581811,Chukwubuikem,515.5,Germany,Female,26.0,1,139676.95,2,0,1,1632.4624999999942,0,0,3,85.56211857852816
4329,15622527,Holloway,515.5,France,Female,26.0,6,0.0,1,1,1,1632.4624999999942,0,0,3,0.0
4330,15753362,Evdokimov,515.5,Spain,Male,26.0,3,0.0,2,1,1,1632.4624999999942,0,0,4,0.0
4332,15789714,Semmens,515.5,Spain,Male,21.0,3,103000.94,1,1,1,1632.4624999999942,0,0,3,63.09544017090767
4333,15771543,Tu,507.0,Germany,Male,26.0,2,134237.07,1,1,1,1632.4624999999942,1,0,3,82.22980313483494
4334,15748327,Anderson,515.5,Germany,Male,26.0,6,118235.7,2,0,0,1632.4624999999942,0,0,2,72.42781993460825
4335,15754649,Fang,515.5,Spain,Female,26.0,3,0.0,2,1,1,1632.4624999999942,0,0,4,0.0
4336,15810460,Fanucci,515.5,Spain,Female,26.0,5,0.0,3,0,1,1632.4624999999942,1,1,4,0.0
4337,15771742,Boyle,515.5,Germany,Male,26.0,9,115442.19,2,1,0,1632.4624999999942,1,0,3,70.71659532761115
4338,15642160,Milanesi,515.5,France,Male,26.0,5,0.0,2,1,0,1632.4624999999942,0,0,3,0.0
4339,15798439,Davidson,515.5,Spain,Male,25.0,2,0.0,1,1,1,1632.4624999999942,0,1,3,0.0
4340,15605293,McKay,515.5,France,Female,26.0,1,0.0,2,1,1,1632.4624999999942,0,1,4,0.0
4341,15692631,Bogdanova,515.5,Spain,Female,26.0,8,115557.0,1,0,1,1632.4624999999942,0,0,2,70.78692466136307
4342,15665376,Lavrentiev,515.5,Germany,Female,26.0,3,166518.63,2,1,0,1632.4624999999942,0,0,3,102.00456672052228
4343,15772412,Corser,515.5,Spain,Male,26.0,6,135370.12,1,1,1,1632.4624999999942,1,0,3,82.92387727130055
4344,15654577,Alexeeva,515.5,Germany,Male,26.0,5,92877.33,1,1,0,1632.4624999999942,1,0,2,56.89400522217223
4346,15584536,Barber,515.5,Germany,Male,26.0,3,97042.6,1,1,1,1632.4624999999942,1,0,3,59.44553090806089
4347,15585853,McCardle,515.5,Spain,Male,26.0,7,0.0,1,1,0,1632.4624999999942,1,1,2,0.0
4349,15579387,Ni,515.5,Germany,Female,26.0,2,79064.85,2,0,1,1632.4624999999942,0,0,3,48.43287364947145
4350,15623107,Chukwumaobim,515.5,Spain,Male,26.0,3,74274.87,3,1,0,1632.4624999999942,1,0,4,45.49866842270512
4351,15754072,Dennis,515.5,Spain,Female,26.0,6,0.0,2,1,0,1632.4624999999942,0,1,3,0.0
4352,15666163,Hayward,515.5,France,Male,26.0,1,100421.1,1,1,1,1632.4624999999942,0,0,3,61.51510371601208
4353,15765192,Jones,515.5,France,Male,26.0,7,84006.88,2,0,0,1632.4624999999942,0,0,2,51.4602203725968
4354,15804822,L?,515.5,France,Female,26.0,4,0.0,2,1,0,1632.4624999999942,0,0,3,0.0
4355,15612893,Nelson,515.5,Spain,Male,26.0,4,0.0,1,1,0,1632.4624999999942,0,1,2,0.0
4356,15593636,Cardus,515.5,France,Female,26.0,4,80293.81,1,1,0,1632.4624999999942,0,0,2,49.18569951836583
4357,15693326,Whitehouse,515.5,France,Female,26.0,7,125437.14,2,0,0,1632.4624999999942,0,0,2,76.83921682733934
4358,15809901,Johnstone,515.5,France,Male,26.0,8,0.0,2,1,0,1632.4624999999942,0,1,3,0.0
4359,15759751,Tsui,483.0,France,Male,26.0,1,0.0,2,1,1,1632.4624999999942,0,1,4,0.0
4360,15605425,Chia,515.5,Germany,Female,26.0,2,127536.44,1,1,0,1632.4624999999942,0,0,2,78.1251881743075
4361,15801934,Su,515.5,France,Male,26.0,8,0.0,2,1,1,1632.4624999999942,0,0,4,0.0
4362,15592000,Calabresi,515.5,Germany,Female,26.0,9,82794.18,1,1,0,1632.4624999999942,1,0,2,50.71735491626931
4363,15618695,Ts'ui,515.5,Spain,Female,22.0,3,108117.1,1,0,1,1632.4624999999942,0,0,2,66.2294539690807
4364,15637110,McCulloch,515.5,Spain,Female,26.0,10,0.0,1,1,0,1632.4624999999942,0,0,2,0.0
4365,15727408,Koo,515.5,Germany,Male,26.0,8,61688.61,2,1,0,1632.4624999999942,0,0,3,37.788684272992626
4366,15716328,Miller,501.0,France,Female,26.0,2,0.0,2,0,0,1632.4624999999942,0,1,2,0.0
4367,15669060,Woolnough,515.5,France,Male,26.0,6,0.0,2,1,0,1632.4624999999942,0,1,3,0.0
4368,15675854,Douglas,515.5,Spain,Male,26.0,0,159304.07,1,0,1,1632.4624999999942,1,0,2,97.58513288972982
4369,15621116,Fang,515.5,Germany,Male,26.0,5,138664.24,1,1,0,1632.4624999999942,0,0,2,84.94176129620159
4370,15781495,Munro,515.5,France,Female,22.0,2,126362.57,2,1,1,1632.4624999999942,0,0,4,77.40610886926987
4371,15740470,Vinogradov,515.5,France,Male,26.0,4,160652.45,2,1,0,1632.4624999999942,0,0,3,98.4111120469846
4372,15714391,Lai,515.5,France,Female,26.0,2,183572.84,1,1,1,1632.4624999999942,1,0,3,112.4514896973135
4373,15730137,Udegbulam,515.5,France,Male,26.0,0,88421.81,1,0,0,1632.4624999999942,0,0,1,54.164680658820835
4374,15596455,Mao,515.5,Spain,Female,26.0,2,0.0,1,0,0,1632.4624999999942,1,1,1,0.0
4375,15717290,Onyekaozulu,515.5,Germany,Male,26.0,2,112871.19,2,0,1,1632.4624999999942,0,0,3,69.14167400476299
4376,15616555,Fu,515.5,Germany,Male,26.0,8,60880.68,1,1,0,1632.4624999999942,0,0,2,37.29376938214521
4377,15659820,Cross,515.5,France,Female,26.0,5,0.0,2,1,0,1632.4624999999942,0,1,3,0.0
4378,15696301,Snider,515.5,France,Female,26.0,9,101455.7,1,1,0,1632.4624999999942,1,0,2,62.14887018844253
4379,15771087,Harrison,515.5,France,Female,26.0,0,88084.13,2,1,1,1632.4624999999942,0,0,4,53.95782751518048
4380,15808831,Dale,515.5,France,Male,26.0,7,0.0,2,1,1,1632.4624999999942,0,1,4,0.0
4381,15812241,Udinese,438.0,Germany,Male,26.0,7,127197.14,1,1,0,1632.4624999999942,1,0,2,77.91734266483944
4382,15680370,DeRose,492.0,France,Male,26.0,7,0.0,2,0,1,1632.4624999999942,0,0,3,0.0
4383,15780561,Hay,515.5,France,Female,26.0,9,83456.79,2,0,0,1632.4624999999942,0,0,2,51.12325091694314
4384,15800784,Bruce,515.5,France,Male,26.0,4,98298.18,1,1,1,676.06,0,0,3,145.3986036742301
4385,15715796,Romani,515.5,France,Male,26.0,0,0.0,2,1,1,1632.4624999999942,0,0,4,0.0
4386,15605375,Tseng,515.5,France,Male,26.0,2,86911.8,1,1,0,1632.4624999999942,0,0,2,53.239691570250656
4387,15621520,Tang,515.5,Germany,Female,26.0,2,139707.28,1,1,0,1632.4624999999942,0,0,2,85.58069787208007
4388,15665460,Isayeva,515.5,Spain,Female,26.0,1,0.0,2,1,1,1632.4624999999942,0,1,4,0.0
4389,15801152,Hill,515.5,Spain,Female,26.0,1,142876.98,2,1,0,1632.4624999999942,0,0,3,87.52236575112784
4390,15756425,Barnes,515.5,France,Male,26.0,7,146301.31,1,0,0,1632.4624999999942,0,0,1,89.62001271085892
4391,15674328,Moreno,515.5,France,Female,26.0,3,47364.45,1,1,1,1632.4624999999942,1,0,3,29.01411211589863
4392,15742404,McGregor,515.5,France,Male,26.0,7,0.0,2,1,0,1632.4624999999942,0,0,3,0.0
4393,15757140,Genovese,515.5,France,Male,26.0,0,58137.08,1,0,1,1632.4624999999942,0,0,2,35.613118218642214
4394,15570051,Gill,515.5,Germany,Female,26.0,6,179886.41,2,0,0,1632.4624999999942,0,0,2,110.1932877478047
4395,15669175,Ts'ai,479.0,Germany,Male,24.0,6,107637.97,2,0,1,1632.4624999999942,0,0,3,65.93595258696625
4397,15691119,Martin,515.5,Germany,Male,26.0,4,136525.99,1,0,0,1632.4624999999942,0,0,1,83.63193028936375
4398,15743478,Johnson,515.5,Germany,Male,26.0,8,52106.33,2,1,1,1632.4624999999942,0,0,4,31.918852653583276
4399,15707007,Onio,515.5,France,Female,26.0,8,0.0,1,1,0,1632.4624999999942,0,0,2,0.0
4400,15572547,Vaguine,515.5,France,Female,26.0,9,104930.38,1,1,0,1632.4624999999942,1,0,2,64.27736012312711
4401,15567063,Manna,515.5,Germany,Female,26.0,6,106434.94,1,0,1,1632.4624999999942,1,0,2,65.19901069703003
4402,15689633,Toomey,515.5,Spain,Female,26.0,2,112803.92,1,1,0,1632.4624999999942,0,0,2,69.10046632005354
4403,15720637,Bell,515.5,Germany,Female,26.0,10,120530.34,1,1,0,1632.4624999999942,1,0,2,73.83345099810894
4404,15616859,Bonwick,515.5,Germany,Female,26.0,2,113641.49,4,1,0,1632.4624999999942,1,0,5,69.61353783011886
4405,15766166,Folliero,515.5,Spain,Male,26.0,2,145081.72,1,1,1,1632.4624999999942,0,0,3,88.87292663690621
4406,15617655,Holt,515.5,Spain,Female,26.0,9,0.0,2,1,1,1632.4624999999942,0,1,4,0.0
4407,15623450,Brown,515.5,Germany,Female,26.0,7,135842.89,1,1,1,1632.4624999999942,0,0,3,83.21348269868405
4408,15796612,Ch'ang,515.5,France,Female,26.0,1,112203.25,1,1,0,1632.4624999999942,0,0,2,68.73251299800172
4409,15795963,Fiorentini,515.5,France,Male,26.0,7,129895.19,1,0,1,1632.4624999999942,0,0,2,79.57009119658214
4410,15781598,Middleton,515.5,Germany,Male,26.0,6,149049.92,1,0,1,1632.4624999999942,1,0,2,91.3037328575698
4411,15691871,Millar,503.0,Germany,Male,26.0,9,153279.39,1,1,1,1632.4624999999942,0,0,3,93.89458563366728
4412,15740345,Osborne,515.5,Spain,Male,26.0,5,41473.33,1,1,0,1632.4624999999942,1,0,2,25.405379909186365
4413,15662626,Feng,515.5,France,Female,26.0,2,0.0,2,0,0,1632.4624999999942,0,0,2,0.0
4414,15596575,Vale,515.5,Germany,Male,26.0,5,113193.51,2,1,1,1632.4624999999942,0,0,4,69.33911805018516
4415,15657321,Arkwookerum,515.5,Germany,Male,26.0,8,113174.21,2,1,0,1632.4624999999942,0,0,3,69.32729542026259
4416,15575955,Lujan,515.5,France,Female,24.0,0,0.0,2,1,0,1632.4624999999942,0,0,3,0.0
4417,15743893,Alexeyeva,471.0,France,Male,26.0,3,164951.56,1,1,0,1632.4624999999942,0,0,2,101.04462430224314
4418,15697270,Gannon,515.5,Spain,Male,26.0,4,153325.1,1,1,1,1632.4624999999942,0,0,3,93.92258627686734
4419,15644356,Prokhorova,515.5,Spain,Female,26.0,10,134032.01,1,1,0,1632.4624999999942,0,0,2,82.1041892233362
4420,15677586,Romero,515.5,Germany,Female,26.0,3,125445.04,2,1,1,1632.4624999999942,0,0,4,76.84405614217812
4421,15571261,Toscani,515.5,Germany,Female,26.0,6,126077.43,2,1,1,1632.4624999999942,0,0,4,77.23144023216487
4422,15698758,Onwuamaegbu,515.5,Spain,Female,26.0,1,0.0,2,1,1,1632.4624999999942,0,1,4,0.0
4423,15787014,King,515.5,Germany,Female,26.0,8,90371.09,1,1,1,1632.4624999999942,0,0,3,55.35875402957208
4424,15739857,Trentino,515.5,France,Female,26.0,3,0.0,2,1,1,1632.4624999999942,0,0,4,0.0
4425,15774630,Peacock,515.5,Germany,Female,26.0,1,142802.02,1,1,1,1632.4624999999942,0,0,3,87.47644739159429
4426,15805523,Nnaife,515.5,France,Female,26.0,1,90537.16,1,0,1,1632.4624999999942,0,0,2,55.46048377834121
4427,15749557,Chao,515.5,France,Female,26.0,6,0.0,2,1,1,1632.4624999999942,0,1,4,0.0
4429,15742028,Udegbulam,515.5,France,Female,26.0,5,0.0,2,1,0,1632.4624999999942,0,0,3,0.0
4430,15686463,Fu,515.5,France,Male,26.0,7,141074.59,1,1,0,1632.4624999999942,1,0,2,86.41827300780294
4431,15654379,Onwuatuegwu,515.5,Spain,Male,26.0,4,0.0,2,1,1,1632.4624999999942,0,0,4,0.0
4432,15783629,Degtyaryov,515.5,Germany,Female,26.0,6,117899.95,2,0,0,1632.4624999999942,0,0,2,72.22214905396015
4433,15751193,Nnaemeka,515.5,Spain,Male,26.0,4,0.0,2,1,1,1632.4624999999942,0,0,4,0.0
4434,15724099,Udinese,515.5,France,Male,26.0,6,166257.96,1,1,1,1632.4624999999942,0,0,3,101.84488770798752
4435,15568429,Mitchell,515.5,Spain,Female,26.0,3,0.0,2,1,0,1632.4624999999942,0,1,3,0.0
4436,15648967,Ch'en,515.5,Germany,Female,26.0,1,169362.43,1,1,0,1632.4624999999942,1,0,2,103.74659754818295
4437,15664498,Golovanov,508.0,France,Male,26.0,7,205962.0,1,1,0,1632.4624999999942,0,0,2,126.16645099045199
4438,15779522,Efimov,515.5,France,Female,24.0,0,0.0,2,1,0,1632.4624999999942,1,1,3,0.0
4439,15583850,Davidson,515.5,Germany,Male,26.0,0,126061.51,2,1,1,1632.4624999999942,0,0,4,77.22168809390749
4441,15760121,Maynard,515.5,France,Male,26.0,9,100606.02,1,1,0,1632.4624999999942,0,0,2,61.628380437529415
4442,15628279,Murphy,515.5,France,Female,26.0,3,0.0,2,1,1,1632.4624999999942,0,1,4,0.0
4443,15766163,Zotova,515.5,France,Male,26.0,1,0.0,2,0,1,1632.4624999999942,0,0,3,0.0
4444,15566467,Hannah,515.5,Germany,Female,26.0,0,138171.1,2,1,1,1632.4624999999942,0,0,4,84.63967778739205
4445,15639049,Cartagena,489.0,France,Female,26.0,7,139395.08,1,0,1,1632.4624999999942,0,0,2,85.38945305022351
4446,15736413,Hall,515.5,France,Male,26.0,1,0.0,2,1,1,1632.4624999999942,0,1,4,0.0
4447,15634815,Hunt,515.5,France,Female,26.0,3,0.0,2,1,1,1632.4624999999942,0,1,4,0.0
4448,15716381,Greece,515.5,Germany,Female,26.0,7,109062.28,1,1,1,1632.4624999999942,1,0,3,66.80844429810816
4449,15708162,Thomson,515.5,Germany,Female,26.0,1,89994.71,2,0,1,1632.4624999999942,0,0,3,55.1281943689367
4450,15569364,Victor,515.5,France,Male,26.0,3,0.0,2,1,0,1632.4624999999942,0,0,3,0.0
4451,15791191,Mitchell,515.5,France,Male,26.0,2,103996.74,1,1,1,1632.4624999999942,0,0,3,63.705438869193244
4452,15621205,Olisaemeka,515.5,France,Male,26.0,4,175111.11,1,1,1,1632.4624999999942,0,0,3,107.26807507063752
4453,15704788,Krawczyk,515.5,Spain,Female,26.0,8,66079.45,2,0,0,1632.4624999999942,1,0,2,40.478387711815884
4454,15775756,Alexandrova,515.5,Germany,Male,26.0,8,148055.74,1,0,0,1632.4624999999942,0,0,1,90.69472652511192
4455,15641312,Paterson,515.5,France,Male,26.0,6,0.0,1,1,1,1632.4624999999942,1,0,3,0.0
4456,15782531,Chou,515.5,Spain,Female,26.0,8,0.0,2,1,0,1632.4624999999942,0,1,3,0.0
4457,15724428,Abel,515.5,France,Male,26.0,8,0.0,2,1,0,1632.4624999999942,0,0,3,0.0
4458,15743617,Chesnokova,515.5,Germany,Male,26.0,1,95994.98,1,1,0,1632.4624999999942,0,0,2,58.80378875471892
4459,15585839,Niu,515.5,France,Male,26.0,2,0.0,2,1,0,1632.4624999999942,0,1,3,0.0
4461,15637678,Ma,515.5,France,Male,26.0,5,0.0,1,1,0,1632.4624999999942,0,1,2,0.0
4462,15701809,Cavill,515.5,Spain,Female,26.0,3,0.0,1,1,0,1632.4624999999942,0,0,2,0.0
4463,15676937,Nicholls,515.5,Spain,Female,26.0,8,0.0,2,1,1,1632.4624999999942,1,0,4,0.0
4464,15778975,Nnonso,515.5,Germany,Female,26.0,1,96947.58,3,1,0,1632.4624999999942,1,0,4,59.38732436426586
4465,15710375,Gibson,515.5,France,Male,26.0,6,0.0,2,1,0,1632.4624999999942,0,0,3,0.0
4466,15579914,Garcia,515.5,Germany,Male,26.0,2,109786.82,2,1,1,1632.4624999999942,0,0,4,67.25227685168903
4467,15595160,Renwick,413.0,Spain,Male,26.0,2,0.0,2,1,1,1632.4624999999942,0,0,4,0.0
4468,15595391,Norris,515.5,France,Male,26.0,1,0.0,2,1,0,1375.46,0,0,3,0.0
4469,15630363,Nkemakonam,437.0,France,Female,26.0,0,102721.49,1,0,0,1632.4624999999942,0,0,1,62.924257065629604
4470,15692443,Piccio,515.5,Spain,Male,26.0,5,69478.57,1,1,0,1632.4624999999942,1,0,2,42.560591744067786
4471,15593795,Linton,515.5,Germany,Female,26.0,1,156674.2,1,1,0,1632.4624999999942,1,0,2,95.9741494827603
4472,15642824,Onyekaozulu,515.5,Spain,Female,26.0,8,174506.1,2,0,1,1632.4624999999942,1,0,3,106.89746318828189
4474,15713532,Wang,515.5,Germany,Female,26.0,4,105957.44,1,1,0,1632.4624999999942,0,0,2,64.90650780645827
4475,15719827,O'Donnell,515.5,France,Male,26.0,3,0.0,1,0,0,1632.4624999999942,0,0,1,0.0
4476,15578435,Langlands,515.5,France,Male,26.0,8,110340.68,1,1,1,1632.4624999999942,0,0,3,67.59155570189232
4477,15723028,Smith,515.5,France,Male,26.0,1,0.0,2,1,0,1632.4624999999942,0,0,3,0.0
4478,15595609,Sykes,515.5,Germany,Male,26.0,9,135870.01,2,0,0,1632.4624999999942,0,0,2,83.23009563772551
4479,15622443,Marshall,515.5,France,Male,26.0,4,0.0,2,0,1,1632.4624999999942,0,0,3,0.0
4480,15579112,Gibson,515.5,France,Male,26.0,2,0.0,2,1,1,1632.4624999999942,0,1,4,0.0
4481,15648479,Stephenson,515.5,France,Female,26.0,0,0.0,2,1,0,1632.4624999999942,0,1,3,0.0
4482,15659234,Y?,494.0,France,Male,26.0,3,85704.95,1,0,1,1632.4624999999942,0,0,2,52.50040965718986
4483,15811970,Kang,515.5,France,Female,26.0,1,0.0,2,1,1,1632.4624999999942,0,0,4,0.0
4484,15774192,Miller,515.5,Germany,Female,26.0,8,105435.74,1,0,0,1632.4624999999942,1,0,1,64.5869292556493
4485,15595136,Kryukov,515.5,France,Female,26.0,1,0.0,2,1,1,1632.4624999999942,0,0,4,0.0
4486,15630580,Y?,515.5,Germany,Male,26.0,9,108513.25,2,1,1,1632.4624999999942,0,0,4,66.472124168243
4487,15660646,Fanucci,515.5,France,Male,26.0,3,156687.1,1,1,0,1632.4624999999942,0,0,2,95.98205165509196
4488,15614365,Lombardi,515.5,Germany,Male,26.0,3,150604.52,1,0,0,1632.4624999999942,0,0,1,92.25603650926163
4489,15776128,Hs?,515.5,France,Female,26.0,6,155114.9,1,0,0,1632.4624999999942,0,0,1,95.01896674502511
4490,15787035,Anderson,515.5,France,Female,26.0,8,0.0,2,1,1,1632.4624999999942,0,1,4,0.0
4491,15792646,Trentino,515.5,Spain,Female,26.0,1,91216.0,1,1,1,1632.4624999999942,0,0,3,55.87632181443698
4492,15726832,Donnelly,515.5,Germany,Male,26.0,3,141784.02,1,1,1,1632.4624999999942,0,0,3,86.85284960604025
4493,15773260,Tsou,515.5,France,Female,26.0,0,127763.24,1,1,0,1632.4624999999942,0,0,2,78.26411939018536
4494,15624437,Johnson,515.5,Spain,Female,26.0,1,0.0,2,1,1,1632.4624999999942,0,0,4,0.0
4495,15717138,Watson,515.5,Spain,Male,26.0,6,82613.56,2,1,0,1632.4624999999942,0,0,3,50.60671225219586
4496,15657317,Allan,515.5,France,Female,26.0,7,69423.52,1,1,0,1632.4624999999942,0,0,2,42.52686968307098
4497,15626948,Butcher,515.5,France,Female,26.0,6,86167.82,1,1,0,1632.4624999999942,0,0,2,52.78395062673741
4498,15758901,Henderson,515.5,Spain,Female,26.0,1,0.0,1,1,0,1632.4624999999942,1,1,2,0.0
4499,15777759,Boucaut,515.5,France,Male,26.0,2,131406.56,1,1,1,1632.4624999999942,0,0,3,80.49591338239038
4500,15773322,Obiajulu,515.5,Germany,Female,26.0,4,121898.82,1,0,0,1632.4624999999942,0,0,1,74.67174284248517
4501,15697318,Ifeatu,515.5,Germany,Male,26.0,9,77487.2,1,0,0,1632.4624999999942,0,0,1,47.466450224737336
4502,15678916,Kelly,512.0,France,Female,26.0,2,0.0,1,1,0,1632.4624999999942,0,1,2,0.0
4503,15632118,Pirozzi,515.5,Spain,Male,26.0,5,164450.94,1,1,0,1632.4624999999942,1,0,2,100.73795875862422
4504,15788118,Siciliano,515.5,France,Male,26.0,7,138705.02,2,1,0,1632.4624999999942,0,0,3,84.96674196191367
4505,15788930,Silva,515.5,Spain,Male,26.0,7,132730.17,1,1,0,1632.4624999999942,0,0,2,81.30671914362534
4506,15628583,Iweobiegbunam,515.5,France,Female,26.0,5,0.0,2,0,1,1632.4624999999942,0,1,3,0.0
4507,15635177,Williamson,515.5,Spain,Female,26.0,3,0.0,1,1,1,1632.4624999999942,0,0,3,0.0
4508,15587690,Madueke,515.5,France,Male,26.0,2,116498.22,1,1,0,1632.4624999999942,0,0,2,71.36348920725617
4509,15627630,Chiagoziem,515.5,France,Female,26.0,1,0.0,2,1,0,1632.4624999999942,0,0,3,0.0
4510,15610930,Kwemto,515.5,Germany,Female,26.0,1,139979.07,1,1,0,1632.4624999999942,0,0,2,85.74718867967901
4511,15657747,Zito,515.5,Germany,Female,26.0,9,127216.31,2,0,1,1632.4624999999942,0,0,3,77.92908566046721
4512,15568006,Ukaegbunam,515.5,France,Female,26.0,2,0.0,4,1,0,1632.4624999999942,1,1,5,0.0
4513,15751748,Trevisani,515.5,France,Male,26.0,2,148222.65,1,0,0,1632.4624999999942,1,0,1,90.79697083393984
4514,15722212,Edmondstone,515.5,France,Female,26.0,8,0.0,2,0,0,1632.4624999999942,0,0,2,0.0
4515,15658670,Chien,515.5,France,Female,26.0,8,0.0,2,1,0,1632.4624999999942,0,0,3,0.0
4516,15761654,Boni,515.5,Spain,Male,26.0,8,134152.29,1,1,1,1632.4624999999942,0,0,3,82.17786932318536
4517,15812210,Yashina,497.0,Germany,Female,26.0,8,111537.23,4,1,1,1632.4624999999942,1,0,6,68.32452812851774
4518,15787051,Georg,515.5,Spain,Female,26.0,7,119565.92,1,1,0,1632.4624999999942,0,0,2,73.24267479344881
4519,15642991,Tung,515.5,Spain,Female,26.0,7,0.0,2,1,0,1632.4624999999942,0,0,3,0.0
4520,15713769,Michelides,515.5,Spain,Male,26.0,7,0.0,1,1,1,1632.4624999999942,0,0,3,0.0
4521,15605826,Korovina,515.5,Germany,Male,26.0,10,121063.8,3,1,0,1632.4624999999942,1,0,4,74.16023338974122
4522,15648898,Chuang,515.5,Spain,Female,26.0,7,124995.98,1,1,1,1632.4624999999942,0,0,3,76.56897478502596
4523,15705309,Yuriev,515.5,Spain,Male,26.0,5,0.0,2,0,0,1632.4624999999942,0,1,2,0.0
4524,15734202,Chidimma,515.5,Germany,Female,26.0,4,86891.84,1,1,0,1632.4624999999942,0,0,2,53.227464643139
4525,15658852,Stevens,515.5,France,Male,26.0,8,0.0,2,1,1,1632.4624999999942,0,1,4,0.0
4526,15612633,Kao,515.5,Spain,Male,26.0,9,78022.61,1,0,1,1632.4624999999942,0,0,2,47.794427130791846
4527,15604818,Edmund la Touche,515.5,France,Male,26.0,9,154495.79,1,1,0,1632.4624999999942,0,0,2,94.6397176045395
4528,15593900,Belousov,515.5,France,Male,26.0,1,189443.72,1,0,1,1632.4624999999942,0,0,2,116.04782345689452
4529,15624995,McCane,515.5,Spain,Female,26.0,6,152926.6,1,1,1,1632.4624999999942,0,0,3,93.67847653468337
4530,15570087,Parry-Okeden,515.5,France,Female,26.0,8,142989.69,1,1,1,1632.4624999999942,1,0,3,87.59140868473274
4531,15802617,Hudson,515.5,Germany,Male,26.0,7,115371.94,2,1,0,1632.4624999999942,0,0,3,70.67356217983593
4532,15656029,Marsden,515.5,France,Male,26.0,6,0.0,2,0,1,1632.4624999999942,0,0,3,0.0
4533,15739194,Manfrin,515.5,Spain,Male,26.0,0,178056.54,2,1,0,1632.4624999999942,0,0,3,109.07236153969886
4534,15607275,Ch'ang,515.5,Spain,Male,26.0,6,206014.94,2,0,1,1632.4624999999942,1,0,3,126.1988805255868
4535,15629475,Clark,515.5,France,Male,26.0,2,0.0,2,1,0,1632.4624999999942,0,1,3,0.0
4536,15635034,Aldrich,515.5,Germany,Male,26.0,9,101191.83,1,1,1,1632.4624999999942,1,0,3,61.98723094711233
4537,15756333,Khan,515.5,France,Female,26.0,7,0.0,2,1,1,1632.4624999999942,0,1,4,0.0
4538,15777436,Murray,515.5,Spain,Female,26.0,5,0.0,2,1,0,1632.4624999999942,0,0,3,0.0
4539,15676835,Anayolisa,515.5,Spain,Male,26.0,1,0.0,2,1,0,1632.4624999999942,0,1,3,0.0
4540,15574206,Shillito,515.5,France,Female,26.0,7,0.0,2,1,1,1632.4624999999942,0,0,4,0.0
4541,15613017,McMillan,515.5,Germany,Male,26.0,1,149814.54,1,1,0,1632.4624999999942,0,0,2,91.77211727681373
4542,15815131,Howells,515.5,Spain,Female,26.0,7,115617.24,1,1,1,1632.4624999999942,0,0,3,70.8238259684375
4543,15585455,Stewart,515.5,France,Male,26.0,9,0.0,2,0,0,1632.4624999999942,0,0,2,0.0
4544,15692929,Ikechukwu,515.5,Germany,Female,26.0,10,113657.41,2,0,1,1632.4624999999942,1,0,3,69.62328996837624
4545,15758081,Repina,515.5,Spain,Male,26.0,8,138160.0,1,1,1,1632.4624999999942,0,0,3,84.63287824375782
4546,15667476,Cox,477.0,Germany,Female,26.0,3,117700.86,1,0,0,1632.4624999999942,0,0,1,72.10019219430794
4547,15738248,Lo,515.5,France,Female,26.0,5,0.0,2,1,0,1632.4624999999942,0,1,3,0.0
4548,15672152,Grant,515.5,Germany,Male,26.0,9,122506.38,1,0,1,1632.4624999999942,1,0,2,75.04391678216219
4549,15673372,Stevenson,515.5,France,Female,26.0,1,0.0,1,1,1,1632.4624999999942,1,0,3,0.0
4550,15587611,Kauffmann,515.5,France,Male,26.0,9,0.0,2,0,0,1632.4624999999942,1,1,2,0.0
4551,15803415,Samsonova,515.5,France,Female,26.0,3,166501.17,2,1,0,1632.4624999999942,0,0,3,101.99387122215708
4552,15715673,Niu,515.5,Spain,Female,26.0,4,89743.05,1,1,0,1632.4624999999942,1,0,2,54.974034625604155
4553,15655648,Bock,515.5,France,Female,25.0,2,0.0,2,1,0,1632.4624999999942,0,1,3,0.0
4554,15763613,Barlow,515.5,France,Male,26.0,1,0.0,2,1,0,1632.4624999999942,0,1,3,0.0
4555,15660385,Stevenson,515.5,France,Male,26.0,7,0.0,2,1,0,1632.4624999999942,0,0,3,0.0
4556,15733261,Kung,515.5,Spain,Female,26.0,6,0.0,1,1,0,1632.4624999999942,1,0,2,0.0
4558,15624866,Brewer,515.5,Germany,Male,26.0,3,168735.74,2,0,0,1632.4624999999942,0,0,2,103.3627051157381
4559,15623730,Ch'iu,515.5,France,Male,26.0,1,0.0,1,0,1,1632.4624999999942,0,0,2,0.0
4560,15668248,Quinn,515.5,Germany,Female,26.0,7,133201.17,1,0,0,1632.4624999999942,1,0,1,81.59524031945634
4561,15694518,Kodilinyechukwu,515.5,Spain,Female,26.0,0,0.0,2,1,0,1632.4624999999942,0,1,3,0.0
4562,15638028,Ifeanyichukwu,515.5,Germany,Male,26.0,4,127237.25,2,0,1,1632.4624999999942,0,0,3,77.94191290764746
4563,15795895,Yermakova,515.5,Germany,Male,26.0,1,117864.85,2,1,0,1632.4624999999942,0,0,3,72.20064779436001
4564,15694376,Sullivan,515.5,Germany,Female,26.0,3,153469.26,3,0,0,1632.4624999999942,1,0,3,94.01089458410257
4565,15669204,Grant,515.5,Germany,Male,23.0,4,93911.3,2,1,0,1632.4624999999942,0,0,3,57.52738577455858
4566,15773779,Jacka,515.5,Spain,Female,26.0,2,76597.79,1,1,1,1632.4624999999942,0,0,3,46.92162300818565
4567,15580682,Tsai,515.5,France,Female,26.0,4,79927.36,2,1,1,1632.4624999999942,0,0,4,48.96122269271134
4568,15768530,Emery,515.5,Spain,Female,26.0,4,0.0,2,1,1,1632.4624999999942,0,1,4,0.0
4569,15672875,Piccio,515.5,Germany,Male,26.0,8,40172.91,1,1,1,1632.4624999999942,0,0,3,24.608779681003483
4570,15617082,Sanders,515.5,France,Male,26.0,7,115195.58,1,1,1,1632.4624999999942,0,0,3,70.56552907034643
4571,15760514,Sharp,515.5,Germany,Female,26.0,9,116644.29,2,1,1,1632.4624999999942,0,0,4,71.45296752605368
4573,15799964,Campbell,515.5,Germany,Female,26.0,7,139872.81,1,1,0,1632.4624999999942,0,0,2,85.68209683223994
4574,15693906,Abbott,515.5,France,Female,24.0,3,34547.82,1,1,1,1632.4624999999942,0,0,3,21.163009870058346
4575,15739514,Preston,515.5,France,Female,26.0,9,0.0,2,1,1,1632.4624999999942,0,0,4,0.0
4576,15756926,Atherton,515.5,Germany,Male,26.0,1,96462.25,2,0,1,1632.4624999999942,0,0,3,59.09002503886021
4577,15770984,Fanucci,515.5,Spain,Female,26.0,7,130334.35,2,0,1,1632.4624999999942,0,0,3,79.83910809589835
4578,15703979,Evans,515.5,Germany,Male,26.0,3,119688.81,1,1,0,1632.4624999999942,0,0,2,73.31795370490926
4579,15801821,Cookson,515.5,France,Male,26.0,1,0.0,2,0,0,1632.4624999999942,0,0,2,0.0
4580,15711028,Nnachetam,515.5,France,Male,26.0,1,0.0,3,1,1,1632.4624999999942,1,1,5,0.0
4581,15791842,Johnstone,478.0,France,Female,26.0,6,71187.24,1,1,1,1632.4624999999942,0,0,3,43.60727428654579
4582,15746127,Hort,515.5,France,Female,26.0,2,0.0,2,1,0,1632.4624999999942,0,0,3,0.0
4583,15663625,Johnson,501.0,France,Male,26.0,4,0.0,2,0,0,1632.4624999999942,0,0,2,0.0
4584,15604891,Zaytseva,515.5,Spain,Female,26.0,8,0.0,2,1,0,1632.4624999999942,0,0,3,0.0
4585,15589666,Sorokina,515.5,France,Female,26.0,9,136422.41,1,1,1,1632.4624999999942,0,0,3,83.56848013354089
4586,15627881,Diehl,515.5,France,Male,26.0,8,0.0,2,1,1,1632.4624999999942,0,0,4,0.0
4587,15664895,Onuchukwu,515.5,France,Female,25.0,0,0.0,2,1,1,1632.4624999999942,0,1,4,0.0
4588,15676094,Osonduagwuike,500.0,France,Female,26.0,6,0.0,1,1,1,1632.4624999999942,0,1,3,0.0
4589,15761720,Mead,422.0,France,Male,26.0,6,153238.88,1,1,0,1632.4624999999942,0,0,2,93.86977036225981
4590,15611961,Stewart,515.5,France,Male,26.0,7,0.0,2,1,0,1632.4624999999942,0,1,3,0.0
4591,15680167,Thomson,515.5,France,Female,26.0,6,47536.4,1,1,1,1632.4624999999942,0,0,3,29.119443785079394
4592,15762543,Goliwe,515.5,France,Female,26.0,1,0.0,2,1,0,1632.4624999999942,0,1,3,0.0
4593,15658475,Lori,515.5,France,Male,26.0,8,142882.49,1,1,0,1632.4624999999942,1,0,2,87.525741020085
4594,15779743,Onwuamaeze,515.5,France,Female,26.0,7,0.0,2,1,0,1632.4624999999942,0,0,3,0.0
4595,15661532,Butusov,515.5,France,Female,26.0,1,160566.11,2,0,0,1632.4624999999942,0,0,2,98.35822262379722
4596,15782360,Rogers,515.5,Germany,Male,26.0,2,131935.51,1,1,1,1632.4624999999942,1,0,3,80.81993307656407
4597,15767908,Nicholson,515.5,France,Male,26.0,6,127678.8,2,0,0,1632.4624999999942,0,0,2,78.2123938528453
4598,15677105,Rossi,515.5,Germany,Female,26.0,4,105214.58,1,1,0,1632.4624999999942,1,0,2,64.45145294302343
4599,15641474,Hall,515.5,France,Male,26.0,9,139859.54,1,1,0,1632.4624999999942,0,0,2,85.6739680084538
4600,15624451,Huddart,515.5,France,Female,26.0,3,0.0,2,1,0,1632.4624999999942,0,1,3,0.0
4601,15577985,Chinomso,515.5,France,Female,26.0,5,112324.45,2,1,1,1632.4624999999942,0,0,4,68.80675666362957
4602,15571666,Shaw,515.5,Germany,Male,26.0,8,134497.27,1,0,0,1632.4624999999942,0,0,1,82.38919423876534
4603,15783691,Hargreaves,515.5,Spain,Female,26.0,1,120171.58,1,1,0,1632.4624999999942,0,0,2,73.61368484727853
4604,15671172,Swain,515.5,France,Male,23.0,1,106012.2,2,0,1,1632.4624999999942,0,0,3,64.94005222172048
4605,15731760,Butcher,515.5,France,Male,25.0,5,0.0,1,0,1,1632.4624999999942,0,0,2,0.0
4606,15585599,Stone,515.5,France,Female,26.0,8,0.0,2,0,1,1632.4624999999942,0,1,3,0.0
4607,15784958,Allan,515.5,France,Female,26.0,10,0.0,4,1,1,1632.4624999999942,1,0,6,0.0
4608,15734524,Wang,515.5,France,Male,26.0,3,0.0,1,1,0,1632.4624999999942,1,1,2,0.0
4609,15614103,Colombo,515.5,Germany,Male,26.0,8,119839.69,1,0,1,1632.4624999999942,1,0,2,73.41037849261495
4610,15794895,McKay,515.5,Spain,Male,26.0,1,0.0,2,0,1,1632.4624999999942,0,0,3,0.0
4611,15772381,Brient,515.5,Germany,Male,26.0,8,92219.21,1,1,0,1632.4624999999942,0,0,2,56.490859667527026
4612,15710553,Yin,515.5,Germany,Male,26.0,3,142055.41,2,0,1,1632.4624999999942,0,0,3,87.01909538503979
4613,15649292,Bellucci,515.5,France,Female,26.0,7,29602.08,1,0,0,1632.4624999999942,1,0,1,18.133390506673265
4614,15792565,Duncan,515.5,France,Female,26.0,7,0.0,2,1,1,1632.4624999999942,0,0,4,0.0
4615,15718245,Pirozzi,515.5,France,Male,26.0,1,0.0,2,1,1,1632.4624999999942,0,1,4,0.0
4616,15703117,Findlay,515.5,France,Female,26.0,1,0.0,2,0,1,1632.4624999999942,0,0,3,0.0
4617,15758136,King,515.5,France,Male,26.0,3,141803.77,1,0,1,1632.4624999999942,0,0,2,86.8649478931372
4619,15633516,Tucker,515.5,France,Male,26.0,1,0.0,1,0,1,1632.4624999999942,0,1,2,0.0
4620,15622532,Izmailova,515.5,France,Female,26.0,0,126589.12,2,0,1,1632.4624999999942,1,0,3,77.54488694227307
4621,15798960,Meng,515.5,France,Male,26.0,2,108393.35,1,0,1,1632.4624999999942,0,0,2,66.39867684556332
4622,15698664,Liang,515.5,Spain,Male,26.0,2,115643.58,2,0,0,1632.4624999999942,0,0,2,70.83996110171009
4623,15703614,Hutchinson,515.5,Spain,Male,26.0,5,132876.23,1,1,0,1632.4624999999942,0,0,2,81.39619133670787
4624,15699195,Shen,515.5,France,Female,24.0,3,110949.41,1,1,1,1632.4624999999942,0,0,3,67.96444635022269
4625,15710543,Okwuoma,515.5,France,Male,26.0,1,130666.2,1,1,1,1632.4624999999942,1,0,3,80.04238994770199
4626,15695499,Chinwemma,510.0,France,Female,26.0,10,103821.47,2,0,1,1632.4624999999942,0,0,3,63.598073462637196
4627,15622321,Golubova,506.0,France,Female,26.0,3,0.0,1,1,1,1632.4624999999942,0,0,3,0.0
4628,15715744,Schiavone,515.5,France,Male,26.0,7,0.0,1,0,1,1632.4624999999942,0,1,2,0.0
4629,15788151,Moore,515.5,Spain,Male,26.0,1,132187.73,2,1,1,1632.4624999999942,0,0,4,80.97443585993582
4630,15687153,Graham,515.5,Germany,Male,26.0,8,98649.55,1,1,0,1632.4624999999942,1,0,2,60.42990267770338
4631,15684958,Amadi,489.0,Germany,Male,26.0,2,126444.08,2,1,1,1632.4624999999942,0,0,4,77.45603957211908
4632,15706116,McKay,515.5,Germany,Female,26.0,8,154159.51,1,1,0,1632.4624999999942,0,0,2,94.43372206099716
4633,15740557,Fedorova,515.5,France,Female,26.0,5,0.0,2,1,0,1632.4624999999942,0,1,3,0.0
4634,15707291,Percy,477.0,Germany,Male,26.0,8,129250.0,2,1,1,1632.4624999999942,0,0,4,79.17486619141356
4635,15583353,Floyd,515.5,Spain,Female,26.0,3,0.0,1,1,0,1632.4624999999942,1,0,2,0.0
4636,15761024,Long,515.5,France,Female,26.0,2,167733.51,2,1,1,1632.4624999999942,0,0,4,102.74876758271667
4637,15630709,Castiglione,515.5,Germany,Female,26.0,2,56116.3,2,0,0,1632.4624999999942,0,0,2,34.375245985742524
4638,15639590,Melendez,515.5,France,Female,26.0,3,141581.08,1,1,0,1632.4624999999942,0,0,2,86.72853434611851
4639,15659399,Mazzi,515.5,Germany,Male,26.0,7,139675.07,2,1,0,1632.4624999999942,0,0,3,85.56096694411082
4640,15567078,Kovaleva,515.5,France,Female,26.0,8,66201.96,1,1,1,1632.4624999999942,0,0,3,40.55343384610688
4641,15696373,Gill,515.5,France,Female,26.0,9,0.0,2,0,0,1632.4624999999942,1,1,2,0.0
4642,15786617,Arcuri,485.0,Germany,Male,26.0,3,133658.24,1,1,0,1632.4624999999942,0,0,2,81.8752283743121
4643,15657449,Chukwuma,446.0,Germany,Male,25.0,3,136202.78,1,1,0,1632.4624999999942,0,0,2,83.43394105530784
4644,15672594,Stevenson,515.5,France,Female,26.0,0,131778.08,1,0,0,1632.4624999999942,1,0,1,80.72349594554268
4645,15714240,Ponomarev,515.5,Spain,Male,26.0,5,0.0,2,0,0,1632.4624999999942,0,1,2,0.0
4646,15782144,Gilroy,515.5,France,Female,26.0,3,0.0,2,1,1,1632.4624999999942,0,0,4,0.0
4647,15665008,Sidorov,515.5,Germany,Female,26.0,8,42712.87,2,1,1,1632.4624999999942,0,0,4,26.16468678453573
4648,15581733,Bates,515.5,France,Female,26.0,4,0.0,2,1,0,1632.4624999999942,0,1,3,0.0
4649,15751392,Fanucci,515.5,Spain,Female,26.0,4,0.0,2,1,0,1632.4624999999942,1,1,3,0.0
4650,15785815,Toscano,515.5,Germany,Male,26.0,1,142631.54,2,1,1,1632.4624999999942,0,0,4,87.37201620251645
4651,15664214,Hearn,515.5,France,Male,26.0,2,141204.65,2,1,0,1632.4624999999942,0,0,3,86.4979440569082
4652,15579996,Iroawuchi,515.5,Germany,Female,25.0,7,131402.21,1,0,0,1632.4624999999942,0,0,1,80.49324869637157
4653,15675252,Martin,515.5,Spain,Female,26.0,3,92636.96,2,1,1,1632.4624999999942,0,0,4,56.74676141105866
4654,15579617,Sinclair,489.0,France,Female,26.0,3,0.0,2,0,1,1632.4624999999942,1,1,3,0.0
4655,15593976,Swanson,515.5,Germany,Female,26.0,5,102088.68,4,0,0,1632.4624999999942,1,0,4,62.53661569561344
4656,15716041,Chinomso,515.5,Spain,Male,26.0,9,0.0,2,0,1,1632.4624999999942,0,1,3,0.0
4657,15654489,Fomin,515.5,France,Female,26.0,8,134887.53,1,1,1,1632.4624999999942,0,0,3,82.62825639180103
4658,15736302,McKay,515.5,France,Male,26.0,4,0.0,2,1,1,1632.4624999999942,0,1,4,0.0
4659,15805909,Bergamaschi,515.5,Spain,Male,26.0,8,159900.38,1,0,0,1632.4624999999942,0,0,1,97.95041540004783
4660,15572762,Matveyeva,410.0,Germany,Female,26.0,2,102278.79,2,1,0,1632.4624999999942,0,0,3,62.65307166320841
4661,15724632,Madukaego,515.5,France,Female,26.0,0,0.0,2,0,1,1632.4624999999942,0,1,3,0.0
4662,15670416,Ferri,515.5,France,Female,26.0,0,0.0,1,0,1,1632.4624999999942,0,0,2,0.0
4663,15749528,Achebe,515.5,Spain,Male,26.0,6,0.0,2,0,1,1632.4624999999942,0,1,3,0.0
4664,15578783,Mai,515.5,Germany,Male,26.0,0,76989.97,1,1,1,1632.4624999999942,0,0,3,47.1618612984986
4666,15656293,Davey,515.5,France,Male,26.0,3,0.0,2,1,0,1632.4624999999942,0,0,3,0.0
4667,15691875,Tsou,515.5,Germany,Female,26.0,5,114491.82,1,1,0,1632.4624999999942,0,0,2,70.13442575250606
4668,15596870,Marino,515.5,Germany,Male,26.0,3,144768.94,1,1,0,1632.4624999999942,1,0,2,88.6813265235805
4669,15780770,Kerr,445.0,France,Male,26.0,7,145056.59,1,1,1,1632.4624999999942,0,0,3,88.85753271514692
4670,15751491,Hsiao,443.0,Germany,Male,26.0,3,117206.3,1,1,0,1632.4624999999942,1,0,2,71.79723883397041
4671,15706200,Graham,515.5,Germany,Male,26.0,2,138014.4,2,1,0,1632.4624999999942,0,0,3,84.54368783356462
4672,15808674,Ejikemeifeuwa,515.5,Germany,Female,26.0,6,128352.59,3,1,1,1632.4624999999942,1,0,5,78.62513840287323
4673,15641411,Volkova,515.5,France,Female,23.0,1,112568.31,1,1,1,1632.4624999999942,0,0,3,68.9561383492732
4674,15764661,Wang,515.5,France,Male,26.0,2,0.0,1,1,0,1632.4624999999942,0,0,2,0.0
4675,15689492,Benjamin,515.5,Germany,Male,26.0,1,176958.46,2,0,1,1632.4624999999942,0,0,3,108.39970902853855
4676,15602405,Ryrie,515.5,Germany,Female,26.0,9,99167.54,1,1,0,1632.4624999999942,0,0,2,60.747208588252626
4677,15610271,Andreev,515.5,Spain,Female,26.0,3,103210.27,1,1,0,1632.4624999999942,0,0,2,63.22366976270534
4678,15791780,Ts'ao,515.5,Germany,Female,26.0,10,104478.12,3,0,1,1632.4624999999942,1,0,4,64.00031853717948
4679,15589147,Frolov,515.5,Spain,Male,26.0,8,125921.37,1,1,1,1632.4624999999942,0,0,3,77.13584232409654
4680,15756975,Montemayor,515.5,Spain,Female,26.0,3,0.0,2,1,1,1632.4624999999942,0,0,4,0.0
4681,15729582,Fu,515.5,Germany,Male,26.0,3,80697.44,1,0,0,1632.4624999999942,0,0,1,49.43295175233752
4682,15742971,Whitehead,515.5,France,Female,26.0,2,161887.81,2,1,0,1632.4624999999942,0,0,3,99.16785837346988
4684,15694890,Lai,515.5,France,Male,26.0,1,124271.26,1,1,0,1632.4624999999942,0,0,2,76.12503196857536
4685,15736963,Herring,515.5,France,Male,26.0,1,0.0,2,1,1,1632.4624999999942,0,1,4,0.0
4686,15646490,Duffy,515.5,Spain,Male,26.0,1,190569.23,1,0,1,1632.4624999999942,0,0,2,116.73727880426085
4687,15607314,Chiefo,515.5,Spain,Male,26.0,2,143923.96,1,1,0,1632.4624999999942,1,0,2,88.16371585871069
4688,15576745,Fyodorov,515.5,France,Male,26.0,2,96542.16,2,0,1,1632.4624999999942,0,0,3,59.138975627311716
4689,15669606,Chu,515.5,France,Male,26.0,5,0.0,2,1,0,1632.4624999999942,0,1,3,0.0
4690,15737832,Robertson,515.5,Spain,Male,26.0,0,139825.56,1,0,0,1632.4624999999942,1,0,1,85.65315282893205
4691,15681990,Palmerston,497.0,Germany,Male,24.0,6,111769.14,2,1,0,1632.4624999999942,0,0,3,68.46658958475334
4692,15758050,Madukwe,515.5,Spain,Male,26.0,4,0.0,2,1,0,1632.4624999999942,0,0,3,0.0
4693,15787848,Chinedum,515.5,Spain,Male,26.0,9,113672.18,2,0,0,1632.4624999999942,0,0,2,69.63233764941026
4694,15713594,French,515.5,France,Female,26.0,7,147256.86,1,1,0,1632.4624999999942,0,0,2,90.20535540632665
4695,15588186,Polyakov,515.5,Spain,Male,26.0,7,107023.03,1,1,0,1632.4624999999942,0,0,2,65.5592578696297
4696,15786739,Clements,515.5,France,Male,26.0,1,125529.55,1,1,1,1632.4624999999942,0,0,3,76.89582455952308
4697,15699467,Connor,515.5,Spain,Female,26.0,0,0.0,1,0,0,1632.4624999999942,0,0,1,0.0
4698,15680706,Balashov,515.5,Germany,Male,26.0,4,131834.8,1,1,0,1632.4624999999942,1,0,2,80.7582410009421
4699,15645717,Avdeeva,515.5,France,Male,26.0,2,0.0,2,1,1,1632.4624999999942,0,0,4,0.0
4700,15748597,Chester,515.5,Spain,Male,26.0,5,99529.7,1,0,1,1632.4624999999942,1,0,2,60.969057482178215
4701,15773709,Hung,515.5,Spain,Male,26.0,0,0.0,2,0,1,1632.4624999999942,0,1,3,0.0
4703,15661007,Thompson,515.5,France,Male,26.0,0,72783.42,1,0,0,1632.4624999999942,0,0,1,44.585048661148576
4704,15686812,Jones,515.5,Spain,Female,26.0,8,0.0,1,0,1,1632.4624999999942,0,1,2,0.0
4705,15754113,Li,515.5,France,Female,26.0,0,0.0,2,1,1,1632.4624999999942,0,1,4,0.0
4707,15574352,Clogstoun,515.5,France,Male,26.0,4,161256.53,1,1,1,1632.4624999999942,0,0,3,98.78115423784655
4708,15701281,Tan,511.0,France,Male,26.0,8,0.0,2,1,1,1632.4624999999942,0,0,4,0.0
4709,15811985,Power,515.5,Spain,Male,26.0,6,0.0,2,0,0,1632.4624999999942,0,0,2,0.0
4710,15713505,Harriman,515.5,France,Male,26.0,1,0.0,2,0,1,1632.4624999999942,0,1,3,0.0
4711,15685653,Benson,515.5,Germany,Female,26.0,3,162261.01,2,1,0,1632.4624999999942,0,0,3,99.3964700567398
4712,15758831,Thornton,515.5,France,Male,26.0,3,74896.33,1,0,0,1632.4624999999942,0,0,1,45.8793571062124
4713,15618774,White,474.0,France,Male,26.0,3,0.0,1,1,0,1632.4624999999942,1,1,2,0.0
4714,15764448,Mackenzie,515.5,Germany,Male,26.0,0,144037.6,1,1,0,1632.4624999999942,0,0,2,88.23332848380929
4716,15738220,Bennet,515.5,Spain,Male,26.0,1,0.0,2,1,0,1632.4624999999942,0,0,3,0.0
4718,15580487,Martin,515.5,Germany,Male,26.0,8,106922.92,2,0,1,1632.4624999999942,0,0,3,65.4979333369069
4719,15675787,Rivera,505.0,France,Male,26.0,8,112972.57,1,1,0,1632.4624999999942,0,0,2,69.20377650328899
4720,15583580,Chiawuotu,515.5,Germany,Female,26.0,1,123042.0,1,1,0,1632.4624999999942,1,0,2,75.3720223282314
4721,15780654,Sergeyev,515.5,Germany,Female,26.0,3,100488.92,2,0,1,1632.4624999999942,0,0,3,61.55664831504574
4722,15695034,Christie,515.5,France,Female,26.0,4,123322.15,1,1,0,1632.4624999999942,0,0,2,75.54363423355846
4723,15805671,Louis,515.5,France,Male,26.0,0,0.0,1,0,1,1632.4624999999942,0,1,2,0.0
4724,15790658,Iqbal,515.5,Spain,Male,26.0,8,68683.68,1,1,1,1632.4624999999942,0,0,3,42.07366478556184
4725,15578648,Marino,515.5,Germany,Male,26.0,6,59532.18,1,1,0,1632.4624999999942,0,0,2,36.46771671631061
4726,15734987,Robertson,515.5,France,Female,26.0,7,140260.36,2,1,0,1632.4624999999942,0,0,3,85.91949891651446
4727,15721740,Pai,515.5,Germany,Male,26.0,7,88302.65,1,1,1,1632.4624999999942,0,0,3,54.09168663905009
4728,15641822,Barese,515.5,France,Female,19.0,1,0.0,2,0,1,1632.4624999999942,0,0,3,0.0
4729,15765650,Chigolum,501.0,Germany,Male,26.0,5,114655.58,1,0,0,1632.4624999999942,0,0,1,70.23474046111345
4730,15788556,Trouette,515.5,France,Female,26.0,4,148283.94,1,1,1,1632.4624999999942,1,0,3,90.8345153410878
4731,15576550,Ugochukwu,515.5,Spain,Female,26.0,1,0.0,1,1,0,1632.4624999999942,1,1,2,0.0
4732,15622230,Cribb,515.5,France,Female,26.0,3,0.0,2,0,1,1632.4624999999942,0,0,3,0.0
4733,15653937,McIntyre,515.5,Germany,Female,26.0,1,123916.67,1,1,0,1632.4624999999942,1,0,2,75.90782024089401
4734,15743538,Pickering,515.5,France,Female,26.0,1,0.0,2,1,0,1632.4624999999942,0,0,3,0.0
4735,15591740,Fletcher,515.5,France,Female,26.0,4,0.0,2,1,1,1632.4624999999942,1,0,4,0.0
4736,15650086,Uchenna,515.5,France,Male,26.0,2,165896.0,2,1,0,1632.4624999999942,0,0,3,101.62316132836166
4737,15718773,Pisano,515.5,France,Female,26.0,0,0.0,2,1,0,1632.4624999999942,0,1,3,0.0
4738,15615140,Corson,515.5,France,Male,26.0,6,111168.97,1,1,1,1632.4624999999942,0,0,3,68.09894254845082
4739,15644361,Hooper,515.5,France,Female,26.0,1,103549.24,1,0,0,1632.4624999999942,1,0,1,63.431313123578875
4740,15774536,He,515.5,France,Female,26.0,6,0.0,2,0,0,1632.4624999999942,0,1,2,0.0
4741,15618661,Chidubem,515.5,France,Male,26.0,6,103804.97,1,1,1,1632.4624999999942,0,0,3,63.58796603291063
4742,15605020,Schofield,515.5,France,Male,26.0,2,165901.59,2,1,0,1632.4624999999942,1,0,3,101.62658560303872
4743,15762134,Liang,506.0,Germany,Male,26.0,8,119152.1,2,1,1,1632.4624999999942,0,0,4,72.9891804559066
4744,15685279,Somadina,511.0,Spain,Female,26.0,8,122950.31,1,1,1,1632.4624999999942,0,0,3,75.31585564752663
4745,15582849,McIntosh,515.5,France,Female,26.0,1,0.0,1,1,1,1632.4624999999942,1,0,3,0.0
4746,15655410,Hinton,515.5,Germany,Male,26.0,1,133384.66,1,1,0,1632.4624999999942,1,0,2,81.7076410637307
4747,15649129,Sal,515.5,France,Male,26.0,9,0.0,2,1,0,1632.4624999999942,0,1,3,0.0
4748,15702380,De Luca,515.5,Spain,Male,26.0,6,0.0,2,0,1,1632.4624999999942,0,0,3,0.0
4749,15759067,Bromby,515.5,Germany,Female,26.0,7,158411.95,4,1,1,1632.4624999999942,1,0,6,97.038645604417
4750,15683027,Chang,515.5,Germany,Male,26.0,4,122028.65,2,1,1,1632.4624999999942,0,0,4,74.75127300014574
4751,15597487,Hunter,515.5,France,Female,26.0,5,0.0,1,1,1,1632.4624999999942,0,0,3,0.0
4752,15763256,Sheppard,515.5,Germany,Female,26.0,8,128751.65,2,1,0,1632.4624999999942,1,0,3,78.86959118509641
4753,15620111,Fan,515.5,France,Male,26.0,8,133436.52,1,1,0,1632.4624999999942,0,0,2,81.73940902164703
4754,15623053,Muir,454.0,Spain,Male,26.0,2,123177.01,1,1,0,1632.4624999999942,0,0,2,75.45472560625463
4755,15595592,Lai,515.5,France,Female,26.0,2,0.0,1,1,0,1632.4624999999942,1,1,2,0.0
4756,15740072,Padovesi,515.5,France,Female,26.0,2,120328.88,2,1,1,1632.4624999999942,0,0,4,73.7100423440051
4757,15778005,Kemp,515.5,France,Female,26.0,1,130147.98,1,1,0,1632.4624999999942,1,0,2,79.72494314570807
4758,15583278,Greece,515.5,Spain,Female,26.0,8,92716.96,1,1,1,1632.4624999999942,0,0,3,56.79576713094502
4759,15601263,Young,493.0,Spain,Female,26.0,7,0.0,2,1,0,1632.4624999999942,0,0,3,0.0
4760,15709222,Chukwueloka,515.5,Spain,Male,26.0,3,0.0,1,0,1,1632.4624999999942,0,1,2,0.0
4761,15713949,Woods,515.5,France,Male,26.0,1,76914.21,1,1,0,1632.4624999999942,0,0,2,47.11545288176622
4762,15717706,Forbes,515.5,France,Female,26.0,3,106045.92,2,1,1,1632.4624999999942,0,0,4,64.96070813265258
4763,15756071,Kang,515.5,France,Male,26.0,1,103133.26,1,1,1,1632.4624999999942,0,0,3,63.17649563159972
4764,15696564,Nweke,515.5,France,Male,26.0,0,145974.79,2,1,1,1632.4624999999942,0,0,4,89.41999586514271
4765,15657637,Ts'ui,515.5,Spain,Female,26.0,3,0.0,3,1,0,1632.4624999999942,0,0,4,0.0
4766,15755863,Milano,515.5,Spain,Female,26.0,1,0.0,2,0,1,1632.4624999999942,0,1,3,0.0
4767,15719858,Chao,515.5,Spain,Female,26.0,9,0.0,2,1,1,1632.4624999999942,0,0,4,0.0
4768,15688876,Wan,515.5,Spain,Male,26.0,9,0.0,2,1,1,1632.4624999999942,0,0,4,0.0
4769,15698528,Napolitani,515.5,Spain,Female,26.0,3,0.0,1,1,1,1632.4624999999942,1,1,3,0.0
4770,15770345,Kovaleva,515.5,Spain,Female,26.0,1,139183.06,1,0,1,1632.4624999999942,0,0,2,85.25957564109466
4772,15716619,Chiebuka,515.5,Germany,Female,26.0,3,74974.89,1,1,1,1632.4624999999942,0,0,3,45.92748072314082
4773,15788367,Ellis,487.0,Spain,Male,26.0,6,61691.45,1,1,1,1632.4624999999942,0,0,3,37.79042397604859
4774,15709451,Gordon,515.5,Germany,Female,26.0,1,121952.75,2,1,1,1632.4624999999942,0,0,4,74.70477882340356
4775,15640421,Conway,515.5,France,Female,26.0,7,0.0,1,1,1,178.19,0,0,3,0.0
4776,15580068,Buccho,515.5,Spain,Male,26.0,5,0.0,2,1,1,1632.4624999999942,0,1,4,0.0
4777,15677123,Aksyonova,515.5,Spain,Male,26.0,7,0.0,2,1,1,1632.4624999999942,0,0,4,0.0
4778,15619801,Batty,515.5,France,Female,26.0,1,80107.83,2,0,1,1632.4624999999942,0,0,3,49.07177347106
4779,15582246,Rowe,515.5,Spain,Female,26.0,2,0.0,2,0,1,1632.4624999999942,0,1,3,0.0
4780,15711843,Pisani,515.5,Germany,Male,26.0,1,147856.82,3,0,0,1632.4624999999942,1,0,3,90.57287380261448
4781,15680046,Onochie,515.5,Spain,Male,26.0,8,0.0,2,1,0,1632.4624999999942,0,0,3,0.0
4782,15804131,Farmer,515.5,Spain,Female,26.0,7,65407.16,2,0,0,1632.4624999999942,1,0,2,40.06656201903581
4783,15722611,Cameron,515.5,France,Female,26.0,8,114233.18,1,1,1,1632.4624999999942,0,0,3,69.97599026011342
4784,15729224,Jennings,515.5,France,Female,26.0,5,0.0,2,1,0,1632.4624999999942,0,1,3,0.0
4785,15811588,Eluemuno,515.5,Spain,Female,26.0,7,187602.18,1,1,0,1632.4624999999942,1,0,2,114.91974853940025
4786,15702138,Swift,510.0,France,Female,22.0,3,156834.34,1,0,0,1632.4624999999942,0,0,1,96.07224668254281
4787,15749799,Pisani,515.5,France,Female,26.0,2,0.0,2,1,1,1632.4624999999942,0,0,4,0.0
4788,15752885,Nnonso,515.5,France,Male,26.0,1,157498.9,1,1,1,1632.4624999999942,0,0,3,96.47933719763888
4789,15674932,Cameron,515.5,Spain,Female,26.0,9,0.0,2,1,0,1632.4624999999942,0,1,3,0.0
4790,15743828,Stevens,515.5,France,Male,26.0,2,0.0,1,1,1,1632.4624999999942,1,0,3,0.0
4791,15642022,Zito,515.5,Spain,Male,26.0,8,0.0,1,0,0,1632.4624999999942,0,0,1,0.0
4792,15746461,Taylor,515.5,Spain,Male,26.0,2,0.0,2,1,0,1632.4624999999942,0,1,3,0.0
4794,15787322,Yeh,515.5,France,Female,26.0,6,0.0,1,1,1,1632.4624999999942,0,0,3,0.0
4795,15575498,Gould,515.5,France,Female,26.0,5,149379.66,2,1,0,1632.4624999999942,0,0,3,91.50572218351144
4796,15691387,Agafonova,483.0,France,Male,26.0,9,0.0,1,1,1,1632.4624999999942,0,0,3,0.0
4797,15765457,Fowler,515.5,Spain,Male,26.0,1,100829.94,1,1,1,1632.4624999999942,0,0,3,61.76554744749136
4798,15666173,Chidumaga,515.5,Germany,Female,26.0,1,96408.98,1,1,1,1632.4624999999942,0,0,3,59.05739335513088
4799,15627377,Sabbatini,515.5,France,Male,26.0,6,0.0,2,1,1,1632.4624999999942,0,0,4,0.0
4800,15656683,Johnson,515.5,France,Male,26.0,1,0.0,1,0,0,1632.4624999999942,1,0,1,0.0
4801,15679810,Chapman,515.5,France,Male,26.0,6,0.0,2,1,0,1632.4624999999942,0,1,3,0.0
4802,15606310,Birk,515.5,France,Male,26.0,5,149105.08,1,0,1,1632.4624999999942,0,0,2,91.33752230143143
4803,15756871,Capon,512.0,Spain,Male,26.0,3,0.0,1,1,0,1632.4624999999942,0,1,2,0.0
4804,15610002,Chidubem,515.5,Spain,Male,26.0,5,0.0,2,1,1,1632.4624999999942,0,1,4,0.0
4805,15567802,Childs,450.0,Spain,Female,26.0,2,0.0,2,1,0,1632.4624999999942,0,1,3,0.0
4806,15745452,Sun,515.5,Germany,Male,26.0,1,90218.11,1,1,0,1632.4624999999942,0,0,2,55.26504284171938
4807,15617252,Lung,515.5,France,Female,26.0,1,87347.7,1,1,0,1632.4624999999942,0,0,2,53.5067114864815
4808,15753248,Tao,515.5,France,Male,26.0,2,0.0,2,0,0,1632.4624999999942,0,0,2,0.0
4809,15610755,Napolitano,515.5,France,Female,26.0,0,137811.75,1,1,1,1632.4624999999942,0,0,3,84.41955021937747
4810,15662238,Davis,515.5,France,Male,26.0,3,105563.0,1,1,0,1632.4624999999942,0,0,2,64.66488510455852
4811,15799186,Sagese,515.5,France,Male,26.0,4,0.0,2,0,0,1632.4624999999942,0,1,2,0.0
4812,15686941,Hutchinson,515.5,Spain,Female,26.0,7,0.0,2,1,0,1632.4624999999942,0,1,3,0.0
4813,15601172,Nelson,515.5,France,Male,26.0,6,91125.75,1,1,0,1632.4624999999942,0,0,2,55.82103723669017
4814,15723858,Schiavone,515.5,Spain,Male,26.0,3,0.0,2,0,1,1632.4624999999942,0,0,3,0.0
4815,15615896,Chienezie,515.5,Spain,Male,26.0,8,0.0,2,1,0,1632.4624999999942,0,0,3,0.0
4816,15737647,Obioma,515.5,Germany,Female,26.0,6,135120.56,1,1,0,1632.4624999999942,0,0,2,82.77100392811502
4817,15582841,Butusov,515.5,France,Male,26.0,8,0.0,2,0,1,1632.4624999999942,0,0,3,0.0
4818,15760090,Pisano,515.5,France,Male,26.0,7,0.0,2,1,1,1632.4624999999942,0,1,4,0.0
4819,15588587,Stetson,515.5,France,Female,26.0,1,86837.95,1,1,1,1632.4624999999942,0,0,3,53.19445316508055
4820,15683157,Waring,515.5,France,Male,26.0,4,100446.57,1,0,1,1632.4624999999942,0,0,2,61.5307059120809
4821,15694209,Fanucci,484.0,France,Female,26.0,3,0.0,2,1,1,1632.4624999999942,0,1,4,0.0
4822,15655875,Thao,511.0,France,Female,26.0,3,0.0,2,1,0,1632.4624999999942,0,1,3,0.0
4823,15805704,Murphy,515.5,France,Female,26.0,2,0.0,4,0,1,1632.4624999999942,1,1,5,0.0
4824,15744789,McConnell,515.5,Spain,Female,26.0,6,114512.59,1,1,0,1632.4624999999942,0,0,2,70.14714886253155
4825,15799357,Armfield,515.5,France,Male,26.0,5,136364.46,1,0,0,1632.4624999999942,0,0,1,83.5329816151982
4826,15726153,Fanucci,515.5,France,Male,26.0,5,106260.67,1,1,1,1632.4624999999942,0,0,3,65.09225786197256
4828,15665053,Nixon,515.5,Spain,Male,26.0,4,111284.53,1,0,1,1632.4624999999942,1,0,2,68.16973131082668
4829,15592379,Walker,515.5,Spain,Female,26.0,9,121056.63,2,1,0,1632.4624999999942,0,0,3,74.15584125209641
4830,15692599,Chiemela,515.5,France,Male,26.0,5,128270.56,1,1,0,1632.4624999999942,0,0,2,78.57488916284476
4831,15620758,Martel,515.5,Spain,Male,26.0,4,0.0,2,1,0,1632.4624999999942,0,1,3,0.0
4832,15637428,Briggs,515.5,France,Male,26.0,7,0.0,2,1,0,1632.4624999999942,0,0,3,0.0
4833,15808389,Iheatu,515.5,France,Female,26.0,7,0.0,1,1,1,1632.4624999999942,0,1,3,0.0
4834,15807003,Jennings,515.5,France,Male,26.0,10,191775.65,1,1,0,1632.4624999999942,0,0,2,117.47629731157726
4835,15702912,Ch'en,515.5,Spain,Female,26.0,2,0.0,1,1,0,1632.4624999999942,1,0,2,0.0
4836,15590623,Kovalyov,515.5,Spain,Male,26.0,4,85141.79,2,1,1,1632.4624999999942,0,0,4,52.15543389204977
4838,15708256,Chien,515.5,France,Male,26.0,3,0.0,2,1,0,1632.4624999999942,0,1,3,0.0
4839,15582335,Brown,515.5,France,Female,26.0,9,129860.37,1,0,0,1632.4624999999942,0,0,1,79.54876145700159
4840,15649150,Buddicom,515.5,France,Female,26.0,5,127642.44,1,1,0,1632.4624999999942,1,0,2,78.19012075315693
4841,15691647,McGregor,411.0,France,Female,26.0,2,0.0,2,1,1,1632.4624999999942,0,0,4,0.0
4842,15668270,Thompson,515.5,Germany,Female,26.0,5,125584.17,2,1,1,1632.4624999999942,1,0,4,76.9292832147755
4843,15624820,Ross,515.5,Spain,Male,26.0,7,50911.21,3,0,0,1632.4624999999942,1,0,3,31.18675620420082
4844,15736254,Ch'ang,515.5,France,Male,26.0,2,91955.61,1,1,0,1632.4624999999942,0,0,2,56.329385820501436
4845,15720814,Warren,515.5,Germany,Female,26.0,2,84266.44,2,0,0,1632.4624999999942,0,0,2,51.61921943076812
4846,15642997,Uspenskaya,515.5,France,Female,26.0,2,147149.59,1,1,1,1632.4624999999942,0,0,3,90.13964486167401
4847,15693200,King,515.5,France,Female,26.0,7,0.0,2,1,0,1632.4624999999942,0,1,3,0.0
4848,15624596,Trentini,515.5,France,Female,23.0,5,104822.45,1,0,1,1632.4624999999942,0,0,2,64.2112452812854
4849,15807167,Konovalova,515.5,France,Male,26.0,1,146766.72,2,0,1,1632.4624999999942,0,0,3,89.90510961201285
4850,15660301,Dellucci,491.0,Germany,Male,26.0,6,148745.92,2,1,1,1632.4624999999942,0,0,4,91.1175111220016
4851,15593094,Goddard,515.5,France,Male,26.0,9,0.0,1,1,0,1632.4624999999942,1,1,2,0.0
4852,15618239,Neumann,515.5,France,Female,26.0,0,0.0,1,1,0,1632.4624999999942,0,0,2,0.0
4853,15574137,Ch'in,515.5,Spain,Male,26.0,3,0.0,2,1,1,1632.4624999999942,0,1,4,0.0
4854,15614740,Walters,515.5,France,Female,26.0,6,135203.81,2,1,1,1632.4624999999942,0,0,4,82.82200050537178
4855,15574071,Muravyova,515.5,Germany,Male,23.0,2,93301.97,2,0,1,1632.4624999999942,0,0,3,57.15412758332907
4856,15671148,Barry,490.0,Germany,Male,26.0,5,96341.0,2,0,0,1632.4624999999942,0,0,2,59.01575074465744
4857,15721921,Woolnough,515.5,France,Male,26.0,8,165326.2,1,1,1,1632.4624999999942,0,0,3,101.27411808847101
4858,15717995,Keen,515.5,France,Male,26.0,0,0.0,2,0,1,1632.4624999999942,0,1,3,0.0
4859,15632050,Liebe,515.5,France,Female,26.0,10,99786.2,1,1,0,1632.4624999999942,0,0,2,61.12618207156388
4860,15647111,White,515.5,Spain,Female,22.0,4,114440.24,1,1,1,1632.4624999999942,0,0,3,70.10282931460932
4861,15759991,Hunter,515.5,Spain,Male,26.0,4,141573.55,1,1,0,1632.4624999999942,0,0,2,86.72392168273421
4863,15686780,Rogova,515.5,Spain,Female,26.0,1,133676.65,1,0,1,1632.4624999999942,0,0,2,81.88650581560096
4864,15640491,Raff,464.0,France,Female,26.0,10,147493.7,2,1,0,1632.4624999999942,0,0,3,90.35043684005025
4865,15783225,Cocci,515.5,France,Male,26.0,9,0.0,1,1,0,1632.4624999999942,1,0,2,0.0
4866,15734438,Kanayochukwu,515.5,France,Female,26.0,4,0.0,2,1,0,1632.4624999999942,0,1,3,0.0
4867,15688760,Obialo,515.5,Germany,Female,26.0,3,95022.57,1,1,1,1632.4624999999942,0,0,3,58.20811810378514
4868,15768124,Liu,515.5,France,Female,26.0,3,0.0,1,1,0,1632.4624999999942,0,0,2,0.0
4869,15661330,Gilbert,515.5,France,Male,26.0,6,0.0,1,1,1,1632.4624999999942,0,1,3,0.0
4870,15781272,Coles,515.5,France,Male,26.0,4,149713.61,3,1,1,1632.4624999999942,1,0,5,91.71029043546208
4871,15573888,Ponomaryov,515.5,Germany,Female,26.0,1,107963.38,1,0,0,1632.4624999999942,1,0,1,66.13528947831904
4872,15575858,Bergamaschi,515.5,France,Male,26.0,3,0.0,2,1,0,1632.4624999999942,0,1,3,0.0
4873,15645937,Guerin,515.5,Spain,Male,26.0,3,0.0,1,1,0,1632.4624999999942,0,0,2,0.0
4874,15702337,Sinclair,515.5,France,Male,26.0,7,0.0,2,1,1,1632.4624999999942,0,0,4,0.0
4875,15764537,Dominguez,515.5,France,Male,26.0,8,0.0,2,1,0,1632.4624999999942,0,0,3,0.0
4876,15619616,Costa,515.5,France,Female,26.0,9,102017.25,2,0,0,1632.4624999999942,0,0,2,62.492859713469905
4877,15585133,Wei,515.5,Spain,Female,26.0,8,0.0,2,0,0,1632.4624999999942,0,0,2,0.0
4878,15573971,Mills,515.5,France,Male,26.0,7,0.0,2,0,0,1632.4624999999942,0,0,2,0.0
4879,15579433,Pugh,515.5,Spain,Male,26.0,8,96674.55,2,0,0,1632.4624999999942,0,0,2,59.22007396800867
4880,15777045,Price,515.5,Spain,Female,26.0,3,81811.71,1,1,0,1632.4624999999942,1,0,2,50.11552179605982
4881,15611580,Wood,515.5,Spain,Male,26.0,4,79281.61,1,1,0,1632.4624999999942,0,0,2,48.565654647503564
4882,15614778,Robertson,515.5,France,Male,26.0,6,0.0,2,1,0,1632.4624999999942,0,0,3,0.0
4883,15771750,Sawtell,515.5,Germany,Female,26.0,10,122314.39,1,1,0,1632.4624999999942,0,0,2,74.92630918014989
4884,15593280,Yuryeva,515.5,Germany,Male,26.0,8,140733.74,1,1,1,1632.4624999999942,0,0,3,86.20947801251208
4885,15569274,Pisano,515.5,Germany,Male,26.0,2,116933.11,1,1,0,1632.4624999999942,1,0,2,71.62989042627345
4886,15654408,Kharitonova,515.5,Spain,Male,26.0,5,165445.04,2,1,0,1632.4624999999942,0,0,3,101.34691608536221
4887,15657468,Simmons,515.5,Germany,Female,26.0,5,123805.03,1,1,0,1632.4624999999942,0,0,2,75.83943275879258
4888,15614213,Muramats,515.5,France,Male,26.0,0,107548.94,1,1,0,1632.4624999999942,0,0,2,65.88141534644771
4889,15589869,Tang,437.0,France,Male,26.0,9,111634.29,2,0,1,1632.4624999999942,0,0,3,68.38398431816988
4890,15693205,Peng,515.5,Germany,Female,26.0,8,109153.96,3,1,1,1632.4624999999942,1,0,5,66.86460485309794
4891,15797113,Bevan,515.5,Spain,Female,26.0,4,0.0,2,1,0,1632.4624999999942,0,1,3,0.0
4892,15676958,Zito,515.5,Germany,Male,26.0,5,86055.17,2,1,1,1632.4624999999942,0,0,4,52.71494444742241
4893,15739592,Sokolov,515.5,Germany,Female,26.0,10,98438.23,1,0,0,1632.4624999999942,1,0,1,60.30045406862354
4894,15656263,Teng,515.5,Spain,Male,26.0,5,0.0,2,1,0,1632.4624999999942,0,0,3,0.0
4895,15636872,Amadi,515.5,France,Female,26.0,8,144705.87,2,0,0,1632.4624999999942,0,0,2,88.64269163916506
4896,15589435,Davide,515.5,France,Male,26.0,7,0.0,2,1,1,1632.4624999999942,0,1,4,0.0
4897,15640464,Parkes,515.5,France,Male,26.0,5,91612.91,1,1,1,1632.4624999999942,0,0,3,56.11945756793821
4898,15723851,Mazzanti,515.5,Spain,Male,26.0,2,0.0,1,1,0,1632.4624999999942,0,0,2,0.0
4899,15722122,Findlay,515.5,France,Female,26.0,7,0.0,1,0,1,1632.4624999999942,0,1,2,0.0
4900,15696852,Hsu,515.5,France,Female,26.0,9,192122.84,1,1,1,1632.4624999999942,1,0,3,117.6889760101691
4901,15634936,Chukwukadibia,515.5,France,Male,26.0,7,179904.0,1,1,1,1632.4624999999942,0,0,3,110.20406288046472
4902,15575935,Baxter,515.5,France,Male,26.0,0,178058.06,2,0,1,1632.4624999999942,1,0,3,109.0732926483767
4903,15634491,Kung,515.5,France,Male,26.0,2,176166.56,2,1,1,1632.4624999999942,0,0,4,107.91461365881338
4904,15628530,Booth,515.5,France,Male,26.0,3,156864.2,2,0,0,1632.4624999999942,0,0,2,96.09053806749041
4905,15678720,Evans,515.5,France,Female,26.0,7,0.0,2,1,1,1632.4624999999942,0,1,4,0.0
4906,15627999,Kung,515.5,Spain,Male,26.0,3,0.0,2,1,0,1632.4624999999942,0,0,3,0.0
4907,15571244,Tung,515.5,Spain,Female,26.0,3,0.0,2,0,1,1632.4624999999942,0,1,3,0.0
4908,15739931,Yuan,515.5,France,Male,26.0,2,161588.89,1,1,1,1632.4624999999942,0,0,3,98.98474850111448
4909,15806256,Jackson,515.5,France,Male,26.0,2,109349.29,1,1,0,1632.4624999999942,1,0,2,66.98425844391548
4910,15787258,Ross,515.5,Spain,Female,26.0,6,0.0,2,1,0,1632.4624999999942,0,1,3,0.0
4911,15706463,Yang,515.5,France,Female,26.0,9,0.0,2,1,1,1632.4624999999942,0,0,4,0.0
4912,15691004,Yu,407.0,Spain,Male,26.0,1,0.0,1,1,1,1632.4624999999942,1,0,3,0.0
4913,15792228,Onwumelu,515.5,France,Male,26.0,0,152335.7,1,1,0,1632.4624999999942,1,0,2,93.31650803617269
4914,15733447,Gay,515.5,France,Female,26.0,1,124662.54,1,1,1,1632.4624999999942,1,0,3,76.36471894453958
4915,15679062,Morrison,515.5,Germany,Female,26.0,10,91522.04,2,1,1,1632.4624999999942,0,0,4,56.063793195862274
4916,15594409,Belov,515.5,France,Male,26.0,1,0.0,2,1,1,1632.4624999999942,0,0,4,0.0
4917,15613816,Mao,515.5,Spain,Female,26.0,6,62052.28,1,0,1,1632.4624999999942,0,0,2,38.011458149881065
4918,15681991,Walsh,515.5,France,Male,26.0,7,107871.72,1,1,0,1632.4624999999942,0,0,2,66.07914117475923
4919,15796074,Bruno,515.5,France,Female,26.0,2,99472.76,2,1,0,1632.4624999999942,1,0,3,60.93417766104909
4920,15625941,Gray,515.5,Spain,Female,26.0,10,128039.01,1,1,1,1632.4624999999942,0,0,3,78.43304823234864
4921,15615016,Maurer,515.0,France,Male,26.0,2,0.0,2,1,1,1632.4624999999942,0,1,4,0.0
4922,15748414,Chiang,515.5,Spain,Female,26.0,8,114634.63,2,1,0,1632.4624999999942,1,0,3,70.2219070882182
4923,15751203,Cattaneo,515.5,France,Male,26.0,5,56738.47,2,1,1,1632.4624999999942,1,0,4,34.756369595013794
4924,15662658,Grieve,515.5,Germany,Male,26.0,2,90355.12,2,0,0,1632.4624999999942,0,0,2,55.34897126273977
4925,15574868,Lowell,515.5,Germany,Male,26.0,5,115725.24,2,0,0,1632.4624999999942,0,0,2,70.88998369028411
4926,15790282,Trentino,515.5,Germany,Male,26.0,3,114327.59,2,1,1,1632.4624999999942,0,0,4,70.03382313529433
4927,15762927,Sung,515.5,Germany,Female,26.0,6,100762.64,1,1,0,1632.4624999999942,0,0,2,61.72432138563695
4928,15803456,Yen,515.5,France,Female,26.0,9,0.0,1,0,0,1632.4624999999942,1,1,1,0.0
4929,15771857,Philipp,513.0,Spain,Male,26.0,7,89039.9,2,1,1,1632.4624999999942,0,0,4,54.543304976377904
4930,15700601,Dynon,515.5,France,Male,26.0,1,78829.53,1,1,1,1632.4624999999942,0,0,3,48.288723324425696
4931,15569670,Alexeyeva,515.5,Germany,Male,26.0,6,112372.96,1,1,1,1632.4624999999942,0,0,3,68.83647250702568
4932,15772341,Hs?eh,515.5,Germany,Male,26.0,6,122029.15,1,1,1,1632.4624999999942,0,0,3,74.75157928589503
4933,15661548,Ferri,515.5,France,Female,26.0,0,157829.12,1,0,0,1632.4624999999942,0,0,1,96.68162055789983
4934,15787597,Hsu,420.0,Germany,Female,26.0,1,108377.75,2,1,1,1632.4624999999942,0,0,4,66.38912073018547
4935,15806913,Bishop,515.5,France,Female,26.0,2,95507.12,1,1,1,1632.4624999999942,0,0,3,58.504939623421876
4936,15804862,Toscani,505.0,Germany,Male,26.0,6,127146.68,1,0,0,1632.4624999999942,0,0,1,77.88643230702111
4937,15792986,T'ao,515.5,Germany,Male,24.0,1,133811.78,1,1,0,1632.4624999999942,1,0,2,81.96928260220402
4938,15625632,Philip,515.5,France,Male,26.0,3,121092.47,2,0,1,1632.4624999999942,0,0,3,74.1777958146055
4939,15727703,Li Fonti,515.5,Germany,Male,26.0,10,126979.75,1,0,0,1632.4624999999942,0,0,1,77.78417574676322
4940,15606273,Rene,515.5,France,Male,26.0,5,144235.73,2,0,0,1632.4624999999942,1,0,2,88.35469727482287
4941,15799652,Daigle,515.5,France,Female,26.0,0,152582.2,2,0,0,1632.4624999999942,0,0,2,93.46750691057255
4942,15715047,Joshua,515.5,Spain,Male,26.0,9,172478.15,1,1,0,1632.4624999999942,1,0,2,105.65519881773739
4943,15784687,Simmons,515.5,France,Male,26.0,1,126477.42,1,0,0,1632.4624999999942,0,0,1,77.47646270588173
4944,15615322,Jamieson,515.5,Spain,Male,26.0,7,97473.87,2,1,1,1632.4624999999942,0,0,4,59.70971461825331
4945,15722072,Hou,515.5,France,Male,26.0,5,138053.67,1,0,1,1632.4624999999942,0,0,2,84.56774351631385
4946,15646784,Cochran,515.5,France,Female,26.0,2,164003.05,2,1,1,1632.4624999999942,0,0,4,100.4635941101254
4947,15644692,Bibb,515.5,France,Female,26.0,8,0.0,1,1,1,1632.4624999999942,1,0,3,0.0
4948,15670354,Jen,515.5,France,Female,26.0,6,0.0,2,1,1,1632.4624999999942,0,1,4,0.0
4949,15716357,Corran,515.5,Spain,Female,26.0,4,122486.11,2,1,1,1632.4624999999942,0,0,4,75.03149995788598
4950,15786717,He,515.5,France,Male,26.0,1,0.0,2,0,0,1632.4624999999942,0,0,2,0.0
4951,15771383,Loggia,515.5,Germany,Female,26.0,6,53667.44,1,1,0,1632.4624999999942,0,0,2,32.87514414573088
4953,15731543,Becker,515.5,Spain,Male,26.0,9,109327.65,1,1,1,1632.4624999999942,0,0,3,66.97100239668622
4954,15684516,Plascencia,515.5,Spain,Male,26.0,1,121151.05,1,0,0,1632.4624999999942,0,0,1,74.21368025299229
4955,15677249,Somadina,515.5,Spain,Male,26.0,9,101043.63,1,1,1,1632.4624999999942,0,0,3,61.896447851022835
4956,15581525,Walker,515.5,Germany,Male,26.0,3,83501.66,2,1,0,1632.4624999999942,0,0,3,51.15073700008441
4957,15628420,Alekseeva,515.5,Spain,Male,26.0,2,80462.24,1,0,0,1632.4624999999942,0,0,1,49.2888749358716
4958,15600478,Watson,515.5,France,Male,26.0,3,0.0,1,1,0,1632.4624999999942,0,1,2,0.0
4959,15594502,Zotov,515.5,France,Male,26.0,6,109093.41,2,1,0,1632.4624999999942,0,0,3,66.82751364885894
4960,15784361,Williamson,515.5,Spain,Female,26.0,5,140355.6,1,1,1,1632.4624999999942,0,0,3,85.97784022603919
4961,15767626,Carpenter,515.5,France,Male,26.0,10,0.0,2,1,1,1632.4624999999942,0,0,4,0.0
4962,15632521,Cattaneo,515.5,Germany,Male,26.0,0,130170.82,2,1,0,1632.4624999999942,0,0,3,79.73893427873564
4963,15665088,Gordon,515.5,France,Female,26.0,2,0.0,2,0,1,1632.4624999999942,0,0,3,0.0
4964,15652084,Boni,515.0,France,Male,26.0,0,109542.29,1,1,1,1632.4624999999942,0,0,3,67.10248474314135
4965,15574761,Lynch,466.0,France,Female,26.0,3,33563.95,2,1,0,1632.4624999999942,1,0,3,20.560319149750832
4966,15729515,McCarthy,515.5,France,Male,26.0,1,148795.17,2,1,1,1632.4624999999942,0,0,4,91.14768026830664
4967,15682070,Davies,515.5,France,Male,26.0,9,0.0,2,1,1,1632.4624999999942,0,0,4,0.0
4968,15743817,Hargreaves,515.5,Germany,Male,26.0,8,174126.75,3,1,0,1632.4624999999942,1,0,4,106.66508419029572
4969,15572158,Blackburn,515.5,Spain,Male,26.0,3,0.0,1,0,0,1632.4624999999942,0,0,1,0.0
4970,15584477,K?,515.5,Spain,Female,26.0,1,106405.03,1,1,1,1632.4624999999942,0,0,3,65.18068868350751
4971,15614893,Meng,515.5,Spain,Male,26.0,2,0.0,1,1,1,1632.4624999999942,0,0,3,0.0
4972,15665963,Cattaneo,515.5,Spain,Male,26.0,2,128393.29,1,1,1,1632.4624999999942,0,0,3,78.65007006286542
4973,15612524,Hunt,515.5,Germany,Male,26.0,2,127841.52,1,1,0,1632.4624999999942,0,0,2,78.31207148709417
4974,15596962,Owens,515.5,France,Female,24.0,4,137295.19,2,1,1,1632.4624999999942,0,0,4,84.10312028607119
4975,15744942,Steele,515.5,Spain,Female,26.0,2,155828.22,1,0,1,1632.4624999999942,1,0,2,95.45592624639191
4976,15573278,Kennedy,515.5,France,Male,26.0,6,0.0,2,1,0,1632.4624999999942,0,0,3,0.0
4977,15717056,Pan,515.5,Germany,Female,25.0,7,144351.86,1,1,0,1632.4624999999942,0,0,2,88.4258352029529
4978,15795881,Alexander,515.5,Spain,Male,26.0,8,106365.29,1,1,1,1632.4624999999942,0,0,3,65.15634509215396
4979,15758939,Bray,515.5,Germany,Male,26.0,7,127801.88,1,0,1,1632.4624999999942,0,0,2,78.28778915289047
4980,15792250,Nnabuife,515.5,Germany,Female,26.0,4,122793.96,1,1,1,1632.4624999999942,0,0,3,75.22008009372371
4981,15740406,Padovesi,515.5,Germany,Male,26.0,10,113525.84,1,1,0,1632.4624999999942,1,0,2,69.54269393630813
4983,15569120,Lucas,515.5,France,Male,26.0,7,0.0,2,1,1,1632.4624999999942,0,1,4,0.0
4984,15723721,Tinline,515.5,France,Male,26.0,4,140916.81,1,1,0,1632.4624999999942,0,0,2,86.32162147675704
4985,15777122,Esomchi,515.5,France,Female,26.0,4,0.0,2,1,1,1632.4624999999942,0,0,4,0.0
4986,15742681,Liao,515.5,Germany,Male,26.0,4,121365.39,1,1,1,1632.4624999999942,0,0,3,74.34497882799785
4987,15582090,Iroawuchi,515.5,Spain,Female,26.0,4,0.0,1,1,0,1632.4624999999942,0,1,2,0.0
4988,15711254,Retana,452.0,France,Female,26.0,7,0.0,2,1,0,1632.4624999999942,0,1,3,0.0
4989,15775067,Fang,515.5,France,Male,26.0,3,93578.68,2,0,1,1632.4624999999942,1,0,3,57.32363224270103
4990,15602851,Ozioma,515.5,France,Male,26.0,9,0.0,1,1,0,106.67,0,0,2,0.0
4991,15802857,Robson,515.5,Spain,Female,26.0,8,115409.6,1,0,1,1539.21,0,0,2,74.97976234561885
4992,15701175,Bruno,493.0,France,Female,26.0,8,90791.69,1,1,1,1632.4624999999942,0,0,3,55.61640160187467
4993,15783019,Price,515.5,France,Female,26.0,9,123681.32,3,1,0,1632.4624999999942,1,0,4,75.76365153870331
4994,15728912,Swanson,515.5,France,Female,26.0,6,92436.86,1,1,0,1632.4624999999942,0,0,2,56.62418585419287
4995,15585580,Chang,515.5,Germany,Female,26.0,9,167194.36,1,1,1,1632.4624999999942,1,0,3,102.41849965925746
4996,15583480,Morgan,515.5,France,Female,26.0,4,0.0,2,0,1,1632.4624999999942,0,1,3,0.0
4997,15620341,Nwebube,500.0,Germany,Male,26.0,9,160838.13,2,1,0,1632.4624999999942,0,0,3,98.52485432284085
4998,15613886,Trevisan,515.5,Spain,Male,26.0,1,0.0,1,1,0,1632.4624999999942,1,0,2,0.0
4999,15792916,Ositadimma,515.5,Spain,Female,26.0,7,144470.77,1,1,1,1632.4624999999942,0,0,3,88.498676079849
5000,15710408,Cunningham,515.5,Spain,Female,26.0,3,0.0,2,1,1,1632.4624999999942,0,0,4,0.0
5001,15598695,Fields,515.5,Germany,Female,26.0,9,130169.27,2,0,1,1632.4624999999942,0,0,3,79.73798479291284
5002,15649354,Johnston,515.5,Spain,Male,26.0,4,0.0,2,1,1,1632.4624999999942,0,0,4,0.0
5003,15737556,Vasilyev,515.5,France,Male,26.0,7,81076.8,2,1,1,1632.4624999999942,1,0,4,49.66533687603868
5004,15671610,Hooper,515.5,France,Male,26.0,7,0.0,1,1,1,1632.4624999999942,0,0,3,0.0
5005,15625092,Colombo,502.0,Germany,Female,26.0,3,101465.31,1,1,0,1632.4624999999942,1,0,2,62.154757000543874
5006,15741032,Tsao,515.5,France,Male,26.0,5,0.0,1,0,1,1632.4624999999942,0,1,2,0.0
5007,15750014,Chikere,515.5,Germany,Female,26.0,0,113865.23,2,1,1,1632.4624999999942,0,0,4,69.75059457721106
5008,15784761,Ballard,515.5,Spain,Female,26.0,7,87603.35,3,0,1,1632.4624999999942,1,0,4,53.66331539009338
5009,15768359,Akhtar,515.5,France,Male,26.0,4,120037.96,1,1,0,1632.4624999999942,0,0,2,73.53183304363833
5010,15805769,O'Loughlin,515.5,Spain,Male,26.0,4,0.0,2,1,0,1632.4624999999942,0,1,3,0.0
5011,15719508,Davis,515.5,Germany,Male,26.0,7,121205.15,4,1,1,1632.4624999999942,1,0,6,74.24682037106545
5012,15609011,Barry,480.0,Spain,Male,26.0,8,75408.33,1,1,0,1632.4624999999942,1,0,2,46.19299371348516
5013,15703106,K'ung,515.5,France,Male,26.0,5,0.0,2,1,1,1632.4624999999942,0,1,4,0.0
5014,15626795,Gorman,515.5,France,Female,26.0,3,0.0,1,1,0,1632.4624999999942,1,1,2,0.0
5015,15773731,John,515.5,Spain,Female,26.0,5,0.0,2,0,0,1632.4624999999942,0,1,2,0.0
5016,15756196,Tsou,515.5,France,Male,26.0,6,121818.84,2,0,1,1632.4624999999942,0,0,3,74.62274937402876
5017,15687903,Okonkwo,501.0,France,Female,26.0,8,0.0,2,1,0,1632.4624999999942,0,1,3,0.0
5018,15777599,Esposito,515.5,Germany,Male,26.0,6,141806.0,2,1,1,1632.4624999999942,0,0,4,86.86631392757904
5019,15754577,Boni,515.5,France,Female,26.0,8,61354.14,1,1,0,1632.4624999999942,1,0,2,37.5837974838627
5020,15584113,Pratt,515.5,Germany,Female,26.0,4,124954.94,1,0,1,1632.4624999999942,1,0,2,76.54383485072425
5021,15669589,Page,491.0,Germany,Female,26.0,1,95039.12,1,0,1,1632.4624999999942,1,0,2,58.218256162086625
5022,15632793,Wilkinson,515.5,France,Female,26.0,9,103417.74,1,1,1,1632.4624999999942,0,0,3,63.35075997151566
5023,15711130,Tseng,515.5,France,Male,26.0,2,0.0,2,1,0,1632.4624999999942,0,0,3,0.0
5024,15615254,Clark,515.5,France,Male,26.0,10,43028.77,1,1,0,1632.4624999999942,0,0,2,26.35819812093702
5025,15720583,Finch,515.5,Germany,Female,26.0,0,119638.21,1,1,1,1632.4624999999942,1,0,3,73.28695758708113
5026,15780432,Shen,515.5,France,Male,26.0,3,122689.51,2,0,0,1632.4624999999942,1,0,2,75.15609700069706
5027,15673223,Hou,515.5,France,Male,26.0,10,0.0,2,0,0,1632.4624999999942,0,1,2,0.0
5028,15807989,Wall,515.5,Germany,Male,26.0,8,73179.34,2,1,1,1632.4624999999942,0,0,4,44.82757796886621
5029,15761168,Manna,478.0,France,Female,26.0,4,171913.87,1,1,0,1632.4624999999942,1,0,2,105.30953697251888
5030,15651272,Reyes,515.5,France,Male,26.0,5,0.0,2,1,1,1632.4624999999942,0,0,4,0.0
5031,15812832,Jideofor,515.5,Germany,Male,26.0,8,92659.2,2,1,0,1354.25,0,0,3,68.42104485877792
5032,15680517,Sal,515.5,Germany,Female,26.0,7,137239.17,1,1,1,1632.4624999999942,1,0,3,84.06880403072077
5033,15750569,Iweobiegbunam,515.5,Germany,Female,26.0,3,102955.14,2,1,0,1632.4624999999942,0,0,3,63.06738439627273
5034,15690743,Shao,515.5,France,Female,26.0,8,65190.29,1,1,1,1632.4624999999942,1,0,3,39.93371363813885
5035,15627741,Heath,515.5,Germany,Female,26.0,2,96863.52,2,1,1,1632.4624999999942,0,0,4,59.335831604095254
5036,15712121,Chidimma,515.5,Spain,Male,26.0,5,154983.98,1,1,0,1632.4624999999942,0,0,2,94.93876888443107
5037,15805429,Murray,515.5,Germany,Male,26.0,3,106819.65,1,0,1,1632.4624999999942,0,0,2,65.43467307824858
5038,15814923,Sullivan,515.5,Spain,Male,26.0,7,128578.52,1,1,1,1632.4624999999942,0,0,3,78.76353668154734
5039,15589230,Wu,515.5,France,Female,26.0,2,126473.33,1,0,1,1632.4624999999942,0,0,2,77.47395728845254
5040,15775490,Downie,515.5,France,Female,26.0,5,110570.78,2,1,0,1632.4624999999942,0,0,3,67.73250840371549
5041,15749727,Chukwufumnanya,515.5,Spain,Male,26.0,7,0.0,2,0,1,1632.4624999999942,0,1,3,0.0
5042,15619238,Allan,515.5,Spain,Male,26.0,8,0.0,2,1,0,1632.4624999999942,0,1,3,0.0
5043,15593468,Findlay,515.5,France,Female,26.0,3,0.0,2,1,1,1632.4624999999942,0,0,4,0.0
5044,15718454,Ch'eng,515.5,Spain,Female,26.0,2,0.0,2,0,0,1632.4624999999942,0,0,2,0.0
5045,15789498,Miller,515.5,France,Male,26.0,3,111099.79,2,0,0,1632.4624999999942,0,0,2,68.05656485217908
5046,15744691,Tsai,515.5,France,Female,26.0,3,0.0,3,1,0,1632.4624999999942,0,0,4,0.0
5047,15708289,Graham,515.5,Spain,Male,25.0,3,100913.57,1,0,0,1632.4624999999942,0,0,1,61.81677680191758
5048,15790412,Norton,471.0,Spain,Male,26.0,8,0.0,2,1,1,1632.4624999999942,0,1,4,0.0
5049,15741416,Yegorov,515.5,France,Male,26.0,2,16893.59,1,1,1,1632.4624999999942,0,0,3,10.34853174268938
5050,15598894,Holt,515.5,Spain,Male,26.0,10,122267.85,1,0,0,1632.4624999999942,0,0,1,74.897800102606
5051,15663294,Kao,515.5,France,Male,26.0,1,125685.79,1,1,1,1632.4624999999942,0,0,3,76.99153273046116
5052,15572728,Ross,515.5,Spain,Male,26.0,8,127397.34,1,1,0,1632.4624999999942,0,0,2,78.03997947885507
5053,15706729,Hsiao,515.5,France,Male,26.0,0,105271.56,1,0,1,1632.4624999999942,0,0,2,64.4863572670125
5054,15674433,Allan,515.5,Germany,Female,26.0,2,115265.14,1,0,0,1632.4624999999942,0,0,1,70.60813954378763
5055,15641170,Liang,515.5,Spain,Male,26.0,4,0.0,1,0,0,1632.4624999999942,0,1,1,0.0
5056,15806284,Briggs,515.5,Spain,Male,26.0,1,0.0,2,1,1,1632.4624999999942,0,0,4,0.0
5057,15690958,Cantrell,515.5,Germany,Male,23.0,2,139542.82,1,0,1,1632.4624999999942,0,0,2,85.47995436342366
5058,15606386,Wang,515.5,Germany,Female,26.0,3,111512.75,3,1,0,1632.4624999999942,1,0,4,68.30953237823252
5059,15682322,Aksenov,515.5,France,Male,26.0,9,148466.93,2,0,1,1632.4624999999942,0,0,3,90.94660979961287
5060,15579915,Glennon,515.5,France,Male,26.0,4,0.0,2,1,0,1632.4624999999942,0,1,3,0.0
5061,15681928,Yancy,515.5,France,Female,26.0,4,108155.49,1,1,0,1632.4624999999942,0,0,2,66.25297058891117
5062,15734005,Mazzi,515.5,France,Female,26.0,1,0.0,2,1,0,1632.4624999999942,0,0,3,0.0
5063,15650432,Liu,515.5,Germany,Male,26.0,10,84622.13,1,1,1,1632.4624999999942,0,0,3,51.8371049870979
5064,15592578,Nucci,515.5,Spain,Female,26.0,7,146997.64,2,0,0,1632.4624999999942,0,0,2,90.04656462246486
5065,15671243,Y?,515.5,France,Female,26.0,9,0.0,2,1,0,1632.4624999999942,0,1,3,0.0
5067,15702631,Tang,515.5,France,Female,26.0,2,0.0,2,1,1,1632.4624999999942,0,0,4,0.0
5068,15602282,Kao,515.5,Germany,Female,26.0,8,134980.74,1,1,1,1632.4624999999942,1,0,3,82.68535418118363
5069,15717879,Chen,515.5,Spain,Female,26.0,5,108078.56,1,1,1,1632.4624999999942,0,0,3,66.20584546352543
5070,15740878,Yao,515.5,Spain,Female,26.0,9,0.0,2,0,1,1632.4624999999942,0,0,3,0.0
5071,15794468,Tsou,515.5,France,Female,26.0,6,0.0,2,0,0,1632.4624999999942,0,1,2,0.0
5072,15773277,Barnes,515.5,France,Male,26.0,5,106836.67,2,1,0,1632.4624999999942,0,0,3,65.44509904515441
5073,15572657,H?,472.0,France,Male,26.0,8,102490.27,1,0,1,1632.4624999999942,0,0,2,62.78261828372803
5074,15800295,Cruz,515.5,Germany,Male,26.0,9,112746.54,2,0,0,1632.4624999999942,0,0,2,69.06531696746504
5075,15672397,Smith,515.5,France,Male,26.0,0,125487.89,1,0,0,1632.4624999999942,0,0,1,76.87030483089225
5077,15720676,Bukowski,515.5,France,Female,26.0,7,0.0,2,1,0,1632.4624999999942,0,0,3,0.0
5078,15731829,Simmons,515.5,France,Male,26.0,10,0.0,2,1,0,1632.4624999999942,0,0,3,0.0
5079,15732672,Stewart,515.5,Spain,Male,26.0,6,79388.33,1,1,1,1632.4624999999942,0,0,3,48.63102827783198
5080,15692406,Gow,427.0,France,Male,26.0,5,0.0,2,1,1,1632.4624999999942,0,1,4,0.0
5081,15764405,Williams,515.5,France,Male,26.0,10,0.0,2,1,1,1632.4624999999942,0,1,4,0.0
5082,15757537,Francis,515.5,France,Female,26.0,6,107784.65,1,1,1,1632.4624999999942,0,0,3,66.0258045743779
5083,15793307,Calabresi,515.5,Spain,Female,26.0,4,142880.28,3,0,0,1632.4624999999942,1,0,3,87.52438723707314
5084,15660679,Chimaobim,515.5,Spain,Female,26.0,9,149571.94,1,1,0,1632.4624999999942,0,0,2,91.62350743125832
5085,15666856,Chikwendu,515.5,France,Male,26.0,1,142767.39,1,1,1,1632.4624999999942,0,0,3,87.4552340405985
5086,15687372,Padovesi,515.5,Germany,Male,26.0,8,121537.71,2,1,0,1632.4624999999942,1,0,3,74.45053714863309
5087,15667289,Henderson,515.5,Spain,Male,26.0,2,0.0,2,0,0,1632.4624999999942,0,0,2,0.0
5088,15624641,Kharlamova,515.5,Spain,Male,26.0,9,0.0,1,1,0,1632.4624999999942,1,1,2,0.0
5089,15734610,Onio,515.5,France,Male,26.0,4,89838.71,3,1,0,1632.4624999999942,1,0,4,55.032633215158285
5090,15631882,Yeh,515.5,Germany,Male,26.0,9,103399.87,1,0,0,1632.4624999999942,0,0,1,63.33981331883603
5091,15642709,Feng,474.0,France,Female,26.0,9,0.0,2,0,0,1632.4624999999942,0,0,2,0.0
5092,15811026,Norman,505.0,Germany,Male,26.0,5,136855.94,2,1,0,1632.4624999999942,0,0,3,83.8340482553201
5093,15596303,White,515.5,France,Female,26.0,0,0.0,2,1,0,1632.4624999999942,1,0,3,0.0
5094,15787255,Manfrin,515.5,Germany,Female,26.0,2,140891.46,3,1,1,1632.4624999999942,1,0,5,86.30609278926805
5095,15617166,Ritchie,515.5,France,Male,26.0,0,0.0,1,1,0,1632.4624999999942,0,1,2,0.0
5096,15742442,Udegbulam,515.5,Spain,Female,26.0,5,89364.91,1,0,1,1632.4624999999942,0,0,2,54.74239683913127
5097,15758692,Kao,515.5,France,Female,26.0,7,146011.4,1,0,0,1632.4624999999942,0,0,1,89.4424221077057
5099,15730353,Olisaemeka,515.5,Germany,Male,26.0,9,145294.08,2,1,0,1632.4624999999942,0,0,3,89.00301232034458
5100,15731555,Ross-Watt,515.5,Germany,Female,26.0,9,106000.12,1,0,0,1632.4624999999942,1,0,1,64.93265235801763
5101,15582404,Miller,515.5,Spain,Female,26.0,5,0.0,2,1,0,1632.4624999999942,0,1,3,0.0
5102,15721462,Shubin,515.5,Spain,Female,26.0,2,0.0,2,1,1,1632.4624999999942,0,0,4,0.0
5104,15808526,Cartwright,515.5,Germany,Female,26.0,3,127539.3,1,1,1,1632.4624999999942,1,0,3,78.12694012879344
5105,15694349,Ngozichukwuka,515.5,Spain,Male,26.0,7,0.0,1,0,1,1632.4624999999942,0,0,2,0.0
5106,15718465,Sadler,515.5,Germany,Male,26.0,3,96891.46,1,1,0,1632.4624999999942,1,0,2,59.35294685176557
5107,15682995,Azuka,515.5,France,Female,26.0,1,78535.25,1,1,0,1632.4624999999942,0,0,2,48.108455783823686
5108,15584776,Shen,515.5,Spain,Female,26.0,9,112712.17,1,1,0,1632.4624999999942,0,0,2,69.04426288505886
5109,15777772,Whittaker,515.5,Spain,Male,26.0,9,119618.42,1,1,1,1632.4624999999942,0,0,3,73.27483479712424
5110,15576156,Abazu,515.5,Spain,Female,26.0,6,0.0,1,1,0,1632.4624999999942,0,0,2,0.0
5111,15646756,Murphy,515.5,France,Female,26.0,8,74963.5,1,1,1,1632.4624999999942,0,0,3,45.920503533772
5112,15742886,Ford,515.5,France,Male,26.0,1,138023.79,2,0,1,1632.4624999999942,0,0,3,84.54943987993629
5113,15586135,Gratwick,515.5,Spain,Female,26.0,4,0.0,1,1,1,1632.4624999999942,0,1,3,0.0
5114,15616152,Pai,515.5,France,Female,26.0,1,185513.67,1,1,0,1632.4624999999942,0,0,2,113.64038683890176
5115,15721460,Lorenzo,515.5,France,Male,26.0,8,185648.56,1,0,0,1632.4624999999942,1,0,1,113.72301660834516
5116,15727317,Brady,515.5,Germany,Female,26.0,1,102286.6,3,1,0,1632.4624999999942,1,0,4,62.65785584661232
5117,15649536,Wong,515.5,Germany,Male,26.0,4,128015.83,1,1,0,1632.4624999999942,0,0,2,78.41884882501158
5118,15754929,Douglas,515.5,France,Male,26.0,10,39539.39,2,0,0,1632.4624999999942,0,0,2,24.22070338522333
5119,15572051,Kennedy,515.5,France,Male,26.0,3,0.0,1,1,1,1632.4624999999942,0,1,3,0.0
5120,15668142,Chang,515.5,France,Male,26.0,3,77608.46,2,1,1,1632.4624999999942,0,0,4,47.540730644655106
5121,15701176,Brown,515.5,France,Male,26.0,5,141462.13,1,1,0,440.2,0,0,2,321.3587687414812
5122,15708422,Hsiung,515.5,Spain,Female,26.0,0,0.0,2,0,0,1632.4624999999942,0,0,2,0.0
5123,15655632,MacDonald,515.5,France,Male,26.0,2,131691.33,1,1,0,1632.4624999999942,0,0,2,80.67035536804089
5124,15744606,Davidson,515.5,Spain,Male,26.0,8,93833.86,1,0,1,1632.4624999999942,0,0,2,57.47994823770858
5125,15612140,Milano,515.5,Spain,Female,26.0,7,137933.39,1,1,1,1632.4624999999942,0,0,3,84.4940634164647
5126,15656086,Bovee,515.5,Spain,Male,26.0,8,105770.14,1,0,1,1632.4624999999942,1,0,2,64.79177316477431
5127,15655298,Lewis,515.5,Spain,Female,26.0,5,0.0,2,0,1,1632.4624999999942,0,0,3,0.0
5128,15644796,Dyer,515.5,Spain,Female,26.0,8,0.0,2,0,1,1632.4624999999942,1,1,3,0.0
5129,15726250,Hsia,508.0,France,Female,26.0,3,166328.65,2,0,1,1632.4624999999942,0,0,3,101.88819038722212
5130,15764432,Hicks,515.5,Germany,Female,26.0,2,164307.77,1,1,0,1632.4624999999942,0,0,2,100.65025689717257
5131,15631721,Millar,515.5,Germany,Male,26.0,9,163965.69,2,0,1,1632.4624999999942,0,0,3,100.44070843893847
5132,15707479,Fan,515.5,France,Male,26.0,7,125608.72,1,1,0,1632.4624999999942,0,0,2,76.94432184506563
5133,15579826,Young,439.0,France,Female,26.0,9,0.0,1,1,0,1632.4624999999942,0,0,2,0.0
5134,15668104,Kerr,479.0,Spain,Male,26.0,6,118433.94,1,0,1,1632.4624999999942,0,0,2,72.54925610848667
5135,15641604,Frolova,515.5,France,Female,26.0,10,98488.08,1,1,0,1632.4624999999942,1,0,2,60.330990757827735
5136,15587240,Vasilyev,515.5,France,Male,26.0,4,0.0,2,0,1,1632.4624999999942,0,1,3,0.0
5137,15680767,Sabbatini,515.5,Germany,Female,26.0,10,98362.35,2,1,1,1632.4624999999942,0,0,4,60.25397214331132
5138,15601594,Ifeanacho,515.5,France,Female,26.0,6,144237.91,4,1,0,1632.4624999999942,1,0,5,88.35603268068976
5139,15589969,Capon,515.5,France,Male,26.0,6,0.0,1,0,1,1632.4624999999942,0,0,2,0.0
5140,15703728,Chieloka,515.5,Spain,Male,26.0,4,0.0,1,1,0,1632.4624999999942,1,1,2,0.0
5141,15617790,Hanson,515.5,France,Female,26.0,4,105767.28,2,0,0,1632.4624999999942,0,0,2,64.79002121028837
5142,15662500,Ts'ao,515.5,Spain,Male,26.0,9,0.0,2,1,0,1632.4624999999942,0,0,3,0.0
5143,15778526,Bradshaw,515.5,Spain,Female,26.0,5,0.0,2,0,0,1632.4624999999942,0,0,2,0.0
5144,15670584,Nkemakolam,515.5,Spain,Male,26.0,2,0.0,1,1,1,1632.4624999999942,1,1,3,0.0
5145,15748069,Clunie,485.0,France,Female,25.0,3,134467.26,1,1,1,1632.4624999999942,0,0,3,82.37081096809298
5146,15680597,Cover,515.5,Germany,Male,26.0,1,138515.02,1,1,1,1632.4624999999942,0,0,3,84.85035337718354
5147,15628992,Esposito,515.5,Germany,Male,26.0,2,128647.98,2,0,0,1632.4624999999942,0,0,2,78.80608589783867
5148,15719624,Hodgson,515.5,France,Female,26.0,9,121858.98,1,1,0,1632.4624999999942,0,0,2,74.64733799398175
5149,15812767,Harvey,515.5,Spain,Male,26.0,3,0.0,2,1,1,1632.4624999999942,0,1,4,0.0
5150,15689201,Dobie,515.5,France,Female,26.0,1,120108.56,1,0,1,1632.4624999999942,0,0,2,73.57508059143804
5151,15614716,Okwudilichukwu,515.0,France,Female,26.0,0,196853.62,1,1,1,1632.4624999999942,0,0,3,120.58691700421952
5152,15683618,Dyer,515.5,France,Female,26.0,3,121418.62,1,1,1,1632.4624999999942,0,0,3,74.37758600886724
5153,15799631,Chase,515.5,Spain,Male,26.0,10,0.0,2,1,1,1632.4624999999942,0,1,4,0.0
5154,15692259,Baresi,515.5,France,Female,26.0,9,0.0,2,1,0,1632.4624999999942,0,1,3,0.0
5155,15590966,Lo,515.5,Germany,Female,26.0,4,97495.8,2,0,0,1632.4624999999942,0,0,2,59.723148311217166
5156,15656426,Tyler,515.5,France,Female,26.0,3,0.0,2,0,0,1632.4624999999942,0,0,2,0.0
5157,15675256,Ts'ui,515.5,Spain,Male,26.0,5,127343.4,1,0,1,1632.4624999999942,0,0,2,78.00693737222169
5158,15751185,Aparicio,515.5,Spain,Female,26.0,0,158633.61,1,1,0,1632.4624999999942,0,0,2,97.17442820279213
5159,15789582,Macleod,515.5,France,Male,26.0,9,0.0,1,1,0,1632.4624999999942,0,0,2,0.0
5160,15651103,Sal,515.5,Spain,Female,26.0,9,183744.98,1,1,1,1632.4624999999942,0,0,3,112.556937755079
5161,15672299,Yeh,510.0,France,Male,26.0,6,0.0,2,1,1,1632.4624999999942,0,1,4,0.0
5162,15772250,Udegbunam,515.5,Spain,Male,26.0,9,0.0,1,0,0,1632.4624999999942,0,0,1,0.0
5163,15763922,Alexandrov,515.5,France,Male,26.0,7,79962.92,2,1,0,1632.4624999999942,0,0,3,48.98300573520083
5164,15633870,Ozioma,515.5,France,Female,26.0,10,0.0,2,1,1,1632.4624999999942,0,1,4,0.0
5165,15624323,Atkins,515.5,France,Male,26.0,4,0.0,2,1,1,1632.4624999999942,0,1,4,0.0
5166,15688612,Campos,515.5,France,Male,26.0,7,140956.99,1,0,0,1632.4624999999942,0,0,1,86.34623459956997
5167,15694644,Wood,455.0,Spain,Female,26.0,6,0.0,1,1,1,1632.4624999999942,0,0,3,0.0
5168,15587174,Kerr,515.5,France,Male,26.0,7,0.0,2,1,1,1632.4624999999942,1,0,4,0.0
5169,15579559,Chienezie,515.5,Spain,Male,26.0,8,145241.63,1,1,1,1632.4624999999942,0,0,3,88.97088294524409
5170,15775430,Tsou,515.5,Germany,Male,26.0,7,138008.06,2,1,0,1632.4624999999942,0,0,3,84.53980413026363
5171,15623695,McKinnon,515.5,France,Female,26.0,4,0.0,2,1,1,1632.4624999999942,0,1,4,0.0
5172,15760849,Nwachukwu,515.5,France,Male,26.0,2,0.0,2,1,1,1632.4624999999942,0,1,4,0.0
5173,15813095,Nwebube,515.5,France,Male,26.0,2,0.0,2,1,0,1632.4624999999942,0,0,3,0.0
5174,15705281,Burt,515.5,Spain,Male,26.0,9,0.0,1,1,0,1632.4624999999942,0,0,2,0.0
5175,15812594,Ross,515.5,France,Male,26.0,7,0.0,2,1,0,1632.4624999999942,0,0,3,0.0
5176,15626322,Lees,515.5,Spain,Female,26.0,9,127570.93,2,1,0,1632.4624999999942,0,0,3,78.14631576529351
5177,15723105,Feetham,515.5,France,Female,26.0,6,0.0,1,1,1,1632.4624999999942,0,1,3,0.0
5178,15588449,Chuang,515.5,Spain,Female,26.0,5,107812.67,1,0,1,1632.4624999999942,1,0,2,66.0429688277681
5180,15620000,Chambers,515.5,Germany,Male,26.0,6,121303.77,2,1,1,1632.4624999999942,0,0,4,74.30723217225537
5181,15799720,Coburn,515.5,Spain,Male,26.0,8,161546.68,2,0,1,1632.4624999999942,0,0,3,98.95889185815942
5182,15711287,Ahmed,515.5,Spain,Female,26.0,5,128415.45,1,1,0,1632.4624999999942,0,0,2,78.66364464727396
5183,15613102,Ogochukwu,515.5,France,Female,26.0,2,57530.06,1,1,1,1632.4624999999942,1,0,3,35.24127506757442
5184,15621440,Soto,515.5,France,Male,26.0,1,0.0,2,0,1,1632.4624999999942,0,1,3,0.0
5185,15677146,Obiajulu,515.5,France,Female,26.0,4,142243.54,2,1,0,1632.4624999999942,0,0,3,87.13433846106757
5186,15801169,Yegorova,515.5,Germany,Female,26.0,9,138341.51,1,1,0,1632.4624999999942,1,0,2,84.744066096465
5187,15722425,Lucchese,515.5,France,Male,26.0,9,0.0,2,1,0,1632.4624999999942,0,1,3,0.0
5188,15682421,Talbot,515.5,France,Female,26.0,2,0.0,2,0,1,1632.4624999999942,1,1,3,0.0
5189,15691910,Lu,515.5,Spain,Male,26.0,4,0.0,3,1,0,1632.4624999999942,0,1,4,0.0
5190,15721779,Arnold,515.5,Spain,Male,26.0,5,146466.46,2,0,0,1632.4624999999942,0,0,2,89.72117889384933
5191,15579548,Nicholson,515.5,Spain,Male,26.0,5,0.0,2,1,0,1632.4624999999942,0,1,3,0.0
5192,15681075,Chukwualuka,515.5,France,Female,26.0,1,0.0,1,1,1,706.5,0,0,3,0.0
5193,15607884,Wallace,515.5,France,Female,26.0,8,0.0,2,1,1,1632.4624999999942,0,1,4,0.0
5194,15767757,Pisano,515.5,Spain,Female,26.0,9,120307.58,1,1,1,1632.4624999999942,0,0,3,73.69699457108536
5195,15791550,Kelly,515.5,France,Male,26.0,4,87637.26,2,0,0,1632.4624999999942,0,0,2,53.68408768961021
5196,15658589,Brady,515.5,Spain,Male,26.0,2,94652.04,1,1,1,1632.4624999999942,0,0,3,57.98114198641643
5198,15629744,Tan,515.5,France,Female,26.0,8,0.0,2,0,1,1632.4624999999942,0,1,3,0.0
5199,15660768,L?,515.5,France,Male,26.0,1,84315.02,1,0,0,1632.4624999999942,0,0,1,51.64897815416912
5200,15726310,Mordvinova,515.5,Spain,Female,26.0,3,0.0,2,1,0,1632.4624999999942,0,1,3,0.0
5201,15641298,Corones,512.0,Germany,Male,26.0,9,93955.83,2,1,0,1632.4624999999942,0,0,3,57.55466358339033
5202,15625675,Clements,515.5,France,Male,26.0,1,67087.69,1,1,0,1632.4624999999942,0,0,2,41.09600679954378
5204,15633866,Hsiung,515.5,Germany,Male,26.0,1,110824.52,1,1,1,1632.4624999999942,0,0,3,67.88794229576507
5205,15704231,Barrett,430.0,France,Female,26.0,8,0.0,1,1,1,1632.4624999999942,0,0,3,0.0
5206,15735400,Kanayochukwu,515.5,France,Male,26.0,8,179960.2,1,1,0,1632.4624999999942,0,0,2,110.2384893986849
5207,15632826,Tardent,493.0,France,Male,26.0,3,134006.77,1,1,0,1632.4624999999942,0,0,2,82.08872791871205
5208,15751022,Bowhay,515.5,Germany,Female,26.0,10,121532.17,2,1,1,1632.4624999999942,0,0,4,74.44714350253095
5209,15664737,Lei,515.5,Spain,Female,26.0,7,0.0,2,1,1,1632.4624999999942,0,1,4,0.0
5210,15681126,Baker,515.5,Spain,Female,26.0,2,0.0,1,1,1,1632.4624999999942,0,1,3,0.0
5211,15738954,Pisano,515.5,France,Male,26.0,7,129717.3,2,0,0,1632.4624999999942,0,0,2,79.4611208526998
5212,15662263,Castillo,515.5,Germany,Male,22.0,4,94762.16,2,1,1,1632.4624999999942,0,0,4,58.04859835984002
5213,15621611,Gibson,515.5,Germany,Male,26.0,5,155196.17,1,0,1,1632.4624999999942,1,0,2,95.06875043071469
5214,15783752,Lindsay,515.5,Germany,Male,26.0,4,129514.99,1,1,1,1632.4624999999942,0,0,3,79.33719151282217
5215,15709474,Macnamara,515.5,Germany,Female,26.0,3,113386.36,2,1,1,1632.4624999999942,1,0,4,69.45725246368625
5216,15701280,Romano,515.5,France,Male,24.0,3,0.0,1,0,1,1632.4624999999942,1,0,2,0.0
5217,15671104,Aksakova,515.5,Spain,Male,26.0,3,172196.23,1,1,1,1632.4624999999942,0,0,3,105.48250266085783
5218,15796434,Farnsworth,515.5,France,Male,26.0,5,97612.12,1,1,1,1632.4624999999942,0,0,3,59.79440262793194
5220,15625819,Arnold,515.5,France,Female,26.0,7,0.0,1,1,0,1632.4624999999942,0,1,2,0.0
5221,15753174,Thompson,515.5,Germany,Male,26.0,9,139592.98,3,1,0,1632.4624999999942,1,0,4,85.51068094979242
5222,15654067,Koch,515.5,Spain,Female,26.0,4,0.0,2,1,0,1632.4624999999942,0,0,3,0.0
5224,15624695,Otitodilinna,515.5,Spain,Female,26.0,7,140301.72,1,0,1,1632.4624999999942,0,0,2,85.94483487369573
5225,15718216,Fleetwood-Smith,515.5,Spain,Male,26.0,3,0.0,1,1,0,1632.4624999999942,0,0,2,0.0
5226,15586300,Chinonyelum,515.5,France,Male,26.0,7,0.0,2,1,1,1632.4624999999942,0,0,4,0.0
5227,15783349,Montague,481.0,Spain,Male,26.0,1,111233.09,1,1,1,1632.4624999999942,0,0,3,68.13822063293973
5228,15725767,Milani,515.5,France,Male,23.0,3,0.0,2,1,0,1632.4624999999942,0,0,3,0.0
5229,15791925,Palermo,515.5,France,Male,26.0,10,147737.63,1,0,1,1632.4624999999942,0,0,2,90.49986140569877
5230,15793585,Anderson,515.5,France,Male,26.0,8,0.0,2,1,1,1632.4624999999942,0,0,4,0.0
5231,15576641,Crawford,515.5,Germany,Male,26.0,5,125725.02,2,1,1,1632.4624999999942,0,0,4,77.01556391035044
5232,15749519,Lin,515.5,France,Male,26.0,6,128289.7,3,1,0,1632.4624999999942,1,0,4,78.58661378132757
5233,15684960,Yewen,515.5,France,Female,26.0,5,0.0,1,1,0,1632.4624999999942,1,0,2,0.0
5234,15591286,Simmons,515.5,Germany,Female,26.0,4,88826.07,1,1,1,1632.4624999999942,1,0,3,54.41231881283663
5235,15668323,Mbadiwe,515.5,France,Female,26.0,1,143443.61,1,1,0,1632.4624999999942,1,0,2,87.86946713936798
5236,15608528,Munro,515.5,France,Female,26.0,9,0.0,4,1,1,1632.4624999999942,1,1,6,0.0
5237,15645184,Graham,515.5,France,Male,26.0,2,0.0,2,1,0,1632.4624999999942,0,1,3,0.0
5238,15702566,Lombardo,515.5,Spain,Male,26.0,8,149134.46,1,1,1,1632.4624999999942,0,0,3,91.35551965205971
5239,15660840,Kalinin,515.5,France,Male,26.0,3,124119.54,1,1,0,1632.4624999999942,0,0,2,76.03209262081086
5240,15750811,Woodward,515.5,Germany,Male,26.0,3,116822.7,1,0,0,1632.4624999999942,0,0,1,71.56225640711527
5241,15733842,Pirozzi,515.5,France,Female,24.0,1,103219.47,1,1,0,1632.4624999999942,0,0,2,63.229305420492274
5242,15581526,Iweobiegbulam,515.5,France,Male,26.0,1,0.0,2,0,0,1632.4624999999942,0,0,2,0.0
5243,15662751,Piazza,515.5,Germany,Female,26.0,0,81954.6,1,1,1,1632.4624999999942,1,0,3,50.20305213749185
5244,15684319,Baranova,515.5,Germany,Female,26.0,10,95196.26,1,1,0,1632.4624999999942,1,0,2,58.31451564737342
5245,15702190,Fan,515.5,Spain,Male,26.0,5,0.0,2,1,1,1632.4624999999942,0,0,4,0.0
5246,15588517,Sun,515.5,France,Male,26.0,7,0.0,2,1,1,1632.4624999999942,0,1,4,0.0
5247,15801863,Marino,515.5,France,Female,26.0,2,136555.01,2,1,1,1632.4624999999942,0,0,4,83.64970711425255
5248,15584271,Donaldson,515.5,France,Male,26.0,5,0.0,1,1,1,1632.4624999999942,0,1,3,0.0
5249,15700366,Burton,515.5,France,Male,26.0,3,119452.03,1,1,1,1632.4624999999942,0,0,3,73.17290902547558
5250,15804038,Quinn,515.5,France,Male,26.0,9,0.0,1,0,1,1632.4624999999942,1,0,2,0.0
5252,15743759,Brooks,515.5,France,Male,26.0,5,0.0,2,1,1,1632.4624999999942,0,1,4,0.0
5253,15749947,Black,515.5,France,Female,26.0,7,0.0,2,1,1,1632.4624999999942,0,0,4,0.0
5254,15670496,Schwartz,515.5,Spain,Female,26.0,9,0.0,2,0,0,1632.4624999999942,0,1,2,0.0
5256,15745533,Sargent,515.5,France,Female,26.0,1,110314.21,2,1,0,1632.4624999999942,1,0,3,67.57534093432493
5257,15761497,Udinesi,515.5,Spain,Female,26.0,1,163760.82,1,0,0,1632.4624999999942,1,0,1,100.31521091602447
5258,15628600,Lee,515.5,Germany,Female,26.0,1,141069.18,3,1,1,1632.4624999999942,0,0,5,86.41495899599562
5259,15627002,Taylor,515.5,France,Male,26.0,1,115934.74,1,1,1,1632.4624999999942,0,0,3,71.01831741923654
5260,15614635,Kepley,515.5,France,Male,26.0,2,151457.88,1,0,1,1632.4624999999942,0,0,2,92.77878052328954
5261,15731281,Ozuluonye,515.5,Germany,Female,26.0,3,154206.07,2,1,1,1632.4624999999942,0,0,4,94.46224338997101
5263,15659194,Mishina,515.5,France,Male,26.0,8,89182.09,1,1,1,1632.4624999999942,0,0,3,54.63040651776094
5264,15745030,Trevisano,515.5,Germany,Male,26.0,1,79706.25,2,1,0,1632.4624999999942,0,0,3,48.8257770086604
5265,15691817,Iloerika,515.5,Spain,Female,26.0,5,0.0,3,0,0,1632.4624999999942,1,0,3,0.0
5266,15707488,Tan,515.5,France,Female,26.0,5,0.0,2,1,0,1632.4624999999942,0,1,3,0.0
5267,15784700,Chikelu,515.5,France,Male,26.0,7,117799.28,1,1,1,1632.4624999999942,0,0,3,72.16048148119815
5268,15710397,Lin,515.5,France,Male,26.0,4,0.0,2,1,0,1632.4624999999942,0,1,3,0.0
5269,15687648,Nicholson,515.5,France,Male,26.0,1,0.0,2,0,0,1632.4624999999942,0,0,2,0.0
5270,15732281,Ugoji,515.5,Germany,Male,26.0,6,146422.22,1,1,0,1632.4624999999942,1,0,2,89.69407873075218
5271,15607230,Michel,515.5,Germany,Male,26.0,9,150186.22,2,1,1,1632.4624999999942,0,0,4,91.9997978514058
5272,15567630,Bruce,515.5,Germany,Male,26.0,6,100275.88,1,1,0,1632.4624999999942,1,0,2,61.426146082988346
5273,15587507,Feng,515.5,France,Male,26.0,6,0.0,1,1,0,1632.4624999999942,1,1,2,0.0
5274,15733904,McDonald,515.5,France,Male,26.0,9,147493.89,1,1,0,1632.4624999999942,0,0,2,90.35055322863498
5275,15709511,Watt,515.5,France,Male,26.0,8,0.0,2,1,0,1632.4624999999942,0,1,3,0.0
5276,15579616,Goodwin,515.5,France,Female,26.0,8,0.0,2,0,1,1632.4624999999942,0,1,3,0.0
5277,15694852,Arcuri,515.5,France,Male,26.0,4,121823.4,2,1,1,1632.4624999999942,0,0,4,74.62554270006228
5278,15589924,Rapuluolisa,515.5,Spain,Female,26.0,1,0.0,2,1,1,1632.4624999999942,0,1,4,0.0
5279,15799300,Kao,510.0,Germany,Male,26.0,0,113688.63,1,1,0,1632.4624999999942,1,0,2,69.6424144505619
5280,15731330,Tsui,515.5,Spain,Female,26.0,7,100471.34,1,1,1,1632.4624999999942,0,0,3,61.54587930810071
5281,15694129,Summers,515.5,Germany,Female,26.0,3,100032.52,1,1,0,1632.4624999999942,1,0,2,61.27707068309401
5282,15620372,Cross,515.5,Spain,Male,26.0,3,0.0,2,0,0,1632.4624999999942,0,0,2,0.0
5283,15744622,Osorio,515.5,France,Male,26.0,8,116358.0,1,1,0,1632.4624999999942,0,0,2,71.27759443172533
5284,15799815,Bobrov,515.5,Germany,Female,23.0,4,163549.63,1,0,1,1632.4624999999942,0,0,2,100.18584194123945
5285,15759250,Barnett,515.5,Germany,Male,26.0,3,99183.9,1,1,1,1632.4624999999942,0,0,3,60.75723025796938
5286,15732643,Pike,386.0,Spain,Female,26.0,1,131955.07,1,1,1,1632.4624999999942,1,0,3,80.83191497507629
5287,15690540,Gearheart,515.5,Spain,Female,26.0,1,134177.06,1,0,0,1632.4624999999942,0,0,1,82.19304271920518
5288,15803078,Bruno,515.5,Spain,Female,26.0,1,0.0,2,1,0,1632.4624999999942,0,0,3,0.0
5289,15652180,Egobudike,515.5,France,Male,26.0,2,0.0,2,1,1,1632.4624999999942,0,1,4,0.0
5291,15743490,Zikoranachidimma,515.5,Germany,Female,26.0,9,94348.94,1,1,0,1632.4624999999942,1,0,2,57.795471565196955
5292,15575510,Milanesi,515.5,France,Female,26.0,2,155584.21,1,0,1,1632.4624999999942,0,0,2,95.3064526750235
5293,15732610,Ahern,515.5,France,Female,26.0,6,0.0,2,1,0,1632.4624999999942,0,1,3,0.0
5294,15602909,Dickson,515.5,Spain,Female,26.0,10,0.0,2,1,1,1632.4624999999942,0,1,4,0.0
5295,15734058,Anayochukwu,509.0,Germany,Male,26.0,9,170661.47,1,1,1,1632.4624999999942,0,0,3,104.5423524276978
5296,15801788,McDonald,515.5,Germany,Female,26.0,6,185544.36,1,1,0,1632.4624999999942,0,0,2,113.65918665819316
5297,15702462,Fiorentini,515.5,Spain,Female,26.0,6,52831.13,1,1,1,1632.4624999999942,1,0,3,32.36284447575377
5298,15683416,Russo,515.5,Germany,Male,26.0,8,97750.07,3,1,1,1632.4624999999942,1,0,5,59.878906866161
5299,15794187,Young,515.5,France,Male,26.0,6,114007.5,2,1,0,1632.4624999999942,0,0,3,69.83774512431398
5300,15792989,Bianchi,515.5,France,Female,26.0,1,104308.77,1,1,1,1632.4624999999942,0,0,3,63.89657955389504
5301,15613734,Fallaci,515.5,France,Female,26.0,6,84719.13,2,1,1,1632.4624999999942,0,0,4,51.896524422460125
5302,15606177,Crawford,515.5,France,Male,26.0,2,0.0,2,1,0,1632.4624999999942,0,0,3,0.0
5303,15636700,Marsh,515.5,France,Male,26.0,9,140236.98,1,0,1,1632.4624999999942,0,0,2,85.90517699487768
5305,15671345,Piccio,515.5,Spain,Female,26.0,6,75302.85,2,0,0,1632.4624999999942,0,0,2,46.12837967181499
5306,15652469,Nevels,515.5,France,Male,26.0,1,0.0,2,1,0,1632.4624999999942,0,0,3,0.0
5307,15749638,Kaodilinakachukwu,515.5,France,Female,26.0,9,104760.82,1,1,1,1632.4624999999942,1,0,3,64.17349249982794
5308,15728706,Amaechi,515.5,France,Female,26.0,7,0.0,1,1,0,1632.4624999999942,1,0,2,0.0
5309,15735439,P'an,449.0,Spain,Female,26.0,1,113693.0,1,0,0,1632.4624999999942,0,0,1,69.6450913880107
5310,15778696,Ikemefuna,515.5,Spain,Female,26.0,5,174180.39,1,1,0,1632.4624999999942,0,0,2,106.69794252547953
5311,15624744,Tai,515.5,Germany,Male,26.0,9,115766.26,1,0,0,1632.4624999999942,1,0,1,70.91511137315584
5312,15584338,Winn,515.5,France,Female,26.0,0,0.0,2,1,0,1632.4624999999942,0,0,3,0.0
5313,15726178,Hardy,515.5,Spain,Female,26.0,8,0.0,2,1,0,1632.4624999999942,0,1,3,0.0
5314,15794939,Chiu,515.5,France,Female,26.0,5,121215.9,2,1,1,1632.4624999999942,0,0,4,74.25340551467518
5315,15788068,Lopez,515.5,Germany,Male,26.0,10,144677.19,3,1,0,1632.4624999999942,1,0,4,88.62512308858581
5316,15572956,Steen,515.5,France,Male,26.0,5,115350.63,1,1,1,1632.4624999999942,0,0,3,70.6605082812012
5317,15780386,Ferri,515.5,Spain,Male,26.0,5,105683.63,1,1,0,1632.4624999999942,0,0,2,64.73877960443218
5318,15791114,Yegorova,515.5,France,Male,26.0,1,135179.49,1,1,0,1632.4624999999942,0,0,2,82.80710276652631
5319,15708046,Knowles,515.5,Spain,Male,26.0,0,117551.23,1,1,0,1632.4624999999942,0,0,2,72.00853312097547
5320,15719779,May,515.5,Germany,Male,25.0,1,157404.02,2,1,0,1632.4624999999942,0,0,3,96.42121641385364
5321,15591550,Bianchi,515.5,Spain,Male,26.0,3,77910.23,1,1,0,1632.4624999999942,0,0,2,47.725586345781466
5322,15639368,Pipes,515.5,France,Male,25.0,0,110942.9,1,0,0,1632.4624999999942,0,0,1,67.96045850976692
5323,15699830,Doherty,515.5,France,Female,26.0,7,0.0,2,1,1,1632.4624999999942,0,1,4,0.0
5324,15569264,Yobanna,515.5,France,Male,26.0,5,179305.09,1,1,1,1632.4624999999942,0,0,3,109.83718768425041
5325,15595158,Hsu,515.5,Germany,Male,26.0,5,150593.59,2,1,1,1632.4624999999942,0,0,4,92.24934110278217
5326,15599126,Russell,515.5,France,Female,26.0,0,123815.86,1,1,1,1632.4624999999942,1,0,3,75.8460669081222
5327,15650575,Payne,515.5,Spain,Female,26.0,6,0.0,2,1,1,1632.4624999999942,1,1,4,0.0
5329,15680234,Bray,515.5,Germany,Male,26.0,2,138032.15,1,1,0,1632.4624999999942,0,0,2,84.55456097766441
5330,15592230,Seleznyov,515.5,France,Male,26.0,3,0.0,2,1,1,1632.4624999999942,0,1,4,0.0
5331,15626212,Wark,515.5,France,Male,26.0,9,0.0,1,1,1,1632.4624999999942,0,1,3,0.0
5332,15700627,Y?,515.5,Germany,Female,26.0,2,143500.82,1,1,0,1632.4624999999942,1,0,2,87.90451235480172
5333,15782641,Brown,515.5,Spain,Female,26.0,3,119670.18,1,1,0,1632.4624999999942,0,0,2,73.30654149789072
5334,15784445,Huang,515.5,Spain,Male,26.0,1,99106.73,1,0,0,1632.4624999999942,0,0,1,60.709958115424
5335,15813681,Zito,515.5,Germany,Male,24.0,2,120135.55,2,1,1,1632.4624999999942,0,0,4,73.59161389618471
5336,15596649,Bailey,515.5,France,Female,26.0,8,0.0,1,1,0,1632.4624999999942,0,1,2,0.0
5337,15700460,Allnutt,515.5,France,Female,26.0,4,120905.03,1,0,1,1632.4624999999942,1,0,2,74.06297541291174
5338,15724076,Christie,515.5,Spain,Female,26.0,5,0.0,3,0,0,1632.4624999999942,1,0,3,0.0
5339,15784000,Pope,515.5,Germany,Female,26.0,9,102277.52,1,0,0,1632.4624999999942,1,0,1,62.65229369740522
5340,15733966,Johnstone,496.0,Germany,Female,26.0,4,125292.53,1,1,1,1632.4624999999942,1,0,3,76.75063286292975
5341,15612667,Bird,515.5,Spain,Male,26.0,0,0.0,1,1,0,1632.4624999999942,0,1,2,0.0
5342,15654025,Jones,515.5,France,Female,26.0,4,101629.3,1,0,0,1632.4624999999942,0,0,1,62.25521260059595
5343,15589431,Pedder,515.5,Germany,Male,26.0,1,171937.27,1,1,1,1632.4624999999942,0,0,3,105.32387114558564
5344,15578238,Calabrese,515.5,France,Male,26.0,7,0.0,2,1,0,1632.4624999999942,0,1,3,0.0
5345,15566269,Chialuka,515.5,France,Male,25.0,5,0.0,2,1,0,1632.4624999999942,0,0,3,0.0
5346,15639217,McKenzie,515.5,France,Male,26.0,6,0.0,2,0,0,1632.4624999999942,0,1,2,0.0
5347,15688644,Holloway,515.5,France,Male,26.0,1,129743.75,1,1,0,1632.4624999999942,0,0,2,79.47732336883723
5348,15662426,Tang,515.5,Spain,Male,26.0,1,0.0,1,0,1,1632.4624999999942,1,0,2,0.0
5349,15720511,Byrne,515.5,Germany,Male,26.0,3,151191.31,1,1,0,1632.4624999999942,1,0,2,92.61548733891317
5350,15567246,Selwyn,515.5,Germany,Male,26.0,3,102630.13,2,1,1,1632.4624999999942,0,0,4,62.86829253351937
5351,15647965,Genovese,477.0,France,Female,26.0,9,114023.64,2,1,1,1632.4624999999942,1,0,4,69.84763202830105
5352,15679048,Koger,515.5,Germany,Male,26.0,2,124227.14,1,1,1,1632.4624999999942,0,0,3,76.09800531405803
5353,15675749,Baranov,515.5,France,Female,23.0,1,0.0,2,1,1,1632.4624999999942,0,1,4,0.0
5354,15782181,Greco,515.5,Spain,Male,26.0,6,80285.16,1,1,0,1632.4624999999942,1,0,2,49.18040077490312
5355,15795738,Owens,515.5,France,Male,26.0,4,175477.15,1,1,1,1632.4624999999942,0,0,3,107.4923007419776
5356,15773751,Y?,515.5,France,Female,26.0,1,132144.35,1,1,0,1632.4624999999942,0,0,2,80.94786250832743
5357,15655436,Kendall,515.5,Germany,Male,26.0,2,136911.07,1,1,1,1632.4624999999942,1,0,3,83.8678193220368
5358,15691396,Ko,405.0,Germany,Male,26.0,5,133299.67,2,1,1,1632.4624999999942,0,0,4,81.65557861206642
5359,15796958,Tang,515.5,France,Male,26.0,7,0.0,2,1,0,1632.4624999999942,0,0,3,0.0
5360,15801832,Lombardo,515.5,Germany,Male,26.0,1,117691.0,1,1,1,1632.4624999999942,1,0,3,72.09415223933195
5361,15661349,Perkins,515.5,France,Male,26.0,10,0.0,2,1,0,1632.4624999999942,0,0,3,0.0
5362,15719265,Feng,515.5,France,Male,26.0,9,0.0,2,1,0,1632.4624999999942,0,1,3,0.0
5363,15779985,Lo,515.5,Germany,Female,26.0,1,133199.71,2,1,1,1632.4624999999942,0,0,4,81.5943459650684
5364,15663410,Piccio,515.5,Spain,Male,26.0,5,135506.58,3,1,1,1632.4624999999942,1,0,5,83.00746877799672
5365,15704144,Mazzanti,515.5,Germany,Male,26.0,2,127154.14,2,0,1,1632.4624999999942,0,0,3,77.89100209040052
5366,15774104,Chukwualuka,515.5,Spain,Male,26.0,2,0.0,2,1,1,1632.4624999999942,0,0,4,0.0
5367,15812230,Elliot,515.5,Germany,Female,26.0,5,49508.79,3,1,1,1632.4624999999942,0,0,5,30.327673683162814
5368,15742848,Gratton,515.5,France,Male,26.0,5,0.0,1,1,1,1632.4624999999942,0,0,3,0.0
5369,15745326,Carandini,515.5,France,Female,26.0,3,75051.49,1,0,0,1632.4624999999942,1,0,1,45.97440369993202
5370,15674541,Robinson,515.5,Spain,Male,26.0,8,123925.23,1,0,0,1632.4624999999942,1,0,1,75.91306385292185
5371,15728564,Lo,515.5,France,Male,26.0,6,0.0,2,0,1,1632.4624999999942,1,1,3,0.0
5372,15580701,Ma,515.5,France,Male,26.0,3,153819.58,1,1,0,1632.4624999999942,1,0,2,94.22549063148497
5373,15688973,Vinogradova,515.5,Spain,Female,26.0,5,0.0,2,1,1,1632.4624999999942,0,0,4,0.0
5374,15709412,H?,515.5,Spain,Male,26.0,6,0.0,2,0,1,1632.4624999999942,0,0,3,0.0
5376,15705352,Yang,515.5,Spain,Male,26.0,7,111484.88,1,1,1,1632.4624999999942,0,0,3,68.29246001056711
5377,15602500,Maslova,515.5,Spain,Male,26.0,1,146343.98,1,0,1,1632.4624999999942,0,0,2,89.64615113670331
5378,15672437,Buccho,515.5,France,Male,26.0,1,160541.0,2,1,1,1632.4624999999942,0,0,4,98.34284095346788
5379,15720968,Young,515.5,Germany,Male,26.0,2,130274.26,2,1,0,1632.4624999999942,0,0,3,79.8022986745487
5381,15768219,Sung,515.5,Spain,Male,26.0,0,0.0,2,1,0,1632.4624999999942,0,1,3,0.0
5382,15663883,Hansen,515.5,Germany,Male,26.0,9,141827.33,2,1,1,1632.4624999999942,0,0,4,86.87938007764375
5383,15589296,Brown,515.5,France,Female,26.0,6,110054.45,1,1,1,1632.4624999999942,0,0,3,67.41621936185388
5384,15586425,Lo Duca,515.5,France,Male,26.0,4,0.0,2,1,1,1632.4624999999942,0,1,4,0.0
5385,15679813,Ellis,515.5,Spain,Male,26.0,1,0.0,1,1,0,1632.4624999999942,0,0,2,0.0
5386,15681410,Korff,515.5,Germany,Female,26.0,6,98088.09,1,0,1,1632.4624999999942,1,0,2,60.085968284110876
5387,15668283,Gardiner,515.5,France,Male,26.0,9,118317.27,4,0,0,1632.4624999999942,1,0,4,72.4777873917474
5389,15669664,Thompson,515.5,Germany,Male,26.0,1,99774.5,1,0,0,1632.4624999999942,1,0,1,61.1190149850305
5390,15682728,Mathews,515.5,France,Female,26.0,4,0.0,2,0,0,1632.4624999999942,0,1,2,0.0
5391,15573851,Macrossan,515.5,France,Female,26.0,1,0.0,3,0,0,1632.4624999999942,1,0,3,0.0
5392,15733661,Illingworth,515.5,Spain,Female,26.0,8,133806.54,2,1,0,1632.4624999999942,0,0,3,81.96607272755146
5393,15710012,Bowen,515.5,Spain,Male,26.0,2,0.0,2,1,0,1632.4624999999942,1,0,3,0.0
5394,15763327,Craig,515.5,France,Male,26.0,8,124993.29,2,1,1,1632.4624999999942,0,0,4,76.56732696769478
5395,15668853,Menhennitt,515.5,Spain,Female,26.0,0,157622.58,1,1,1,1632.4624999999942,0,0,3,96.5551000405832
5396,15639303,Moore,515.5,Germany,Male,26.0,5,126111.61,1,0,1,1632.4624999999942,0,0,2,77.25237792598632
5397,15691011,Shoebridge,515.5,France,Male,26.0,9,161651.37,2,1,1,1632.4624999999942,0,0,4,99.02302196834572
5398,15638513,Palermo,515.5,France,Female,26.0,7,142856.95,2,0,0,1632.4624999999942,0,0,2,87.51009594401128
5399,15648933,Reilly,515.5,Germany,Male,26.0,3,111100.98,1,1,1,1632.4624999999942,1,0,3,68.05729381226239
5400,15628904,Bowen,515.5,Spain,Male,26.0,8,102918.38,1,1,1,1632.4624999999942,0,0,3,63.04486626798494
5401,15644788,Fyodorov,515.5,France,Female,26.0,5,0.0,2,1,0,1632.4624999999942,0,1,3,0.0
5402,15598161,Clements,515.5,France,Male,26.0,10,0.0,2,1,0,1632.4624999999942,0,1,3,0.0
5403,15745624,McKenzie,515.5,France,Male,26.0,4,0.0,2,1,0,1632.4624999999942,0,0,3,0.0
5405,15801417,Iloerika,515.5,France,Male,26.0,4,82500.28,1,1,1,1632.4624999999942,0,0,3,50.53732015283677
5406,15592707,Dolgorukova,515.5,Germany,Female,26.0,2,175754.87,2,1,1,1632.4624999999942,0,0,4,107.66242409856314
5407,15593954,Eva,515.5,France,Female,26.0,6,109387.33,1,0,0,1632.4624999999942,0,0,1,67.00756066372146
5408,15714431,Yeh,515.5,France,Male,26.0,1,100443.36,2,0,1,1632.4624999999942,0,0,3,61.528739557570454
5409,15638257,P'an,515.5,Spain,Female,26.0,0,83102.72,2,1,1,1632.4624999999942,0,0,4,50.906357726441065
5410,15690939,Howe,515.5,Spain,Male,26.0,7,0.0,1,1,1,1632.4624999999942,0,0,3,0.0
5411,15723613,Jenkins,515.5,France,Female,26.0,4,0.0,2,1,0,1632.4624999999942,0,0,3,0.0
5412,15813640,Shih,515.5,France,Female,26.0,7,0.0,2,1,0,1632.4624999999942,0,0,3,0.0
5413,15707322,Nnamdi,515.5,France,Female,26.0,2,115290.27,1,0,0,1632.4624999999942,1,0,1,70.62353346554694
5414,15588918,Mitchell,515.5,France,Female,26.0,6,0.0,2,1,0,1632.4624999999942,0,1,3,0.0
5415,15600357,Findlay,495.0,France,Female,26.0,1,140197.71,2,1,0,1632.4624999999942,0,0,3,85.88112131212846
5416,15747014,Pisani,515.5,France,Female,26.0,1,105245.34,1,0,1,1632.4624999999942,0,0,2,64.47029564231973
5417,15809830,Belisario,515.5,France,Male,26.0,8,0.0,2,0,1,1632.4624999999942,0,0,3,0.0
5418,15662245,Pomeroy,515.5,France,Male,26.0,1,0.0,2,1,1,1632.4624999999942,0,0,4,0.0
5419,15651075,Ibrahimova,515.5,Germany,Male,26.0,3,142296.13,1,0,1,1632.4624999999942,0,0,2,87.16655359617786
5420,15594456,K?,515.5,Spain,Female,26.0,4,99097.33,1,1,1,1632.4624999999942,1,0,3,60.70419994333735
5421,15583462,Graham,515.5,France,Male,26.0,5,171069.39,2,1,1,1632.4624999999942,0,0,4,104.7922325933984
5422,15757661,Trevisano,515.5,France,Female,26.0,7,0.0,2,0,0,1632.4624999999942,0,0,2,0.0
5423,15729117,Trevisano,515.5,France,Female,26.0,1,102523.88,1,1,1,1632.4624999999942,0,0,3,62.80320681179529
5424,15749671,K?,515.5,France,Male,26.0,6,0.0,2,1,1,1632.4624999999942,0,0,4,0.0
5425,15566253,Manning,515.5,Germany,Male,26.0,9,143391.07,1,0,0,1632.4624999999942,1,0,1,87.83728263283261
5426,15595153,Tucker,515.5,Germany,Female,26.0,8,106022.73,2,0,0,1632.4624999999942,0,0,2,64.94650259960052
5427,15698572,Schaffer,515.5,Spain,Female,26.0,1,0.0,1,1,0,1632.4624999999942,0,0,2,0.0
5428,15674149,Esomchi,515.5,Germany,Male,26.0,3,128960.21,2,1,1,1632.4624999999942,0,0,4,78.99734909684018
5429,15623082,Ch'ang,507.0,France,Female,26.0,2,0.0,2,1,0,1632.4624999999942,0,0,3,0.0
5430,15797905,Walker,515.5,France,Female,26.0,7,0.0,2,1,0,1632.4624999999942,0,0,3,0.0
5433,15616471,Milne,515.5,Spain,Male,26.0,0,0.0,1,1,1,1632.4624999999942,0,1,3,0.0
5434,15641575,Anenechukwu,515.5,France,Male,26.0,2,127261.35,1,1,0,1632.4624999999942,0,0,2,77.95667588076324
5435,15638803,Donaldson,515.5,Spain,Female,26.0,5,0.0,2,1,0,1632.4624999999942,0,1,3,0.0
5436,15808283,Kelly,515.5,France,Female,26.0,4,0.0,1,1,0,1632.4624999999942,0,1,2,0.0
5437,15811200,Ts'ao,515.5,France,Female,26.0,2,0.0,2,0,0,1632.4624999999942,0,1,2,0.0
5438,15733476,Gonzalez,515.5,Germany,Male,26.0,6,73481.05,1,1,1,1632.4624999999942,0,0,3,45.012396915702666
5439,15633274,Tai,515.5,France,Male,26.0,7,160515.37,1,1,0,1632.4624999999942,0,0,2,98.32714074595928
5440,15582168,Muravyova,515.5,Germany,Female,26.0,4,149525.34,2,1,0,1632.4624999999942,0,0,3,91.59496159942451
5441,15807269,Milanesi,515.5,Germany,Male,26.0,2,166522.78,1,0,0,1632.4624999999942,1,0,1,102.00710889224138
5442,15602979,Lin,515.5,France,Male,26.0,1,135536.5,1,1,0,1632.4624999999942,0,0,2,83.02579691723423
5443,15660417,Lambert,515.5,Germany,Female,26.0,10,120481.69,1,0,0,1632.4624999999942,1,0,1,73.80364939470306
5444,15590199,Temple,515.5,Spain,Male,26.0,1,103421.32,1,0,1,1632.4624999999942,0,0,2,63.35295297748057
5445,15641794,Ridley,515.5,France,Male,26.0,5,135658.73,2,0,1,1632.4624999999942,0,0,3,83.10067153150563
5446,15779174,Young,451.0,France,Female,26.0,2,0.0,2,1,1,1632.4624999999942,0,1,4,0.0
5447,15785547,Slye,515.5,France,Male,26.0,8,191402.82,2,1,0,1632.4624999999942,0,0,3,117.24791227976182
5448,15795124,Pan,515.5,Germany,Male,26.0,9,94504.35,1,0,1,1632.4624999999942,0,0,2,57.890671301791215
5449,15718912,Hsueh,515.5,Germany,Female,26.0,5,126147.84,1,0,1,1632.4624999999942,1,0,2,77.27457139137987
5450,15592028,Roberts,515.5,France,Female,26.0,7,0.0,1,1,1,1632.4624999999942,0,1,3,0.0
5451,15580227,Moss,515.5,France,Male,26.0,6,0.0,2,1,0,1632.4624999999942,0,1,3,0.0
5452,15657830,Andrews,515.5,France,Male,26.0,4,87624.03,2,1,0,1632.4624999999942,0,0,3,53.675983368684
5453,15798256,Takasuka,515.5,France,Female,26.0,1,153697.53,2,0,0,1632.4624999999942,1,0,2,94.15072628008333
5454,15643819,Dawson,515.5,France,Female,25.0,4,0.0,2,0,0,1632.4624999999942,0,0,2,0.0
5455,15754301,Bruche,515.5,France,Male,26.0,5,0.0,1,1,0,1632.4624999999942,0,0,2,0.0
5456,15726855,Oliver,515.5,Germany,Female,26.0,9,116585.97,1,1,0,1632.4624999999942,1,0,2,71.41724235625652
5457,15755225,Ryan,515.5,Germany,Male,26.0,9,134464.58,2,1,0,1632.4624999999942,0,0,3,82.36916927647677
5458,15725221,Sabbatini,515.5,Germany,Male,26.0,10,83008.31,1,1,1,1632.4624999999942,0,0,3,50.848524851260166
5459,15789055,Watt,515.5,Spain,Male,26.0,2,113635.16,1,1,0,1632.4624999999942,0,0,2,69.60966025253285
5460,15617507,Wilson,515.5,Spain,Female,26.0,7,0.0,2,1,0,1632.4624999999942,0,0,3,0.0
5461,15668894,Abramova,515.5,Germany,Male,26.0,5,122552.48,2,0,1,1632.4624999999942,0,0,3,75.0721563282467
5462,15589563,Purdy,515.5,Spain,Male,26.0,2,118899.45,2,0,0,1632.4624999999942,0,0,2,72.83441426679046
5463,15693162,Higgins,515.5,France,Female,26.0,5,99713.87,1,0,0,1632.4624999999942,0,0,1,61.08187477507162
5464,15750099,Marshall,515.5,France,Female,26.0,6,0.0,1,0,0,1632.4624999999942,0,1,1,0.0
5465,15795540,Reye,515.5,France,Female,26.0,2,134208.22,1,0,1,1632.4624999999942,0,0,2,82.21213044710092
5466,15794941,Chibueze,515.5,Germany,Female,26.0,1,85906.65,3,1,0,1632.4624999999942,0,0,4,52.623965328453366
5467,15611848,Kwemtochukwu,515.5,Germany,Male,26.0,3,137714.25,1,0,1,1632.4624999999942,0,0,2,84.35982449826595
5468,15581237,Biryukova,515.5,Spain,Male,26.0,1,160777.9,1,1,1,1632.4624999999942,0,0,3,98.4879591414814
5469,15738150,Chidozie,515.5,France,Male,26.0,5,0.0,2,1,1,1632.4624999999942,0,1,4,0.0
5471,15736124,Thompson,515.5,France,Male,25.0,1,102585.88,2,1,1,1632.4624999999942,0,0,4,62.841186244707224
5472,15623202,Maslov,515.5,Germany,Female,26.0,10,102556.18,2,1,0,1632.4624999999942,1,0,3,62.8229928711994
5473,15804201,Jones,457.0,Germany,Male,26.0,4,126772.57,1,0,1,1632.4624999999942,0,0,2,77.6572631836875
5474,15596863,Chidumaga,515.5,Germany,Female,26.0,3,158373.23,1,1,1,1632.4624999999942,0,0,3,97.01492683599199
5475,15696277,Hs?,515.5,France,Female,26.0,9,0.0,2,1,0,1632.4624999999942,0,1,3,0.0
5476,15748608,Trentini,515.5,Germany,Male,26.0,5,141927.1,1,1,1,1632.4624999999942,0,0,3,86.94049633605704
5477,15723864,Lucas,515.5,Spain,Male,26.0,1,109876.82,2,1,0,1632.4624999999942,1,0,3,67.30740828656118
5478,15802390,Willoughby,515.5,France,Female,26.0,2,0.0,2,1,1,1632.4624999999942,0,1,4,0.0
5479,15774336,Jamieson,515.5,Germany,Male,26.0,9,111369.79,2,1,1,1632.4624999999942,0,0,4,68.22195915679558
5480,15648766,Robertson,515.5,Spain,Male,26.0,3,116969.35,1,0,0,1632.4624999999942,0,0,1,71.65209001738198
5481,15659094,Ojiofor,515.5,Germany,Female,26.0,8,136729.51,2,0,0,1632.4624999999942,0,0,2,83.75660084075469
5482,15606397,Cameron,515.5,Germany,Female,26.0,1,152086.15,1,0,1,1632.4624999999942,1,0,2,93.16364081870213
5483,15642619,Mayne,515.5,Spain,Male,26.0,2,0.0,2,1,0,1632.4624999999942,0,1,3,0.0
5484,15666032,Mancini,515.5,Spain,Male,26.0,1,127289.28,1,0,0,1632.4624999999942,0,0,1,77.97378500271856
5485,15595842,Paramor,515.5,Germany,Male,26.0,2,119852.01,1,0,0,1632.4624999999942,1,0,1,73.41792537347744
5486,15753837,Young,515.5,Spain,Male,26.0,4,0.0,2,1,1,1632.4624999999942,0,1,4,0.0
5487,15783882,Daly,515.5,Spain,Female,26.0,5,0.0,2,0,1,1632.4624999999942,0,0,3,0.0
5488,15799790,Carter,515.5,France,Male,26.0,9,0.0,1,1,1,1632.4624999999942,0,0,3,0.0
5489,15628155,Dike,410.0,France,Female,26.0,7,117183.74,1,1,1,1632.4624999999942,0,0,3,71.78341922096246
5490,15703778,Hughes,515.5,France,Male,26.0,8,129907.63,1,0,1,1632.4624999999942,0,0,2,79.57771158602446
5491,15722322,Green,515.5,Spain,Female,26.0,2,0.0,2,0,1,1632.4624999999942,0,1,3,0.0
5492,15639278,Chinomso,515.5,Germany,Female,26.0,6,145387.32,2,1,1,1632.4624999999942,1,0,4,89.06012848687215
5493,15568487,Gorshkov,515.5,France,Male,26.0,7,124616.23,1,1,1,1632.4624999999942,0,0,3,76.33635075844036
5494,15682084,Chinomso,515.5,France,Male,26.0,9,0.0,2,1,0,1632.4624999999942,0,0,3,0.0
5495,15642821,Ijendu,383.0,Spain,Female,26.0,8,95808.19,1,0,0,1632.4624999999942,1,0,1,58.68936652449924
5496,15601387,Yen,515.5,France,Male,26.0,10,0.0,2,1,0,1632.4624999999942,0,0,3,0.0
5497,15642515,Arcuri,515.5,France,Female,26.0,1,0.0,2,0,1,1632.4624999999942,0,0,3,0.0
5498,15710421,Baresi,515.5,Spain,Female,26.0,8,117152.3,1,0,0,1632.4624999999942,0,0,1,71.76415997304711
5499,15726774,Field,515.5,France,Male,26.0,3,106250.72,1,0,0,1632.4624999999942,0,0,1,65.08616277556169
5500,15649078,Christian,515.5,Germany,Female,26.0,8,111837.78,2,1,1,1632.4624999999942,0,0,4,68.50863649241585
5501,15641877,Ross,515.5,France,Male,26.0,9,97023.21,1,1,1,1632.4624999999942,0,0,3,59.433653146703435
5502,15796496,Trevisani,515.5,France,Female,26.0,8,137687.72,1,1,0,1632.4624999999942,0,0,2,84.34357297640864
5503,15815690,Akabueze,515.5,Spain,Female,26.0,3,113348.5,1,1,1,1632.4624999999942,0,0,3,69.43406050675001
5505,15625584,Martin,515.5,France,Male,26.0,2,120452.4,2,0,0,1632.4624999999942,0,0,2,73.78570717550966
5506,15802466,Donaldson,515.5,France,Female,26.0,7,0.0,2,1,1,1632.4624999999942,0,0,4,0.0
5507,15697028,McClinton,515.5,Spain,Male,26.0,0,65812.35,2,0,1,1632.4624999999942,0,0,3,40.314769864545276
5508,15575759,Bentley,515.5,Spain,Female,26.0,3,54428.37,1,1,0,1632.4624999999942,1,0,2,33.34126817614506
5509,15567442,Ibezimako,515.5,France,Female,26.0,3,0.0,2,1,1,1276.87,0,0,4,0.0
5510,15746805,Thomson,515.5,France,Male,26.0,9,0.0,2,1,0,1632.4624999999942,0,0,3,0.0
5511,15636330,Ch'in,515.5,Germany,Female,26.0,1,143279.58,2,1,0,1632.4624999999942,1,0,3,87.76898703645597
5512,15714970,Holbrook,515.5,Germany,Male,26.0,0,103846.65,1,1,0,1632.4624999999942,0,0,2,63.61349801297143
5513,15653784,Solomina,515.5,France,Male,26.0,2,125190.86,1,0,1,1632.4624999999942,0,0,2,76.68835271866915
5514,15693543,McDonald,515.5,France,Female,26.0,8,0.0,2,0,1,1632.4624999999942,0,0,3,0.0
5515,15773283,Dennis,515.5,France,Male,26.0,6,38340.02,1,1,0,1632.4624999999942,1,0,2,23.48600350697191
5516,15742534,Faulk,515.5,Germany,Female,26.0,2,123802.98,2,1,1,1632.4624999999942,0,0,4,75.83817698722049
5517,15569878,Dale,515.5,France,Male,26.0,3,96651.03,1,1,1,1632.4624999999942,0,0,3,59.205666286362074
5518,15729454,Gorbunov,465.0,France,Male,26.0,8,0.0,2,1,0,1632.4624999999942,0,1,3,0.0
5519,15578375,Farrell,515.5,France,Male,26.0,6,0.0,2,0,0,1632.4624999999942,0,1,2,0.0
5520,15785559,De Luca,515.5,France,Male,26.0,1,133237.21,1,1,0,1632.4624999999942,1,0,2,81.61731739626514
5521,15649414,Walker,515.5,France,Female,26.0,6,142105.35,1,1,1,1632.4624999999942,0,0,3,87.04968720567885
5522,15701605,Forster,515.5,France,Male,26.0,1,166115.42,1,1,0,1632.4624999999942,0,0,2,101.75757176658
5523,15686696,Brown,515.5,France,Female,26.0,6,81070.34,2,1,0,1632.4624999999942,0,0,3,49.66137966415785
5524,15625586,Monaldo,515.5,France,Male,26.0,4,0.0,1,1,1,1632.4624999999942,0,1,3,0.0
5525,15654975,Wu,515.5,France,Female,26.0,0,123835.52,2,0,1,1632.4624999999942,0,0,3,75.85811006378428
5526,15782993,Pan,515.5,France,Male,26.0,10,123401.43,2,1,1,1632.4624999999942,0,0,4,75.59219890196586
5527,15774382,Longo,515.5,Germany,Male,26.0,4,169377.31,1,1,1,1632.4624999999942,0,0,3,103.75571261208181
5528,15689602,Findlay,515.5,France,Male,26.0,2,130015.24,1,1,1,1632.4624999999942,0,0,3,79.64363040498662
5529,15756155,Fu,515.5,France,Male,26.0,4,0.0,2,0,1,1632.4624999999942,0,0,3,0.0
5530,15812647,Yin,515.5,France,Male,26.0,8,133936.04,2,1,0,1632.4624999999942,0,0,3,82.04540073661752
5531,15736043,Hamilton,515.5,France,Male,26.0,6,114543.27,1,1,1,1632.4624999999942,0,0,3,70.16594255610798
5532,15696744,Miller,515.5,France,Female,26.0,3,119794.67,1,0,0,1632.4624999999942,0,0,1,73.3828005237489
5533,15602572,Hsing,515.5,France,Male,26.0,9,0.0,2,1,1,1632.4624999999942,0,1,4,0.0
5534,15674765,Mitchell,515.5,Spain,Male,26.0,4,0.0,1,1,0,1632.4624999999942,0,0,2,0.0
5535,15678725,Chamberlin,515.5,France,Female,26.0,8,0.0,2,0,1,1632.4624999999942,0,1,3,0.0
5536,15694444,Buttenshaw,515.5,Germany,Female,26.0,8,157138.99,3,1,0,1632.4624999999942,1,0,4,96.2588665895851
5537,15795878,Anayochukwu,515.5,Spain,Male,26.0,3,0.0,2,1,1,1632.4624999999942,0,1,4,0.0
5538,15735346,Wallace,515.5,Germany,Female,26.0,10,136733.24,1,1,1,1632.4624999999942,0,0,3,83.75888573244438
5539,15687094,Calabresi,515.5,Germany,Female,26.0,9,82498.14,2,0,0,1632.4624999999942,0,0,2,50.53600924982981
5540,15790067,Sun,515.5,Spain,Male,26.0,3,151914.93,1,0,0,1632.4624999999942,0,0,1,93.05875632671534
5541,15605742,Tuan,515.5,France,Male,26.0,0,80090.93,1,1,0,1632.4624999999942,1,0,2,49.061421012734
5542,15566740,Nazarova,515.5,Spain,Male,26.0,3,83739.32,1,0,1,1632.4624999999942,0,0,2,51.29632074243684
5543,15664897,Bryant,515.5,France,Female,26.0,2,181166.44,1,1,1,1632.4624999999942,1,0,3,110.97739764313155
5544,15585777,Pai,515.5,France,Male,26.0,3,130588.82,1,1,1,1632.4624999999942,0,0,3,79.9949891651419
5545,15650864,Power,507.0,France,Male,26.0,6,0.0,2,1,0,1632.4624999999942,0,0,3,0.0
5546,15806709,Hao,515.5,Germany,Male,26.0,6,94126.67,1,0,0,1632.4624999999942,0,0,1,57.659315298207666
5547,15633818,McMillan,515.5,France,Male,26.0,9,0.0,2,1,0,1632.4624999999942,0,1,3,0.0
5548,15713845,Merrett,515.5,France,Male,26.0,7,148045.68,1,1,0,1632.4624999999942,1,0,2,90.68856405583621
5549,15639662,Phillips,515.5,France,Male,26.0,2,0.0,2,1,0,96.27,0,0,3,0.0
5550,15567013,De Luca,515.5,Spain,Male,26.0,3,0.0,2,1,0,1632.4624999999942,0,0,3,0.0
5551,15777784,Tu,515.5,France,Female,26.0,6,168165.84,1,0,1,1632.4624999999942,0,0,2,103.01360061869758
5553,15651315,Dilke,515.5,France,Male,26.0,3,0.0,2,1,0,1632.4624999999942,0,1,3,0.0
5554,15651450,Panicucci,515.5,Germany,Male,26.0,3,123212.08,2,1,1,1632.4624999999942,0,0,4,75.47620848870982
5555,15784218,Mason,515.5,Spain,Male,26.0,0,0.0,2,1,1,1632.4624999999942,0,0,4,0.0
5556,15572398,Townsend,515.5,Spain,Female,26.0,6,0.0,2,1,1,1632.4624999999942,0,1,4,0.0
5557,15707962,Gunson,515.5,France,Male,26.0,6,119501.88,2,1,0,1632.4624999999942,0,0,3,73.20344571467977
5558,15705663,Milano,515.5,Germany,Female,26.0,5,144550.83,2,1,1,1632.4624999999942,0,0,4,88.54771855402528
5559,15645355,Macleod,515.5,Germany,Male,26.0,3,126729.41,1,1,1,1632.4624999999942,1,0,3,77.63082459780881
5560,15729557,Olisaemeka,515.5,Germany,Male,26.0,5,119984.07,1,1,0,1632.4624999999942,1,0,2,73.49882156557987
5561,15631436,Gleeson,515.5,France,Male,26.0,4,0.0,1,1,0,1632.4624999999942,0,1,2,0.0
5562,15583073,Martin,515.5,Spain,Female,26.0,2,0.0,1,1,1,1632.4624999999942,1,0,3,0.0
5563,15614361,Liao,515.5,Spain,Male,26.0,9,121490.05,1,1,1,1632.4624999999942,0,0,3,74.42134199101078
5564,15724684,Sung,515.5,Spain,Male,26.0,5,91897.8,1,1,0,1632.4624999999942,0,0,2,56.293973062168554
5565,15700083,Lai,515.5,Spain,Male,26.0,2,139443.75,2,1,0,1632.4624999999942,0,0,3,85.41926690505937
5566,15636541,Cartwright,515.5,Germany,Male,26.0,5,144961.97,1,0,1,1632.4624999999942,0,0,2,88.79957119995132
5567,15796015,Wu,515.5,Germany,Male,26.0,3,126041.02,1,0,1,1632.4624999999942,0,0,2,77.20913650390159
5568,15787222,Ch'in,515.5,Germany,Male,26.0,1,69459.05,2,1,1,1632.4624999999942,0,0,4,42.548634348415504
5569,15594270,Biryukov,515.5,France,Male,26.0,7,198338.77,2,1,1,1632.4624999999942,0,0,4,121.496677565335
5570,15701524,Ting,515.5,France,Male,26.0,0,0.0,2,1,0,1632.4624999999942,0,0,3,0.0
5571,15645847,P'eng,515.5,Germany,Male,26.0,2,109196.66,3,1,0,1632.4624999999942,1,0,4,66.89076165608729
5572,15708867,Niu,515.5,Spain,Female,26.0,3,134168.5,3,1,0,1632.4624999999942,1,0,4,82.18779910717734
5573,15613140,Mellor,515.5,France,Male,26.0,6,0.0,1,1,1,1632.4624999999942,0,0,3,0.0
5574,15628893,Power,515.5,France,Male,26.0,8,0.0,1,1,0,1632.4624999999942,0,0,2,0.0
5575,15764073,Arcuri,503.0,Spain,Female,26.0,9,0.0,2,1,1,1632.4624999999942,0,0,4,0.0
5576,15782879,Lang,515.5,France,Male,26.0,2,0.0,2,1,1,1632.4624999999942,0,1,4,0.0
5577,15635964,Eve,515.5,Germany,Male,26.0,4,120100.41,1,1,0,1632.4624999999942,1,0,2,73.57008813372462
5578,15726087,Ch'in,515.5,France,Female,26.0,5,0.0,1,1,1,1632.4624999999942,0,1,3,0.0
5579,15726313,Napolitani,515.5,Spain,Female,26.0,5,0.0,2,1,0,1632.4624999999942,0,1,3,0.0
5581,15786249,Whitfield,515.5,Spain,Male,26.0,2,0.0,2,1,0,1632.4624999999942,0,1,3,0.0
5582,15812850,Stradford,494.0,Spain,Male,26.0,5,0.0,2,1,1,1632.4624999999942,0,0,4,0.0
5583,15596972,Brownlow,515.5,France,Male,26.0,3,0.0,1,0,0,1632.4624999999942,0,1,1,0.0
5584,15620579,Dunn,515.5,Spain,Female,26.0,8,0.0,2,0,1,1632.4624999999942,0,1,3,0.0
5585,15768270,DeRose,515.5,Spain,Female,26.0,9,0.0,2,1,0,1632.4624999999942,0,1,3,0.0
5586,15656597,Wang,432.0,Germany,Male,26.0,2,135559.8,2,1,1,1632.4624999999942,0,0,4,83.04006983315112
5587,15699446,Hobbs,515.5,Germany,Female,25.0,2,150355.35,2,1,1,1632.4624999999942,0,0,4,92.10340206896056
5588,15615004,Anderson,515.5,France,Female,26.0,1,0.0,2,1,1,1632.4624999999942,0,1,4,0.0
5589,15704771,Ugochukwu,515.5,France,Female,26.0,6,133489.12,2,1,1,1632.4624999999942,0,0,4,81.77163028247232
5590,15588372,Kirsova,515.5,Germany,Female,26.0,9,105489.31,1,0,0,1632.4624999999942,1,0,1,64.6197447108282
5592,15607509,Ozerova,515.5,France,Male,26.0,5,0.0,2,1,0,1632.4624999999942,0,0,3,0.0
5594,15597968,Fyans,515.5,Spain,Male,26.0,7,0.0,1,1,0,1632.4624999999942,1,1,2,0.0
5595,15658432,Freeman,515.5,France,Male,26.0,6,0.0,1,1,1,1632.4624999999942,0,0,3,0.0
5596,15616431,Chiu,515.5,France,Male,26.0,4,0.0,1,0,1,1632.4624999999942,0,1,2,0.0
5597,15796957,Iadanza,515.5,Spain,Male,26.0,9,0.0,3,0,1,1632.4624999999942,1,0,4,0.0
5598,15815552,Ferguson,515.5,France,Female,26.0,6,112333.63,1,1,1,1632.4624999999942,0,0,3,68.81238006998655
5599,15631871,Kelly,515.5,Germany,Female,26.0,7,116936.81,1,1,1,1632.4624999999942,0,0,3,71.63215694081819
5600,15635870,She,515.5,Germany,Female,26.0,5,117721.02,1,0,1,1632.4624999999942,1,0,2,72.11254163571931
5601,15596713,Christie,515.5,France,Male,26.0,7,165896.22,2,1,1,1632.4624999999942,0,0,4,101.62329609409134
5602,15684211,Creel,515.5,Spain,Female,26.0,9,153656.85,1,1,0,1632.4624999999942,0,0,2,94.12580687152112
5603,15760521,Thompson,515.5,France,Female,26.0,1,94164.0,1,1,1,1632.4624999999942,0,0,3,57.682182592249646
5604,15608408,Lazareva,515.5,Spain,Male,26.0,1,0.0,2,1,0,1632.4624999999942,0,1,3,0.0
5605,15804721,Boni,515.5,France,Male,26.0,0,191808.73,1,0,0,1632.4624999999942,0,0,1,117.49656117675028
5606,15730272,Evseev,515.5,France,Male,26.0,5,152199.33,1,1,1,1632.4624999999942,0,0,3,93.23297166091137
5607,15741988,Marino,492.0,Germany,Female,26.0,8,125396.24,1,1,0,1632.4624999999942,1,0,2,76.81416265304743
5608,15771728,Mackenzie,515.5,Germany,Male,26.0,7,104405.54,3,1,0,1632.4624999999942,0,0,4,63.95585809781258
5609,15605113,Sutherland,515.5,France,Female,26.0,1,133801.49,1,1,1,1632.4624999999942,0,0,3,81.96297924148362
5610,15661945,Nicolay,515.5,Spain,Female,26.0,4,0.0,3,1,0,1632.4624999999942,0,0,4,0.0
5611,15783816,Lori,515.5,France,Female,26.0,5,0.0,2,0,0,1632.4624999999942,0,0,2,0.0
5612,15721207,Piazza,515.5,Germany,Male,26.0,6,100047.33,1,1,0,1632.4624999999942,0,0,2,61.28614286698797
5613,15764072,Somerville,515.5,France,Female,26.0,1,109848.6,1,1,1,1632.4624999999942,0,0,3,67.29012151887127
5614,15689412,Christie,515.5,France,Female,26.0,7,127849.38,1,1,0,1632.4624999999942,0,0,2,78.316886299073
5615,15798385,Grave,512.0,Spain,Female,26.0,3,0.0,2,1,1,1632.4624999999942,0,0,4,0.0
5616,15775339,Lori,515.5,France,Female,26.0,8,95947.76,1,1,0,1632.4624999999942,0,0,2,58.77486312855599
5617,15585256,Iloerika,515.5,Spain,Male,26.0,2,0.0,2,1,1,1632.4624999999942,0,0,4,0.0
5618,15797329,Muir,515.5,France,Male,26.0,4,137638.69,1,1,0,1632.4624999999942,1,0,2,84.31353859583328
5619,15780220,Pauley,515.5,France,Male,26.0,10,0.0,1,1,1,1632.4624999999942,0,1,3,0.0
5620,15648951,Kao,515.5,Spain,Male,26.0,7,0.0,2,1,1,1632.4624999999942,0,1,4,0.0
5621,15752409,Grant,515.5,France,Male,26.0,6,0.0,2,0,0,1632.4624999999942,0,1,2,0.0
5622,15807524,Chukwuma,515.5,France,Female,26.0,4,0.0,2,0,0,1632.4624999999942,0,1,2,0.0
5623,15766649,Vincent,515.5,France,Male,26.0,10,89416.99,1,0,0,1632.4624999999942,0,0,1,54.774299562777294
5624,15696812,Lazareva,515.5,Spain,Male,26.0,6,0.0,2,1,1,1632.4624999999942,0,1,4,0.0
5625,15581295,Ch'ien,515.5,Spain,Female,26.0,1,0.0,1,1,0,1632.4624999999942,0,1,2,0.0
5626,15663234,Bishop,508.0,France,Female,26.0,7,143262.04,1,1,1,1632.4624999999942,0,0,3,87.75824253237089
5627,15741417,Chibuzo,515.5,Spain,Female,26.0,7,119656.45,2,1,1,1632.4624999999942,0,0,4,73.29813089121522
5628,15695174,Chang,515.5,France,Male,26.0,4,132954.64,1,1,1,1632.4624999999942,0,0,3,81.44422306791151
5629,15665168,Calabrese,515.5,Germany,Female,26.0,3,105206.7,2,1,1,1632.4624999999942,0,0,4,64.44662587961461
5630,15601503,Tokaryev,515.5,Spain,Male,26.0,4,0.0,2,0,0,1632.4624999999942,0,0,2,0.0
5631,15706131,Logan,515.5,Spain,Female,26.0,9,83061.26,2,1,0,1632.4624999999942,0,0,3,50.88096051210995
5632,15782758,Ozerova,515.5,France,Male,26.0,5,147650.68,1,1,1,1632.4624999999942,0,0,3,90.44659831389727
5633,15591091,Goering,515.5,France,Male,26.0,5,73348.56,1,1,0,1632.4624999999942,1,0,2,44.93123731785585
5634,15715877,Lo,515.5,France,Male,26.0,2,0.0,2,1,0,1632.4624999999942,0,0,3,0.0
5635,15756918,Simmons,515.5,France,Female,26.0,2,0.0,2,0,0,1632.4624999999942,0,0,2,0.0
5636,15746662,Maduabuchim,515.5,Spain,Female,26.0,1,116320.68,1,0,1,1632.4624999999942,0,0,2,71.25473326339834
5637,15626679,Linger,515.5,France,Male,26.0,3,0.0,2,0,1,1632.4624999999942,0,0,3,0.0
5638,15793343,Yeh,515.5,France,Female,26.0,8,0.0,2,1,1,1632.4624999999942,0,1,4,0.0
5639,15576774,Stevenson,515.5,France,Female,26.0,7,0.0,2,0,0,1632.4624999999942,0,0,2,0.0
5640,15801316,Ifeatu,515.5,France,Male,26.0,8,66250.71,1,1,1,1632.4624999999942,0,0,3,40.58329670666263
5641,15800514,Kenechukwu,477.0,Germany,Female,24.0,2,95675.62,2,0,0,1632.4624999999942,1,0,2,58.60815792093254
5642,15662232,Learmonth,515.5,Germany,Male,26.0,2,92616.64,2,1,0,1632.4624999999942,0,0,3,56.73431395820751
5643,15737778,Dickson,515.5,Spain,Female,26.0,4,0.0,1,1,0,1632.4624999999942,0,1,2,0.0
5644,15782096,Volkova,515.5,Spain,Female,26.0,6,0.0,1,1,1,1632.4624999999942,1,0,3,0.0
5645,15783522,Mitchell,515.5,Spain,Female,26.0,8,100565.94,1,1,1,1632.4624999999942,0,0,3,61.603828571866345
5646,15785373,Wong,515.5,Spain,Female,26.0,5,190305.78,1,1,0,1632.4624999999942,1,0,2,116.57589684296005
5647,15756272,James,515.5,Germany,Female,26.0,9,118536.4,1,1,0,1632.4624999999942,1,0,2,72.61202018423113
5649,15600174,Walton,515.5,France,Male,26.0,7,165358.77,1,0,1,1632.4624999999942,0,0,2,101.29406954217973
5650,15752956,Stanley,515.5,Spain,Male,26.0,6,0.0,2,1,1,1632.4624999999942,0,0,4,0.0
5651,15644882,Watson,515.5,Germany,Female,26.0,10,78249.53,1,1,0,1632.4624999999942,0,0,2,47.93343185524952
5652,15766272,Folliero,515.5,Germany,Female,26.0,0,125193.96,1,1,1,1632.4624999999942,0,0,3,76.69025169031475
5653,15800620,Fitzgerald,515.5,France,Female,26.0,9,0.0,2,0,0,1632.4624999999942,0,1,2,0.0
5654,15569764,Garner,515.5,Germany,Female,26.0,2,154007.21,1,1,0,1632.4624999999942,0,0,2,94.34042742176347
5655,15747458,Folliero,515.5,Spain,Female,26.0,3,133214.88,2,1,1,1632.4624999999942,0,0,4,81.60363867470186
5656,15573171,Liao,515.5,Spain,Male,26.0,1,146202.93,1,1,1,1632.4624999999942,1,0,3,89.55974792682865
5657,15736769,Lucchesi,515.5,France,Female,26.0,9,0.0,2,1,0,1632.4624999999942,0,1,3,0.0
5658,15763381,Chan,496.0,France,Male,26.0,0,90963.49,1,0,1,1632.4624999999942,0,0,2,55.72164138533065
5659,15814430,Ma,515.5,Spain,Male,26.0,9,0.0,1,1,0,1632.4624999999942,1,0,2,0.0
5660,15638607,Nwabugwu,515.5,France,Female,26.0,2,0.0,1,1,0,1632.4624999999942,1,1,2,0.0
5661,15737133,P'eng,515.5,Spain,Male,26.0,4,114386.85,1,1,1,1632.4624999999942,0,0,3,70.07012412230016
5662,15613945,Andrews,472.0,France,Female,26.0,5,0.0,2,1,0,1632.4624999999942,0,1,3,0.0
5663,15659937,Otutodilinna,515.5,France,Female,26.0,7,0.0,2,0,1,1632.4624999999942,0,1,3,0.0
5664,15765287,Grant,515.5,France,Female,26.0,2,0.0,2,1,0,1632.4624999999942,0,0,3,0.0
5665,15661723,Abramovich,515.5,Spain,Male,26.0,4,137260.78,1,0,1,1632.4624999999942,1,0,2,84.08204170080506
5666,15766064,Komarova,515.5,France,Male,26.0,9,111060.05,2,1,0,1632.4624999999942,0,0,3,68.03222126082554
5667,15649616,Otutodilichukwu,515.5,Spain,Male,26.0,7,124447.73,1,1,1,1632.4624999999942,1,0,3,76.2331324609297
5668,15719017,Donaldson,515.5,France,Female,26.0,8,0.0,2,1,1,1632.4624999999942,0,0,4,0.0
5669,15720919,Duggan,515.5,France,Male,26.0,7,0.0,1,0,1,1632.4624999999942,1,1,2,0.0
5670,15706706,Chinwendu,515.5,Germany,Male,26.0,7,135310.41,2,0,1,1632.4624999999942,0,0,3,82.88730062712037
5671,15709653,Hamilton,497.0,France,Male,26.0,8,0.0,2,1,0,1632.4624999999942,0,0,3,0.0
5672,15805104,Smith,515.5,France,Female,26.0,6,0.0,2,0,1,1632.4624999999942,0,1,3,0.0
5673,15622442,Mazzi,515.5,France,Male,26.0,5,0.0,2,1,0,1632.4624999999942,0,1,3,0.0
5674,15572801,Krischock,515.5,Spain,Male,26.0,5,139393.19,2,0,0,1632.4624999999942,0,0,2,85.3882952900912
5675,15767598,Kent,515.5,Spain,Male,26.0,8,0.0,2,0,0,1632.4624999999942,0,1,2,0.0
5676,15757897,Binder,515.5,France,Female,26.0,3,104258.8,1,1,1,428.23,0,0,3,243.46449337972584
5677,15568104,Zubarev,515.5,France,Female,26.0,6,0.0,2,0,1,1632.4624999999942,0,0,3,0.0
5678,15763414,Degtyarev,515.5,Germany,Male,26.0,9,113447.01,1,1,0,1632.4624999999942,0,0,2,69.49440492507509
5679,15732265,Obialo,515.5,France,Male,26.0,9,0.0,2,1,0,1632.4624999999942,0,0,3,0.0
5680,15621974,Davydova,515.5,Germany,Female,26.0,4,111063.73,2,1,0,1632.4624999999942,0,0,3,68.0344755239403
5681,15803947,Teng,515.5,Germany,Female,26.0,6,161378.02,1,0,0,1632.4624999999942,1,0,1,98.85557554920898
5682,15720706,Hsing,515.5,Spain,Female,26.0,2,82766.43,1,1,1,1632.4624999999942,0,0,3,50.700356057183726
5683,15759290,Coleman,515.5,Spain,Male,26.0,9,0.0,2,1,0,1632.4624999999942,0,0,3,0.0
5684,15651664,Wilder,515.5,France,Female,26.0,1,104267.7,1,1,0,1632.4624999999942,1,0,2,63.87142124244837
5685,15795132,Molineux,515.5,France,Female,25.0,3,91718.8,1,0,0,1632.4624999999942,0,0,1,56.1843227639228
5686,15811565,Cocci,515.5,Spain,Female,26.0,3,63488.7,1,0,1,1632.4624999999942,1,0,2,38.891368101870775
5687,15713774,Chikwendu,515.5,Spain,Female,26.0,6,12459.19,1,0,0,1632.4624999999942,1,0,1,7.632144689387992
5688,15691840,Fraser,505.0,Germany,Female,26.0,6,159863.9,2,0,1,1632.4624999999942,0,0,3,97.92806879177964
5690,15612931,Korovin,515.5,Spain,Female,26.0,4,132088.59,1,1,1,1632.4624999999942,0,0,3,80.91370552156663
5691,15676707,Sidorov,515.5,Spain,Female,26.0,4,0.0,2,1,0,1632.4624999999942,0,0,3,0.0
5692,15601383,Ibrahimova,515.5,Spain,Male,26.0,5,120654.68,1,1,0,1632.4624999999942,0,0,2,73.90961813824234
5693,15662662,Duigan,515.5,France,Female,26.0,6,0.0,2,1,0,1632.4624999999942,0,0,3,0.0
5694,15752694,Taylor,515.5,France,Female,26.0,4,83772.95,1,0,1,1632.4624999999942,0,0,2,51.31692152193407
5695,15590683,Donaldson,515.5,France,Female,26.0,6,172325.67,1,0,1,1632.4624999999942,0,0,2,105.56179391563397
5696,15773591,Jobson,515.5,France,Male,26.0,7,117685.31,2,1,1,1632.4624999999942,0,0,4,72.09066670750502
5697,15723620,Lu,515.5,France,Male,26.0,7,0.0,2,0,1,1632.4624999999942,0,0,3,0.0
5698,15671779,Nebechi,515.5,France,Male,26.0,5,0.0,2,0,0,1632.4624999999942,0,1,2,0.0
5699,15672966,Cross,515.5,Spain,Female,26.0,9,0.0,2,1,1,1632.4624999999942,0,1,4,0.0
5700,15624667,Wallace,515.5,France,Male,26.0,6,135871.5,1,1,1,1632.4624999999942,0,0,3,83.23100836925839
5701,15812888,Perreault,447.0,France,Male,26.0,3,0.0,4,1,1,1632.4624999999942,1,1,6,0.0
5702,15724154,Manna,515.5,Germany,Female,26.0,4,128504.76,1,1,0,1632.4624999999942,1,0,2,78.71835340781209
5703,15749540,Hsiung,515.5,France,Male,26.0,7,0.0,2,1,0,1632.4624999999942,0,0,3,0.0
5704,15621063,Gibbons,515.5,France,Female,26.0,8,56228.25,1,1,0,1632.4624999999942,0,0,2,34.443823365008505
5705,15661626,Algeranoff,515.5,Germany,Female,26.0,6,98792.4,1,1,0,1632.4624999999942,1,0,2,60.517408516275474
5706,15698703,Doherty,515.5,Germany,Male,26.0,5,181768.32,2,1,1,1632.4624999999942,0,0,4,111.34609217669664
5707,15801431,Rowe,515.5,Spain,Female,26.0,9,101198.01,1,1,1,1632.4624999999942,0,0,3,61.99101663897355
5709,15626156,Galloway,515.5,France,Female,26.0,3,0.0,2,1,1,1632.4624999999942,0,0,4,0.0
5710,15606158,Genovese,515.5,France,Female,26.0,9,0.0,1,1,0,1632.4624999999942,0,0,2,0.0
5711,15589496,Arrington,515.5,France,Male,26.0,5,139064.06,2,0,0,1632.4624999999942,0,0,2,85.18667963276368
5712,15730345,Miah,515.5,France,Female,26.0,2,104508.1,1,1,1,1632.4624999999942,0,0,3,64.01868343070691
5713,15572038,Chijindum,515.5,Germany,Male,26.0,9,113948.58,1,1,0,1632.4624999999942,1,0,2,69.80165241161767
5714,15643439,Ferguson,515.5,France,Male,26.0,10,0.0,2,0,1,1632.4624999999942,0,0,3,0.0
5715,15604158,Smith,515.5,France,Female,26.0,10,0.0,2,1,1,1632.4624999999942,0,0,4,0.0
5716,15657396,Marshall,515.5,France,Male,26.0,9,0.0,2,0,1,1632.4624999999942,0,1,3,0.0
5717,15709478,P'an,515.5,Germany,Male,26.0,1,117524.72,2,0,1,1632.4624999999942,0,0,3,71.99229385054812
5718,15628824,Burton,515.5,France,Female,26.0,5,160389.82,1,0,1,1632.4624999999942,0,0,2,98.25023239431263
5719,15814519,Kamdibe,515.5,France,Female,26.0,7,0.0,2,1,0,1632.4624999999942,0,1,3,0.0
5720,15636520,Milani,515.5,France,Male,26.0,1,125547.53,1,0,0,1632.4624999999942,0,0,1,76.90683859506754
5721,15794414,Forbes,507.0,Spain,Male,26.0,6,92783.68,1,1,1,1632.4624999999942,0,0,3,56.83663790133024
5722,15643671,Chiekwugo,515.5,Germany,Male,26.0,5,97036.22,2,1,0,1632.4624999999942,1,0,3,59.44162270189995
5723,15700650,Cousens,515.5,France,Male,26.0,3,0.0,2,0,0,1632.4624999999942,0,0,2,0.0
5724,15680224,Ross,515.5,France,Female,26.0,6,0.0,2,1,1,1632.4624999999942,0,0,4,0.0
5725,15784286,Wood,515.5,Spain,Male,26.0,5,102145.13,1,1,1,1632.4624999999942,0,0,3,62.571195356708266
5726,15693996,Hawks,507.0,France,Female,26.0,1,113452.66,1,0,0,1632.4624999999942,0,0,1,69.49786595404207
5727,15764343,T'ien,515.5,Spain,Female,26.0,8,155681.72,1,1,0,1632.4624999999942,0,0,2,95.36618452185
5728,15704168,Ting,515.5,Germany,Male,26.0,8,127475.24,1,0,0,1632.4624999999942,1,0,1,78.08769879859443
5729,15680197,Thynne,515.5,France,Male,26.0,10,0.0,2,1,1,1632.4624999999942,0,1,4,0.0
5730,15633729,Wang,488.0,France,Male,26.0,10,112751.13,1,1,1,1632.4624999999942,0,0,3,69.06812867064353
5731,15577683,Maclean,515.5,France,Female,26.0,4,0.0,2,1,1,1632.4624999999942,0,1,4,0.0
5732,15800746,Watson,515.5,France,Male,26.0,7,144889.18,1,1,1,1632.4624999999942,1,0,3,88.7549821205697
5733,15788686,Gibson,515.5,Spain,Male,26.0,8,0.0,2,1,1,1632.4624999999942,0,0,4,0.0
5735,15596647,Henderson,515.5,France,Male,26.0,8,69712.74,1,1,1,1632.4624999999942,0,0,3,42.704037611890165
5736,15756070,Greenwood,515.5,Spain,Female,26.0,4,0.0,2,0,1,1632.4624999999942,0,1,3,0.0
5737,15775116,Anderson,515.5,France,Male,26.0,3,0.0,2,0,0,1632.4624999999942,0,0,2,0.0
5738,15575428,Mistry,515.5,Germany,Female,26.0,2,117438.92,2,1,1,1632.4624999999942,0,0,4,71.93973521596999
5739,15654074,Tuan,515.5,France,Male,26.0,8,119315.75,1,1,0,1632.4624999999942,0,0,2,73.08942778164915
5740,15695872,Fiorentini,515.5,France,Female,26.0,1,89571.59,1,1,1,1632.4624999999942,0,0,3,54.86900311645769
5741,15568885,Scott,515.5,Germany,Female,26.0,8,102251.57,1,1,0,1632.4624999999942,0,0,2,62.63639746701708
5742,15725036,Jideofor,515.5,France,Male,26.0,9,118546.71,1,0,1,1632.4624999999942,0,0,2,72.6183357963815
5743,15632665,Yevseyev,515.5,France,Male,26.0,2,0.0,1,0,1,1632.4624999999942,1,1,2,0.0
5744,15571476,Kelly,515.5,Spain,Male,26.0,0,103257.14,1,0,0,1632.4624999999942,0,0,1,63.25238098884377
5745,15776850,Smith,515.5,Spain,Female,26.0,1,124209.02,1,1,1,1632.4624999999942,0,0,3,76.08690551850376
5746,15623649,Ogle,515.5,Spain,Male,26.0,3,0.0,2,1,1,1632.4624999999942,0,0,4,0.0
5747,15751131,Moss,515.5,Spain,Female,26.0,7,150302.84,1,1,1,1632.4624999999942,0,0,3,92.07123593957014
5748,15688128,Loggia,515.5,Spain,Male,26.0,8,108653.93,1,0,1,1632.4624999999942,0,0,2,66.55830072666318
5749,15678412,Nwankwo,515.5,France,Female,26.0,8,85325.93,1,0,0,1632.4624999999942,0,0,1,52.26823280779822
5750,15770291,Allan,515.5,France,Female,26.0,8,0.0,2,0,0,1632.4624999999942,0,1,2,0.0
5751,15583392,Woronoff,515.5,Germany,Male,26.0,9,135776.36,3,1,0,1632.4624999999942,1,0,4,83.17272831688352
5752,15690731,Wolfe,515.5,France,Male,26.0,6,131411.24,1,1,1,1632.4624999999942,0,0,3,80.49878021700374
5753,15697948,Henderson,515.5,Spain,Female,26.0,3,0.0,2,1,1,1632.4624999999942,0,0,4,0.0
5754,15608328,Sutherland,515.5,Spain,Female,26.0,6,0.0,2,0,0,1632.4624999999942,0,1,2,0.0
5755,15766378,Marsden,515.5,Germany,Female,26.0,9,106431.97,2,1,1,1632.4624999999942,0,0,4,65.19719135967925
5756,15600813,Hyde,515.5,France,Male,26.0,9,90305.76,1,1,1,1632.4624999999942,0,0,3,55.318734733569876
5757,15706217,Kao,515.5,Germany,Male,26.0,7,117466.03,2,1,1,1632.4624999999942,0,0,4,71.9563420292965
5758,15601417,T'ang,515.5,France,Male,26.0,3,148884.47,2,1,1,1632.4624999999942,0,0,4,91.2023829031298
5759,15610972,Crawford,515.5,Germany,Female,26.0,4,91115.76,2,0,0,1632.4624999999942,1,0,2,55.81491764741936
5760,15674620,Dilibe,515.5,Germany,Female,26.0,8,77373.87,2,0,1,1632.4624999999942,0,0,3,47.39702749680331
5762,15749119,Santiago,515.5,France,Female,26.0,3,0.0,2,1,1,1632.4624999999942,0,1,4,0.0
5763,15756535,Chibugo,515.5,Germany,Male,26.0,5,91538.51,1,1,1,1632.4624999999942,0,0,3,56.07388224844388
5764,15700965,Toscano,515.5,France,Female,26.0,6,0.0,2,1,1,1632.4624999999942,0,1,4,0.0
5765,15791851,Afanasyeva,515.5,France,Female,26.0,0,185734.75,1,1,1,1632.4624999999942,0,0,3,113.77581414580774
5766,15717156,Sokolov,515.5,France,Male,26.0,3,143396.54,2,1,1,898.51,0,0,4,159.59370513405528
5767,15740846,Wei,515.5,France,Male,26.0,5,125909.85,1,1,1,1632.4624999999942,0,0,3,77.12878550043291
5768,15573284,Olisanugo,515.5,France,Female,26.0,2,0.0,2,0,0,1632.4624999999942,0,0,2,0.0
5769,15729083,Gorman,515.5,France,Male,26.0,2,154525.7,1,0,1,1632.4624999999942,0,0,2,94.65803961806202
5770,15611612,Priestley,515.5,France,Female,26.0,0,0.0,1,1,0,1632.4624999999942,0,0,2,0.0
5771,15694381,Lloyd,515.5,France,Male,26.0,8,100654.8,1,1,0,1632.4624999999942,0,0,2,61.65826167523013
5772,15651737,Salmond,515.5,Spain,Male,26.0,1,83325.77,1,0,1,1632.4624999999942,0,0,2,51.04299179919925
5773,15663168,MacDonald,515.5,France,Male,26.0,8,110934.54,1,1,0,1632.4624999999942,0,0,2,67.9553374120388
5774,15643426,Robertson,515.5,Spain,Female,26.0,8,113680.54,1,0,0,1632.4624999999942,0,0,1,69.63745874713838
5775,15618245,Chukwumaobim,515.5,Germany,Male,26.0,1,117020.08,2,1,0,1632.4624999999942,0,0,3,71.68316576950491
5776,15717527,Ifeanacho,515.5,France,Female,26.0,9,145359.99,1,1,0,1632.4624999999942,0,0,2,89.04338690781596
5777,15793478,Li Fonti,515.5,Germany,Female,26.0,8,151391.68,1,1,0,1632.4624999999942,1,0,2,92.73822829008355
5778,15642248,Ko,515.5,Spain,Male,26.0,8,123935.35,1,1,1,1632.4624999999942,0,0,3,75.91926307648748
5779,15640377,Goloubev,515.5,France,Female,26.0,0,0.0,2,1,0,1632.4624999999942,0,0,3,0.0
5780,15723950,Kruglov,515.5,Spain,Male,26.0,2,70291.02,1,1,1,1632.4624999999942,1,0,3,43.05827545808878
5781,15590327,Liao,515.5,Germany,Female,26.0,10,166031.45,1,1,0,1632.4624999999942,0,0,2,101.70613413784427
5782,15706199,White,515.5,Germany,Male,26.0,6,96643.32,1,0,0,1632.4624999999942,0,0,1,59.20094336010803
5783,15671514,Sinclair,515.5,Spain,Female,26.0,8,0.0,2,0,1,1632.4624999999942,0,1,3,0.0
5784,15727041,Fiorentini,515.5,France,Male,26.0,7,0.0,2,1,1,1632.4624999999942,0,1,4,0.0
5785,15738063,Shen,515.5,France,Male,26.0,2,0.0,2,1,1,1632.4624999999942,0,0,4,0.0
5786,15711733,Rapuokwu,515.5,France,Male,26.0,4,0.0,2,0,1,1632.4624999999942,0,1,3,0.0
5787,15652320,Woronoff,515.5,France,Male,26.0,5,0.0,2,0,0,1632.4624999999942,0,1,2,0.0
5788,15634180,Holden,515.5,Germany,Male,26.0,4,97268.1,2,1,0,1632.4624999999942,0,0,3,59.58366578099059
5789,15694566,Roberts,515.5,France,Female,26.0,10,0.0,2,0,0,1632.4624999999942,1,1,2,0.0
5790,15726103,Tsou,515.5,Germany,Female,26.0,1,76296.81,1,1,0,1632.4624999999942,1,0,2,46.737251238543166
5791,15646351,Somerville,486.0,Spain,Male,26.0,7,0.0,2,1,0,1632.4624999999942,0,0,3,0.0
5792,15730044,Greco,515.5,Germany,Female,26.0,6,64497.94,3,0,1,1632.4624999999942,1,0,4,39.509599761097256
5793,15795186,Leonard,515.5,France,Male,26.0,5,0.0,1,1,0,1632.4624999999942,0,1,2,0.0
5794,15784890,McKenzie,515.5,Spain,Female,26.0,8,0.0,2,1,0,1632.4624999999942,0,0,3,0.0
5795,15694125,McElhone,515.5,France,Male,26.0,5,0.0,2,1,1,1632.4624999999942,0,0,4,0.0
5796,15565891,Dipietro,515.5,France,Male,26.0,8,0.0,2,1,0,1632.4624999999942,0,0,3,0.0
5797,15674254,Kerr,515.5,Spain,Female,26.0,4,0.0,2,1,1,1632.4624999999942,0,1,4,0.0
5798,15775206,Hunter,515.5,France,Male,26.0,10,0.0,2,0,0,1632.4624999999942,0,0,2,0.0
5799,15797627,Niehaus,515.5,Spain,Male,26.0,0,134249.7,1,0,1,1632.4624999999942,0,0,2,82.237539912862
5800,15649853,Craig,515.5,France,Female,26.0,3,0.0,1,1,1,1632.4624999999942,1,1,3,0.0
5801,15610379,Barclay-Harvey,515.5,France,Male,26.0,9,105443.68,1,1,1,1632.4624999999942,0,0,3,64.591793073348
5802,15659800,Teng,515.5,Spain,Female,26.0,1,0.0,1,0,1,1632.4624999999942,1,1,2,0.0
5803,15716236,Milani,499.0,France,Male,26.0,10,0.0,2,1,0,1632.4624999999942,0,0,3,0.0
5804,15672053,Mistry,515.5,Spain,Male,26.0,2,0.0,2,0,0,1632.4624999999942,0,0,2,0.0
5805,15663933,Jamieson,515.5,Germany,Female,26.0,5,86147.46,2,1,0,1632.4624999999942,1,0,3,52.77147867102632
5806,15814236,Kay,515.5,Spain,Female,26.0,1,96939.06,1,1,1,1632.4624999999942,0,0,3,59.382105255097954
5807,15583597,Ikedinachukwu,515.5,Spain,Male,26.0,1,106758.6,1,1,1,1632.4624999999942,0,0,3,65.3972755882603
5808,15607395,Holt,515.5,France,Female,26.0,9,112528.65,2,1,0,1632.4624999999942,0,0,3,68.93184376363953
5809,15694556,Nkemakolam,515.5,France,Male,26.0,2,116563.58,1,1,0,1632.4624999999942,1,0,2,71.40352688040333
5810,15744109,Hartung,515.5,France,Male,26.0,4,0.0,1,1,1,1632.4624999999942,0,1,3,0.0
5811,15800688,Ch'en,495.0,Spain,Female,26.0,7,0.0,2,0,0,1632.4624999999942,0,1,2,0.0
5812,15810878,Baker,515.5,Spain,Female,26.0,6,141786.78,1,0,1,1632.4624999999942,0,0,2,86.85454030337634
5813,15587835,Osinachi,515.5,France,Male,26.0,3,136416.82,1,0,1,1632.4624999999942,0,0,2,83.56505585886383
5814,15763515,Shih,513.0,France,Male,26.0,5,0.0,2,1,0,1632.4624999999942,0,1,3,0.0
5815,15725882,Feng,515.5,Germany,Female,26.0,1,133245.52,2,1,1,1632.4624999999942,0,0,4,81.62240786541832
5816,15788022,Sternberg,515.5,Germany,Female,26.0,4,90757.64,2,0,1,1632.4624999999942,0,0,3,55.59554354234803
5817,15663917,Adams,515.5,France,Male,26.0,1,92350.36,1,0,1,1632.4624999999942,0,0,2,56.57119841956573
5818,15656865,Gray,515.5,Germany,Male,26.0,9,78778.49,1,0,1,1632.4624999999942,0,0,2,48.2574576751382
5819,15667971,Shepherd,515.5,Germany,Female,26.0,6,102143.93,2,1,1,1632.4624999999942,0,0,4,62.57046027090996
5820,15800366,Walton,515.5,France,Male,26.0,5,0.0,1,1,1,1632.4624999999942,0,0,3,0.0
5821,15717231,Yang,515.5,Germany,Male,26.0,4,98459.6,1,0,0,1632.4624999999942,0,0,1,60.31354472154818
5822,15643188,Barnett,515.5,Germany,Female,26.0,7,114603.76,2,1,0,1632.4624999999942,1,0,3,70.20299700605705
5823,15671351,Romani,515.5,Spain,Male,26.0,2,0.0,2,1,0,1632.4624999999942,0,0,3,0.0
5824,15573628,Greene,515.5,Germany,Female,26.0,7,148074.79,1,1,0,1632.4624999999942,1,0,2,90.70639601215987
5825,15698953,Hart,515.5,Spain,Male,26.0,1,0.0,3,1,1,1632.4624999999942,1,0,5,0.0
5826,15753888,Johnston,515.5,Spain,Female,26.0,8,108004.64,1,1,1,1632.4624999999942,1,0,3,66.16056417835043
5827,15737961,Miller,509.0,Germany,Female,26.0,0,107712.57,2,1,1,1632.4624999999942,0,0,4,65.98165042076029
5828,15801701,Robson,515.5,Spain,Male,26.0,9,0.0,2,1,1,1632.4624999999942,0,0,4,0.0
5829,15684419,Wallace,515.5,Spain,Female,26.0,8,0.0,3,1,0,1632.4624999999942,0,0,4,0.0
5830,15794266,Cross,515.5,France,Male,26.0,9,145303.52,1,1,0,1632.4624999999942,0,0,2,89.00879499529117
5831,15810711,Marcum,515.5,Germany,Male,26.0,4,138476.41,2,1,1,1632.4624999999942,0,0,4,84.8267019916234
5832,15771270,North,515.5,France,Female,26.0,8,127471.56,1,1,1,1632.4624999999942,1,0,3,78.08544453547965
5833,15607786,Mao,515.5,France,Male,26.0,6,156551.63,1,0,1,1632.4624999999942,0,0,2,95.89906659417939
5834,15624519,Calabrese,515.5,Germany,Female,26.0,9,97092.87,1,1,0,1632.4624999999942,1,0,2,59.47632487729448
5835,15799910,Martin,515.5,France,Male,26.0,2,0.0,2,1,0,1632.4624999999942,1,1,3,0.0
5836,15602479,Fleming,515.5,Spain,Male,26.0,5,129312.79,1,1,1,1632.4624999999942,0,0,3,79.21332955580937
5837,15617419,Roberts,515.5,Germany,Female,26.0,10,100315.1,2,1,1,1632.4624999999942,0,0,4,61.45017113716264
5838,15657603,Finch,515.5,France,Female,26.0,6,81684.97,1,1,0,824.0,0,0,2,99.13224514563107
5839,15570379,Whitelegge,515.5,Spain,Male,26.0,3,88827.53,1,0,0,1632.4624999999942,1,0,1,54.413213167224555
5840,15772996,Rooke,515.5,Germany,Male,26.0,0,152092.44,2,1,1,1632.4624999999942,0,0,4,93.1674938934282
5841,15729574,Lu,515.5,Spain,Male,26.0,4,0.0,2,1,1,1632.4624999999942,0,1,4,0.0
5842,15737267,Marcelo,515.5,France,Female,26.0,1,0.0,1,1,0,1632.4624999999942,1,0,2,0.0
5843,15799128,Matthews,515.5,Spain,Female,26.0,9,102406.76,1,0,1,1632.4624999999942,0,0,2,62.73146243788164
5845,15711921,Scott,515.5,France,Male,26.0,5,0.0,2,1,1,1632.4624999999942,0,0,4,0.0
5846,15654300,Mao,515.5,Germany,Male,26.0,9,75242.28,1,0,1,1632.4624999999942,0,0,2,46.091276216146014
5847,15569945,Horsley,509.0,Spain,Male,26.0,1,0.0,2,1,0,1632.4624999999942,0,0,3,0.0
5848,15569666,Goddard,515.5,France,Female,26.0,4,0.0,1,0,0,1632.4624999999942,1,1,1,0.0
5849,15681887,Eskridge,515.5,Germany,Male,26.0,0,129142.54,2,1,1,1632.4624999999942,0,0,4,79.1090392581762
5850,15608873,Smith,515.5,France,Male,26.0,2,0.0,1,0,0,1632.4624999999942,0,0,1,0.0
5852,15722053,Oguejiofor,515.5,Spain,Male,26.0,3,0.0,2,0,1,1632.4624999999942,0,1,3,0.0
5853,15782100,Holloway,515.5,Spain,Male,22.0,3,66483.32,1,0,1,1632.4624999999942,0,0,2,40.72578696294723
5854,15765300,L?,515.5,Germany,Male,26.0,5,62389.03,3,1,0,1632.4624999999942,1,0,4,38.21774160202775
5855,15743570,Feng,481.0,France,Female,26.0,5,0.0,2,1,1,1632.4624999999942,0,1,4,0.0
5856,15608541,Claiborne,498.0,France,Male,26.0,1,91857.66,1,1,0,1632.4624999999942,1,0,2,56.26938444221557
5857,15750671,Egobudike,512.0,Spain,Male,26.0,6,0.0,2,1,0,1632.4624999999942,0,1,3,0.0
5858,15813659,Folliero,515.5,France,Female,26.0,7,0.0,1,1,0,1632.4624999999942,1,0,2,0.0
5859,15757867,Bray,515.5,France,Female,26.0,10,176173.52,1,1,0,1632.4624999999942,1,0,2,107.91887715644349
5860,15652914,Ibrahimov,515.5,Spain,Male,26.0,7,0.0,1,0,1,1632.4624999999942,0,0,2,0.0
5861,15723818,Carpenter,453.0,France,Female,26.0,4,131834.76,2,1,0,1632.4624999999942,0,0,3,80.75821649808218
5862,15713819,Walsh,515.5,France,Male,26.0,3,92347.96,1,1,1,1632.4624999999942,0,0,3,56.569728247969145
5863,15656484,Woods,515.5,France,Male,26.0,4,0.0,2,1,1,1632.4624999999942,0,1,4,0.0
5864,15778515,Wu,515.5,France,Male,26.0,3,95297.11,1,0,0,1632.4624999999942,0,0,1,58.37629348300518
5865,15803840,Forbes,515.5,France,Female,26.0,9,0.0,2,0,0,1632.4624999999942,0,1,2,0.0
5866,15735339,Lynch,515.5,France,Male,26.0,4,0.0,1,1,0,1632.4624999999942,0,0,2,0.0
5867,15600392,Amaechi,515.5,France,Female,26.0,8,123845.36,2,0,1,1632.4624999999942,1,0,3,75.8641377673303
5868,15625740,Enriquez,515.5,Germany,Male,26.0,3,143426.34,2,1,1,1632.4624999999942,0,0,4,87.85888802958752
5869,15663817,Y?an,515.5,France,Male,26.0,5,0.0,1,1,1,1632.4624999999942,0,0,3,0.0
5870,15734461,Brooks,515.5,Germany,Male,26.0,2,112708.2,1,0,1,1632.4624999999942,0,0,2,69.0418309762095
5871,15780142,Wang,515.5,France,Male,26.0,2,100013.51,1,1,0,1632.4624999999942,0,0,2,61.26542569890601
5872,15709920,Burke,479.0,France,Female,26.0,2,208165.53,1,0,0,1632.4624999999942,1,0,1,127.5162706647171
5874,15643158,Chiganu,515.5,France,Female,26.0,9,0.0,1,1,0,1632.4624999999942,1,0,2,0.0
5876,15578307,Lucchese,512.0,France,Female,26.0,6,121685.31,2,1,1,1632.4624999999942,0,0,4,74.54095270182343
5877,15585379,Humphries,515.5,France,Male,26.0,2,111525.02,1,1,0,1632.4624999999942,0,0,2,68.31704863052009
5878,15758510,Frolova,474.0,France,Male,26.0,6,0.0,2,0,0,1632.4624999999942,0,1,2,0.0
5879,15692918,Hsing,515.5,Germany,Male,26.0,10,113546.3,1,1,1,1632.4624999999942,0,0,3,69.55522714916907
5880,15705301,Parkes,515.5,France,Male,26.0,6,95696.52,2,1,1,1632.4624999999942,0,0,4,58.62096066525286
5881,15718231,Gregory,515.5,France,Male,26.0,0,88963.31,2,1,1,1632.4624999999942,0,0,4,54.49638812530169
5882,15567991,Obiuto,515.5,Spain,Male,26.0,0,144880.34,2,0,1,1632.4624999999942,0,0,3,88.74956698852226
5883,15772650,Longo,515.5,France,Male,26.0,9,136576.02,1,0,1,1632.4624999999942,1,0,2,83.66257724143769
5884,15574795,Lombardo,495.0,France,Female,26.0,2,63093.01,1,1,1,1632.4624999999942,0,0,3,38.648979685597816
5885,15706036,Lombardo,515.5,Germany,Male,26.0,10,132271.12,2,1,1,1632.4624999999942,0,0,4,81.02551819720236
5886,15723856,Gonzalez,515.5,France,Female,26.0,3,88814.4,2,1,1,1632.4624999999942,0,0,4,54.4051701034482
5887,15812920,Nwabugwu,515.5,Germany,Male,26.0,5,90594.55,1,0,1,1632.4624999999942,0,0,2,55.49563925664469
5888,15691287,Ford,515.5,Germany,Female,26.0,0,141816.25,1,1,0,1632.4624999999942,1,0,2,86.87259278543948
5889,15804797,Gilleland,443.0,France,Female,26.0,3,138547.97,1,1,1,1632.4624999999942,1,0,3,84.87053760806174
5890,15708650,Fullwood,515.5,France,Female,26.0,2,52192.08,2,0,1,1632.4624999999942,0,0,3,31.971380659586476
5891,15712777,Kao,482.0,France,Male,26.0,4,124976.19,1,1,0,1632.4624999999942,0,0,2,76.55685199506907
5892,15786469,Montalvo,515.5,France,Female,26.0,1,0.0,2,1,0,1632.4624999999942,0,0,3,0.0
5893,15669219,Wilson,515.5,Germany,Male,26.0,3,104356.38,1,1,0,1632.4624999999942,0,0,2,63.92574408294241
5894,15641004,Doyne,515.5,Spain,Female,26.0,10,150315.92,1,0,1,1632.4624999999942,0,0,2,92.07924837477158
5895,15648067,Onwuamaeze,515.5,France,Male,26.0,1,129299.28,2,1,0,1632.4624999999942,0,0,3,79.20505371486357
5896,15704014,K'ung,515.5,Germany,Male,26.0,7,140950.92,2,1,0,1632.4624999999942,0,0,3,86.34251629057361
5897,15645136,O'Donnell,515.5,Spain,Male,26.0,1,128065.12,1,1,0,1632.4624999999942,0,0,2,78.44904247417657
5898,15709604,McMillan,515.5,France,Male,23.0,2,107433.48,1,1,0,1632.4624999999942,0,0,2,65.8106878412217
5899,15713637,Chinedum,515.5,France,Male,26.0,2,117468.67,1,1,0,1632.4624999999942,0,0,2,71.95795921805274
5900,15793901,Capon,515.5,France,Female,26.0,2,0.0,2,0,0,1632.4624999999942,0,1,2,0.0
5901,15569759,Rawling,515.5,France,Female,26.0,4,0.0,3,1,0,1632.4624999999942,0,1,4,0.0
5902,15712930,Duncan,515.5,France,Male,26.0,1,0.0,1,0,0,1632.4624999999942,0,1,1,0.0
5903,15586504,Trevisani,515.5,France,Male,26.0,9,0.0,2,1,0,1632.4624999999942,0,0,3,0.0
5904,15677317,Ankudinova,515.5,France,Female,26.0,4,153040.03,1,1,1,1632.4624999999942,1,0,3,93.74796051976725
5905,15664270,Balsillie,515.5,Germany,Male,26.0,6,142084.04,4,1,0,1632.4624999999942,1,0,5,87.03663330704413
5906,15731519,Kerr,511.0,France,Female,26.0,5,0.0,2,1,0,1632.4624999999942,0,1,3,0.0
5907,15745623,Worsnop,515.5,France,Male,26.0,4,112079.58,1,0,0,1632.4624999999942,0,0,1,68.6567562807724
5908,15813862,Yevseyev,515.5,Spain,Male,26.0,7,132044.6,2,1,1,1632.4624999999942,0,0,4,80.88675850134412
5909,15641934,Manna,515.5,Spain,Female,26.0,9,66582.81,1,1,0,1632.4624999999942,1,0,2,40.78673170134091
5910,15713043,Siciliani,515.5,France,Female,26.0,6,0.0,2,1,1,1632.4624999999942,0,1,4,0.0
5911,15700749,Powell,481.0,France,Female,26.0,6,0.0,1,1,1,1632.4624999999942,0,0,3,0.0
5912,15697567,Bazarova,515.5,France,Male,26.0,4,0.0,2,1,1,1632.4624999999942,0,0,4,0.0
5913,15715414,White,515.5,France,Female,26.0,6,102895.1,1,0,0,1632.4624999999942,0,0,1,63.03060560349801
5914,15639530,Buda,515.5,Spain,Male,26.0,2,0.0,1,1,1,1632.4624999999942,0,1,3,0.0
5915,15726058,Cattaneo,515.5,Germany,Male,26.0,7,117578.35,2,0,1,1632.4624999999942,0,0,3,72.02514606001695
5916,15725665,Lo,515.5,France,Male,26.0,10,198546.1,2,1,0,1632.4624999999942,1,0,3,121.62368201413553
5917,15698872,Brown,515.5,Spain,Female,26.0,2,0.0,2,0,0,1632.4624999999942,0,1,2,0.0
5918,15812184,Rose,515.5,France,Female,26.0,1,0.0,1,1,0,1632.4624999999942,0,1,2,0.0
5919,15742609,Lombardo,515.5,Germany,Male,26.0,2,116623.31,1,0,1,1632.4624999999942,0,0,2,71.44011577601349
5920,15815043,McMillan,515.5,Spain,Male,26.0,8,0.0,2,1,0,1632.4624999999942,0,1,3,0.0
5921,15640648,Howe,515.5,France,Male,26.0,6,0.0,2,0,1,1632.4624999999942,0,0,3,0.0
5922,15627203,Hsu,508.0,Spain,Male,26.0,10,0.0,1,1,1,1632.4624999999942,0,1,3,0.0
5923,15786196,Han,515.5,France,Female,26.0,3,105770.7,3,1,0,1632.4624999999942,1,0,4,64.79211620481351
5924,15612095,Calabrese,515.5,France,Female,26.0,9,0.0,1,1,0,1632.4624999999942,1,1,2,0.0
5925,15674368,Riley,515.5,France,Female,26.0,1,94435.45,2,0,1,1632.4624999999942,0,0,3,57.84846512553908
5926,15783477,Biryukov,515.5,Germany,Female,26.0,8,112889.91,1,0,1,1632.4624999999942,0,0,2,69.1531413432164
5927,15757559,Broadhurst,515.5,France,Female,26.0,7,0.0,2,1,0,1632.4624999999942,1,0,3,0.0
5928,15591036,Genovesi,515.5,Germany,Female,26.0,3,127940.47,1,0,0,1632.4624999999942,1,0,1,78.37268543687861
5929,15761241,Hsieh,515.5,Germany,Female,26.0,8,129745.1,1,1,1,1632.4624999999942,0,0,3,79.47815034036033
5930,15695078,Kemp,515.5,France,Male,26.0,3,0.0,2,1,1,1632.4624999999942,0,1,4,0.0
5931,15645744,Chukwudi,515.5,France,Female,26.0,5,0.0,2,0,1,1632.4624999999942,0,1,3,0.0
5932,15566988,Iqbal,515.5,Germany,Female,26.0,7,141535.52,1,1,0,1632.4624999999942,1,0,2,86.70062558864323
5933,15749300,Teng,515.5,France,Female,26.0,2,139914.27,1,1,1,1632.4624999999942,0,0,3,85.70749404657104
5934,15594340,Tao,515.5,France,Male,26.0,4,120243.49,1,1,0,1632.4624999999942,1,0,2,73.6577348637414
5935,15607065,Chinedum,515.5,France,Male,26.0,9,91835.16,1,0,0,1632.4624999999942,0,0,1,56.25560158349753
5936,15778089,Stevenson,515.5,Spain,Male,26.0,2,0.0,2,0,0,1632.4624999999942,0,1,2,0.0
5938,15697035,Garrett,515.5,Spain,Female,26.0,8,0.0,2,0,0,1632.4624999999942,0,0,2,0.0
5939,15679668,Yao,515.5,Spain,Male,26.0,7,115378.94,1,0,1,1632.4624999999942,0,0,2,70.67785018032599
5940,15709861,He,515.5,Germany,Male,26.0,4,127786.28,2,1,1,1632.4624999999942,0,0,4,78.27823303751262
5941,15791958,Mazzi,515.5,France,Female,26.0,6,0.0,2,1,1,1632.4624999999942,1,1,4,0.0
5942,15791030,Edwards,515.5,France,Female,26.0,0,64900.32,2,1,0,1632.4624999999942,0,0,3,39.75608628069572
5943,15695339,Lucchesi,515.5,Germany,Male,26.0,0,109172.88,1,1,0,1632.4624999999942,1,0,2,66.87619470585106
5944,15658813,Siciliani,515.5,France,Female,26.0,7,0.0,2,1,1,1632.4624999999942,0,0,4,0.0
5945,15715709,Shih,515.5,Germany,Male,26.0,4,114091.38,1,0,1,1632.4624999999942,0,0,2,69.88912762161483
5946,15722533,Logue,515.5,France,Female,26.0,3,0.0,2,0,1,1632.4624999999942,0,1,3,0.0
5947,15683118,Rechner,515.5,France,Male,26.0,9,0.0,2,1,0,1632.4624999999942,0,1,3,0.0
5948,15672798,O'Brien,515.5,France,Female,26.0,7,145933.27,1,1,1,1632.4624999999942,0,0,3,89.39456189652167
5949,15680112,Stewart,473.0,Germany,Female,26.0,7,131504.73,1,1,0,1632.4624999999942,0,0,2,80.55604952640596
5950,15714575,Batt,515.5,Germany,Female,26.0,8,107926.02,1,0,1,1632.4624999999942,1,0,2,66.1124038071321
5951,15806808,Hope,515.5,Germany,Female,26.0,8,112281.6,3,1,0,1632.4624999999942,1,0,4,68.78050797491545
5952,15590637,Ahmed,515.5,France,Male,26.0,7,0.0,2,0,1,1632.4624999999942,0,0,3,0.0
5953,15657535,Pearson,515.5,Spain,Male,26.0,10,0.0,1,1,1,1632.4624999999942,1,0,3,0.0
5954,15696141,Kruglov,515.5,Spain,Female,26.0,7,0.0,1,1,0,1632.4624999999942,0,0,2,0.0
5955,15811947,Gordon,515.5,France,Male,26.0,0,124781.67,1,0,1,1632.4624999999942,0,0,2,76.43769458716537
5956,15649024,Trujillo,515.5,France,Female,26.0,9,132865.56,1,1,1,1632.4624999999942,1,0,3,81.38965519881802
5957,15594928,Pagnotto,515.5,Germany,Female,26.0,4,129055.13,1,1,0,1632.4624999999942,0,0,2,79.05549438348535
5958,15765532,Horton,515.5,Germany,Male,26.0,6,96166.88,1,1,1,1632.4624999999942,0,0,3,58.90908979532476
5959,15741719,DeRose,515.5,France,Female,26.0,3,165298.12,1,0,1,1632.4624999999942,0,0,2,101.25691708079088
5960,15665629,Chiang,515.5,Spain,Female,26.0,7,0.0,2,1,0,1632.4624999999942,0,0,3,0.0
5961,15728917,Gill,515.5,France,Male,26.0,6,120682.53,1,1,0,1632.4624999999942,1,0,2,73.92667825447778
5962,15762993,Trevisano,515.5,Spain,Male,26.0,5,102773.15,2,0,1,1632.4624999999942,0,0,3,62.95590250924622
5963,15571193,Morrison,515.5,Germany,Male,26.0,0,144386.32,1,1,1,1632.4624999999942,1,0,3,88.44694441679397
5964,15653521,Onuora,515.5,Germany,Female,26.0,7,104449.8,1,1,1,747.88,0,0,3,139.66117558966678
5965,15802220,Ikenna,515.5,Spain,Male,26.0,6,137102.65,1,0,0,1632.4624999999942,0,0,1,83.98517576973467
5966,15644132,Mancini,515.5,France,Female,26.0,9,142475.87,1,1,1,1632.4624999999942,0,0,3,87.27665719733255
5967,15600832,Moss,508.0,France,Female,26.0,9,0.0,1,1,0,1632.4624999999942,0,1,2,0.0
5968,15797919,Ting,515.5,Spain,Male,26.0,2,103195.2,2,1,0,1632.4624999999942,0,0,3,63.214438310221745
5969,15603743,Tai,515.5,France,Male,26.0,1,112070.44,1,0,1,1632.4624999999942,0,0,2,68.65115737727538
5970,15579714,Pan,515.5,France,Female,26.0,7,0.0,2,0,1,1632.4624999999942,0,1,3,0.0
5971,15634295,Wilson,470.0,France,Male,26.0,1,96473.59,1,0,0,1632.4624999999942,0,0,1,59.096971599654104
5972,15786680,Bianchi,515.5,Spain,Male,26.0,5,0.0,2,1,0,1632.4624999999942,0,0,3,0.0
5973,15623499,Holman,515.5,Germany,Male,26.0,9,108437.89,1,0,0,1632.4624999999942,1,0,1,66.42596078011005
5974,15691823,Obidimkpa,515.5,France,Male,26.0,5,153195.59,1,1,1,1632.4624999999942,0,0,3,93.84325214208629
5975,15809279,Wallace,515.5,France,Male,26.0,8,96877.21,1,1,1,1632.4624999999942,0,0,3,59.34421770791081
5976,15758039,Ash,515.5,France,Male,26.0,6,0.0,2,0,1,1632.4624999999942,0,1,3,0.0
5977,15807163,Ku,515.5,France,Female,26.0,10,0.0,1,0,0,1632.4624999999942,1,0,1,0.0
5978,15631639,Uspensky,515.5,France,Female,26.0,6,95452.89,1,0,1,1632.4624999999942,0,0,2,58.47171987105391
5979,15713770,Shih,515.5,Spain,Male,26.0,3,63873.56,1,1,0,1632.4624999999942,0,0,2,39.12712236881412
5980,15698167,Kumm,515.5,France,Female,24.0,0,148298.59,2,0,0,1632.4624999999942,0,0,2,90.84348951354198
5981,15781710,Carey,515.5,Spain,Female,26.0,7,0.0,2,1,0,1632.4624999999942,0,1,3,0.0
5982,15801296,Farber,515.5,Germany,Female,26.0,7,143258.85,2,1,0,1632.4624999999942,0,0,3,87.75628842929042
5983,15704378,Calabrese,515.5,Germany,Male,26.0,9,121342.24,1,1,1,1632.4624999999942,0,0,3,74.33079779780573
5984,15767891,Findlay,515.5,Germany,Female,26.0,6,99152.73,2,1,0,1632.4624999999942,0,0,3,60.73813640435866
5985,15640667,Yu,515.5,France,Female,26.0,4,0.0,2,1,0,1632.4624999999942,0,1,3,0.0
5986,15702145,Edments,515.5,Spain,Male,26.0,7,68423.89,1,1,1,1632.4624999999942,0,0,3,41.91452483594585
5987,15679738,Brown,515.5,Spain,Female,26.0,8,0.0,1,1,0,1632.4624999999942,1,0,2,0.0
5988,15636634,Lindon,515.5,Germany,Female,25.0,7,79656.81,1,1,0,1632.4624999999942,0,0,2,48.795491473770625
5989,15809227,Chukwudi,515.5,France,Male,26.0,2,0.0,2,1,1,1632.4624999999942,0,0,4,0.0
5990,15601811,Caldwell,515.5,France,Female,26.0,10,110240.04,1,0,0,1632.4624999999942,1,0,1,67.52990650627527
5991,15625494,Li Fonti,515.5,France,Female,26.0,9,125321.84,2,1,1,1632.4624999999942,0,0,4,76.76858733355311
5992,15723737,Pitcher,515.5,France,Male,26.0,3,0.0,1,1,0,1632.4624999999942,0,0,2,0.0
5993,15682955,Capon,515.5,France,Female,26.0,2,84378.9,1,1,1,1632.4624999999942,0,0,3,51.68810922149838
5994,15758856,Kable,515.5,France,Male,26.0,7,0.0,2,0,0,1632.4624999999942,0,1,2,0.0
5995,15746065,Lo Duca,515.5,Germany,Male,26.0,10,136281.41,2,1,1,1632.4624999999942,0,0,4,83.48210755224116
5996,15783865,Kulikova,515.5,France,Male,26.0,5,119380.37,1,1,1,1632.4624999999942,0,0,3,73.12901215188737
5997,15745455,Navarrete,515.5,Germany,Male,26.0,4,108716.59,2,1,1,1632.4624999999942,0,0,4,66.59668445676418
5999,15644212,Han,515.5,Spain,Male,26.0,0,0.0,2,1,0,1632.4624999999942,0,1,3,0.0
6000,15735688,Horsley,515.5,France,Female,26.0,6,106596.29,1,0,0,1632.4624999999942,0,0,1,65.29784910832583
6001,15658577,Massie,515.5,France,Female,26.0,10,99546.25,3,0,1,1632.4624999999942,1,0,4,60.97919554047971
6002,15606887,Singh,515.5,France,Female,26.0,5,0.0,1,1,0,1632.4624999999942,1,1,2,0.0
6003,15783026,H?,515.5,France,Female,26.0,2,0.0,1,1,0,1632.4624999999942,0,0,2,0.0
6007,15636395,King,515.5,France,Female,26.0,5,0.0,2,1,0,1632.4624999999942,0,0,3,0.0
6008,15712772,Onwubiko,515.5,France,Male,26.0,3,75381.15,1,1,1,1632.4624999999942,0,0,3,46.17634402015376
6009,15700937,Romano,515.5,Spain,Female,24.0,5,0.0,2,1,1,1632.4624999999942,0,0,4,0.0
6010,15766659,Okwudilichukwu,515.5,Spain,Male,26.0,5,0.0,2,1,0,1632.4624999999942,0,1,3,0.0
6011,15814033,Milano,515.5,Spain,Male,26.0,1,0.0,2,1,0,1632.4624999999942,0,0,3,0.0
6012,15783007,Parker,515.5,Germany,Female,26.0,1,123086.39,1,1,1,1632.4624999999942,1,0,3,75.39921437705334
6013,15654183,Aitken,515.5,France,Female,26.0,3,0.0,2,1,0,1632.4624999999942,0,0,3,0.0
6014,15609899,Obiora,515.5,Spain,Male,26.0,4,0.0,1,1,0,1632.4624999999942,0,1,2,0.0
6015,15747323,Vasilyeva,515.5,Spain,Male,26.0,9,109472.47,1,1,0,1632.4624999999942,1,0,2,67.05971500111053
6016,15582591,Chiabuotu,515.5,Spain,Male,26.0,4,155766.05,1,1,1,1632.4624999999942,0,0,3,95.41784267632521
6017,15738835,Slater,515.5,Germany,Male,26.0,7,101985.81,2,0,0,1632.4624999999942,0,0,2,62.47360046555456
6018,15782404,Hughes,487.0,France,Female,26.0,2,96019.5,1,0,0,1632.4624999999942,0,0,1,58.8188090078641
6019,15697480,Menkens,515.5,France,Male,26.0,7,0.0,2,0,1,1632.4624999999942,0,1,3,0.0
6020,15697045,Pisani,515.5,Spain,Female,26.0,9,0.0,2,0,1,1632.4624999999942,0,1,3,0.0
6021,15781234,Y?an,515.5,France,Female,26.0,2,147900.43,1,1,0,1632.4624999999942,0,0,2,90.59958804566753
6022,15579891,Milani,515.5,France,Male,26.0,4,100755.66,1,1,1,1632.4624999999942,0,0,3,61.72004563657686
6023,15805690,Chin,515.5,Spain,Female,26.0,7,0.0,1,1,0,1632.4624999999942,1,1,2,0.0
6024,15612139,Fu,515.5,France,Female,26.0,0,83036.05,1,0,1,1632.4624999999942,1,0,2,50.865517584630766
6025,15568834,Howells,515.5,Spain,Male,26.0,6,125427.37,2,0,0,1632.4624999999942,0,0,2,76.83323200379822
6026,15709917,Ni,515.5,France,Female,26.0,3,98202.76,1,0,0,1632.4624999999942,0,0,1,60.156211857852995
6027,15718843,Maslova,515.5,Spain,Male,26.0,1,72509.91,1,1,0,1632.4624999999942,0,0,2,44.41750423057207
6028,15799494,Forster,515.5,Germany,Male,26.0,3,140393.65,2,0,1,1632.4624999999942,0,0,3,86.00114857156014
6029,15673439,Sun,515.5,Spain,Female,26.0,5,142644.64,2,1,1,1632.4624999999942,1,0,4,87.38004088914785
6030,15669011,Bocharova,515.5,France,Female,26.0,9,23503.31,1,0,1,1632.4624999999942,1,0,2,14.397457828280947
6031,15581388,Y?an,487.0,Spain,Male,26.0,8,145729.71,1,1,0,1632.4624999999942,0,0,2,89.26986684227082
6032,15743153,Singh,515.5,Germany,Female,26.0,2,122295.17,2,1,1,1632.4624999999942,0,0,4,74.91453555594718
6033,15579787,Nkemakonam,515.5,France,Male,26.0,4,0.0,2,1,0,1632.4624999999942,0,1,3,0.0
6034,15759966,Chiemenam,515.5,Spain,Female,26.0,5,119799.27,2,1,0,1632.4624999999942,0,0,3,73.38561835264237
6035,15601045,Angelo,515.5,Spain,Male,26.0,8,163708.58,2,0,0,1632.4624999999942,0,0,2,100.28321018093865
6036,15764021,Frolov,515.5,France,Male,26.0,1,61687.33,2,1,0,1632.4624999999942,0,0,3,37.78790018147444
6037,15687218,West,515.5,France,Female,26.0,4,79144.34,1,0,1,1632.4624999999942,0,0,2,48.481566957893534
6038,15626452,Beatham,515.5,Spain,Male,26.0,5,0.0,2,1,1,1632.4624999999942,0,1,4,0.0
6039,15700964,Pollard,515.5,Germany,Female,26.0,7,104848.68,1,1,1,1632.4624999999942,0,0,3,64.22731303169314
6040,15768887,Hsing,515.5,Spain,Male,26.0,5,0.0,2,0,1,1632.4624999999942,0,0,3,0.0
6041,15735358,Dowse,515.5,Spain,Male,26.0,4,0.0,1,1,1,1632.4624999999942,0,0,3,0.0
6042,15749472,Lucciano,515.5,France,Male,26.0,8,0.0,1,1,0,1632.4624999999942,0,1,2,0.0
6043,15685872,Godfrey,515.5,France,Female,26.0,1,146652.01,1,1,1,1632.4624999999942,0,0,3,89.83484153541079
6044,15760851,Gratton,515.5,France,Male,26.0,6,0.0,2,1,0,1632.4624999999942,0,0,3,0.0
6045,15734588,Manning,515.5,France,Male,26.0,0,0.0,2,1,1,1632.4624999999942,0,0,4,0.0
6046,15784594,Mazzi,515.5,Germany,Female,26.0,1,130622.34,2,1,1,1632.4624999999942,0,0,4,80.01552256177429
6047,15606435,Wall,515.5,Germany,Male,26.0,2,187013.13,2,0,1,1632.4624999999942,0,0,3,114.55891329816193
6048,15790247,Sims,515.5,Spain,Male,26.0,9,0.0,2,1,1,1632.4624999999942,0,0,4,0.0
6049,15676433,Allan,515.5,France,Female,26.0,6,0.0,1,0,0,1632.4624999999942,0,0,1,0.0
6050,15625905,Griffen,515.5,Spain,Male,26.0,0,0.0,2,1,0,1632.4624999999942,0,0,3,0.0
6051,15626414,Russell,515.5,France,Male,26.0,6,98862.54,1,1,0,1632.4624999999942,0,0,2,60.560374281185844
6052,15623220,Brown,515.5,Spain,Female,26.0,4,0.0,2,1,0,1632.4624999999942,0,0,3,0.0
6053,15752857,Palerma,452.0,Germany,Male,26.0,1,98443.14,2,0,0,1632.4624999999942,0,0,2,60.30346179468156
6054,15677908,Gilbert,515.5,Spain,Male,26.0,4,0.0,2,0,0,1632.4624999999942,0,1,2,0.0
6055,15773013,Uvarov,515.5,France,Female,26.0,0,0.0,1,1,1,1632.4624999999942,1,0,3,0.0
6057,15738627,Hussain,515.5,France,Male,25.0,6,0.0,2,1,1,1632.4624999999942,0,0,4,0.0
6058,15643392,Woods,515.5,France,Male,26.0,4,105239.1,1,1,1,1632.4624999999942,0,0,3,64.4664731961686
6059,15684868,Cameron,515.5,Germany,Male,26.0,9,110993.79,1,1,0,1632.4624999999942,1,0,2,67.99163227332964
6060,15627854,Mai,515.5,Spain,Male,26.0,3,0.0,2,1,1,1632.4624999999942,0,1,4,0.0
6061,15669253,Gibson,515.5,Spain,Male,26.0,7,157691.98,2,1,0,1632.4624999999942,1,0,3,96.59761250258464
6062,15758023,Grigoryeva,515.5,Germany,Male,26.0,5,105245.21,1,0,0,1632.4624999999942,1,0,1,64.47021600802492
6063,15574558,Gunter,515.5,Spain,Male,26.0,8,0.0,2,1,1,1632.4624999999942,0,0,4,0.0
6064,15635256,Arcuri,515.5,France,Male,26.0,7,117687.35,1,1,1,1632.4624999999942,0,0,3,72.09191635336212
6065,15680399,Tung,515.5,France,Male,23.0,2,0.0,2,1,0,1632.4624999999942,0,0,3,0.0
6066,15674720,Smith,515.5,Germany,Female,26.0,7,123067.63,1,1,1,1632.4624999999942,1,0,3,75.38772253574
6067,15580249,Lori,502.0,France,Male,26.0,0,0.0,1,0,0,1632.4624999999942,0,0,1,0.0
6068,15675431,Chidimma,515.5,France,Female,26.0,6,0.0,2,0,0,1632.4624999999942,0,0,2,0.0
6069,15698285,Ting,515.5,France,Female,26.0,4,101457.14,1,1,1,1632.4624999999942,0,0,3,62.14975229140048
6070,15810775,Tsao,515.5,Spain,Male,26.0,2,100549.43,2,1,1,1632.4624999999942,0,0,4,61.59371501642479
6071,15678173,Collee,515.5,Spain,Male,26.0,4,174588.8,2,0,1,1632.4624999999942,0,0,3,106.94812285121442
6072,15665222,Lettiere,515.5,Spain,Male,26.0,8,121161.57,1,1,0,1632.4624999999942,0,0,2,74.22012450515736
6073,15803908,Fu,515.5,France,Male,26.0,9,0.0,2,1,1,1632.4624999999942,0,0,4,0.0
6074,15586039,Bergamaschi,471.0,Germany,Female,26.0,5,90063.74,2,1,1,1632.4624999999942,0,0,4,55.17048017948365
6075,15802570,Dyer,515.5,France,Female,26.0,5,0.0,2,1,1,1632.4624999999942,0,1,4,0.0
6076,15781451,Buccho,504.0,France,Male,26.0,3,134936.97,2,0,0,1632.4624999999942,0,0,2,82.6585419266908
6077,15721019,Jones,515.5,France,Female,24.0,3,110495.27,1,1,0,1632.4624999999942,0,0,2,67.68625312985775
6078,15738588,Nebechi,515.5,Germany,Female,26.0,2,133200.09,1,0,0,1632.4624999999942,0,0,1,81.59457874223786
6079,15730657,Ibekwe,515.5,France,Female,26.0,4,82596.8,1,0,1,1632.4624999999942,0,0,2,50.596445553879676
6080,15739292,Gorshkov,515.5,Germany,Male,26.0,9,103837.75,1,1,1,1632.4624999999942,0,0,3,63.60804612663407
6081,15725945,Nweke,515.5,Spain,Female,26.0,2,0.0,1,0,0,1632.4624999999942,1,1,1,0.0
6082,15813159,Hairston,515.5,France,Male,26.0,8,93590.47,1,0,1,1632.4624999999942,1,0,2,57.330854460669286
6083,15636820,Loggia,515.5,Germany,Male,26.0,8,104149.66,1,1,0,1632.4624999999942,0,0,2,63.799113302756034
6084,15603880,Morgan,515.5,Germany,Male,26.0,1,114141.64,1,1,1,1632.4624999999942,1,0,3,69.91991546513344
6085,15619494,Abdulov,515.5,Germany,Female,26.0,9,117153.0,1,1,1,1632.4624999999942,0,0,3,71.76458877309612
6086,15596992,Norris,482.0,Germany,Male,26.0,7,156353.46,1,1,0,1632.4624999999942,1,0,2,95.77767330030585
6087,15735025,Clark,515.5,Spain,Male,26.0,3,175534.78,2,1,1,1632.4624999999942,0,0,4,107.52760323744076
6088,15730759,Chukwudi,515.5,France,Female,26.0,9,135637.0,1,1,0,1632.4624999999942,1,0,2,83.08736035284149
6089,15752912,Perkin,515.5,France,Female,26.0,7,0.0,2,1,0,1632.4624999999942,0,0,3,0.0
6090,15711316,Ch'ang,515.5,France,Male,26.0,2,0.0,2,1,1,1632.4624999999942,0,1,4,0.0
6091,15738785,Kang,515.5,France,Male,26.0,7,0.0,2,0,1,1632.4624999999942,0,1,3,0.0
6092,15777896,Chukwudi,515.5,Germany,Female,26.0,2,83415.04,1,0,1,1632.4624999999942,0,0,2,51.09767605687744
6093,15628963,Frolova,515.5,Germany,Male,26.0,3,141859.12,2,1,1,1632.4624999999942,0,0,4,86.89885372558359
6094,15742126,Chiu,515.5,Germany,Male,26.0,7,132767.66,2,1,1,1632.4624999999942,0,0,4,81.32968444910709
6095,15575623,Simpson,515.5,France,Female,26.0,10,110635.32,1,1,0,1632.4624999999942,0,0,2,67.77204376823381
6096,15741652,McLean,515.5,Spain,Male,26.0,8,177657.35,1,1,1,1632.4624999999942,0,0,3,108.82782912318086
6097,15738884,Hu,515.5,Germany,Male,26.0,4,157777.58,1,1,0,1632.4624999999942,0,0,2,96.65004862286304
6098,15615050,Savage,515.5,Germany,Male,26.0,9,107915.94,2,1,1,1632.4624999999942,1,0,4,66.10622908642642
6099,15803005,Wallace,515.5,Germany,Female,26.0,5,86568.75,1,0,1,1632.4624999999942,0,0,2,53.02954891766292
6100,15743498,Winter,515.5,Germany,Male,26.0,9,137755.76,1,1,0,1632.4624999999942,1,0,2,84.385252341172
6101,15720463,Ho,515.5,France,Male,26.0,2,137262.71,2,1,0,1632.4624999999942,0,0,3,84.08322396379732
6102,15588695,Su,515.5,Spain,Male,26.0,6,0.0,1,1,1,1632.4624999999942,1,0,3,0.0
6103,15665802,Li Fonti,515.5,Spain,Female,26.0,6,0.0,2,1,1,1632.4624999999942,0,0,4,0.0
6104,15571144,Ives,515.5,France,Male,26.0,10,0.0,2,0,1,1632.4624999999942,0,1,3,0.0
6105,15750731,Trevisani,515.5,Germany,Male,26.0,9,116309.01,1,1,0,1632.4624999999942,1,0,2,71.24758455400992
6106,15605134,Bond,515.5,France,Female,26.0,0,131244.65,2,1,0,1632.4624999999942,0,0,3,80.39673193105536
6107,15626044,Lettiere,515.5,Germany,Male,26.0,3,125155.83,2,1,1,1632.4624999999942,0,0,4,76.66689433907392
6108,15737910,Houghton,515.5,Germany,Male,26.0,5,140691.08,2,1,0,1632.4624999999942,0,0,3,86.18334571238266
6109,15761076,Lei,507.0,France,Male,26.0,3,58820.32,2,1,1,1632.4624999999942,0,0,4,36.031651569331736
6110,15710105,Stirling,515.5,Germany,Female,26.0,3,105099.45,1,1,1,1632.4624999999942,1,0,3,64.38092758639195
6111,15577402,Grant,515.5,France,Male,26.0,9,0.0,2,0,1,1632.4624999999942,0,0,3,0.0
6113,15654372,Pearce,462.0,Germany,Male,26.0,1,94682.56,2,1,0,1632.4624999999942,0,0,3,57.999837668553084
6114,15585867,Rutledge,515.5,Spain,Male,26.0,2,0.0,2,0,1,1632.4624999999942,0,1,3,0.0
6115,15662488,Udegbunam,515.5,France,Female,26.0,5,0.0,2,1,0,1632.4624999999942,1,0,3,0.0
6116,15604813,Zaytseva,494.0,France,Male,26.0,7,0.0,2,0,1,1632.4624999999942,0,1,3,0.0
6117,15611644,Onyemauchechukwu,515.5,France,Male,26.0,0,146329.73,1,0,1,1632.4624999999942,0,0,2,89.63742199284856
6118,15674928,Mullah,515.5,Spain,Male,26.0,2,0.0,2,1,0,1632.4624999999942,0,1,3,0.0
6119,15656100,Candler,515.5,France,Female,26.0,5,167962.7,1,0,0,1632.4624999999942,0,0,1,102.88916284447613
6120,15764293,Konovalova,490.0,France,Male,26.0,1,0.0,2,1,1,1632.4624999999942,0,0,4,0.0
6121,15636423,Lei,515.5,France,Male,26.0,7,0.0,1,1,1,1632.4624999999942,0,1,3,0.0
6122,15607629,Hollis,515.5,France,Male,26.0,8,0.0,2,1,0,1632.4624999999942,0,0,3,0.0
6123,15577313,Lionel,515.5,France,Male,26.0,3,116967.68,1,1,0,1632.4624999999942,1,0,2,71.65106702297933
6124,15714493,Francis,465.0,Spain,Female,26.0,6,0.0,2,1,1,1632.4624999999942,0,0,4,0.0
6125,15643359,Carter,515.5,Spain,Male,26.0,7,0.0,1,0,1,1632.4624999999942,0,0,2,0.0
6126,15687913,Mai,501.0,Germany,Female,26.0,7,93244.42,1,0,1,1632.4624999999942,0,0,2,57.118874093585816
6127,15790935,Johnson,515.5,France,Female,26.0,5,0.0,2,0,1,1632.4624999999942,0,0,3,0.0
6128,15708693,Sherman,515.5,France,Female,26.0,2,0.0,2,1,0,1632.4624999999942,0,0,3,0.0
6129,15672016,Sabbatini,515.5,France,Male,26.0,1,0.0,2,0,1,1632.4624999999942,0,0,3,0.0
6130,15727605,Shih,515.5,Germany,Male,26.0,4,80442.06,2,0,1,1632.4624999999942,0,0,3,49.27651324303026
6131,15651144,Yao,515.5,Germany,Female,26.0,2,150561.03,2,0,0,1632.4624999999942,0,0,2,92.22939577478841
6132,15749401,Ko,515.5,France,Male,26.0,9,0.0,3,1,1,1632.4624999999942,1,0,5,0.0
6133,15691874,Kazakova,515.5,France,Female,26.0,9,125474.44,1,1,0,1632.4624999999942,0,0,2,76.86206574423636
6134,15620735,Chiganu,515.5,Germany,Female,26.0,4,127076.68,2,1,0,1632.4624999999942,0,0,3,77.84355230212054
6136,15624611,Marsden,497.0,Spain,Male,26.0,8,128650.11,2,1,1,1632.4624999999942,0,0,4,78.80739067513065
6137,15773071,Serena,515.5,Spain,Female,26.0,6,145580.61,1,1,1,1632.4624999999942,0,0,3,89.1785324318326
6138,15720371,McLean,515.5,France,Female,26.0,3,0.0,1,1,0,1632.4624999999942,1,1,2,0.0
6139,15717984,Longo,477.0,France,Male,26.0,9,144900.58,1,1,0,1632.4624999999942,1,0,2,88.76196543565351
6140,15806407,Wilson,515.5,France,Female,26.0,4,0.0,2,1,0,1632.4624999999942,0,1,3,0.0
6141,15785042,Hsiung,488.0,France,Female,26.0,8,97588.6,1,0,0,1632.4624999999942,0,0,1,59.779994946285356
6142,15809302,Wright,515.5,France,Male,24.0,1,0.0,2,1,1,1632.4624999999942,0,1,4,0.0
6143,15677550,Folliero,515.5,France,Female,26.0,1,0.0,2,1,0,1632.4624999999942,0,0,3,0.0
6145,15617320,Palermo,515.5,Spain,Female,26.0,3,151709.33,1,1,0,1632.4624999999942,0,0,2,92.93281162660736
6147,15649112,Endrizzi,515.5,Spain,Female,26.0,3,122134.4,2,0,1,1632.4624999999942,0,0,3,74.81605243612054
6148,15690526,Tuan,515.5,Germany,Male,26.0,2,137260.45,2,1,0,1632.4624999999942,0,0,3,84.08183955221054
6149,15806945,Udobata,515.5,France,Female,26.0,9,88594.14,1,1,0,1632.4624999999942,0,0,2,54.270245105171064
6150,15670066,Ibezimako,515.5,Spain,Male,26.0,6,0.0,2,1,1,1632.4624999999942,0,1,4,0.0
6151,15625761,Maclean,515.5,Germany,Male,26.0,8,127205.32,4,1,0,1632.4624999999942,1,0,5,77.92235349969782
6152,15761525,Shaw,515.5,Spain,Female,26.0,10,96997.09,2,0,0,1632.4624999999942,0,0,2,59.41765277916053
6153,15735080,Cummins,508.0,France,Female,26.0,2,0.0,1,1,1,1632.4624999999942,0,0,3,0.0
6154,15619537,Lavrentiev,515.5,France,Male,26.0,5,142200.19,2,1,1,1632.4624999999942,0,0,4,87.10778348660413
6155,15598162,Saunders,515.5,Germany,Female,26.0,3,160761.41,1,1,1,1632.4624999999942,0,0,3,98.47785783746983
6156,15694300,Fiorentino,515.5,France,Male,26.0,4,0.0,2,1,0,1632.4624999999942,0,1,3,0.0
6157,15637235,Knight,515.5,Spain,Male,26.0,8,0.0,2,0,0,1632.4624999999942,0,0,2,0.0
6158,15612444,Manfrin,515.5,France,Male,26.0,3,0.0,2,1,0,1632.4624999999942,0,1,3,0.0
6159,15626457,Zetticci,515.5,France,Male,26.0,0,116234.61,1,1,0,1632.4624999999942,0,0,2,71.2020092345156
6160,15627995,Angelo,515.5,Germany,Female,26.0,5,155143.52,1,0,1,1632.4624999999942,1,0,2,95.03649854131446
6161,15706128,Zhdanov,515.5,France,Female,21.0,1,0.0,2,1,0,1632.4624999999942,0,0,3,0.0
6162,15666430,Peck,515.5,France,Male,26.0,8,0.0,2,0,0,1632.4624999999942,0,0,2,0.0
6163,15627385,Uwaezuoke,515.5,France,Male,26.0,5,84009.47,1,1,1,1632.4624999999942,0,0,3,51.46180693277812
6164,15581323,White,488.0,Germany,Female,26.0,7,139246.22,2,1,0,1632.4624999999942,0,0,3,85.29826565694495
6165,15608109,Greco,515.5,Germany,Male,26.0,7,170113.0,2,0,1,1632.4624999999942,0,0,3,104.20637533787183
6166,15801942,Chu,515.5,Spain,Female,26.0,8,0.0,3,1,1,1632.4624999999942,1,0,5,0.0
6167,15567431,Kodilinyechukwu,515.5,France,Male,26.0,2,145578.28,1,0,1,1632.4624999999942,0,0,2,89.17710514024091
6168,15810167,Scott,515.5,Spain,Male,26.0,7,126273.95,1,0,1,1632.4624999999942,0,0,2,77.35182278306573
6170,15785290,Hao,515.5,France,Male,26.0,9,0.0,1,1,0,1632.4624999999942,0,0,2,0.0
6171,15611157,McElhone,515.5,France,Female,26.0,2,87814.89,1,1,0,1632.4624999999942,0,0,2,53.79289876490291
6172,15673837,Ko,515.5,Spain,Male,26.0,3,113858.95,1,1,1,1632.4624999999942,0,0,3,69.74674762819997
6173,15656822,Day,515.5,Germany,Male,26.0,5,87612.64,4,1,1,1632.4624999999942,1,0,6,53.66900617931518
6174,15580560,Harris,515.5,France,Female,26.0,1,0.0,1,1,1,1632.4624999999942,0,0,3,0.0
6175,15760641,Gerald,515.5,Germany,Male,26.0,1,106648.98,1,0,1,1632.4624999999942,0,0,2,65.330125500586
6176,15587584,Nebeuwa,503.0,Spain,Male,26.0,4,0.0,2,1,1,1632.4624999999942,0,0,4,0.0
6177,15604146,Kaodilinakachukwu,515.5,Germany,Female,26.0,8,103653.51,2,1,1,1632.4624999999942,0,0,4,63.49518595373576
6178,15813974,Maruff,515.5,Germany,Male,26.0,3,116880.53,1,0,0,1632.4624999999942,1,0,1,71.59768141687813
6179,15746986,Howe,515.5,Germany,Female,26.0,4,97990.49,2,0,0,1632.4624999999942,0,0,2,60.02618130584951
6180,15759741,Knepper,515.5,Germany,Female,26.0,4,150635.3,1,1,1,1632.4624999999942,0,0,3,92.27489145998791
6181,15734892,Fennell,515.5,Spain,Male,26.0,4,0.0,2,1,1,1632.4624999999942,0,0,4,0.0
6182,15797194,T'ao,515.5,France,Male,26.0,10,129674.89,2,1,0,1632.4624999999942,0,0,3,79.43514169544505
6183,15723786,Morris,515.5,France,Female,26.0,9,0.0,2,1,0,1632.4624999999942,0,0,3,0.0
6184,15642726,Holmes,515.5,France,Male,26.0,3,83568.26,1,0,0,1235.49,0,0,1,67.63977045544682
6185,15664339,Yu,515.5,Spain,Male,26.0,4,178144.91,2,0,0,1632.4624999999942,1,0,2,109.12649448302834
6186,15754526,Walker,515.5,Germany,Male,26.0,6,147137.74,1,1,1,1632.4624999999942,0,0,3,90.13238588941584
6187,15703037,Edwards,515.5,France,Male,26.0,5,0.0,1,0,1,1632.4624999999942,1,1,2,0.0
6188,15751412,Harvey,515.5,France,Male,26.0,3,114370.41,1,0,1,1632.4624999999942,0,0,2,70.0600534468635
6189,15609558,McDonald,515.5,Germany,Female,26.0,5,108289.28,2,1,1,1632.4624999999942,1,0,4,66.33492652970612
6190,15572408,Chambers,515.5,Germany,Male,26.0,3,149887.49,2,1,0,1632.4624999999942,0,0,3,91.8168043676351
6191,15613923,Reed,515.5,Spain,Female,26.0,4,170172.9,1,0,1,1632.4624999999942,0,0,2,104.24306837063675
6192,15747000,Shih,515.5,France,Male,26.0,3,0.0,2,1,1,1632.4624999999942,0,0,4,0.0
6193,15731781,Onyemachukwu,515.5,France,Male,26.0,7,0.0,2,1,0,1632.4624999999942,0,1,3,0.0
6194,15727198,Teng,515.5,Germany,Female,26.0,2,64808.32,2,0,0,1632.4624999999942,0,0,2,39.699729702826396
6195,15794273,Hand,515.5,France,Female,26.0,0,62732.65,1,0,1,1632.4624999999942,0,0,2,38.42823342036967
6196,15804950,Onyemauchechukwu,514.0,France,Female,26.0,7,0.0,2,1,1,1632.4624999999942,0,0,4,0.0
6197,15576304,Bailey,515.5,France,Male,26.0,5,95167.55,1,1,1,1632.4624999999942,0,0,3,58.29692871964921
6198,15645200,Chiang,515.5,Germany,Female,26.0,2,152508.99,1,1,0,1632.4624999999942,1,0,2,93.42266055116153
6199,15779627,Maclean,515.5,Germany,Male,26.0,0,134644.19,1,1,1,1632.4624999999942,0,0,3,82.47919324333667
6200,15750755,Yobachi,449.0,Spain,Female,26.0,8,0.0,2,0,0,1632.4624999999942,0,1,2,0.0
6201,15569654,Munro,515.5,Germany,Female,26.0,3,51293.47,1,0,0,1632.4624999999942,0,0,1,31.42091778524786
6202,15753079,Chidi,515.5,France,Male,26.0,5,0.0,3,0,0,1632.4624999999942,0,1,3,0.0
6203,15684995,Chamberlain,515.5,Spain,Male,26.0,8,116622.73,1,0,1,1632.4624999999942,0,0,2,71.43976048454431
6204,15790763,Trujillo,515.5,Spain,Female,26.0,2,0.0,2,1,0,1632.4624999999942,0,1,3,0.0
6205,15766458,Tang,498.0,France,Male,26.0,1,198113.86,1,1,0,1632.4624999999942,0,0,2,121.35890410958946
6206,15616221,Wilson,497.0,France,Female,26.0,4,85646.81,1,0,0,1632.4624999999942,1,0,1,52.46479475026244
6207,15776124,Mann,515.5,Spain,Male,26.0,7,0.0,1,0,1,1632.4624999999942,0,0,2,0.0
6208,15665811,Parry,515.5,France,Male,26.0,9,141234.98,1,1,0,1632.4624999999942,0,0,2,86.51652335046013
6209,15729804,Manfrin,515.5,France,Male,26.0,10,0.0,2,1,1,1632.4624999999942,0,0,4,0.0
6210,15714062,Millar,515.5,France,Female,26.0,9,77641.99,1,0,0,1632.4624999999942,1,0,1,47.561270167002476
6211,15592197,Simmons,515.5,Spain,Male,26.0,3,0.0,2,1,0,1632.4624999999942,0,1,3,0.0
6212,15793116,Beneventi,502.0,Germany,Female,26.0,7,117304.29,1,0,0,1632.4624999999942,0,0,1,71.85726471511622
6213,15638231,Chung,515.5,Spain,Female,26.0,2,0.0,2,1,1,1632.4624999999942,0,1,4,0.0
6214,15697678,Maxwell,515.5,Germany,Male,26.0,6,92340.69,2,1,1,1632.4624999999942,0,0,4,56.56527485317447
6215,15800412,Dale,458.0,Germany,Male,26.0,9,146780.52,2,1,1,1632.4624999999942,0,0,4,89.91356309869325
6216,15597610,Stevens,515.5,Spain,Male,26.0,6,144974.55,1,1,1,1632.4624999999942,0,0,3,88.80727734940344
6217,15726634,Wei,479.0,France,Male,26.0,1,0.0,1,1,0,1632.4624999999942,0,0,2,0.0
6218,15670866,Chiu,515.5,France,Male,26.0,2,0.0,2,1,1,1632.4624999999942,0,1,4,0.0
6219,15667462,Duncan,515.5,Spain,Male,26.0,10,0.0,2,1,0,1632.4624999999942,0,1,3,0.0
6220,15662574,Brady,515.5,Spain,Male,26.0,1,115137.26,1,1,0,1632.4624999999942,0,0,2,70.52980390054927
6221,15716926,Macleod,515.5,France,Male,26.0,10,101952.97,2,1,0,1632.4624999999942,0,0,3,62.45348361754121
6222,15603554,Berkeley,513.0,France,Female,26.0,0,164649.52,3,1,0,1632.4624999999942,1,0,4,100.85960320681215
6223,15716800,Kaur,515.5,France,Male,26.0,2,0.0,2,1,1,1632.4624999999942,0,0,4,0.0
6224,15679429,Bell,515.5,France,Male,26.0,0,91956.49,1,1,1,1632.4624999999942,0,0,3,56.32992488342019
6225,15616122,Nwokike,515.5,France,Male,26.0,8,0.0,2,1,1,1632.4624999999942,0,0,4,0.0
6226,15742172,Williamson,515.5,Germany,Male,26.0,9,123938.6,2,1,0,1632.4624999999942,0,0,3,75.92125393385787
6227,15792305,Mountgarrett,515.5,Germany,Male,26.0,6,123571.77,3,0,1,1632.4624999999942,1,0,4,75.6965443310339
6228,15636016,Wreford,515.5,France,Female,26.0,3,120777.88,1,1,1,1632.4624999999942,0,0,3,73.98508694686734
6229,15733138,Paterson,515.5,Germany,Male,26.0,5,90248.79,1,1,1,1632.4624999999942,0,0,3,55.2838365352958
6230,15669741,Hou,515.5,France,Male,26.0,7,0.0,1,1,0,1632.4624999999942,0,1,2,0.0
6231,15616954,Smith,515.5,France,Male,26.0,4,0.0,2,0,1,1632.4624999999942,0,0,3,0.0
6232,15729238,Peng,515.5,Germany,Male,26.0,1,106396.48,1,1,1,1632.4624999999942,1,0,3,65.17545119719465
6233,15718242,Wollstonecraft,515.5,Germany,Female,26.0,1,104887.43,1,0,0,1632.4624999999942,1,0,1,64.2510501772631
6234,15682914,Bolton,515.5,France,Male,26.0,2,72079.71,1,1,1,1632.4624999999942,0,0,3,44.15397597188313
6235,15654274,Corrie,515.5,France,Male,26.0,6,0.0,2,1,0,1632.4624999999942,0,1,3,0.0
6236,15691457,Boyle,515.5,Spain,Male,26.0,2,0.0,2,1,1,1632.4624999999942,0,1,4,0.0
6237,15719649,Lambie,515.5,France,Male,26.0,3,99844.68,1,0,0,1632.4624999999942,0,0,1,61.16200525280082
6238,15778897,Cartwright,515.5,France,Female,26.0,1,0.0,2,1,1,1632.4624999999942,0,1,4,0.0
6239,15589437,Lu,466.0,France,Male,26.0,3,156815.71,1,1,1,1632.4624999999942,0,0,3,96.06083447552427
6240,15682369,Pisano,515.5,France,Male,26.0,6,146034.74,1,1,1,1632.4624999999942,0,0,3,89.45671952648254
6241,15626507,Chukwubuikem,515.5,France,Male,26.0,1,152283.39,1,1,0,1632.4624999999942,0,0,2,93.28446442108199
6242,15571995,Harper,515.5,Germany,Female,26.0,1,118897.1,2,1,1,1632.4624999999942,0,0,4,72.8329747237688
6243,15673333,Wilson,515.5,Germany,Male,26.0,8,96781.39,1,1,1,1632.4624999999942,0,0,3,59.28552110691691
6244,15748752,Ch'in,515.5,Germany,Male,26.0,1,102772.67,2,1,0,1632.4624999999942,0,0,3,62.955608474926905
6246,15722083,Ch'ang,515.5,Spain,Male,26.0,8,0.0,2,0,0,1632.4624999999942,0,0,2,0.0
6247,15771442,Pennington,515.5,France,Male,26.0,4,150578.0,1,0,1,1632.4624999999942,1,0,2,92.23979111311931
6248,15803633,T'ien,515.5,France,Female,26.0,1,0.0,2,0,0,1632.4624999999942,0,0,2,0.0
6249,15672185,Liu,515.5,France,Male,26.0,3,0.0,2,1,0,1632.4624999999942,0,1,3,0.0
6250,15806486,Cunningham,515.5,France,Female,26.0,0,0.0,2,0,0,1632.4624999999942,0,1,2,0.0
6251,15570895,Ch'in,515.5,France,Male,26.0,10,163548.07,1,1,0,1632.4624999999942,0,0,2,100.18488632970165
6252,15614520,Smith,515.5,France,Female,26.0,8,148580.12,1,1,0,1632.4624999999942,0,0,2,91.0159467675371
6253,15687492,Anderson,515.5,Germany,Male,26.0,3,96709.07,2,0,0,1632.4624999999942,0,0,2,59.241219936139636
6254,15675337,Forbes,395.0,Germany,Female,26.0,5,106011.59,1,1,1,1632.4624999999942,1,0,3,64.93967855310635
6255,15721047,Ansell,515.5,Germany,Male,26.0,1,135650.88,1,1,0,1632.4624999999942,0,0,2,83.09586284524177
6256,15589017,Chiu,515.5,Germany,Male,26.0,4,111362.76,3,1,0,1632.4624999999942,1,0,4,68.21765277916056
6257,15611186,Yevdokimova,515.5,France,Male,26.0,1,39344.83,1,1,1,1632.4624999999942,1,0,3,24.101521474459684
6258,15617301,Chamberlin,515.5,Germany,Male,26.0,9,130809.77,1,1,0,1632.4624999999942,0,0,2,80.13033683775306
6259,15726046,Johnston,515.5,France,Female,26.0,2,133009.51,1,1,0,1632.4624999999942,0,0,2,81.47783486603856
6260,15585748,McDonald,515.5,Germany,Female,26.0,9,135337.49,2,1,1,1632.4624999999942,0,0,4,82.9038890633019
6261,15672826,Chen,515.5,France,Female,26.0,10,112536.57,2,1,1,1632.4624999999942,0,0,4,68.93669532990829
6262,15595162,Cattaneo,515.5,Spain,Female,26.0,8,122570.69,1,0,0,1632.4624999999942,0,0,1,75.08331125523584
6263,15650026,Barclay-Harvey,513.0,France,Male,26.0,1,63562.02,2,0,1,1632.4624999999942,1,0,3,38.936281844146635
6264,15745826,Dawson,445.0,France,Male,26.0,3,0.0,2,1,1,1632.4624999999942,0,1,4,0.0
6265,15708610,Costa,515.5,Germany,Male,26.0,9,100368.63,2,0,0,1632.4624999999942,0,0,2,61.4829620894816
6266,15624471,Chikwado,515.5,France,Male,26.0,6,0.0,2,1,0,1632.4624999999942,0,1,3,0.0
6267,15590097,Ch'eng,515.5,Spain,Female,26.0,7,136082.0,1,1,0,1632.4624999999942,0,0,2,83.3599546697094
6268,15689328,Harrison,515.5,Germany,Male,26.0,9,114169.16,1,0,0,1632.4624999999942,1,0,1,69.93677343277436
6269,15582154,Crawford,515.5,France,Female,26.0,5,47884.92,1,1,1,1632.4624999999942,0,0,3,29.332937203764356
6270,15734626,Gibson,515.5,Spain,Female,26.0,1,0.0,2,1,1,1632.4624999999942,0,0,4,0.0
6272,15620756,Stokes,515.5,France,Male,26.0,6,202904.64,1,1,1,1632.4624999999942,1,0,3,124.29359939355467
6273,15611331,Niu,511.0,France,Female,26.0,1,0.0,1,1,1,1632.4624999999942,1,1,3,0.0
6274,15576935,Ampt,515.5,Spain,Male,26.0,2,161807.18,2,0,1,1632.4624999999942,1,0,3,99.1184667335394
6275,15661275,Wynn,515.5,Germany,Male,26.0,3,110791.97,1,1,0,1632.4624999999942,1,0,2,67.86800309348631
6276,15814940,Lawrence,515.5,Spain,Female,26.0,9,0.0,2,1,1,1632.4624999999942,0,1,4,0.0
6277,15768471,Wagner,515.5,Germany,Female,26.0,6,108755.0,1,1,0,1632.4624999999942,1,0,2,66.62021332802462
6278,15697391,Argyle,515.5,Spain,Female,26.0,3,0.0,2,1,0,1632.4624999999942,0,0,3,0.0
6279,15793346,Ofodile,515.5,France,Female,26.0,3,0.0,2,1,1,1632.4624999999942,0,1,4,0.0
6280,15608338,Chiemenam,515.5,Spain,Female,26.0,9,117294.12,4,1,0,1632.4624999999942,1,0,5,71.85103486297567
6281,15578546,Akobundu,491.0,Germany,Male,26.0,4,102251.14,1,1,1,1632.4624999999942,0,0,3,62.636134061272685
6282,15656921,Locke,515.5,France,Male,26.0,4,0.0,2,0,0,1632.4624999999942,0,1,2,0.0
6284,15591135,Forster,515.5,France,Male,26.0,2,132057.92,2,1,0,1632.4624999999942,0,0,3,80.8949179537052
6285,15623219,Smith,515.5,France,Male,26.0,8,0.0,1,1,0,1632.4624999999942,1,1,2,0.0
6286,15655229,Craig,515.5,Germany,Female,26.0,7,114285.2,1,0,1,1632.4624999999942,0,0,2,70.00785622946952
6287,15805884,Archer,515.5,France,Female,26.0,9,0.0,2,1,0,1632.4624999999942,0,1,3,0.0
6288,15668289,McWilliams,515.5,Spain,Male,26.0,2,76087.98,1,0,1,1632.4624999999942,0,0,2,46.609327932494786
6289,15568562,Moss,515.5,France,Male,26.0,8,160272.27,1,1,0,1632.4624999999942,0,0,2,98.17822461465458
6290,15773276,Townsend,515.5,Spain,Male,26.0,4,114552.6,1,1,0,1632.4624999999942,1,0,2,70.17165784818972
6291,15622801,Brown,515.5,France,Female,26.0,8,102000.17,1,1,1,1632.4624999999942,0,0,3,62.48239699227416
6293,15713673,T'ien,494.0,France,Female,26.0,1,137853.0,1,0,1,1632.4624999999942,0,0,2,84.44481879369388
6294,15783083,Shubin,515.5,France,Male,26.0,9,0.0,2,1,0,1632.4624999999942,0,1,3,0.0
6295,15742824,Isayeva,515.5,Germany,Male,26.0,7,162318.61,1,1,0,1632.4624999999942,0,0,2,99.43175417505796
6296,15621550,Hung,515.5,Spain,Female,26.0,1,140292.58,3,0,0,1632.4624999999942,1,0,3,85.9392359701987
6297,15799480,Webb,515.5,France,Male,26.0,0,0.0,2,0,1,1632.4624999999942,0,0,3,0.0
6298,15625247,Scott,515.5,France,Female,26.0,1,0.0,1,0,0,1632.4624999999942,0,1,1,0.0
6299,15755241,Rahman,515.5,France,Female,26.0,2,0.0,1,0,1,1632.4624999999942,1,1,2,0.0
6301,15668235,Cooke,515.5,France,Female,26.0,3,123475.04,1,1,1,1632.4624999999942,0,0,3,75.63729028997629
6302,15683183,Volkova,515.5,Germany,Female,26.0,6,97652.96,1,1,0,1632.4624999999942,0,0,2,59.81942004793394
6303,15684592,Lamb,515.5,Spain,Male,26.0,4,0.0,2,0,1,1632.4624999999942,0,0,3,0.0
6304,15591169,Hawes,515.5,Germany,Female,26.0,4,137455.99,1,1,0,1632.4624999999942,1,0,2,84.20162178304278
6305,15653455,Smith,515.5,France,Female,26.0,2,0.0,2,0,1,1632.4624999999942,0,0,3,0.0
6306,15732563,Swanton,515.5,Germany,Female,26.0,7,99046.31,2,1,1,1632.4624999999942,0,0,4,60.67294654547982
6307,15656471,Mitchell,515.5,France,Male,26.0,9,0.0,2,1,1,1118.31,0,0,4,0.0
6308,15598510,Colombo,515.5,Germany,Male,26.0,4,105907.42,2,1,1,1632.4624999999942,0,0,4,64.87586698009932
6309,15766427,Shaw,515.5,Germany,Male,26.0,5,97720.35,2,1,0,1632.4624999999942,1,0,3,59.86070124122322
6311,15641595,Jonathan,515.5,Spain,Male,26.0,4,97392.18,2,1,0,1632.4624999999942,0,0,3,59.65967365253434
6312,15798429,Hernandez,515.5,France,Male,26.0,8,0.0,2,1,1,1632.4624999999942,0,1,4,0.0
6313,15648136,Green,515.5,Germany,Female,26.0,9,152812.58,1,1,0,1632.4624999999942,0,0,2,93.60863113241531
6314,15812482,Young,515.5,France,Male,26.0,3,139301.68,1,1,0,1632.4624999999942,0,0,2,85.33223887225617
6315,15790810,Han,515.5,France,Female,26.0,10,76319.64,1,1,1,1632.4624999999942,1,0,3,46.751236245855736
6316,15687421,Highland,515.5,Spain,Male,26.0,9,125919.35,1,1,0,1632.4624999999942,1,0,2,77.13460492966941
6317,15765643,Hamilton,515.5,France,Male,26.0,6,124348.38,2,0,1,1632.4624999999942,0,0,3,76.17227348254582
6318,15654878,Yobanna,450.0,France,Male,26.0,7,117199.8,1,1,1,1632.4624999999942,0,0,3,71.79325711922964
6319,15686835,Crawford,515.5,Germany,Female,26.0,9,148384.64,1,0,0,1632.4624999999942,1,0,1,90.89620129099477
6321,15673599,Williamson,515.5,Spain,Male,26.0,5,133476.09,1,0,1,1632.4624999999942,0,0,2,81.76364847584583
6322,15689096,Beneventi,515.5,France,Male,26.0,0,117879.32,1,1,1,1632.4624999999942,0,0,3,72.20951170394446
6323,15684294,Chidumaga,515.5,France,Male,26.0,2,0.0,2,0,1,1632.4624999999942,0,1,3,0.0
6324,15615828,Mitchell,515.5,France,Male,26.0,8,122359.5,1,0,0,1632.4624999999942,0,0,1,74.95394228045082
6325,15746012,Chibugo,515.5,Spain,Female,26.0,0,0.0,2,1,1,1632.4624999999942,1,0,4,0.0
6326,15615797,Hyde,515.5,Germany,Male,26.0,5,108585.35,1,1,1,1632.4624999999942,1,0,3,66.51629057329059
6327,15788494,Alekseeva,515.5,France,Male,26.0,8,145875.74,1,1,0,1632.4624999999942,0,0,2,89.35932065820839
6328,15793856,Abdulov,515.5,Spain,Female,26.0,3,121542.57,2,1,1,1632.4624999999942,0,0,4,74.45351424611619
6329,15629545,Buckley,515.5,Spain,Female,26.0,7,109508.68,1,0,0,1632.4624999999942,0,0,1,67.08189621507408
6330,15661198,Howard,515.5,Germany,Male,26.0,2,146407.11,1,1,1,1632.4624999999942,0,0,3,89.68482277540863
6331,15715117,Peel,515.5,France,Female,26.0,6,0.0,1,0,0,1632.4624999999942,0,0,1,0.0
6332,15701074,Herz,515.5,Germany,Male,26.0,8,112330.83,1,1,1,1632.4624999999942,0,0,3,68.81066486979051
6333,15793046,Holden,515.5,France,Female,26.0,4,90413.12,1,1,1,1632.4624999999942,0,0,3,55.384500409657385
6334,15623744,McLean,515.5,France,Male,26.0,8,105302.66,1,1,1,1632.4624999999942,0,0,3,64.50540824061832
6335,15611329,Findlay,515.5,Spain,Female,26.0,6,0.0,2,1,1,1632.4624999999942,0,1,4,0.0
6336,15740428,Wyatt,507.0,France,Female,26.0,1,0.0,2,0,0,1632.4624999999942,0,0,2,0.0
6337,15781534,Rapuluolisa,515.5,Germany,Female,26.0,4,121520.36,1,0,0,1632.4624999999942,0,0,1,74.43990903313272
6338,15618243,Buckland,515.5,Spain,Female,26.0,1,103960.38,1,1,1,1632.4624999999942,0,0,3,63.68316576950489
6339,15784161,Hargreaves,515.5,Germany,Male,26.0,8,102945.01,1,0,0,1632.4624999999942,0,0,1,63.061179046992116
6341,15659064,Salas,515.5,Spain,Male,26.0,8,0.0,2,1,1,1632.4624999999942,0,1,4,0.0
6342,15658364,Laney,515.5,Germany,Female,26.0,1,134590.21,1,1,1,1632.4624999999942,0,0,3,82.44612663384333
6343,15704340,Fu,515.5,France,Female,26.0,10,104255.03,1,1,0,1632.4624999999942,0,0,2,63.86365996156137
6344,15793455,Tien,515.5,Spain,Female,26.0,6,0.0,1,0,0,1632.4624999999942,1,0,1,0.0
6345,15579777,Sazonova,515.5,France,Male,26.0,3,0.0,2,1,0,1632.4624999999942,0,1,3,0.0
6346,15632345,Tuan,515.5,France,Female,26.0,4,0.0,2,1,0,1632.4624999999942,0,0,3,0.0
6347,15814468,Wei,515.5,Germany,Male,26.0,1,121399.98,1,0,1,1632.4624999999942,1,0,2,74.36616767613371
6348,15754820,Bergamaschi,515.5,Germany,Male,26.0,8,147127.81,2,1,1,1632.4624999999942,0,0,4,90.12630305443496
6349,15707505,Taylor,515.5,Spain,Male,26.0,8,125927.51,2,1,0,1632.4624999999942,0,0,3,77.13960351309781
6350,15699507,Messersmith,515.5,France,Female,25.0,7,0.0,2,0,1,1632.4624999999942,0,0,3,0.0
6351,15799600,Coles,515.5,Germany,Male,26.0,1,111599.32,1,0,1,1632.4624999999942,0,0,2,68.36256269286456
6352,15794472,Brookes,515.5,France,Female,26.0,3,0.0,2,0,0,1632.4624999999942,0,1,2,0.0
6353,15646632,Reid,515.5,France,Male,26.0,9,0.0,2,1,0,1632.4624999999942,0,0,3,0.0
6354,15676353,Etheridge,515.5,France,Male,26.0,8,114212.6,1,1,1,1632.4624999999942,0,0,3,69.96338353867266
6355,15566312,Jolly,515.5,Spain,Female,26.0,5,0.0,3,1,1,1632.4624999999942,1,1,5,0.0
6356,15570414,Chizoba,515.5,Spain,Male,26.0,4,115251.64,1,0,0,1632.4624999999942,0,0,1,70.5998698285568
6357,15776743,Eberegbulam,515.5,France,Male,26.0,9,0.0,2,1,1,1632.4624999999942,0,0,4,0.0
6358,15674637,Pagnotto,491.0,France,Female,26.0,3,107571.61,1,0,1,1632.4624999999942,0,0,2,65.8953023423205
6359,15730418,Lucchesi,515.5,France,Female,26.0,2,0.0,2,1,0,1632.4624999999942,0,0,3,0.0
6360,15739972,Hughes,515.5,Germany,Female,26.0,9,152367.21,3,1,0,1632.4624999999942,1,0,4,93.33581016409292
6361,15661591,Panicucci,413.0,Germany,Male,26.0,1,130969.77,2,1,1,1632.4624999999942,0,0,4,80.22834827752581
6362,15675585,Burns,416.0,Germany,Female,25.0,0,97738.97,2,1,1,1632.4624999999942,0,0,4,59.872107322526766
6363,15814750,Ricci,515.5,Spain,Male,26.0,8,0.0,2,1,1,1632.4624999999942,0,1,4,0.0
6364,15593454,Lambert,515.5,Spain,Female,26.0,4,113794.22,1,1,0,1632.4624999999942,0,0,2,69.70709587509693
6365,15663421,Esposito,515.5,Spain,Male,26.0,6,128396.33,2,1,0,1632.4624999999942,0,0,3,78.65193228022112
6366,15576196,Benson,515.5,Spain,Female,26.0,5,118207.69,2,0,0,1632.4624999999942,1,0,2,72.41066180693304
6367,15677324,Botts,515.5,Germany,Male,26.0,9,124730.26,1,1,1,1632.4624999999942,0,0,3,76.4062022864234
6368,15568742,Parkes,515.5,France,Female,26.0,9,0.0,1,1,0,1632.4624999999942,0,1,2,0.0
6369,15693764,Mai,515.5,Spain,Male,26.0,0,136298.65,1,1,0,1632.4624999999942,1,0,2,83.49266828487667
6370,15714260,Castiglione,515.5,France,Female,26.0,2,0.0,2,0,0,1632.4624999999942,0,1,2,0.0
6371,15798200,Manna,515.5,France,Male,26.0,2,0.0,3,1,1,1632.4624999999942,0,0,5,0.0
6372,15656627,Lin,515.5,France,Male,26.0,5,0.0,2,1,1,1632.4624999999942,0,0,4,0.0
6373,15791111,Fink,515.5,France,Female,26.0,2,125724.95,2,1,0,1632.4624999999942,0,0,3,77.01552103034554
6374,15638269,Baresi,515.5,France,Male,26.0,2,0.0,2,0,1,1632.4624999999942,0,1,3,0.0
6375,15807473,Morehead,503.0,France,Male,26.0,1,0.0,2,1,1,1632.4624999999942,0,0,4,0.0
6376,15708534,Afamefuna,515.5,Spain,Female,26.0,5,0.0,1,1,0,1632.4624999999942,1,1,2,0.0
6377,15640686,Greco,515.5,France,Male,26.0,5,95872.86,1,1,0,1632.4624999999942,1,0,2,58.728981523312385
6378,15588904,Balashova,515.5,France,Male,26.0,9,0.0,1,1,0,1632.4624999999942,1,1,2,0.0
6379,15768763,Bogdanov,515.5,France,Male,26.0,2,0.0,1,0,1,1632.4624999999942,1,0,2,0.0
6380,15770543,Lowe,515.5,France,Male,26.0,7,74260.03,1,1,0,1632.4624999999942,0,0,2,45.489577861666206
6381,15642162,Ponce,515.5,Germany,Male,26.0,1,123407.69,1,1,0,1632.4624999999942,1,0,2,75.59603359954697
6382,15714046,Trevisano,515.5,Spain,Male,26.0,3,123783.91,2,1,1,1632.4624999999942,0,0,4,75.82649524874259
6383,15575060,Gardner,515.5,France,Male,24.0,5,0.0,2,1,0,1632.4624999999942,0,1,3,0.0
6384,15812040,Lorenzo,515.5,France,Male,26.0,6,153880.15,1,0,0,1632.4624999999942,0,0,1,94.26259408715394
6385,15812073,Palmer,515.5,France,Female,26.0,7,0.0,2,1,1,1632.4624999999942,0,1,4,0.0
6386,15706810,Zuyeva,515.5,Germany,Female,26.0,1,106301.85,2,0,1,1632.4624999999942,0,0,3,65.11748355628407
6387,15584090,Jen,515.5,Spain,Female,26.0,7,0.0,2,0,1,1632.4624999999942,1,1,3,0.0
6388,15810807,Alekseeva,513.0,France,Female,26.0,9,0.0,2,1,0,1632.4624999999942,0,1,3,0.0
6389,15582033,Manfrin,515.5,Germany,Male,26.0,3,138076.47,1,1,0,1632.4624999999942,1,0,2,84.58171014648146
6390,15687607,Chiemenam,515.5,France,Female,26.0,9,135422.31,1,0,1,1632.4624999999942,0,0,2,82.95584737781142
6391,15588406,Chiemenam,515.5,Spain,Female,26.0,7,0.0,2,1,0,1632.4624999999942,0,0,3,0.0
6392,15784099,Clark,515.5,France,Female,26.0,5,126875.62,1,1,0,1632.4624999999942,0,0,2,77.72038867661612
6393,15701352,Fanucci,515.5,Spain,Female,26.0,3,96381.68,2,1,0,1632.4624999999942,0,0,3,59.04067015321965
6394,15789371,Cattaneo,515.5,Germany,Female,26.0,4,119703.1,2,1,1,1632.4624999999942,0,0,4,73.32670735162397
6395,15602845,Udinesi,466.0,Germany,Male,26.0,2,152102.18,2,1,0,1632.4624999999942,0,0,3,93.17346033982437
6396,15707918,Bentley,515.5,Germany,Female,26.0,0,127675.39,2,1,0,1632.4624999999942,0,0,3,78.21030498403513
6397,15602812,Holmes,515.5,Germany,Female,26.0,2,133776.86,2,0,1,1632.4624999999942,0,0,3,81.94789160547361
6398,15675888,Austin,515.5,Spain,Female,26.0,9,72788.03,1,1,1,1632.4624999999942,0,0,3,44.58787261575703
6400,15738501,Booth,515.5,Germany,Male,26.0,9,163630.76,1,0,1,1632.4624999999942,1,0,2,100.23553986691921
6401,15585907,Collier,515.5,Spain,Female,26.0,5,0.0,2,0,0,1632.4624999999942,0,1,2,0.0
6402,15579040,Hs?,515.5,France,Female,26.0,10,0.0,2,0,0,1632.4624999999942,0,1,2,0.0
6403,15804211,Oluchukwu,515.5,France,Male,26.0,3,155423.17,1,1,1,1632.4624999999942,0,0,3,95.20780416089225
6404,15736126,Sung,515.5,Germany,Male,26.0,0,98710.89,1,1,1,1632.4624999999942,1,0,3,60.46747781342625
6405,15745399,Marino,515.5,Spain,Female,26.0,2,0.0,1,1,0,1632.4624999999942,1,0,2,0.0
6406,15760749,Vinogradov,509.0,Spain,Male,26.0,7,126683.8,1,0,1,1632.4624999999942,0,0,2,77.60288521175859
6407,15637118,Burns,515.5,France,Male,26.0,4,140700.61,1,1,0,1632.4624999999942,0,0,2,86.18918351876412
6408,15657829,Fanucci,515.5,Germany,Male,26.0,8,168078.83,1,1,0,1632.4624999999942,1,0,2,102.96030077260616
6409,15738497,Chukwujamuike,515.5,Spain,Male,26.0,4,107726.93,2,1,0,1632.4624999999942,0,0,3,65.99044694747988
6410,15690695,Flynn,515.5,France,Female,26.0,9,0.0,2,1,1,1632.4624999999942,0,0,4,0.0
6411,15762351,Chao,515.5,Spain,Female,26.0,1,0.0,2,1,1,1632.4624999999942,0,1,4,0.0
6412,15791172,Yeh,515.5,Germany,Female,21.0,1,35741.69,1,1,0,1632.4624999999942,0,0,2,21.894340605067576
6413,15598982,Klein,515.5,Germany,Female,26.0,5,98268.84,1,0,1,1632.4624999999942,1,0,2,60.196690582479135
6415,15642912,Tu,515.5,France,Female,21.0,2,125682.79,1,0,0,1632.4624999999942,0,0,1,76.98969501596541
6416,15769516,Shcherbakov,515.5,France,Female,26.0,9,0.0,2,1,0,1632.4624999999942,0,0,3,0.0
6417,15789379,Zetticci,515.5,France,Male,26.0,6,130428.78,1,1,0,1632.4624999999942,0,0,2,79.89695322250923
6418,15695103,Carr,515.5,Spain,Male,26.0,6,0.0,2,1,1,1632.4624999999942,0,1,4,0.0
6419,15801924,Browne,515.5,Spain,Female,26.0,8,0.0,2,0,0,1632.4624999999942,0,1,2,0.0
6420,15767804,Feng,515.5,France,Male,26.0,6,0.0,2,1,0,1632.4624999999942,0,1,3,0.0
6421,15718039,Ferguson,515.5,Germany,Female,26.0,0,137138.2,2,0,1,1632.4624999999942,0,0,3,84.00695268650918
6423,15595037,Palermo,515.5,France,Male,26.0,9,152347.01,1,0,1,1632.4624999999942,0,0,2,93.32343621982162
6424,15600720,Moore,515.5,Spain,Male,26.0,8,115144.68,1,1,0,1632.4624999999942,0,0,2,70.53434918106872
6425,15782608,Huang,515.5,France,Male,26.0,5,0.0,2,0,0,1632.4624999999942,1,1,2,0.0
6426,15566894,Gray,515.5,France,Male,26.0,3,137817.52,1,0,0,1632.4624999999942,0,0,1,84.42308475692427
6427,15749123,Sokolova,515.5,Spain,Male,26.0,7,157332.26,1,1,0,1632.4624999999942,0,0,2,96.37725828311558
6428,15668943,Henderson,515.5,France,Male,26.0,2,0.0,2,1,0,1632.4624999999942,0,1,3,0.0
6429,15577423,Mosley,515.5,Germany,Female,26.0,5,124586.93,1,1,0,1632.4624999999942,1,0,2,76.31840241353197
6430,15623102,Nnaemeka,515.5,Spain,Male,26.0,6,116980.78,2,0,1,1632.4624999999942,0,0,3,71.65909170961073
6431,15728012,Everett,515.5,Spain,Female,26.0,3,128398.38,1,1,0,1632.4624999999942,0,0,2,78.65318805179321
6432,15683363,Goddard,515.5,Spain,Male,26.0,1,0.0,1,0,1,1632.4624999999942,0,1,2,0.0
6433,15699335,Kuo,515.5,Germany,Female,26.0,3,137657.25,2,1,1,1632.4624999999942,0,0,4,84.32490792284692
6434,15574369,Bianchi,415.0,Spain,Male,26.0,5,167259.44,1,1,1,1632.4624999999942,0,0,3,102.45836581238503
6435,15703167,Rouse,515.5,France,Female,26.0,8,0.0,2,1,0,1632.4624999999942,0,1,3,0.0
6436,15754874,Nwoye,515.5,France,Male,26.0,4,119009.57,1,1,0,1632.4624999999942,0,0,2,72.90187064021406
6437,15723216,Greco,515.5,Germany,Male,26.0,2,80002.33,1,1,1,1632.4624999999942,0,0,3,49.00714717795985
6438,15725094,Fang,515.5,France,Female,26.0,4,140211.88,1,1,1,1632.4624999999942,0,0,3,85.88980145026333
6439,15647974,Chiemenam,515.5,France,Female,26.0,3,118742.74,2,1,0,1568.91,0,0,3,75.6848640138695
6440,15583371,Artemiev,515.5,Spain,Male,26.0,1,138207.08,1,1,0,1632.4624999999942,1,0,2,84.66171810991094
6441,15772559,Burrows,515.5,France,Female,26.0,10,148636.21,1,0,1,1632.4624999999942,1,0,2,91.05030590289242
6442,15711251,Chizuoke,514.0,France,Male,26.0,1,178827.79,1,1,0,1632.4624999999942,0,0,2,109.54480730797837
6443,15719212,T'ien,491.0,France,Male,26.0,5,83134.3,1,1,0,1632.4624999999942,0,0,2,50.92570273436621
6444,15764927,Rogova,515.5,France,Male,26.0,3,121513.31,1,0,1,1632.4624999999942,0,0,2,74.43559040406774
6445,15731412,Trevisano,515.5,Germany,Female,26.0,6,95900.04,1,1,1,1632.4624999999942,0,0,3,58.74563121664377
6446,15719170,Sagese,515.5,France,Female,26.0,1,112543.42,1,1,1,1632.4624999999942,0,0,3,68.94089144467355
6447,15596011,Artyomova,515.5,Spain,Male,26.0,9,0.0,1,1,1,1632.4624999999942,0,0,3,0.0
6448,15614834,Long,515.5,Spain,Female,26.0,3,141751.82,1,0,1,1632.4624999999942,0,0,2,86.833124803786
6449,15600510,Hsueh,515.5,Spain,Female,26.0,6,124140.57,2,1,0,1632.4624999999942,0,0,3,76.04497499942599
6450,15625706,White,515.5,Germany,Male,26.0,2,116546.59,2,0,0,1632.4624999999942,1,0,2,71.39311929064246
6451,15781409,Lazarev,515.5,France,Female,26.0,6,0.0,1,1,0,1632.4624999999942,0,0,2,0.0
6452,15722583,Benjamin,515.5,Spain,Female,26.0,6,157576.47,2,1,1,1632.4624999999942,0,0,4,96.5268543687837
6453,15677243,Wan,515.5,Spain,Male,26.0,5,0.0,2,1,0,1632.4624999999942,0,1,3,0.0
6454,15815070,Romano,515.5,Germany,Female,26.0,5,141428.99,2,0,0,1632.4624999999942,0,0,2,86.63536834689954
6455,15705899,Craig,515.5,Spain,Male,26.0,0,127510.99,1,1,1,1632.4624999999942,0,0,3,78.10959822966865
6456,15701522,Yermolayeva,515.5,France,Female,26.0,9,0.0,2,0,1,1632.4624999999942,0,0,3,0.0
6457,15755978,Tseng,515.5,France,Male,26.0,10,0.0,2,1,0,1632.4624999999942,0,1,3,0.0
6458,15722090,Tseng,515.5,Spain,Male,26.0,6,81818.49,1,1,1,1632.4624999999942,0,0,3,50.11967503082018
6459,15783526,Le Hunte,515.5,France,Male,26.0,1,100895.54,1,1,1,1632.4624999999942,0,0,3,61.805732137798174
6460,15632125,Blake,515.5,Germany,Male,26.0,5,63832.43,1,1,1,1632.4624999999942,0,0,3,39.101927303077545
6461,15688395,Lane,515.5,France,Male,26.0,4,0.0,2,0,0,1632.4624999999942,0,1,2,0.0
6462,15666975,Sparks,515.5,France,Female,26.0,4,116085.06,1,1,0,1632.4624999999942,0,0,2,71.11039916690301
6463,15682211,Tu,467.0,France,Male,26.0,1,0.0,2,1,1,1632.4624999999942,0,1,4,0.0
6464,15637411,Tochukwu,515.5,France,Male,26.0,1,0.0,2,0,1,1632.4624999999942,0,1,3,0.0
6465,15591512,Whittaker,515.5,Germany,Female,26.0,2,115761.51,1,0,1,1632.4624999999942,1,0,2,70.91220165853758
6466,15606855,Wang,515.5,Spain,Male,26.0,6,0.0,2,1,1,1632.4624999999942,0,1,4,0.0
6467,15763683,Northern,515.5,Germany,Male,26.0,4,139626.01,1,1,1,1632.4624999999942,1,0,3,85.5309141863905
6468,15641782,Humphries,515.5,France,Female,26.0,7,0.0,1,0,1,1632.4624999999942,1,1,2,0.0
6469,15677184,Cremonesi,515.5,France,Female,26.0,6,115576.44,1,0,1,1632.4624999999942,0,0,2,70.79883305129546
6470,15775042,Ku,515.5,France,Female,23.0,4,0.0,2,1,0,1632.4624999999942,0,1,3,0.0
6471,15616630,Tobenna,515.5,Germany,Female,26.0,5,77647.6,1,1,0,1632.4624999999942,0,0,2,47.56470669310951
6472,15800233,Okwuadigbo,515.5,France,Female,26.0,5,0.0,2,1,0,1632.4624999999942,0,0,3,0.0
6473,15588419,Johnston,515.5,Germany,Female,26.0,10,148962.46,1,1,0,1632.4624999999942,1,0,2,91.25015735430402
6475,15626143,Talbot,515.5,France,Male,26.0,2,0.0,2,1,1,1632.4624999999942,0,0,4,0.0
6476,15566030,Tu,497.0,Germany,Male,26.0,5,80542.81,1,0,0,1632.4624999999942,1,0,1,49.33822982151215
6477,15701412,T'ien,515.5,France,Male,26.0,4,0.0,2,0,0,1632.4624999999942,0,1,2,0.0
6478,15702464,Ross,515.5,France,Female,26.0,4,0.0,2,0,0,1632.4624999999942,0,1,2,0.0
6479,15573348,Maclean,515.5,France,Male,26.0,9,102050.47,1,1,1,1632.4624999999942,0,0,3,62.51320933865272
6480,15704160,Wan,515.5,Spain,Male,26.0,5,0.0,1,1,0,1632.4624999999942,1,1,2,0.0
6481,15693704,Tsou,515.5,France,Female,24.0,6,114948.76,2,0,1,1632.4624999999942,0,0,3,70.414334173067
6482,15664752,Jack,515.5,Germany,Male,26.0,8,136000.45,2,1,0,1632.4624999999942,0,0,3,83.30999946400024
6483,15628292,Lucchesi,515.5,France,Male,26.0,4,156001.68,2,1,1,1632.4624999999942,0,0,4,95.56218289853553
6484,15621195,Ch'eng,515.5,Germany,Male,26.0,3,147974.16,2,1,0,1632.4624999999942,0,0,3,90.64475294225781
6485,15668629,Saunders,515.5,Spain,Male,26.0,2,0.0,2,1,0,1632.4624999999942,0,1,3,0.0
6486,15635197,Glover,515.5,Germany,Male,26.0,5,90402.77,1,1,1,1632.4624999999942,0,0,3,55.37816029464709
6487,15592761,Tung,515.5,France,Male,26.0,5,0.0,2,0,0,1632.4624999999942,0,1,2,0.0
6488,15574283,Padovano,515.5,France,Male,26.0,2,0.0,2,0,1,1632.4624999999942,0,0,3,0.0
6489,15598097,Johnstone,515.5,France,Male,26.0,9,0.0,2,1,0,1632.4624999999942,0,0,3,0.0
6490,15711352,Endrizzi,515.5,France,Female,26.0,3,162701.65,2,1,1,1632.4624999999942,0,0,4,99.6663935618739
6491,15620751,Secombe,515.5,France,Male,26.0,2,0.0,2,1,0,1632.4624999999942,0,1,3,0.0
6492,15656717,Elewechi,515.5,France,Female,26.0,6,0.0,2,0,0,1632.4624999999942,0,1,2,0.0
6493,15643121,Chu,515.5,Germany,Female,26.0,5,82453.96,2,0,0,1632.4624999999942,0,0,2,50.508945841022566
6494,15723671,Lucciano,515.5,France,Male,26.0,9,100107.99,1,1,0,1632.4624999999942,0,0,2,61.32330145409182
6495,15752846,Pinto,515.5,France,Male,26.0,7,0.0,2,1,1,1632.4624999999942,0,0,4,0.0
6496,15640852,McGregor,515.5,Germany,Female,26.0,5,83348.89,3,1,0,1632.4624999999942,1,0,4,51.05715445224641
6497,15789313,Ugorji,515.5,Germany,Female,26.0,4,96553.52,2,1,0,1632.4624999999942,1,0,3,59.14593443953558
6498,15793688,Bancks,515.5,France,Male,26.0,9,201009.64,1,1,0,1632.4624999999942,1,0,2,123.13277640374632
6499,15770405,Warlow-Davies,515.5,France,Female,26.0,5,125167.74,1,1,0,1632.4624999999942,0,0,2,76.674190065622
6500,15702561,Dale,515.5,France,Male,26.0,9,0.0,1,1,1,1632.4624999999942,0,0,3,0.0
6501,15625964,Buckley,515.5,France,Female,26.0,5,153313.67,1,0,0,1632.4624999999942,0,0,1,93.91558458463858
6502,15761364,Nkemjika,515.5,France,Male,26.0,9,0.0,2,1,0,1632.4624999999942,0,1,3,0.0
6503,15590286,Fairley,515.5,France,Female,26.0,2,125879.29,1,1,0,1632.4624999999942,0,0,2,77.1100653154363
6504,15587978,Boothby,455.0,Germany,Female,26.0,6,170057.62,1,0,1,1632.4624999999942,0,0,2,104.1724511282805
6505,15773242,Chukwuhaenye,515.5,France,Male,26.0,1,0.0,2,1,1,1632.4624999999942,0,1,4,0.0
6506,15761053,Lock,515.5,Germany,Male,26.0,2,131326.47,1,0,0,1140.02,1,0,1,115.196636901107
6507,15702095,Clarke,515.5,Spain,Female,26.0,1,128472.8,1,1,0,1632.4624999999942,1,0,2,78.69877562271749
6508,15764253,Ramsey,515.5,France,Male,26.0,6,160485.16,1,1,0,1632.4624999999942,0,0,2,98.3086349609872
6509,15700801,Eipper,515.5,Germany,Male,26.0,6,84445.68,3,0,1,1632.4624999999942,1,0,4,51.72901674617352
6510,15730590,Ko,515.5,Germany,Female,26.0,1,115409.18,2,0,0,1632.4624999999942,0,0,2,70.69637434244304
6511,15643916,Munro,515.5,Spain,Male,26.0,8,62400.48,1,1,1,1632.4624999999942,1,0,3,38.224755545686484
6512,15720636,McGregor,515.5,France,Female,26.0,4,143054.56,1,0,1,1632.4624999999942,1,0,2,87.6311461978456
6514,15609254,Fernandez,513.0,Spain,Female,26.0,9,107135.04,2,1,1,1632.4624999999942,0,0,4,65.6278720031856
6515,15625141,Porter,515.5,Spain,Male,26.0,7,0.0,2,0,0,1632.4624999999942,0,0,2,0.0
6516,15810898,Pan,515.5,France,Female,26.0,2,151659.52,2,0,1,1632.4624999999942,0,0,3,92.90229944026312
6517,15775797,Esposito,515.5,Spain,Female,26.0,7,0.0,3,0,1,1632.4624999999942,0,0,4,0.0
6518,15795246,Kaeppel,515.5,Germany,Female,26.0,9,155903.82,2,1,1,1632.4624999999942,0,0,4,95.50223665168453
6519,15795275,Lamb,515.5,Spain,Female,26.0,4,82940.25,2,0,0,1632.4624999999942,1,0,2,50.80683323506684
6520,15571869,Lei,515.5,Germany,Female,26.0,4,112650.89,1,0,0,1632.4624999999942,1,0,1,69.0067245036259
6521,15694143,Conti,515.5,France,Female,26.0,10,0.0,1,1,0,1632.4624999999942,0,1,2,0.0
6522,15748231,Hargreaves,515.5,Germany,Male,26.0,4,95853.39,2,1,0,1632.4624999999942,0,0,3,58.71705475623504
6523,15632185,Yermolayev,515.5,France,Female,26.0,1,82228.67,2,1,0,1632.4624999999942,0,0,3,50.37093960810756
6524,15806249,Kerr,515.5,Spain,Female,26.0,4,0.0,2,0,1,1632.4624999999942,0,0,3,0.0
6525,15743293,Waters,515.5,Germany,Female,26.0,1,163700.78,3,1,1,1632.4624999999942,1,0,5,100.27843212324974
6526,15598157,Onyeorulu,515.5,France,Male,26.0,4,106328.08,1,1,0,1632.4624999999942,0,0,2,65.13355130669181
6527,15700946,Kolesnikova,515.5,France,Female,26.0,7,152992.91,1,1,1,1632.4624999999942,0,0,3,93.71909615075418
6528,15722692,Kazakova,464.0,France,Male,26.0,3,116439.65,1,1,0,1632.4624999999942,0,0,2,71.32761089458435
6529,15696506,MacDonald,515.5,Spain,Male,26.0,9,101352.78,1,0,0,1632.4624999999942,0,0,1,62.085824329808716
6530,15728823,Sharwood,515.5,Spain,Female,26.0,10,0.0,2,1,0,1632.4624999999942,0,1,3,0.0
6531,15808851,Bufkin,511.0,Germany,Female,26.0,9,105609.17,1,0,1,1632.4624999999942,0,0,2,64.69316753064794
6532,15675231,Nwankwo,515.5,France,Female,26.0,8,0.0,2,1,1,1632.4624999999942,0,0,4,0.0
6533,15732299,Boniwell,515.5,France,Male,26.0,4,0.0,3,1,1,1632.4624999999942,0,0,5,0.0
6534,15706269,Willis,489.0,France,Female,26.0,8,103894.38,2,1,1,1632.4624999999942,0,0,4,63.642736050598636
6535,15590078,Burns,515.5,Spain,Male,26.0,9,139834.93,1,1,1,1632.4624999999942,0,0,3,85.65889262387374
6536,15776985,Kung,515.5,France,Female,26.0,6,112518.71,2,0,1,1632.4624999999942,0,0,3,68.92575480294366
6537,15756743,Howells,515.5,France,Female,26.0,7,115895.42,1,1,0,1632.4624999999942,0,0,2,70.99423110791238
6538,15782364,Bevan,515.5,Spain,Female,26.0,3,146408.68,1,0,0,1632.4624999999942,0,0,1,89.6857845126614
6539,15604093,Neitenstein,515.5,France,Male,26.0,4,165363.31,2,1,1,1632.4624999999942,1,0,4,101.29685061678329
6540,15749328,Johnson,515.5,France,Female,26.0,1,0.0,2,1,0,1632.4624999999942,1,0,3,0.0
6541,15656322,Sandover,515.5,Germany,Male,26.0,3,71843.15,1,1,0,1632.4624999999942,0,0,2,44.00906605817913
6542,15685564,Nnamutaezinwa,515.5,Spain,Male,26.0,5,105492.53,1,1,1,1632.4624999999942,0,0,3,64.62171719105362
6543,15785831,Sinclair,515.5,France,Male,26.0,7,183027.25,1,1,1,1632.4624999999942,0,0,3,112.11727681340346
6544,15796218,Wei,515.5,Germany,Male,26.0,1,131968.57,2,1,1,1632.4624999999942,0,0,4,80.84018469030711
6545,15716218,Higgins,515.5,France,Female,26.0,3,104118.5,1,0,1,1632.4624999999942,0,0,2,63.780025574860296
6546,15572735,Chang,433.0,Spain,Male,26.0,2,0.0,2,1,1,1632.4624999999942,0,1,4,0.0
6547,15633840,Henderson,515.5,France,Male,20.0,0,125023.1,2,1,1,1632.4624999999942,0,0,4,76.58558772406745
6548,15608760,Cox,515.5,France,Female,26.0,4,74323.2,1,1,1,1632.4624999999942,0,0,3,45.52827400323147
6549,15627848,Tsui,515.5,France,Male,26.0,7,109346.13,2,1,0,1632.4624999999942,0,0,3,66.98232271797998
6550,15792029,Lee,515.5,France,Male,26.0,6,0.0,2,1,0,1632.4624999999942,0,0,3,0.0
6551,15617331,Sergeyeva,515.5,Germany,Female,26.0,3,109698.41,1,1,1,1632.4624999999942,1,0,3,67.1981194054996
6552,15651740,Napolitani,515.5,Spain,Female,26.0,5,0.0,2,0,1,1632.4624999999942,0,1,3,0.0
6553,15636407,Beatham,515.5,Germany,Female,26.0,5,127758.09,1,1,0,1632.4624999999942,0,0,2,78.26096464696766
6554,15607526,Lu,515.5,Germany,Male,26.0,1,102645.48,1,1,0,1632.4624999999942,1,0,2,62.87769550602256
6555,15632576,Yashina,515.5,France,Male,26.0,4,93249.4,1,1,0,1632.4624999999942,0,0,2,57.12192469964874
6556,15581505,Bales,515.5,France,Male,26.0,5,0.0,2,1,0,1632.4624999999942,0,0,3,0.0
6557,15612207,Hill,515.5,Germany,Female,26.0,1,87779.83,1,0,1,1632.4624999999942,1,0,2,53.77142200816271
6558,15707242,Ibeamaka,504.0,Spain,Male,26.0,5,0.0,2,0,0,1632.4624999999942,0,1,2,0.0
6559,15721937,Romilly,515.5,France,Male,26.0,0,138131.34,1,0,1,1632.4624999999942,0,0,2,84.61532194460852
6560,15773852,Hayes,515.5,Germany,Male,26.0,4,70362.52,2,1,1,1632.4624999999942,0,0,4,43.10207432023722
6561,15719778,Chiu,515.5,France,Female,26.0,1,0.0,2,1,0,1632.4624999999942,0,0,3,0.0
6562,15650538,Sun,445.0,Germany,Female,26.0,7,168286.58,1,1,0,1632.4624999999942,1,0,2,103.08756250143607
6563,15797475,Brennan,515.5,France,Male,26.0,3,86102.27,1,1,0,1632.4624999999942,1,0,2,52.74379656500551
6564,15780359,Storey,515.5,Germany,Male,25.0,4,115142.9,1,1,1,1632.4624999999942,0,0,3,70.53325880380126
6565,15737104,Lawson,515.5,Germany,Female,26.0,0,126597.89,2,1,1,1632.4624999999942,1,0,4,77.55025919431561
6566,15789936,T'ao,515.5,France,Female,26.0,2,0.0,2,1,0,1632.4624999999942,0,1,3,0.0
6567,15709523,Yao,515.5,Germany,Female,26.0,0,157989.21,2,1,1,1632.4624999999942,0,0,4,96.77968712910744
6568,15593425,Bracewell,515.5,Spain,Female,26.0,1,187997.15,1,0,0,1632.4624999999942,1,0,1,115.16169590419422
6569,15776725,Kerr,515.5,Germany,Male,26.0,8,172192.49,1,1,1,1632.4624999999942,0,0,3,105.48021164345313
6570,15604706,Blake,515.5,Germany,Male,26.0,1,133105.47,1,1,0,1632.4624999999942,1,0,2,81.53661722704226
6571,15790958,Sanders,515.5,Spain,Male,26.0,4,0.0,2,1,1,1632.4624999999942,0,0,4,0.0
6572,15747534,Torkelson,515.5,France,Male,26.0,10,0.0,1,1,0,1632.4624999999942,1,0,2,0.0
6574,15690332,Wang,515.5,Germany,Male,26.0,3,192407.97,1,1,1,1632.4624999999942,0,0,3,117.86363852155911
6575,15661290,Hightower,515.5,Germany,Female,26.0,9,107199.75,1,0,0,1632.4624999999942,0,0,1,65.6675115048587
6576,15651883,Genovesi,515.5,Germany,Female,26.0,6,115796.7,1,1,0,1632.4624999999942,1,0,2,70.9337580495726
6577,15808905,Levan,515.5,France,Male,26.0,5,164858.18,1,1,1,1632.4624999999942,0,0,3,100.98742237570578
6578,15715532,Lai,515.5,Germany,Male,26.0,4,117633.28,1,0,1,1632.4624999999942,0,0,2,72.05879461243393
6579,15786078,Loginov,515.5,France,Female,26.0,9,0.0,2,1,0,1632.4624999999942,0,1,3,0.0
6580,15652401,Lafleur,496.0,France,Female,26.0,7,0.0,2,0,0,1632.4624999999942,0,1,2,0.0
6581,15673074,Obidimkpa,515.5,Germany,Female,26.0,6,126663.51,1,1,1,1632.4624999999942,0,0,3,77.59045613605241
6582,15598744,Ch'ang,515.5,Germany,Female,26.0,6,140273.47,1,1,1,1632.4624999999942,1,0,3,85.92752972886085
6583,15785975,Mason,515.5,Spain,Female,26.0,7,0.0,2,0,1,1632.4624999999942,0,1,3,0.0
6586,15773804,Golubeva,515.5,France,Male,26.0,5,0.0,1,1,0,1632.4624999999942,0,0,2,0.0
6587,15699515,Manfrin,515.5,Germany,Male,26.0,7,98630.31,2,1,1,1632.4624999999942,0,0,4,60.418116802070706
6588,15705313,Stange,515.5,France,Female,26.0,2,58036.33,1,1,1,1632.4624999999942,0,0,3,35.551401640160314
6589,15693817,Ferrari,515.5,Spain,Male,26.0,5,0.0,2,1,0,1632.4624999999942,0,0,3,0.0
6590,15673790,Taylor,498.0,Germany,Male,26.0,7,109200.74,2,0,1,1632.4624999999942,0,0,3,66.8932609478015
6591,15674868,Wei,515.5,Spain,Female,26.0,0,0.0,2,1,1,1632.4624999999942,0,0,4,0.0
6592,15692110,Ch'eng,515.5,France,Female,26.0,7,0.0,1,1,0,1632.4624999999942,0,1,2,0.0
6593,15645904,Parsons,515.5,France,Female,26.0,6,0.0,2,0,1,1632.4624999999942,0,1,3,0.0
6594,15581332,Pan,515.5,Germany,Female,26.0,1,83173.98,2,1,1,1632.4624999999942,0,0,4,50.950009571429845
6595,15808544,Cameron,515.5,France,Female,26.0,3,0.0,1,0,0,1632.4624999999942,1,0,1,0.0
6598,15637774,Fraser,515.5,France,Male,26.0,5,73494.21,1,0,0,1632.4624999999942,0,0,1,45.020458356623976
6599,15677141,Turnbull,515.5,Spain,Male,26.0,2,132450.24,1,1,1,1632.4624999999942,0,0,3,81.13524200402794
6600,15739578,Chiazagomekpere,515.5,France,Male,26.0,6,128663.9,1,1,0,1632.4624999999942,1,0,2,78.81583803609605
6601,15697360,Yudina,505.0,France,Female,26.0,2,79951.9,1,0,1,1632.4624999999942,1,0,2,48.97625519728648
6602,15655213,Udinese,515.5,Germany,Female,26.0,8,132508.3,1,1,1,1632.4624999999942,1,0,3,81.17080790523548
6603,15580872,Chinweike,515.5,Germany,Female,26.0,1,120530.13,2,1,0,1632.4624999999942,0,0,3,73.83332235809425
6604,15683213,Bergamaschi,515.5,France,Female,26.0,10,74988.59,2,0,1,1632.4624999999942,0,0,3,45.93587295267135
6605,15801188,Milliner,515.5,France,Female,26.0,6,94722.88,1,0,1,1632.4624999999942,0,0,2,58.02453655137582
6606,15645029,Knowles,515.5,Spain,Female,26.0,5,0.0,2,1,0,1632.4624999999942,0,0,3,0.0
6607,15633181,Swinton,515.5,France,Male,26.0,6,71269.89,2,0,1,1632.4624999999942,0,0,3,43.657903320903394
6608,15598259,Gregory,515.5,Germany,Female,26.0,9,98612.1,1,1,0,1632.4624999999942,0,0,2,60.40696187508158
6609,15576000,Chibueze,515.5,France,Male,26.0,6,138033.55,1,1,1,1632.4624999999942,0,0,3,84.55541857776242
6610,15766047,Sukhorukova,515.5,France,Female,26.0,2,91621.69,1,1,1,1632.4624999999942,0,0,3,56.124835945695736
6611,15596339,French,422.0,France,Male,26.0,3,140014.42,1,0,1,1632.4624999999942,0,0,2,85.76884308215381
6612,15715199,Estrada,515.5,Spain,Male,26.0,5,126815.97,2,0,1,1632.4624999999942,0,0,3,77.68384878672585
6613,15615938,Fleming,502.0,France,Female,26.0,3,139663.37,1,0,1,1632.4624999999942,0,0,2,85.55379985757743
6614,15679991,Kennedy,515.5,France,Female,26.0,7,0.0,2,0,1,1632.4624999999942,0,1,3,0.0
6615,15626135,Combes,515.5,France,Male,26.0,1,165312.27,1,1,0,1632.4624999999942,0,0,2,101.26558496749578
6616,15792934,Carruthers,515.5,France,Male,26.0,8,0.0,2,0,0,1632.4624999999942,0,1,2,0.0
6617,15744046,Andrejew,515.5,Spain,Male,26.0,8,0.0,2,1,1,1632.4624999999942,0,0,4,0.0
6618,15700826,Ko,515.5,Germany,Female,26.0,1,123699.28,2,0,1,1632.4624999999942,0,0,3,75.7746533228178
6619,15756301,Daniels,515.5,Germany,Female,26.0,3,97325.15,1,0,1,1632.4624999999942,0,0,2,59.61861298498455
6620,15586517,Toscano,515.5,France,Male,26.0,5,97041.16,1,1,1,1632.4624999999942,0,0,3,59.444648805102936
6621,15751297,Wilson,515.5,France,Male,26.0,5,0.0,2,1,0,1632.4624999999942,0,1,3,0.0
6622,15710365,Thomson,515.5,France,Male,26.0,0,104129.24,2,1,0,1632.4624999999942,1,0,3,63.78660459275504
6623,15679307,Kazantseva,515.5,France,Female,26.0,1,0.0,1,0,1,1632.4624999999942,0,0,2,0.0
6624,15610753,Cremonesi,515.5,France,Male,26.0,3,104367.5,1,1,1,1632.4624999999942,0,0,3,63.93255587800662
6625,15811036,Ferri,515.5,France,Male,26.0,7,135369.71,1,0,1,1632.4624999999942,0,0,2,82.92362611698613
6626,15610912,Ferri,515.5,Spain,Female,26.0,6,112119.48,1,1,0,1632.4624999999942,0,0,2,68.68119788356572
6627,15619932,Lombardi,515.5,France,Male,26.0,7,123760.68,1,0,1,1632.4624999999942,0,0,2,75.81226521283058
6628,15746199,Eluemuno,515.5,France,Female,26.0,6,0.0,1,1,1,1632.4624999999942,1,1,3,0.0
6629,15584967,Chiganu,515.5,Spain,Male,26.0,6,0.0,2,1,1,1632.4624999999942,0,0,4,0.0
6630,15734365,Hsueh,515.5,France,Male,26.0,5,0.0,2,0,1,1632.4624999999942,0,0,3,0.0
6631,15726960,O'Brien,515.5,France,Female,26.0,3,0.0,2,1,1,1632.4624999999942,0,0,4,0.0
6632,15665177,Booth,515.5,France,Male,26.0,3,0.0,2,0,1,1632.4624999999942,0,1,3,0.0
6633,15779915,O'Loghlin,515.5,Spain,Male,26.0,5,0.0,1,1,0,1632.4624999999942,0,0,2,0.0
6634,15729110,Lavrov,515.5,Spain,Female,26.0,7,0.0,2,1,0,1632.4624999999942,1,0,3,0.0
6635,15575399,Somadina,480.0,France,Female,26.0,1,152160.21,2,1,0,1632.4624999999942,0,0,3,93.20900786388694
6636,15678374,Colombo,515.5,France,Female,26.0,5,0.0,2,1,1,1632.4624999999942,0,1,4,0.0
6637,15792679,Troupe,515.5,France,Male,24.0,2,0.0,2,1,1,1632.4624999999942,0,1,4,0.0
6638,15668767,Kenenna,515.5,France,Male,26.0,3,0.0,2,1,0,1632.4624999999942,0,1,3,0.0
6639,15761886,Franklin,515.5,France,Male,26.0,4,172381.8,1,1,1,1632.4624999999942,0,0,3,105.59617755384923
6640,15583076,Deleon,515.5,Germany,Male,26.0,6,106116.56,2,1,0,1632.4624999999942,0,0,3,65.00398018331225
6641,15815615,Kung,515.5,France,Male,26.0,5,141952.07,1,1,1,1632.4624999999942,0,0,3,86.95579224637657
6642,15591942,Zito,515.5,Spain,Female,26.0,7,0.0,2,1,1,1632.4624999999942,0,0,4,0.0
6643,15724924,Giordano,515.5,France,Female,26.0,6,138497.84,1,0,1,1632.4624999999942,0,0,2,84.83982939883795
6644,15762123,Davide,515.5,Spain,Female,26.0,1,0.0,2,1,0,1632.4624999999942,0,1,3,0.0
6645,15567893,Lei,515.5,Germany,Male,26.0,3,124213.36,2,1,0,1632.4624999999942,0,0,3,76.0895640788076
6646,15648989,Moss,515.5,France,Male,26.0,4,126872.6,1,1,0,1632.4624999999942,0,0,2,77.71853871069042
6647,15662021,Lucciano,515.5,Spain,Female,26.0,2,0.0,2,0,0,1632.4624999999942,0,1,2,0.0
6648,15691627,Tai,515.5,France,Female,26.0,8,0.0,1,1,1,1632.4624999999942,0,0,3,0.0
6649,15731751,Osinachi,437.0,France,Female,26.0,1,120923.52,1,0,1,1632.4624999999942,0,0,2,74.07430185992048
6650,15635277,Coates,515.5,Spain,Male,26.0,7,142643.54,1,1,0,1632.4624999999942,0,0,2,87.3793670604994
6651,15655252,Larionova,515.5,Germany,Male,26.0,10,79857.64,1,1,1,1632.4624999999942,0,0,3,48.91851420783037
6652,15803941,Seleznev,515.5,France,Male,26.0,10,95502.21,1,0,0,1632.4624999999942,0,0,1,58.50193189736386
6653,15714380,Butcher,515.5,France,Male,26.0,5,0.0,2,0,0,1632.4624999999942,0,1,2,0.0
6655,15799998,Cunningham,515.5,France,Female,26.0,8,85859.76,1,0,0,1632.4624999999942,0,0,1,52.59524185088497
6656,15703763,Sanderson,515.5,France,Male,26.0,7,85304.27,1,1,1,1632.4624999999942,0,0,3,52.25496450913899
6657,15795640,Mai,515.5,Germany,Female,26.0,1,132371.3,2,0,0,1632.4624999999942,0,0,2,81.08688560993006
6658,15780056,Reid,515.5,Spain,Male,26.0,4,0.0,1,1,0,1632.4624999999942,0,0,2,0.0
6659,15777873,Downer,515.5,France,Female,26.0,5,0.0,1,0,0,1632.4624999999942,1,1,1,0.0
6660,15584749,Humphries,515.5,Germany,Male,26.0,4,79896.0,1,1,0,1632.4624999999942,0,0,2,48.94201245051588
6661,15765258,Bochsa,515.5,France,Female,26.0,5,0.0,2,1,1,1632.4624999999942,0,1,4,0.0
6662,15623346,Czajkowski,515.5,France,Male,26.0,4,0.0,2,1,0,1632.4624999999942,0,0,3,0.0
6663,15614054,Pankhurst,515.5,France,Male,26.0,1,0.0,2,0,1,1632.4624999999942,0,1,3,0.0
6664,15766185,She,515.5,Germany,Male,26.0,4,146587.3,1,1,1,1632.4624999999942,0,0,3,89.7952020337377
6665,15667632,Birdseye,515.5,France,Female,26.0,7,0.0,2,0,1,1632.4624999999942,0,0,3,0.0
6666,15599024,Hope,506.0,Spain,Male,26.0,8,0.0,2,0,1,1632.4624999999942,0,1,3,0.0
6667,15798709,Gill,515.5,Spain,Male,26.0,3,109109.33,1,0,1,1632.4624999999942,0,0,2,66.83726578711632
6668,15741921,Moon,515.5,Spain,Female,26.0,8,0.0,2,1,1,1632.4624999999942,0,1,4,0.0
6669,15793671,Watt,515.5,France,Male,26.0,5,0.0,1,1,0,1632.4624999999942,0,1,2,0.0
6670,15797900,Chinomso,515.5,France,Male,26.0,9,142147.32,1,0,0,1632.4624999999942,1,0,1,87.07539683147424
6671,15667932,Bellucci,515.5,Spain,Female,26.0,10,0.0,2,1,1,1632.4624999999942,0,0,4,0.0
6672,15795933,Barese,515.5,France,Female,26.0,3,0.0,2,1,1,1632.4624999999942,0,1,4,0.0
6673,15660403,Fleming,515.5,Spain,Female,26.0,0,0.0,2,0,1,1632.4624999999942,0,1,3,0.0
6674,15736299,Bell,515.5,France,Female,26.0,8,109106.8,1,0,0,1632.4624999999942,0,0,1,66.83571598122492
6675,15759034,Li Fonti,515.5,France,Male,26.0,2,112262.84,1,1,0,1632.4624999999942,0,0,2,68.7690161336021
6676,15724663,Christmas,515.5,Spain,Female,26.0,5,0.0,2,0,0,1632.4624999999942,0,1,2,0.0
6677,15594556,Chuter,515.5,Spain,Male,26.0,8,0.0,2,1,1,1632.4624999999942,0,1,4,0.0
6678,15737169,Johnson,515.5,Spain,Male,26.0,8,144238.7,1,1,1,1632.4624999999942,0,0,3,88.35651661217365
6679,15632472,Scott,472.0,Spain,Female,26.0,1,159397.75,1,0,1,1632.4624999999942,0,0,2,97.64251858771676
6680,15722813,Byrne,470.0,Spain,Male,26.0,4,125385.01,1,1,0,1632.4624999999942,0,0,2,76.80728347511838
6681,15588450,Chukwudi,515.5,France,Female,26.0,8,69365.25,1,1,1,1632.4624999999942,0,0,3,42.49117514184874
6682,15736717,Ma,515.5,France,Male,26.0,7,155271.83,1,1,1,1632.4624999999942,0,0,3,95.1150975902972
6683,15680683,Simmons,515.5,Spain,Male,26.0,5,197200.04,2,1,0,1632.4624999999942,0,0,3,120.79912402275747
6684,15710316,Fang,454.0,Spain,Female,26.0,5,144837.79,1,1,1,1632.4624999999942,0,0,3,88.7235020712577
6685,15746333,Blake,515.5,France,Female,26.0,3,0.0,3,1,0,1632.4624999999942,1,0,4,0.0
6686,15606861,Tien,515.5,France,Male,26.0,8,0.0,2,1,0,1632.4624999999942,0,0,3,0.0
6687,15641285,Yusupova,515.5,Spain,Male,26.0,3,163085.79,1,0,1,1632.4624999999942,0,0,2,99.90170677733828
6688,15662908,Davidson,515.5,Germany,Male,26.0,7,125903.22,2,1,1,1632.4624999999942,0,0,4,77.12472415139732
6690,15614923,Nielson,515.5,Spain,Male,26.0,7,107511.52,1,0,1,1632.4624999999942,0,0,2,65.85849292097086
6691,15579223,Niu,515.5,Germany,Male,26.0,8,127406.5,1,1,0,1632.4624999999942,0,0,2,78.04559063378207
6693,15677087,Green,515.5,France,Female,26.0,5,138106.75,1,0,0,1632.4624999999942,0,0,1,84.60025881145845
6694,15665784,She,515.5,France,Male,26.0,9,128940.24,1,1,0,1632.4624999999942,0,0,2,78.98511604401355
6695,15576706,Ajuluchukwu,515.5,Germany,Male,26.0,9,114453.58,1,0,1,1632.4624999999942,0,0,2,70.11100101840037
6696,15615473,Sabbatini,515.5,France,Female,26.0,2,0.0,2,0,0,1632.4624999999942,0,1,2,0.0
6697,15587299,Board,515.5,France,Female,26.0,3,0.0,1,1,0,1632.4624999999942,0,0,2,0.0
6698,15655389,Leckie,515.5,France,Male,26.0,1,131762.94,1,1,1,1632.4624999999942,0,0,3,80.71422161305419
6699,15784491,Ho,515.5,France,Female,26.0,6,0.0,1,0,0,1632.4624999999942,0,0,1,0.0
6700,15809999,Gordon,515.5,France,Female,26.0,3,150300.65,2,1,0,1632.4624999999942,0,0,3,92.06989440798826
6701,15681115,Iroawuchi,515.5,Spain,Male,26.0,10,108935.39,1,1,1,1632.4624999999942,0,0,3,66.7307151006534
6702,15629390,Liao,515.5,France,Male,26.0,7,135847.47,1,1,0,1632.4624999999942,0,0,2,83.21628827614752
6703,15792668,Hamilton,515.5,Germany,Male,26.0,7,109908.06,2,1,0,1632.4624999999942,1,0,3,67.32654502017681
6704,15583863,Chimaobim,515.5,Germany,Male,26.0,8,142946.18,1,0,0,1632.4624999999942,1,0,1,87.56475569882953
6705,15681878,Fan,436.0,Germany,Male,26.0,3,104339.11,2,1,1,1632.4624999999942,1,0,4,63.91516497316194
6706,15782875,Cayley,515.5,France,Male,26.0,5,157274.36,2,1,1,1632.4624999999942,0,0,4,96.34179039334781
6707,15732235,Kuykendall,515.5,France,Male,26.0,0,98848.19,1,0,1,1632.4624999999942,0,0,2,60.551583880181234
6708,15735909,McDonald,515.5,Germany,Female,26.0,8,105103.33,1,1,0,1632.4624999999942,1,0,2,64.38330436380645
6709,15653448,Duncan,515.5,France,Male,26.0,7,0.0,2,1,1,1632.4624999999942,0,0,4,0.0
6710,15587647,Browne,515.5,Germany,Female,26.0,0,127120.62,1,0,1,1632.4624999999942,1,0,2,77.87046869376813
6711,15701037,Barton,515.5,France,Male,26.0,2,0.0,2,1,0,1632.4624999999942,0,0,3,0.0
6712,15727499,Boyle,515.5,Germany,Female,26.0,3,129118.5,2,0,0,1632.4624999999942,0,0,2,79.09431303935034
6713,15724838,Moretti,515.5,France,Female,26.0,4,0.0,1,1,0,1632.4624999999942,0,1,2,0.0
6714,15666711,Ukaegbulam,515.5,France,Female,26.0,0,0.0,3,0,1,1632.4624999999942,1,1,4,0.0
6715,15588933,Nwankwo,515.5,France,Female,26.0,3,146053.66,1,1,1,1632.4624999999942,0,0,3,89.46830937923568
6716,15763111,Niu,515.5,Spain,Female,26.0,10,124577.15,1,0,1,1632.4624999999942,0,0,2,76.31241146427587
6717,15805676,Hsu,515.0,Spain,Male,26.0,4,151012.55,2,1,0,1632.4624999999942,0,0,3,92.50598405782708
6718,15586674,Shaw,515.5,Spain,Female,26.0,5,216109.88,1,0,1,1632.4624999999942,1,0,2,132.38275304945796
6719,15744553,Ho,444.0,France,Male,26.0,2,144318.97,1,1,0,1632.4624999999942,0,0,2,88.40568772636463
6720,15776629,Christie,515.5,France,Female,26.0,4,0.0,2,0,0,1632.4624999999942,0,1,2,0.0
6721,15647207,Onwuemelie,515.5,France,Male,26.0,7,0.0,2,1,0,1632.4624999999942,0,0,3,0.0
6722,15715638,Ch'ang,515.5,Germany,Male,26.0,3,27517.15,2,0,1,1632.4624999999942,0,0,3,16.856221812139697
6723,15750602,Clendinnen,515.5,France,Male,26.0,5,147092.65,1,1,0,1632.4624999999942,0,0,2,90.10476504054489
6724,15766810,Onyemauchechi,515.5,Germany,Female,26.0,2,92246.14,2,0,1,1632.4624999999942,0,0,3,56.50735621798377
6725,15756625,Crawford,515.5,France,Female,26.0,8,0.0,2,1,0,1632.4624999999942,1,1,3,0.0
6726,15639552,Mellor,515.5,Germany,Female,26.0,8,148897.02,1,0,0,1632.4624999999942,0,0,1,91.21007067543697
6727,15633213,Rizzo,515.5,Spain,Male,26.0,8,0.0,1,0,0,1632.4624999999942,1,1,1,0.0
6728,15610416,Christie,515.5,France,Female,26.0,9,0.0,1,1,0,1632.4624999999942,1,0,2,0.0
6729,15715208,Watkins,515.5,Germany,Female,26.0,10,138335.96,1,1,1,1632.4624999999942,0,0,3,84.74066632464788
6730,15619608,Ojiofor,454.0,Germany,Female,26.0,10,92895.56,1,1,0,1632.4624999999942,1,0,2,56.90517240059133
6731,15628697,Tung,515.5,Spain,Male,26.0,9,160736.63,1,0,1,1632.4624999999942,0,0,2,98.46267831573502
6732,15643826,McKay,503.0,France,Male,26.0,4,0.0,2,1,1,1632.4624999999942,0,1,4,0.0
6733,15718588,Meng,515.5,France,Female,26.0,9,0.0,2,0,0,1632.4624999999942,0,0,2,0.0
6734,15709741,Hussain,515.5,France,Male,26.0,4,107141.27,1,1,0,1632.4624999999942,0,0,2,65.63168832362176
6735,15723318,Mactier,515.5,France,Female,26.0,0,0.0,3,0,0,1632.4624999999942,1,0,3,0.0
6736,15717328,Hsueh,515.5,France,Female,26.0,4,132446.08,2,1,0,1632.4624999999942,1,0,3,81.13269370659384
6737,15771299,Nnachetam,515.5,France,Female,26.0,1,92053.0,1,1,1,1632.4624999999942,1,0,3,56.389044158748106
6738,15706223,Barnes,515.5,Spain,Male,26.0,2,96798.79,2,1,1,1632.4624999999942,0,0,4,59.29617985099219
6739,15612358,Christie,515.5,Germany,Male,26.0,9,134498.54,2,1,1,1632.4624999999942,0,0,4,82.38997220456855
6740,15769191,Lipton,509.0,France,Male,26.0,8,132387.91,2,1,1,1632.4624999999942,0,0,4,81.09706042252148
6741,15618816,Yu,515.5,Germany,Female,26.0,2,147171.2,1,0,1,1632.4624999999942,0,0,2,90.15288253175834
6742,15730810,Storey,515.5,Spain,Male,26.0,9,100524.69,1,1,1,1632.4624999999942,0,0,3,61.57855999754994
6743,15783463,Read,515.5,France,Female,26.0,1,0.0,2,1,0,1632.4624999999942,0,0,3,0.0
6744,15616213,Levy,515.5,Germany,Female,26.0,9,138214.5,1,1,0,1632.4624999999942,1,0,2,84.6662633904304
6745,15611287,Chiu,515.5,France,Female,26.0,4,0.0,2,0,1,1632.4624999999942,0,1,3,0.0
6746,15786454,Moore,515.5,Spain,Male,26.0,3,0.0,1,1,1,1632.4624999999942,0,0,3,0.0
6747,15768682,Amies,515.5,Spain,Male,26.0,3,0.0,1,1,1,1632.4624999999942,0,1,3,0.0
6748,15766172,Tsao,515.5,France,Male,26.0,3,128743.55,1,1,0,1632.4624999999942,0,0,2,78.86462935595793
6749,15637646,Rowley,515.5,France,Male,26.0,10,122647.32,1,0,0,1632.4624999999942,0,0,1,75.130252609172
6751,15690546,Riley,515.5,France,Female,26.0,2,0.0,4,0,0,1632.4624999999942,1,1,4,0.0
6752,15735636,Toscano,515.5,France,Female,26.0,2,121389.78,1,1,1,1632.4624999999942,1,0,3,74.3599194468482
6753,15605424,Oluchukwu,515.5,Spain,Male,26.0,7,123906.55,1,1,0,1632.4624999999942,0,0,2,75.9016210173284
6754,15568449,Fu,515.5,Spain,Male,26.0,7,143006.7,1,1,1,1632.4624999999942,0,0,3,87.60182852592358
6755,15688085,Warner,515.5,Spain,Female,26.0,3,157597.61,1,0,1,1632.4624999999942,0,0,2,96.53980413026366
6756,15683483,Fleming,515.5,Spain,Male,26.0,3,127117.8,2,1,1,1632.4624999999942,0,0,4,77.86874124214214
6757,15659567,Ch'iu,473.0,France,Female,26.0,9,117103.26,2,1,1,1632.4624999999942,1,0,4,71.73411946675677
6758,15766667,Langler,515.5,Spain,Male,26.0,2,102989.83,2,0,1,1632.4624999999942,0,0,3,63.08863450155845
6759,15624975,Angelo,515.5,Spain,Male,26.0,1,145118.83,1,0,1,1632.4624999999942,0,0,2,88.8956591652185
6760,15660878,T'ien,515.5,France,Male,26.0,1,126076.24,2,1,1,1632.4624999999942,0,0,4,77.23071127208156
6761,15586557,Milani,515.5,France,Male,26.0,5,0.0,1,0,1,1632.4624999999942,0,0,2,0.0
6762,15746183,Pye,515.5,France,Female,26.0,4,0.0,2,1,1,1632.4624999999942,0,1,4,0.0
6763,15631457,Asher,515.5,France,Male,26.0,5,98186.7,1,0,1,1632.4624999999942,0,0,2,60.14637395958581
6764,15754053,Chung,515.5,France,Female,26.0,7,0.0,3,1,1,1632.4624999999942,0,0,5,0.0
6765,15645839,Yudin,515.5,France,Male,26.0,6,0.0,1,1,1,1632.4624999999942,0,1,3,0.0
6766,15689955,Arcuri,461.0,France,Female,26.0,7,0.0,2,1,0,1632.4624999999942,0,1,3,0.0
6767,15593510,Capon,515.5,Germany,Female,26.0,5,129335.65,1,1,1,1632.4624999999942,1,0,3,79.2273329402669
6768,15654964,Piccio,515.5,Spain,Male,26.0,7,75801.74,1,1,0,1632.4624999999942,0,0,2,46.43398546674136
6769,15594039,Lung,515.5,Spain,Male,26.0,6,0.0,2,1,0,1632.4624999999942,0,1,3,0.0
6770,15625929,Trevisan,515.5,France,Female,26.0,7,159316.64,1,0,0,1632.4624999999942,0,0,1,97.59283291346698
6771,15815295,John,515.5,France,Female,26.0,2,96479.81,1,1,0,1632.4624999999942,0,0,2,59.10078179437527
6772,15621818,Anayolisa,515.5,Germany,Male,26.0,7,117726.33,1,1,1,1632.4624999999942,0,0,3,72.11579439037676
6773,15652700,Ritchie,515.5,France,Male,26.0,6,0.0,2,1,1,1632.4624999999942,0,0,4,0.0
6774,15636860,Ch'eng,515.5,France,Male,26.0,4,122351.29,1,1,0,1632.4624999999942,0,0,2,74.94891306844747
6775,15569432,Macleod,515.5,France,Female,26.0,9,0.0,2,1,1,1632.4624999999942,1,0,4,0.0
6776,15751455,Boyle,469.0,France,Female,26.0,5,0.0,1,1,0,1632.4624999999942,1,1,2,0.0
6777,15800583,Chukwuemeka,515.5,Spain,Female,26.0,8,0.0,1,0,0,1632.4624999999942,0,1,1,0.0
6778,15770214,Bryant,515.5,France,Female,26.0,7,0.0,2,1,0,1632.4624999999942,0,1,3,0.0
6779,15613463,Hackett,515.5,Germany,Female,26.0,6,132598.38,2,1,1,1632.4624999999942,0,0,4,81.22598834582753
6780,15587066,Kovaleva,515.5,France,Male,26.0,2,119272.29,1,0,0,1632.4624999999942,1,0,1,73.06280542432087
6781,15693752,Reed,487.0,France,Male,26.0,2,0.0,2,1,1,1632.4624999999942,0,1,4,0.0
6782,15714874,Major,515.5,France,Female,26.0,3,0.0,2,1,1,1632.4624999999942,0,1,4,0.0
6783,15657809,Lo,515.5,France,Male,26.0,10,106415.57,3,1,1,1632.4624999999942,1,0,5,65.18714518710254
6784,15651955,Hanson,515.5,France,Male,26.0,4,0.0,2,0,1,1632.4624999999942,0,0,3,0.0
6785,15570912,Ogbonnaya,515.5,Germany,Female,26.0,9,127772.1,2,1,1,1632.4624999999942,0,0,4,78.26954677366277
6786,15640266,Windsor,515.5,Spain,Male,26.0,5,104631.67,1,1,1,1632.4624999999942,0,0,3,64.09437889078639
6787,15652069,Calabrese,515.5,France,Male,26.0,1,0.0,2,1,0,1632.4624999999942,0,1,3,0.0
6788,15596074,Keating,502.0,France,Male,26.0,10,0.0,1,1,1,1632.4624999999942,0,0,3,0.0
6789,15800268,Costa,515.5,Germany,Male,26.0,6,118050.79,1,0,1,1632.4624999999942,0,0,2,72.31454933880589
6790,15809847,Tan,515.5,France,Male,26.0,0,0.0,2,0,0,1632.4624999999942,0,0,2,0.0
6791,15599074,Ma,487.0,Spain,Female,26.0,6,136093.74,1,0,1,1632.4624999999942,0,0,2,83.36714625910273
6792,15599591,Martin,515.5,Germany,Female,26.0,7,88477.36,2,1,0,1632.4624999999942,0,0,3,54.19870900556694
6793,15776096,Halpern,515.5,Spain,Male,26.0,3,161572.24,1,0,1,1632.4624999999942,0,0,2,98.97454918566311
6794,15611669,Nyhan,515.5,Germany,Male,26.0,7,126608.37,1,0,1,645.61,1,0,2,196.1065813726553
6795,15694098,Jackson,515.5,France,Female,26.0,9,68332.96,1,1,1,1632.4624999999942,0,0,3,41.85882370958001
6796,15713347,Reynolds,515.5,Spain,Male,26.0,6,179852.26,1,1,0,1632.4624999999942,0,0,2,110.17236843112822
6798,15811978,Trevisani,515.5,Germany,Male,26.0,2,104763.41,1,1,1,1632.4624999999942,0,0,3,64.17507906000927
6799,15799925,Uwakwe,515.5,France,Male,26.0,6,88541.57,2,1,1,1632.4624999999942,0,0,4,54.23804222149074
6800,15692575,Kerr,515.5,France,Male,26.0,6,162888.73,1,1,0,1632.4624999999942,1,0,2,99.78099343782819
6801,15743149,Findlay,515.5,France,Female,26.0,8,0.0,1,1,1,1632.4624999999942,0,0,3,0.0
6802,15776947,Ugorji,515.5,Spain,Male,26.0,8,0.0,1,1,0,1632.4624999999942,1,0,2,0.0
6803,15700656,Balashova,515.5,France,Male,26.0,9,0.0,2,0,0,1632.4624999999942,0,0,2,0.0
6804,15594515,Cheng,515.5,France,Female,26.0,7,0.0,2,0,0,1632.4624999999942,1,0,2,0.0
6805,15787884,Martin,515.5,France,Female,26.0,7,0.0,2,1,1,1632.4624999999942,0,0,4,0.0
6806,15577988,Skinner,515.5,France,Female,26.0,1,0.0,2,1,1,1632.4624999999942,0,0,4,0.0
6807,15795586,McDonald,478.0,France,Male,26.0,1,92474.05,1,1,0,1632.4624999999942,0,0,2,56.64696738822505
6808,15677739,Dellucci,515.5,France,Male,26.0,6,0.0,2,1,0,1632.4624999999942,0,0,3,0.0
6809,15720134,Reynolds,515.5,Germany,Male,26.0,9,115479.48,2,1,1,1632.4624999999942,0,0,4,70.73943811879317
6810,15688868,Birdsall,515.5,France,Female,26.0,5,87098.91,1,0,0,1632.4624999999942,0,0,1,53.35430982334989
6811,15642996,Tsai,515.5,Germany,Female,26.0,9,86351.85,2,1,0,1632.4624999999942,0,0,3,52.89668215962101
6812,15771222,Oguejiofor,515.5,France,Female,26.0,5,0.0,2,0,0,1632.4624999999942,0,0,2,0.0
6813,15605059,Mackie,515.5,Germany,Male,26.0,3,148843.56,1,1,0,1632.4624999999942,1,0,2,91.1773226031229
6814,15568088,Jamieson,481.0,Germany,Male,26.0,3,163714.52,1,1,0,1632.4624999999942,0,0,2,100.28684885564022
6815,15665943,Mai,445.0,France,Male,25.0,6,0.0,2,1,0,1632.4624999999942,0,1,3,0.0
6816,15795571,Patterson,515.5,Spain,Male,26.0,0,94153.56,1,0,1,1632.4624999999942,0,0,2,57.67578734580447
6817,15662243,Taylor,515.5,France,Male,26.0,5,162702.35,1,0,0,1632.4624999999942,1,0,1,99.66682236192291
6818,15593128,Vinogradoff,515.5,France,Female,26.0,10,129255.2,2,1,0,1632.4624999999942,1,0,3,79.17805156320617
6819,15589739,North,515.5,France,Male,26.0,3,90605.29,1,1,1,1632.4624999999942,0,0,3,55.50221827453942
6820,15787602,Carter,515.5,Spain,Male,26.0,5,0.0,2,1,1,1632.4624999999942,0,1,4,0.0
6821,15685019,Graham,515.5,France,Male,26.0,3,102787.42,1,1,0,1632.4624999999942,0,0,2,62.96464390453095
6822,15704209,Noble,515.5,France,Female,26.0,7,120145.96,2,0,1,1632.4624999999942,1,0,3,73.59799076548492
6823,15605264,Walker,515.5,Germany,Male,26.0,0,63723.78,2,1,1,1632.4624999999942,0,0,4,39.03537140975687
6825,15740264,Yobachi,515.5,France,Male,26.0,9,0.0,2,1,0,1632.4624999999942,0,0,3,0.0
6826,15615477,Ignatyeva,515.5,Spain,Female,26.0,1,0.0,2,0,0,1632.4624999999942,0,0,2,0.0
6827,15727361,Chiemela,515.5,France,Female,26.0,1,0.0,2,1,1,1632.4624999999942,0,0,4,0.0
6828,15760216,Pokrovskaya,515.5,France,Female,26.0,10,0.0,1,1,0,1632.4624999999942,1,1,2,0.0
6829,15806134,Storey,515.5,Germany,Male,26.0,9,162691.16,2,1,0,1632.4624999999942,0,0,3,99.6599676868538
6830,15601351,Moroney,515.5,France,Male,26.0,9,127806.91,1,1,1,1632.4624999999942,0,0,3,78.29087038752833
6831,15669262,Maslov,515.5,France,Male,26.0,9,157960.49,2,0,0,1632.4624999999942,0,0,2,96.76209407566823
6832,15696989,Chukwueloka,469.0,Germany,Female,26.0,8,139493.25,3,0,0,1632.4624999999942,1,0,3,85.44958919423907
6833,15688498,Chu,515.5,Germany,Female,21.0,2,87096.82,2,1,0,1632.4624999999942,0,0,3,53.35302954891786
6834,15686964,Spence,515.5,France,Female,26.0,10,84944.58,1,0,0,1632.4624999999942,0,0,1,52.03462866681489
6835,15625035,Mills,515.5,France,Male,26.0,8,160139.59,2,1,1,1632.4624999999942,0,0,4,98.09694862822305
6836,15618391,Doyle,515.5,France,Male,26.0,6,0.0,2,1,1,1632.4624999999942,0,0,4,0.0
6837,15591344,Donnelly,515.5,Spain,Male,26.0,6,0.0,2,1,1,1632.4624999999942,0,1,4,0.0
6838,15605455,Tai,515.5,France,Male,26.0,9,0.0,2,1,0,1632.4624999999942,0,1,3,0.0
6839,15680804,Abbott,515.5,France,Male,26.0,6,0.0,2,1,1,1632.4624999999942,0,0,4,0.0
6840,15768282,Perez,515.5,Germany,Male,26.0,6,94615.11,2,1,1,1632.4624999999942,0,0,4,57.95851972097389
6841,15685826,Hsiung,515.5,France,Male,26.0,7,90727.79,1,1,0,1632.4624999999942,0,0,2,55.57725828311543
6842,15793491,Cherkasova,515.5,Germany,Male,26.0,3,119545.48,2,1,0,1632.4624999999942,0,0,3,73.23015383201783
6843,15797787,Denisov,515.5,France,Male,26.0,1,118311.76,1,1,0,1632.4624999999942,0,0,2,72.47441212279021
6844,15611171,Fowler,515.5,France,Male,26.0,1,129574.98,1,1,1,1632.4624999999942,0,0,3,79.37393967702195
6845,15601627,Siciliano,515.5,France,Male,26.0,8,148163.57,1,0,0,1632.4624999999942,0,0,1,90.76078010980378
6846,15734085,Crocker,465.0,Germany,Male,24.0,5,117154.9,1,1,1,1632.4624999999942,0,0,3,71.76575265894341
6847,15809309,Longo,515.5,Spain,Female,26.0,5,154251.67,1,0,1,1632.4624999999942,0,0,2,94.49017665030625
6848,15809462,Polyakova,515.5,France,Male,26.0,3,0.0,2,0,1,1632.4624999999942,0,0,3,0.0
6849,15634628,Brown,515.5,France,Female,26.0,1,65667.79,2,0,0,1632.4624999999942,0,0,2,40.2262165287106
6850,15775678,Uspensky,515.5,France,Female,26.0,1,0.0,1,1,1,1632.4624999999942,0,1,3,0.0
6851,15579526,O'Meara,515.5,France,Male,26.0,1,50194.59,1,1,1,1632.4624999999942,0,0,3,30.747775216888705
6852,15779103,Cantamessa,515.5,Germany,Female,26.0,9,96748.89,2,1,0,1632.4624999999942,0,0,3,59.26561253321307
6853,15738715,Alexander,515.5,France,Female,26.0,4,0.0,3,1,0,1632.4624999999942,1,0,4,0.0
6854,15593943,Chinagorom,515.5,France,Female,26.0,1,132667.17,1,1,1,1632.4624999999942,0,0,3,81.26812713921483
6855,15754574,Tomlinson,515.5,Spain,Male,26.0,5,0.0,2,1,1,1632.4624999999942,0,0,4,0.0
6856,15737814,Lo,515.5,France,Male,26.0,2,127087.06,1,1,0,1632.4624999999942,1,0,2,77.8499107942758
6857,15670889,Nwachukwu,515.5,France,Male,26.0,1,125566.9,1,1,1,1632.4624999999942,0,0,3,76.91870410499503
6858,15629299,Yang,515.5,Germany,Female,26.0,1,106074.89,1,1,1,1632.4624999999942,1,0,3,64.97845432896644
6859,15771569,Bage,515.5,Germany,Male,26.0,4,137367.94,1,1,1,1632.4624999999942,0,0,3,84.14768486259285
6860,15811927,Marcelo,515.5,France,Female,26.0,3,157658.36,1,0,0,1632.4624999999942,0,0,1,96.57701784880237
6861,15785654,Ofodile,515.5,Germany,Male,26.0,6,114422.85,2,1,1,1632.4624999999942,1,0,4,70.09217669624901
6862,15665524,Savage,515.5,Spain,Male,26.0,5,103154.66,1,0,0,1632.4624999999942,0,0,1,63.18960466166933
6863,15736287,Piccio,515.5,France,Male,26.0,9,0.0,1,1,0,1632.4624999999942,0,0,2,0.0
6864,15765732,Simmons,515.5,Spain,Female,24.0,6,149592.14,1,1,1,1632.4624999999942,0,0,3,91.63588137552964
6865,15797381,DeRose,515.5,Germany,Female,26.0,3,133903.12,2,1,1,1632.4624999999942,1,0,4,82.02523488288428
6866,15598536,Onuchukwu,515.5,Germany,Female,26.0,0,84587.9,1,0,1,1632.4624999999942,0,0,2,51.81613666470152
6867,15664506,Goodwin,515.5,Spain,Male,26.0,8,197436.82,1,1,1,1632.4624999999942,0,0,3,120.94416870219115
6868,15575619,Teakle,515.5,Spain,Female,26.0,1,104254.27,1,1,1,1632.4624999999942,0,0,3,63.86319440722245
6869,15587394,Thomson,462.0,France,Male,26.0,4,140133.08,2,0,0,1632.4624999999942,0,0,2,85.84153081617525
6870,15654457,Cross,515.5,Spain,Female,26.0,2,0.0,3,1,1,1632.4624999999942,1,1,5,0.0
6871,15762793,Jones,515.5,Germany,Female,26.0,0,136980.23,2,1,1,1632.4624999999942,0,0,4,83.91018476687856
6872,15658067,Walker,515.5,Germany,Female,26.0,3,120568.41,1,1,0,1632.4624999999942,1,0,2,73.85677159505988
6873,15642816,De Salis,515.5,France,Female,26.0,7,43658.33,2,1,1,1632.4624999999942,0,0,4,26.743848633582797
6874,15693088,Oliver,515.5,France,Female,26.0,9,0.0,2,1,1,1632.4624999999942,0,0,4,0.0
6875,15793883,Lo Duca,515.5,France,Male,26.0,3,0.0,2,1,0,1632.4624999999942,0,0,3,0.0
6876,15665283,Brookes,515.5,France,Female,26.0,7,72092.95,4,0,1,1632.4624999999942,1,0,5,44.16208641852432
6877,15680421,Challis,515.5,France,Female,26.0,10,0.0,2,0,0,1632.4624999999942,0,1,2,0.0
6878,15695148,Ibeabuchi,515.5,Spain,Female,26.0,9,0.0,2,1,1,1632.4624999999942,0,0,4,0.0
6879,15636592,Iroawuchi,515.5,France,Male,26.0,0,181821.96,2,0,1,1632.4624999999942,1,0,3,111.37895051188045
6880,15772618,Tyler,515.5,France,Male,25.0,7,90920.75,1,0,1,1632.4624999999942,0,0,2,55.69546007948135
6881,15724453,Fan,515.5,France,Male,23.0,2,0.0,1,0,0,1632.4624999999942,0,1,1,0.0
6882,15565878,Bates,515.5,Spain,Male,26.0,3,0.0,2,1,1,1632.4624999999942,0,1,4,0.0
6883,15609160,Marsden,515.5,France,Male,26.0,1,0.0,2,0,0,1632.4624999999942,0,0,2,0.0
6884,15678460,Dodgshun,515.5,France,Male,26.0,9,0.0,1,1,0,1632.4624999999942,0,0,2,0.0
6885,15662571,Maclean,515.5,France,Male,26.0,8,0.0,2,1,0,1632.4624999999942,0,1,3,0.0
6886,15606849,Blackall,515.5,France,Female,26.0,1,94920.71,1,1,1,1632.4624999999942,0,0,3,58.14572157093982
6887,15670738,Mazzanti,515.5,Germany,Male,26.0,2,113939.36,2,1,0,1632.4624999999942,0,0,3,69.79600450240076
6889,15727539,Schoenheimer,515.5,France,Female,26.0,4,0.0,2,1,0,1632.4624999999942,0,0,3,0.0
6890,15651020,Fiorentino,473.0,France,Female,25.0,6,110666.42,2,0,0,1632.4624999999942,0,0,2,67.79109474183964
6891,15673877,Murray,490.0,France,Male,26.0,1,0.0,3,1,0,1632.4624999999942,1,1,4,0.0
6892,15760865,Fan,515.5,Germany,Female,26.0,7,141819.02,1,1,0,1632.4624999999942,1,0,2,86.87428960849054
6893,15705009,Cartwright,515.5,France,Female,26.0,8,156974.26,1,1,0,1632.4624999999942,1,0,2,96.15795768662409
6894,15657540,Cremonesi,515.5,France,Male,26.0,5,151215.34,2,1,0,1632.4624999999942,0,0,3,92.63020743202404
6895,15707441,White,515.5,Spain,Male,26.0,8,116318.23,1,1,1,1632.4624999999942,0,0,3,71.25323246322682
6896,15694765,Sabbatini,515.5,Germany,Male,26.0,6,113882.33,1,1,0,1632.4624999999942,1,0,2,69.76106954983678
6897,15649086,Patterson,515.5,France,Male,26.0,7,0.0,2,1,1,1632.4624999999942,0,1,4,0.0
6898,15650488,Bromley,492.0,France,Female,26.0,6,127253.98,1,1,1,1632.4624999999942,1,0,3,77.9521612288187
6899,15760924,Doherty,515.5,Spain,Male,26.0,2,100062.39,1,0,0,1632.4624999999942,0,0,1,61.29536819375658
6900,15700263,Ifeatu,515.5,France,Male,26.0,2,0.0,1,1,0,1632.4624999999942,1,1,2,0.0
6901,15806922,Bergamaschi,515.5,Spain,Female,26.0,4,126605.14,1,1,1,1632.4624999999942,0,0,3,77.55470033768032
6902,15637522,Shubina,507.0,France,Female,26.0,0,106942.08,1,0,1,1632.4624999999942,0,0,2,65.50967020681969
6903,15636548,Lung,457.0,Spain,Male,26.0,7,0.0,2,0,0,1632.4624999999942,0,1,2,0.0
6904,15566891,Kinder,515.5,Germany,Female,26.0,3,88594.93,1,1,0,1632.4624999999942,0,0,2,54.270729036654934
6905,15627185,Terry,515.5,Germany,Male,26.0,6,123737.04,2,1,0,1632.4624999999942,0,0,3,75.79778402260415
6906,15754012,Shepherdson,515.5,France,Female,26.0,1,110752.15,2,1,1,1632.4624999999942,0,0,4,67.84361049641286
6907,15627514,Short,515.5,Spain,Female,26.0,3,0.0,2,0,1,1632.4624999999942,0,1,3,0.0
6908,15661433,Zetticci,515.5,France,Male,26.0,5,0.0,1,1,0,1632.4624999999942,0,0,2,0.0
6909,15610653,Belov,515.5,Spain,Female,26.0,5,0.0,2,1,1,1271.51,0,0,4,0.0
6910,15667002,Knight,515.5,Spain,Male,26.0,5,0.0,2,1,0,1632.4624999999942,0,0,3,0.0
6911,15709199,Burson,511.0,Spain,Female,26.0,1,0.0,1,1,1,1632.4624999999942,0,1,3,0.0
6912,15710087,Nicholls,515.5,Germany,Female,26.0,3,125889.3,3,1,0,1632.4624999999942,1,0,4,77.11619715613709
6913,15679884,Hs?eh,515.5,France,Male,26.0,10,78314.63,3,1,1,1632.4624999999942,1,0,5,47.97331025980706
6914,15784180,Ku,515.5,France,Female,26.0,7,206329.65,1,1,1,1632.4624999999942,1,0,3,126.39166290190478
6915,15808849,T'ien,515.5,France,Male,26.0,7,145536.9,1,0,1,1632.4624999999942,0,0,2,89.15175693162968
6916,15751549,H?,515.5,Germany,Male,26.0,2,77082.65,2,0,0,1632.4624999999942,0,0,2,47.21863442498696
6918,15640418,Omeokachie,515.5,Germany,Female,26.0,4,115897.73,1,1,0,1632.4624999999942,0,0,2,70.9956461480741
6919,15721116,Napolitano,515.5,Spain,Male,24.0,0,108058.07,2,1,1,1632.4624999999942,0,0,4,66.19329387351954
6920,15599084,Hopwood,515.5,France,Male,26.0,7,191523.09,1,1,1,1632.4624999999942,0,0,3,117.32158625389599
6921,15773394,Bergamaschi,515.5,France,Male,26.0,3,0.0,2,1,1,1632.4624999999942,0,0,4,0.0
6922,15625713,Lindeman,515.5,Spain,Female,26.0,7,91187.9,1,0,1,1632.4624999999942,0,0,2,55.85910855532689
6923,15766417,McKinley,515.5,France,Female,26.0,2,0.0,2,1,1,1632.4624999999942,0,0,4,0.0
6924,15622578,Sergeyev,515.5,France,Male,26.0,5,113958.55,1,0,1,1632.4624999999942,0,0,2,69.80775974945851
6925,15799924,Sanchez,515.5,Spain,Male,26.0,1,147167.25,1,0,0,1632.4624999999942,0,0,1,90.15046287433894
6926,15618363,Muomelu,515.5,Germany,Male,26.0,9,82916.48,1,1,1,1632.4624999999942,0,0,3,50.7922724105456
6927,15637138,Murray,515.5,France,Male,26.0,1,0.0,2,1,0,1632.4624999999942,0,0,3,0.0
6928,15781665,Ibekwe,515.5,France,Female,26.0,5,0.0,1,0,0,1632.4624999999942,0,0,1,0.0
6929,15804853,McVey,515.5,France,Female,26.0,0,57098.96,1,1,0,1632.4624999999942,1,0,2,34.97719549453675
6930,15651627,White,515.5,Germany,Male,26.0,1,115341.19,1,1,1,1632.4624999999942,1,0,3,70.65472560625462
6931,15680685,Patterson,515.5,France,Male,26.0,3,165257.2,1,0,0,1632.4624999999942,0,0,1,101.23185065506901
6932,15808930,Mai,515.5,France,Female,26.0,1,0.0,1,1,0,1632.4624999999942,0,0,2,0.0
6933,15570970,Han,515.5,France,Female,26.0,9,0.0,2,1,1,1632.4624999999942,0,0,4,0.0
6934,15679961,Davidson,515.5,Spain,Male,26.0,7,68799.72,1,1,1,1632.4624999999942,0,0,3,42.14474758225702
6935,15705458,Parkin,515.5,Spain,Male,26.0,2,116120.19,2,1,1,1632.4624999999942,0,0,4,71.13191880364812
6936,15750396,McKissick,515.5,France,Male,26.0,1,0.0,2,1,1,1632.4624999999942,0,0,4,0.0
6937,15679928,Horsfall,515.5,France,Female,26.0,2,84102.11,2,0,1,1632.4624999999942,0,0,3,51.51855555640653
6938,15711181,Clapp,515.5,France,Female,26.0,4,0.0,2,0,1,1632.4624999999942,0,1,3,0.0
6939,15698324,Azikiwe,515.5,France,Female,26.0,4,0.0,1,1,1,1632.4624999999942,0,0,3,0.0
6940,15807433,Zubarev,515.5,France,Female,26.0,9,0.0,2,0,1,1632.4624999999942,0,0,3,0.0
6941,15636590,Pisano,515.5,France,Male,26.0,1,0.0,2,1,1,1632.4624999999942,0,0,4,0.0
6942,15628950,Coates,501.0,Germany,Male,25.0,6,104013.79,1,1,0,1632.4624999999942,0,0,2,63.71588321324402
6943,15617206,Trentino,431.0,Germany,Male,26.0,8,120822.86,2,1,0,1632.4624999999942,0,0,3,74.01264041287345
6944,15603741,MacDonnell,515.5,Spain,Male,26.0,4,128389.12,1,1,1,1632.4624999999942,0,0,3,78.64751563971635
6945,15742607,Ermakov,515.5,Germany,Male,26.0,7,102800.72,1,1,1,1632.4624999999942,0,0,3,62.972791105462065
6946,15747821,K?,515.5,Germany,Female,26.0,6,135470.9,1,1,0,1632.4624999999942,0,0,2,82.9856122269274
6947,15612043,Hammonds,418.0,France,Male,26.0,7,90145.04,1,1,1,1632.4624999999942,0,0,3,55.22028224231816
6948,15809558,Peppin,515.5,Spain,Male,26.0,7,0.0,1,1,1,1632.4624999999942,0,1,3,0.0
6949,15803750,Ball,515.5,Spain,Female,26.0,3,161801.47,1,0,1,1632.4624999999942,1,0,2,99.11496895028252
6950,15704681,Yeh,515.5,Germany,Male,26.0,2,99660.13,2,0,1,1632.4624999999942,0,0,3,61.048955182737956
6951,15667392,L?,515.5,Spain,Female,26.0,6,123081.84,2,1,1,1632.4624999999942,0,0,4,75.3964271767348
6952,15738889,Shih,515.5,France,Male,26.0,8,102870.93,1,0,1,1632.4624999999942,1,0,2,63.01579975037733
6953,15598838,Greco,515.5,France,Female,26.0,1,151105.68,1,1,1,1632.4624999999942,0,0,3,92.5630328414898
6954,15579109,Napolitano,515.5,Germany,Male,26.0,5,163856.76,1,1,1,1632.4624999999942,0,0,3,100.3739810255982
6955,15799042,Zaytseva,515.5,France,Male,26.0,7,0.0,1,1,1,1632.4624999999942,0,0,3,0.0
6956,15697042,Genovesi,515.5,Spain,Male,26.0,8,127290.61,1,1,0,1632.4624999999942,0,0,2,77.97459972281167
6957,15696605,Angelo,515.5,France,Male,26.0,4,180614.04,1,0,0,523.0,0,0,1,345.34233269598474
6958,15802274,Waters,515.5,France,Female,26.0,7,55053.62,1,1,0,1632.4624999999942,0,0,2,33.72427850563195
6959,15596808,Maclean,515.5,Spain,Male,26.0,4,96110.22,1,1,0,1173.23,0,0,2,81.91933380496577
6960,15705403,Seleznyova,515.5,Spain,Female,26.0,3,106521.49,1,0,1,1632.4624999999942,0,0,2,65.2520287602321
6961,15732903,Fontenot,515.5,France,Male,26.0,7,82255.51,2,1,0,1632.4624999999942,0,0,3,50.387381027129436
6962,15581968,Reid,515.5,France,Female,26.0,1,0.0,2,1,1,1632.4624999999942,0,1,4,0.0
6963,15683892,Fraser,515.5,Germany,Female,26.0,3,102395.79,1,1,0,1632.4624999999942,0,0,2,62.72474252854222
6964,15595447,Tuan,515.5,Spain,Male,26.0,8,118201.41,1,1,0,1632.4624999999942,0,0,2,72.40681485792196
6965,15569249,Howarth,515.5,France,Female,26.0,6,44582.07,3,0,1,1632.4624999999942,1,0,4,27.30970542968072
6966,15656188,Davis,515.5,Spain,Female,26.0,5,0.0,2,1,1,1632.4624999999942,0,1,4,0.0
6969,15721793,Chiu,510.0,Germany,Female,26.0,7,123936.54,1,1,1,1632.4624999999942,0,0,3,75.91999203657079
6970,15687413,Sunderland,515.5,Spain,Female,26.0,6,0.0,2,1,1,1632.4624999999942,0,1,4,0.0
6971,15761286,Fan,515.5,Germany,Female,26.0,7,119499.42,2,1,1,1632.4624999999942,0,0,4,73.20193878879327
6972,15658240,Parry,515.5,France,Female,26.0,9,135814.7,2,0,0,1632.4624999999942,0,0,2,83.19621430813908
6973,15706232,Niu,515.5,France,Male,26.0,9,0.0,1,1,1,1632.4624999999942,1,1,3,0.0
6974,15583394,Zuyev,515.5,Germany,Male,26.0,8,106259.63,2,1,1,1632.4624999999942,0,0,4,65.09162078761403
6975,15715643,Ijendu,515.5,France,Male,26.0,8,0.0,2,1,1,1632.4624999999942,0,1,4,0.0
6976,15644856,Bird,515.5,Spain,Male,26.0,2,115463.16,1,1,0,1632.4624999999942,0,0,2,70.72944095193637
6977,15785488,Palmer,515.5,Spain,Female,26.0,9,0.0,2,1,1,1632.4624999999942,0,1,4,0.0
6978,15711571,Y?,515.5,Spain,Male,26.0,5,120233.83,1,1,0,1632.4624999999942,0,0,2,73.65181742306511
6979,15778604,Nicholson,515.5,France,Female,26.0,7,0.0,2,0,0,1632.4624999999942,0,1,2,0.0
6980,15751180,Adams,515.5,France,Female,26.0,7,81132.21,1,1,0,1632.4624999999942,0,0,2,49.699279462774975
6981,15748360,Cocci,515.5,Germany,Female,26.0,10,122196.99,2,1,1,1632.4624999999942,0,0,4,74.85439328621665
6982,15770039,Kuo,515.5,Germany,Male,26.0,4,112290.22,1,1,0,1632.4624999999942,1,0,2,68.7857883412332
6983,15685096,Trevisani,515.5,France,Female,26.0,4,0.0,2,1,1,861.4,0,0,4,0.0
6984,15669501,Kuo,515.5,France,Male,26.0,5,0.0,2,1,1,1632.4624999999942,0,0,4,0.0
6985,15622631,H?,515.5,France,Male,26.0,8,154409.74,1,1,0,1632.4624999999942,1,0,2,94.58700582708671
6986,15586699,Thomson,515.5,France,Male,26.0,9,0.0,2,0,0,1632.4624999999942,0,0,2,0.0
6987,15702377,Knorr,515.5,Spain,Male,26.0,1,132759.8,1,1,0,1632.4624999999942,0,0,2,81.32486963712824
6988,15577170,Manfrin,515.5,France,Male,26.0,5,76705.87,2,0,1,1632.4624999999942,0,0,3,46.987829735752136
6989,15769451,Hayes,515.5,France,Female,26.0,1,0.0,2,1,1,1632.4624999999942,0,0,4,0.0
6990,15811877,Shao,515.5,France,Female,26.0,4,0.0,2,1,0,1632.4624999999942,0,1,3,0.0
6991,15648725,Sinclair,515.5,France,Male,26.0,3,0.0,2,1,1,1632.4624999999942,0,1,4,0.0
6992,15752801,Bradshaw,515.5,Germany,Male,26.0,9,125961.74,2,1,0,1632.4624999999942,1,0,3,77.1605718354942
6993,15808175,Castiglione,515.5,France,Female,26.0,7,49572.73,1,1,0,1632.4624999999942,1,0,2,30.366841504781995
6994,15681342,Hurst,515.5,France,Female,26.0,1,103015.12,2,1,1,1632.4624999999942,0,0,4,63.10412643475753
6995,15589210,Adamson,515.5,France,Female,24.0,4,0.0,1,0,0,1632.4624999999942,0,0,1,0.0
6996,15696826,James,515.5,France,Female,26.0,1,104001.38,1,0,1,1632.4624999999942,0,0,2,63.70828120094665
6997,15614962,Pavlova,515.5,Spain,Female,26.0,2,87116.71,1,1,1,1632.4624999999942,0,0,3,53.3652135960246
6998,15689061,Davey,515.5,France,Male,26.0,5,82547.11,2,1,1,1632.4624999999942,0,0,4,50.56600687611525
6999,15640074,Barrett,515.5,Spain,Female,26.0,5,0.0,1,0,0,1632.4624999999942,1,1,1,0.0
7000,15776156,Dolgorukova,515.5,France,Male,26.0,4,121325.84,1,1,1,1632.4624999999942,1,0,3,74.32075162522902
7001,15739548,Johnson,515.5,France,Male,26.0,9,111167.7,1,1,0,1632.4624999999942,0,0,2,68.09816458264763
7002,15662854,Manna,515.5,Germany,Male,26.0,5,139714.4,2,0,0,1632.4624999999942,0,0,2,85.58505938114995
7003,15687688,Hou,515.5,Germany,Female,26.0,10,139875.2,2,1,0,1632.4624999999942,0,0,3,85.68356087812155
7004,15715750,Okeke,515.5,Germany,Female,26.0,2,113063.83,1,0,0,1632.4624999999942,1,0,1,69.25967977824936
7005,15571121,Kodilinyechukwu,515.5,France,Female,26.0,8,138340.06,1,0,1,1632.4624999999942,0,0,2,84.74317786779206
7006,15726466,Esposito,515.5,France,Male,26.0,1,114974.24,1,1,0,1632.4624999999942,0,0,2,70.42994249485082
7007,15660390,Boyle,515.5,France,Female,26.0,6,0.0,2,1,1,1632.4624999999942,0,1,4,0.0
7008,15663942,Hsiung,515.5,France,Female,26.0,5,0.0,2,0,0,1632.4624999999942,0,0,2,0.0
7009,15638610,Kennedy,515.5,Germany,Female,26.0,5,117325.54,1,1,0,1632.4624999999942,1,0,2,71.87028185946103
7010,15644446,Norton,515.5,France,Female,26.0,6,0.0,1,0,1,1632.4624999999942,0,0,2,0.0
7011,15585892,Zakharov,515.5,France,Female,26.0,8,0.0,1,0,0,1632.4624999999942,0,1,1,0.0
7012,15609356,Chimaraoke,515.5,France,Female,25.0,1,0.0,2,0,0,1632.4624999999942,0,0,2,0.0
7013,15803378,Small,515.5,Spain,Male,26.0,8,0.0,2,1,1,1632.4624999999942,0,1,4,0.0
7014,15599440,McGregor,515.5,France,Female,26.0,8,0.0,2,1,0,1632.4624999999942,0,0,3,0.0
7015,15692408,Brown,463.0,Spain,Female,26.0,2,0.0,2,1,1,1632.4624999999942,0,0,4,0.0
7016,15683168,Frederickson,515.5,France,Female,26.0,6,0.0,1,0,1,1632.4624999999942,0,1,2,0.0
7017,15790254,Wood,515.5,Spain,Male,26.0,1,78737.61,1,1,1,1632.4624999999942,0,0,3,48.23241575227626
7018,15767729,Smith,515.5,Spain,Male,25.0,5,182876.88,2,1,1,1632.4624999999942,1,0,4,112.02516443716205
7019,15768600,Harris,515.5,Germany,Male,26.0,9,130023.38,1,1,0,1632.4624999999942,1,0,2,79.64861673698506
7020,15699839,Hall,515.5,France,Male,26.0,2,152606.82,1,1,1,1632.4624999999942,0,0,3,93.48258842086759
7021,15786237,Pickworth,515.5,France,Male,26.0,7,0.0,2,1,0,823.96,0,0,3,0.0
7022,15694530,Porter,515.5,France,Male,26.0,4,167268.98,1,1,1,1632.4624999999942,0,0,3,102.46420974448148
7023,15796813,Storey,493.0,France,Male,26.0,3,167831.88,2,1,0,1632.4624999999942,1,0,3,102.80902624103194
7024,15605791,Li,515.5,Germany,Male,26.0,9,144287.6,2,1,0,1632.4624999999942,0,0,3,88.38647135845419
7025,15714087,McGill,515.5,Germany,Female,26.0,5,151855.33,1,1,0,1632.4624999999942,0,0,2,93.0222470654
7026,15711446,Sinclair,515.5,Spain,Female,26.0,3,0.0,3,1,0,1632.4624999999942,1,0,4,0.0
7027,15588123,Horton,515.5,France,Female,26.0,2,0.0,2,0,1,1632.4624999999942,0,1,3,0.0
7028,15748552,Sal,464.0,Germany,Male,26.0,4,155994.15,1,0,0,1632.4624999999942,0,0,1,95.55757023515122
7029,15618410,Murray,515.5,Germany,Male,26.0,7,147527.03,1,0,0,1632.4624999999942,0,0,1,90.37085384809791
7030,15672432,Giles,515.5,France,Female,26.0,4,0.0,1,1,0,1632.4624999999942,1,0,2,0.0
7031,15610042,Brown,515.5,France,Male,26.0,8,100267.03,1,1,0,1632.4624999999942,0,0,2,61.42072482522591
7032,15580914,Okechukwu,478.0,Spain,Male,26.0,0,83287.05,2,0,1,1632.4624999999942,1,0,3,51.019273030774244
7033,15583680,White,515.5,Spain,Male,26.0,4,0.0,1,0,1,1632.4624999999942,0,1,2,0.0
7034,15813718,Kirillova,515.5,Spain,Male,26.0,4,0.0,2,0,0,1632.4624999999942,0,1,2,0.0
7035,15767264,Lawson,465.0,Germany,Male,26.0,1,117438.17,1,0,0,1632.4624999999942,1,0,1,71.93927578734606
7036,15686461,Sarratt,515.5,France,Female,26.0,7,121235.05,2,1,1,1632.4624999999942,0,0,4,74.26513625887299
7037,15678882,Hay,515.5,Germany,Male,26.0,3,129965.18,1,0,0,1632.4624999999942,0,0,1,79.61296507576772
7038,15789611,Lin,515.5,Germany,Male,26.0,8,150836.92,1,0,0,1632.4624999999942,1,0,1,92.39839812553156
7039,15668679,Ozerova,515.5,France,Male,26.0,0,0.0,2,1,1,1632.4624999999942,0,0,4,0.0
7040,15631685,Lambert,515.5,Germany,Male,26.0,1,163894.35,1,0,1,1632.4624999999942,0,0,2,100.3970075882298
7041,15655658,Bulgakov,515.5,France,Female,26.0,2,0.0,2,1,1,1632.4624999999942,0,0,4,0.0
7042,15753591,He,438.0,France,Male,26.0,2,0.0,2,1,0,1632.4624999999942,0,1,3,0.0
7043,15617348,Uchechukwu,515.5,France,Male,26.0,1,0.0,2,0,0,1632.4624999999942,0,0,2,0.0
7044,15704581,Robertson,515.5,Germany,Male,26.0,2,87967.42,2,0,1,1632.4624999999942,0,0,3,53.88633429558125
7045,15738487,Leworthy,515.5,France,Male,26.0,3,0.0,2,1,0,1632.4624999999942,0,0,3,0.0
7046,15648069,Onyemachukwu,515.5,France,Female,26.0,6,0.0,2,1,1,1632.4624999999942,0,1,4,0.0
7047,15737627,Rivero,515.5,Germany,Female,20.0,2,121093.29,2,1,0,1632.4624999999942,0,0,3,74.17829812323433
7048,15731586,Lai,515.5,Spain,Female,26.0,2,121691.54,2,0,0,1632.4624999999942,0,0,2,74.54476902225957
7049,15757467,Feng,515.5,Spain,Male,26.0,6,0.0,2,1,1,1632.4624999999942,0,0,4,0.0
7050,15597709,Hornung,515.5,France,Female,26.0,6,154121.32,2,1,0,1632.4624999999942,1,0,3,94.4103279554664
7051,15720529,Schiavone,515.5,France,Male,26.0,6,0.0,2,1,1,1632.4624999999942,0,1,4,0.0
7052,15596797,Barnet,515.5,Spain,Male,26.0,1,0.0,2,1,1,1632.4624999999942,0,1,4,0.0
7053,15681755,Dennys,515.5,France,Female,26.0,5,0.0,2,1,1,1632.4624999999942,0,0,4,0.0
7054,15815271,Ritchie,515.5,Germany,Male,26.0,6,165048.5,3,1,0,1632.4624999999942,1,0,4,101.10400698331544
7055,15682860,Lo,515.5,Spain,Male,26.0,6,0.0,2,0,0,1632.4624999999942,0,1,2,0.0
7056,15621546,Yuriev,515.5,France,Female,26.0,9,127638.35,1,1,1,1632.4624999999942,0,0,3,78.18761533572776
7057,15705918,Howarth,515.5,France,Male,26.0,8,0.0,2,1,1,1632.4624999999942,0,0,4,0.0
7058,15684512,Gibson,515.5,Germany,Female,26.0,8,135290.42,2,1,1,1632.4624999999942,0,0,4,82.87505532286377
7059,15671769,Zikoranachidimma,515.5,France,Female,26.0,4,170252.05,3,1,1,1632.4624999999942,1,0,5,104.29155340474932
7060,15642934,Mason,515.5,Germany,Female,26.0,4,108269.2,2,1,0,1632.4624999999942,0,0,3,66.32262609401465
7061,15594305,Rizzo,515.5,France,Female,26.0,1,0.0,2,1,0,1632.4624999999942,0,0,3,0.0
7062,15789201,Thomson,515.5,Germany,Female,26.0,9,145623.36,1,1,0,1632.4624999999942,0,0,2,89.20471986339686
7063,15706762,Ignatyev,515.5,France,Female,26.0,4,145809.53,2,1,1,1632.4624999999942,0,0,4,89.31876229928744
7064,15766183,Ferguson,515.5,Germany,Male,26.0,2,130334.84,2,1,1,1632.4624999999942,0,0,4,79.83940825593265
7065,15777994,Woods,515.5,France,Female,26.0,3,0.0,2,1,1,1632.4624999999942,0,1,4,0.0
7066,15568162,Sung,515.5,Spain,Male,26.0,8,0.0,1,1,1,1632.4624999999942,0,0,3,0.0
7067,15680643,Lo,515.5,Spain,Female,26.0,1,0.0,2,1,1,1632.4624999999942,0,1,4,0.0
7068,15761854,Burn,515.5,France,Female,24.0,4,0.0,1,0,1,1632.4624999999942,0,0,2,0.0
7069,15730793,Russell,515.5,Germany,Female,26.0,3,111009.32,1,1,1,1632.4624999999942,1,0,3,68.00114550870259
7070,15692137,Jen,515.5,France,Female,26.0,2,0.0,1,1,1,1632.4624999999942,0,1,3,0.0
7071,15608595,Lo Duca,515.5,France,Female,26.0,3,157371.54,1,0,1,1632.4624999999942,0,0,2,96.40132009157979
7072,15709459,Oluchi,515.5,Spain,Female,26.0,5,0.0,1,1,1,1632.4624999999942,0,1,3,0.0
7073,15775750,Yao,515.5,France,Male,26.0,9,134560.62,1,1,0,1632.4624999999942,0,0,2,82.42800064320036
7074,15585855,Gould,515.5,France,Male,26.0,1,0.0,1,1,1,1632.4624999999942,0,0,3,0.0
7075,15752139,Salter,515.5,Germany,Male,26.0,5,72373.62,2,1,0,1632.4624999999942,0,0,3,44.334016861030655
7076,15768295,Warner,515.5,France,Female,26.0,7,109564.1,1,0,1,1632.4624999999942,0,0,2,67.11584492752537
7077,15766906,Salier,515.5,France,Female,25.0,4,132116.13,2,1,0,1632.4624999999942,0,0,3,80.93057574063752
7079,15682576,Onyenachiya,515.5,France,Male,26.0,1,149436.73,2,0,1,1632.4624999999942,0,0,3,91.54068163893538
7080,15704081,Findlay,515.5,Germany,Male,26.0,9,130682.11,2,1,1,1632.4624999999942,0,0,4,80.0521359602444
7081,15719940,Gibbons,515.5,Germany,Female,26.0,10,115280.49,2,0,0,1632.4624999999942,1,0,2,70.61754251629083
7082,15672894,McCawley,515.5,France,Female,26.0,8,129944.39,2,0,0,1632.4624999999942,0,0,2,79.60022971431225
7083,15667451,Taylor,515.5,France,Male,26.0,5,0.0,2,1,1,1632.4624999999942,0,1,4,0.0
7084,15636767,Yang,515.5,Spain,Female,26.0,10,0.0,1,1,1,1632.4624999999942,0,0,3,0.0
7085,15571415,Okwudiliolisa,515.5,Germany,Male,26.0,6,151802.29,1,1,0,1632.4624999999942,1,0,2,92.98975627311533
7086,15575605,Napolitano,515.5,France,Male,26.0,6,0.0,2,1,1,1632.4624999999942,0,1,4,0.0
7087,15649160,Vavilov,515.5,France,Female,26.0,3,138731.95,1,1,1,1632.4624999999942,0,0,3,84.98323851237042
7088,15615832,Teague,515.5,Spain,Female,26.0,8,155621.08,1,0,1,1632.4624999999942,0,0,2,95.32903818617612
7089,15600975,Chiemenam,515.5,France,Female,26.0,4,150005.38,1,1,0,1632.4624999999942,1,0,2,91.88902042160267
7090,15690772,Hughes,515.5,Spain,Female,26.0,2,0.0,2,1,1,1632.4624999999942,0,1,4,0.0
7091,15565714,Cattaneo,515.5,France,Male,26.0,1,64430.06,2,0,1,1632.4624999999942,0,0,3,39.46801840777367
7092,15763108,Davis,515.5,Germany,Male,26.0,7,106261.63,1,1,0,1632.4624999999942,1,0,2,65.0928459306112
7093,15723884,Nekrasova,515.5,Spain,Male,26.0,3,0.0,2,0,0,1632.4624999999942,0,0,2,0.0
7094,15644453,Loggia,515.5,Germany,Female,26.0,4,132670.53,1,1,0,1632.4624999999942,1,0,2,81.27018537945004
7095,15655464,Combes,515.5,France,Female,26.0,3,0.0,1,0,1,1632.4624999999942,0,0,2,0.0
7096,15783883,Onwuka,515.5,Germany,Female,26.0,1,117314.92,1,1,0,1632.4624999999942,1,0,2,71.86377635014613
7097,15787693,Kharlamov,515.5,Spain,Male,26.0,3,145874.35,1,1,0,1632.4624999999942,1,0,2,89.35846918382538
7098,15664793,Scott,515.5,Spain,Female,26.0,7,146777.44,2,0,1,1632.4624999999942,0,0,3,89.91167637847762
7099,15642391,Lettiere,515.5,Germany,Male,26.0,4,109978.83,1,0,0,1632.4624999999942,1,0,1,67.3698967051313
7100,15756538,Osonduagwuike,515.5,France,Female,26.0,5,0.0,1,0,1,1632.4624999999942,0,0,2,0.0
7102,15796569,Donaldson,515.5,Spain,Female,26.0,10,0.0,1,0,1,1632.4624999999942,0,0,2,0.0
7103,15677112,Chukwufumnanya,515.5,France,Male,26.0,2,112957.26,2,1,0,1632.4624999999942,0,0,3,69.19439803364574
7104,15815040,Ma,515.5,Germany,Female,26.0,8,103362.14,1,0,1,1632.4624999999942,1,0,2,63.316700996194626
7105,15590434,Alexander,515.5,Spain,Male,26.0,4,89015.61,1,0,1,1632.4624999999942,0,0,2,54.52842561467741
7106,15597536,Nkemjika,515.5,Spain,Male,26.0,5,133618.01,1,0,0,1632.4624999999942,0,0,1,81.85058462292426
7107,15723989,Carroll,515.5,France,Male,26.0,5,93680.43,2,1,1,1632.4624999999942,0,0,4,57.3859613926815
7108,15767358,Obioma,515.5,Germany,Female,26.0,1,97486.15,2,1,0,1632.4624999999942,0,0,3,59.71723699625586
7109,15594812,Campbell,515.5,Spain,Female,26.0,2,137794.18,2,0,1,1632.4624999999942,0,0,3,84.40878733814742
7110,15688210,Sims,515.5,France,Female,26.0,8,101928.51,1,0,0,1632.4624999999942,0,0,1,62.438500118685944
7111,15681509,McKay,515.5,Spain,Female,26.0,9,0.0,2,0,1,1632.4624999999942,0,0,3,0.0
7112,15572390,Huang,515.5,Spain,Female,26.0,6,0.0,2,1,0,1632.4624999999942,0,1,3,0.0
7113,15801441,Campbell,515.5,Germany,Female,26.0,2,79585.96,1,0,1,1632.4624999999942,0,0,2,48.752090783096264
7114,15783859,Boni,515.5,France,Female,24.0,3,161884.99,1,1,1,1632.4624999999942,0,0,3,99.16613092184389
7115,15575243,Gorbunova,515.5,France,Female,26.0,1,129068.54,2,1,1,1632.4624999999942,0,0,4,79.0637089672813
7116,15773421,Genovese,515.5,France,Female,26.0,4,0.0,2,1,0,1632.4624999999942,0,1,3,0.0
7117,15788776,Landor,515.5,Germany,Male,26.0,6,132623.76,3,1,0,1632.4624999999942,1,0,4,81.24153541046148
7118,15765257,Meng,515.5,Spain,Male,26.0,5,121461.87,1,1,1,1632.4624999999942,1,0,3,74.4040797261808
7119,15661412,Wardell,515.5,France,Male,26.0,8,175307.32,1,1,0,1632.4624999999942,0,0,2,107.38826772437385
7120,15636478,Williams,515.5,France,Male,26.0,7,136658.61,1,1,1,1632.4624999999942,0,0,3,83.71316952150538
7121,15603683,Ofodile,515.5,Spain,Female,23.0,3,146584.19,2,0,0,1632.4624999999942,0,0,2,89.79329693637712
7122,15651868,Clark,515.5,France,Male,26.0,6,0.0,1,0,0,1632.4624999999942,0,0,1,0.0
7123,15815443,Lo,515.5,Spain,Female,26.0,10,131414.76,1,1,0,1632.4624999999942,0,0,2,80.50093646867874
7124,15682686,Chukwuemeka,515.5,France,Female,26.0,3,0.0,2,0,1,1632.4624999999942,0,1,3,0.0
7125,15697460,Lai,515.5,Germany,Male,26.0,4,99441.21,2,0,1,1632.4624999999942,0,0,3,60.91485103026891
7126,15748432,Arcuri,515.5,France,Female,26.0,4,0.0,2,1,1,1632.4624999999942,0,0,4,0.0
7127,15698271,Graham,515.5,France,Female,26.0,4,0.0,2,1,0,1632.4624999999942,0,1,3,0.0
7128,15808662,Krylov,515.5,France,Male,26.0,3,0.0,2,1,0,1632.4624999999942,0,0,3,0.0
7129,15690372,Henry,515.5,Spain,Male,26.0,1,181110.13,2,1,0,1632.4624999999942,0,0,3,110.94290374204654
7130,15781875,Jamieson,515.5,Spain,Male,26.0,3,100476.46,2,1,1,1632.4624999999942,0,0,4,61.54901567417345
7131,15801473,Moore,515.5,Germany,Male,26.0,2,51949.95,2,1,0,1632.4624999999942,0,0,3,31.823058722635395
7132,15704509,Tan,492.0,France,Male,26.0,8,121063.49,1,0,0,1632.4624999999942,0,0,1,74.16004349257666
7133,15694666,Thornton,515.5,Spain,Male,26.0,8,88441.64,1,1,1,1632.4624999999942,1,0,3,54.17682795163768
7134,15731166,Macleod,515.5,France,Female,26.0,1,127023.39,1,1,1,1632.4624999999942,0,0,3,77.81090836696123
7135,15728523,Rizzo,515.5,France,Male,26.0,5,144147.68,1,1,1,1632.4624999999942,0,0,3,88.30076035437293
7136,15788442,Chukwukadibia,515.5,Spain,Female,26.0,2,173306.13,1,0,1,1632.4624999999942,0,0,2,106.16239576713133
7137,15689781,Ts'ai,515.5,France,Female,26.0,0,0.0,1,0,0,1632.4624999999942,1,1,1,0.0
7138,15764226,Lu,515.5,Germany,Female,26.0,8,106425.75,1,1,1,1632.4624999999942,0,0,3,65.19338116495808
7139,15809837,Kent,430.0,Germany,Female,26.0,6,135392.31,2,1,1,1632.4624999999942,1,0,4,82.93747023285404
7140,15805212,Black,515.5,France,Female,26.0,1,0.0,2,0,1,1632.4624999999942,0,1,3,0.0
7141,15716082,Chukwubuikem,515.5,Spain,Male,26.0,6,152685.4,1,0,0,1632.4624999999942,0,0,1,93.53072428922596
7142,15643056,McMillan,515.5,Germany,Female,26.0,1,82083.52,1,0,1,1632.4624999999942,0,0,2,50.282024855088736
7143,15654859,Ngozichukwuka,515.5,Spain,Female,26.0,2,131629.17,2,1,0,1632.4624999999942,1,0,3,80.6322779236892
7144,15761158,Y?an,515.5,France,Female,26.0,7,0.0,2,1,1,1632.4624999999942,0,1,4,0.0
7145,15577515,Sung,515.5,Germany,Female,26.0,0,108477.27,1,0,1,1632.4624999999942,1,0,2,66.45008384572411
7146,15723827,Macartney,515.5,France,Male,26.0,4,114779.35,1,0,0,1632.4624999999942,0,0,1,70.31055843549265
7147,15646594,Ali,515.5,France,Male,26.0,5,57568.94,1,1,1,1632.4624999999942,0,0,3,35.265091847439194
7148,15712877,Morley,515.5,Spain,Male,26.0,1,0.0,2,1,0,1632.4624999999942,0,0,3,0.0
7149,15598802,Martin,515.5,Spain,Male,26.0,8,0.0,2,0,1,1632.4624999999942,0,0,3,0.0
7150,15699340,Okorie,515.5,France,Male,26.0,4,0.0,2,1,0,1632.4624999999942,0,0,3,0.0
7151,15691150,Ku,515.5,France,Female,26.0,4,110559.46,1,1,1,1632.4624999999942,0,0,3,67.72557409435157
7152,15608688,Andreyeva,442.0,France,Male,26.0,4,0.0,2,1,0,1632.4624999999942,0,0,3,0.0
7153,15737998,Cheng,515.5,France,Male,26.0,8,0.0,1,0,0,1632.4624999999942,1,1,1,0.0
7154,15735837,Hsia,515.5,Spain,Male,26.0,3,0.0,2,1,1,1632.4624999999942,0,0,4,0.0
7155,15659100,Lane,515.5,France,Male,26.0,9,128152.82,1,0,0,1632.4624999999942,0,0,1,78.502764994602
7156,15609070,Findlay,515.0,Germany,Male,26.0,7,120961.5,3,1,1,1632.4624999999942,1,0,5,74.09756732543653
7157,15650313,Okonkwo,515.5,Germany,Male,26.0,6,129472.33,1,1,1,1632.4624999999942,0,0,3,79.31105921269277
7158,15627699,Pirogova,515.5,France,Male,26.0,10,105000.23,1,1,0,1632.4624999999942,0,0,2,64.32014824230288
7159,15591010,McDonald,434.0,Germany,Male,26.0,8,109339.17,2,1,0,1632.4624999999942,1,0,3,66.97805922034986
7160,15798895,Okonkwo,515.5,France,Female,26.0,6,55328.4,1,1,0,1632.4624999999942,1,0,2,33.89260090201165
7161,15745375,Nnanna,515.5,Germany,Male,23.0,3,72012.76,1,1,0,1632.4624999999942,0,0,2,44.112964310053215
7162,15775235,Ku,515.5,France,Female,26.0,6,110480.48,1,0,0,1632.4624999999942,0,0,1,67.67719319739375
7163,15780088,Porter,515.5,Spain,Male,26.0,9,132439.99,1,1,0,1632.4624999999942,0,0,2,81.12896314616751
7164,15649379,Somayina,515.5,France,Female,26.0,3,0.0,2,1,1,1632.4624999999942,0,1,4,0.0
7165,15713983,Mao,515.5,Germany,Male,26.0,5,94108.54,2,1,0,1632.4624999999942,0,0,3,57.64820937693842
7166,15709252,Fuller,515.5,Germany,Female,26.0,10,105173.99,1,0,1,1632.4624999999942,1,0,2,64.42658866589608
7167,15699238,Craig,515.5,Spain,Female,26.0,8,0.0,2,1,0,1632.4624999999942,0,0,3,0.0
7168,15732884,Trevisano,515.5,France,Male,26.0,7,131959.86,1,0,0,1632.4624999999942,0,0,1,80.83484919255447
7169,15587297,Ruiz,507.0,France,Male,26.0,7,0.0,2,1,1,1632.4624999999942,0,0,4,0.0
7170,15684722,Fraser,490.0,France,Male,26.0,5,122952.9,2,0,0,1632.4624999999942,0,0,2,75.31744220770794
7171,15621244,Gallo,515.5,France,Male,26.0,0,107379.68,1,1,1,1632.4624999999942,0,0,3,65.77773149459811
7172,15744273,Waterhouse,515.5,Germany,Male,26.0,6,122641.56,2,1,0,1632.4624999999942,0,0,3,75.12672419734018
7173,15682540,Cremonesi,515.5,France,Female,26.0,8,0.0,2,1,1,1632.4624999999942,0,1,4,0.0
7174,15636521,Feng,515.5,Spain,Female,26.0,1,124037.28,1,1,1,1632.4624999999942,0,0,3,75.98170248933769
7175,15785339,H?,515.5,France,Female,26.0,9,117565.03,2,0,0,1632.4624999999942,0,0,2,72.01698660765587
7176,15638983,Jara,515.5,France,Female,26.0,5,133189.4,1,0,0,1632.4624999999942,0,0,1,81.58803035291804
7177,15654625,Wilson,495.0,Germany,Male,26.0,8,120252.02,2,1,1,1632.4624999999942,0,0,4,73.66296009862428
7178,15697310,O'Callaghan,515.5,Germany,Female,26.0,3,152264.81,1,0,0,1632.4624999999942,0,0,1,93.27308284263837
7179,15678210,Robson,515.5,France,Male,26.0,5,105069.98,2,1,1,1632.4624999999942,0,0,4,64.36287510432881
7180,15575438,Pease,515.5,France,Male,26.0,7,115076.06,1,1,1,1632.4624999999942,0,0,3,70.49231452483619
7181,15632789,Maclean,515.5,France,Male,26.0,8,0.0,2,1,1,1632.4624999999942,0,0,4,0.0
7182,15621423,Lavrentyev,515.5,France,Female,26.0,7,117280.23,3,0,0,1632.4624999999942,1,0,3,71.8425262448604
7183,15573520,Rhodes,515.5,Germany,Male,26.0,6,110540.43,2,0,1,1632.4624999999942,0,0,3,67.7139168587336
7184,15740458,Murphy,515.5,Spain,Male,26.0,7,135095.47,1,1,0,1632.4624999999942,0,0,2,82.75563450921567
7185,15762799,Alexander,515.5,Germany,Male,23.0,0,187861.18,2,1,1,1632.4624999999942,0,0,4,115.07840455753235
7186,15686885,Nekrasov,515.5,Germany,Male,26.0,3,124655.59,2,0,1,1632.4624999999942,0,0,3,76.36046157262444
7187,15565996,Arnold,515.5,France,Male,26.0,8,0.0,2,1,1,1632.4624999999942,0,1,4,0.0
7188,15662152,Trevisan,515.5,France,Female,26.0,9,134105.01,1,0,0,1632.4624999999942,0,0,1,82.14890694273252
7189,15711742,Mason,515.5,France,Female,26.0,4,0.0,1,1,1,1632.4624999999942,0,0,3,0.0
7190,15701885,Tucker,515.5,France,Female,26.0,9,0.0,2,0,1,1632.4624999999942,0,0,3,0.0
7191,15774262,Hobson,515.5,Germany,Male,26.0,8,83693.34,2,1,1,1632.4624999999942,0,0,4,51.268154704932144
7192,15567839,Gordon,501.0,France,Male,26.0,9,114631.23,1,0,1,1632.4624999999942,0,0,2,70.21982434512303
7193,15644400,Anderson,515.5,France,Male,26.0,9,128601.98,1,1,0,1632.4624999999942,0,0,2,78.777907608904
7194,15797246,Terry,515.5,Germany,Female,26.0,2,91258.52,2,1,0,1632.4624999999942,0,0,3,55.902368354556586
7195,15778290,Lappin,515.5,France,Male,26.0,8,70416.75,1,1,1,1632.4624999999942,0,0,3,43.13529407260519
7196,15708714,Santiago,515.5,France,Female,26.0,6,0.0,2,1,0,1632.4624999999942,0,0,3,0.0
7197,15586183,Wallace,515.5,France,Female,26.0,5,0.0,2,1,0,1632.4624999999942,0,0,3,0.0
7198,15761733,King,515.5,France,Female,26.0,10,0.0,2,1,1,1632.4624999999942,0,1,4,0.0
7199,15773934,Fang,515.5,France,Male,26.0,6,88294.6,1,1,0,1632.4624999999942,0,0,2,54.086755438486534
7200,15705343,May,515.5,Spain,Female,26.0,7,0.0,1,1,0,1632.4624999999942,0,0,2,0.0
7201,15593959,Travis,515.5,France,Male,26.0,1,93577.3,1,1,1,1632.4624999999942,0,0,3,57.322786894032994
7202,15664615,Nnachetam,515.5,Germany,Female,26.0,5,136650.89,1,1,1,1632.4624999999942,1,0,3,83.70844046953636
7203,15671014,Zhdanova,515.5,Spain,Female,26.0,8,98765.84,1,1,1,1632.4624999999942,0,0,3,60.5011386172732
7204,15657778,Jefferson,515.5,France,Male,26.0,1,84309.57,2,0,0,1632.4624999999942,0,0,2,51.64563963950186
7205,15585192,Cremonesi,515.5,Spain,Male,26.0,10,136258.06,1,0,0,1632.4624999999942,0,0,1,83.46780400774932
7206,15592914,Fang,515.5,France,Female,26.0,9,0.0,2,1,1,1632.4624999999942,0,0,4,0.0
7207,15770995,Sinclair,515.5,Germany,Female,26.0,1,131160.85,1,1,0,1632.4624999999942,0,0,2,80.3453984394744
7208,15570990,Begley,515.5,Spain,Female,26.0,4,145222.99,2,0,0,1632.4624999999942,0,0,2,88.95946461251056
7209,15596165,Degtyarev,515.5,Germany,Male,25.0,4,98141.57,2,1,1,1632.4624999999942,0,0,4,60.11872860785492
7210,15788131,Atkins,515.5,France,Male,26.0,6,0.0,1,1,0,1632.4624999999942,1,0,2,0.0
7211,15800773,Ikenna,515.5,Spain,Female,26.0,9,102282.61,1,1,1,1632.4624999999942,0,0,3,62.65541168633299
7212,15690153,Sun,515.5,France,Female,26.0,4,116121.84,2,0,1,1632.4624999999942,0,0,3,71.13292954662077
7213,15638989,Lettiere,515.5,France,Female,25.0,5,190066.54,1,0,0,1632.4624999999942,1,0,1,116.42934523763988
7214,15623210,Smith,484.0,Germany,Female,26.0,8,149349.58,3,0,0,1632.4624999999942,1,0,3,91.48729603283415
7215,15652658,Finch,515.5,France,Male,26.0,1,155176.83,2,1,1,1632.4624999999942,0,0,4,95.05690329793214
7216,15684440,Monaldo,515.5,Germany,Male,26.0,2,98986.28,1,1,1,1632.4624999999942,0,0,3,60.63617387842009
7217,15730287,Ugonna,515.5,France,Male,26.0,8,147726.98,3,1,0,1632.4624999999942,1,0,4,90.4933375192389
7218,15720353,Chiang,515.5,France,Male,26.0,1,0.0,2,1,0,1632.4624999999942,0,0,3,0.0
7219,15767231,Sun,515.5,France,Male,26.0,7,144852.06,1,0,0,1632.4624999999942,0,0,1,88.73224346654243
7220,15761554,Blackburn,515.5,France,Male,26.0,4,89299.81,1,0,0,1632.4624999999942,1,0,1,54.702518434573726
7221,15706637,Chang,515.5,Spain,Male,26.0,9,0.0,2,0,0,1632.4624999999942,0,1,2,0.0
7222,15690492,Palermo,515.5,France,Male,26.0,6,97663.16,2,1,0,1632.4624999999942,0,0,3,59.82566827721945
7223,15694237,McEwan,515.5,Spain,Male,26.0,4,95161.75,1,1,0,1632.4624999999942,0,0,2,58.29337580495744
7224,15729771,Davide,515.5,Germany,Male,26.0,9,154586.92,1,0,1,1632.4624999999942,1,0,2,94.69554124520506
7225,15609823,Chieloka,515.5,Spain,Female,26.0,8,127095.14,2,0,0,479.54,0,0,2,265.03553405346787
7226,15793366,Humphreys,515.5,Germany,Male,26.0,7,92526.15,2,1,1,1632.4624999999942,0,0,4,56.67888236330104
7227,15614813,Cocci,515.5,Germany,Female,26.0,0,107362.8,1,1,0,487.3,0,0,2,220.32177303509133
7228,15566495,Hanson,515.5,Spain,Female,24.0,2,0.0,1,1,0,1632.4624999999942,1,0,2,0.0
7229,15707602,Macleod,515.5,France,Female,26.0,2,127286.04,2,1,1,1632.4624999999942,1,0,4,77.97180027106316
7230,15635244,Ritchie,515.5,France,Female,26.0,6,0.0,2,1,1,1632.4624999999942,0,0,4,0.0
7231,15805627,Nebechukwu,515.5,France,Male,26.0,2,0.0,2,1,1,1632.4624999999942,0,0,4,0.0
7232,15607986,Nnamutaezinwa,515.5,France,Male,26.0,10,139930.18,1,1,1,1632.4624999999942,0,0,3,85.71724005911345
7233,15799785,Ikemefuna,515.5,Germany,Female,26.0,4,77949.69,1,1,1,1632.4624999999942,0,0,3,47.749758417115416
7234,15699963,Scott,515.5,France,Male,26.0,1,121405.04,1,1,1,1632.4624999999942,0,0,3,74.36926728791653
7235,15624595,Chiang,512.0,Spain,Female,26.0,5,124580.69,1,1,1,1632.4624999999942,0,0,3,76.31457996738084
7236,15629750,Artyomova,515.5,France,Male,26.0,5,133087.76,1,1,0,1632.4624999999942,0,0,2,81.52576858580242
7237,15651460,Hsieh,424.0,Spain,Male,26.0,7,0.0,1,1,1,1632.4624999999942,0,0,3,0.0
7238,15753550,Levien,515.5,France,Female,26.0,7,0.0,2,1,0,1632.4624999999942,0,1,3,0.0
7239,15594133,Erskine,515.5,Spain,Male,26.0,7,0.0,1,1,0,1632.4624999999942,1,1,2,0.0
7240,15772329,Fiorentino,515.5,Germany,Male,26.0,8,103741.14,1,1,0,1632.4624999999942,1,0,2,63.5488655941563
7241,15591552,Okonkwo,515.5,France,Female,26.0,7,98877.95,1,1,0,1632.4624999999942,0,0,2,60.569814007978955
7242,15750921,Monds,515.5,France,Male,26.0,5,105843.26,2,1,1,1632.4624999999942,0,0,4,64.83656439275045
7243,15701687,Campbell,515.5,Spain,Male,26.0,7,77526.66,3,0,0,1632.4624999999942,1,0,3,47.490622296071294
7244,15728906,Ibekwe,515.5,France,Male,26.0,5,0.0,2,1,1,1632.4624999999942,0,1,4,0.0
7245,15670029,Marcelo,445.0,France,Female,26.0,7,0.0,2,1,0,1632.4624999999942,0,1,3,0.0
7246,15763579,Castro,515.5,Germany,Female,26.0,2,105264.88,2,1,1,1632.4624999999942,0,0,4,64.48226528940198
7247,15728010,Capon,485.0,France,Male,26.0,5,0.0,2,0,1,1632.4624999999942,0,1,3,0.0
7248,15663194,Voronova,515.5,Germany,Female,26.0,3,110150.43,1,1,1,1632.4624999999942,1,0,3,67.47501397428755
7249,15736510,Loggia,515.5,Spain,Female,26.0,2,0.0,3,1,0,1632.4624999999942,1,0,4,0.0
7250,15745804,Law,515.5,France,Male,25.0,7,0.0,2,1,1,1632.4624999999942,0,1,4,0.0
7251,15631451,Grant,515.5,Spain,Female,26.0,6,0.0,2,1,1,1632.4624999999942,0,0,4,0.0
7252,15746995,Greco,515.5,Germany,Male,26.0,9,138166.3,1,1,0,1632.4624999999942,0,0,2,84.63673744419886
7253,15730673,Dietz,515.5,Germany,Male,26.0,7,122265.24,1,1,0,1632.4624999999942,0,0,2,74.89620129099471
7254,15734649,Martel,515.5,Spain,Female,26.0,0,133295.98,1,1,0,1632.4624999999942,1,0,2,81.65331822323667
7255,15701081,Jarvis,515.5,France,Male,26.0,2,0.0,1,0,1,1632.4624999999942,0,0,2,0.0
7256,15632503,Meng,515.5,France,Female,26.0,0,148326.09,1,1,0,1632.4624999999942,1,0,2,90.86033522975292
7257,15585928,Hay,515.5,Germany,Female,26.0,2,68927.57,1,1,1,1632.4624999999942,0,0,3,42.223064848350425
7258,15648681,Voronoff,515.5,France,Female,26.0,5,139914.6,4,0,1,1632.4624999999942,1,0,5,85.70769619516558
7259,15747757,Trevascus,515.5,Germany,Female,26.0,8,118723.11,1,0,0,1632.4624999999942,1,0,1,72.72639340873093
7260,15718921,Ho,515.5,Spain,Male,26.0,7,106957.28,1,1,1,1632.4624999999942,0,0,3,65.51898129359809
7261,15571081,Hansen,515.5,France,Female,26.0,7,190238.93,1,1,1,1632.4624999999942,0,0,3,116.53494643828
7262,15734578,Craig,515.5,France,Female,26.0,1,113537.73,1,0,1,1632.4624999999942,0,0,2,69.54997741142624
7263,15579583,Hall,515.5,Spain,Female,26.0,4,101090.27,1,1,1,1632.4624999999942,0,0,3,61.92501818571659
7264,15622729,Sun,515.5,France,Female,26.0,2,0.0,2,1,1,1632.4624999999942,0,0,4,0.0
7265,15662189,Durant,434.0,Spain,Male,26.0,3,0.0,1,1,1,1632.4624999999942,0,0,3,0.0
7266,15692718,Jackson,515.5,France,Female,26.0,7,0.0,2,0,0,1632.4624999999942,0,0,2,0.0
7267,15762716,Chigozie,515.5,Spain,Female,26.0,10,168920.75,1,1,0,1632.4624999999942,1,0,2,103.47603696869031
7268,15724851,Farmer,507.0,Germany,Male,26.0,9,111589.67,1,1,0,1632.4624999999942,0,0,2,68.35665137790326
7269,15587266,Douglas,515.5,Germany,Female,26.0,6,172310.33,1,0,1,1632.4624999999942,0,0,2,105.55239706884575
7270,15675926,Ardis,515.5,Germany,Male,26.0,7,118028.35,1,1,0,1632.4624999999942,1,0,2,72.30080323437777
7271,15706268,Smith,515.5,Germany,Male,26.0,1,147910.3,1,1,1,1632.4624999999942,0,0,3,90.6056341263585
7272,15581871,Butler,504.0,Germany,Male,26.0,7,131287.36,2,1,1,1632.4624999999942,0,0,4,80.4228948597597
7273,15666166,Pettry,515.5,France,Female,26.0,0,121276.32,1,1,1,1632.4624999999942,0,0,3,74.29041708461936
7274,15671582,John,515.5,Spain,Male,26.0,6,109869.32,1,1,1,1632.4624999999942,0,0,3,67.30281400032185
7275,15680901,Potter,515.5,France,Female,26.0,6,97435.85,2,1,1,1632.4624999999942,0,0,4,59.68642464987732
7276,15642336,Shaw,515.5,France,Female,26.0,9,0.0,2,0,0,1632.4624999999942,0,1,2,0.0
7277,15653147,Boyle,515.5,France,Male,26.0,2,133853.27,1,1,1,1632.4624999999942,0,0,3,81.99469819368008
7278,15571284,Elmore,515.5,Germany,Male,26.0,0,109528.16,2,1,1,1632.4624999999942,0,0,4,67.09382910786643
7279,15591360,Udinesi,515.5,France,Female,26.0,4,84607.34,2,0,1,1632.4624999999942,0,0,3,51.828045054633904
7280,15810485,Sun,486.0,Germany,Male,26.0,1,101438.0,1,0,0,1632.4624999999942,0,0,1,62.13802767291767
7281,15611973,Tuan,515.5,France,Male,26.0,7,0.0,2,1,1,1632.4624999999942,0,1,4,0.0
7282,15735572,Lawrence,515.5,France,Male,26.0,9,113657.83,1,1,1,1632.4624999999942,1,0,3,69.62354724840564
7283,15567860,Burrows,515.5,Spain,Female,26.0,7,189318.16,2,1,0,1632.4624999999942,1,0,3,115.97090897953287
7284,15795690,Shao,515.5,France,Male,26.0,3,99513.91,1,1,1,1632.4624999999942,0,0,3,60.959384978215645
7285,15706464,White,515.5,Spain,Male,26.0,4,97585.32,2,0,0,1632.4624999999942,0,0,2,59.777985711770015
7286,15725028,Chialuka,515.5,France,Male,26.0,3,0.0,2,1,1,1632.4624999999942,0,0,4,0.0
7287,15751167,Toscano,515.5,France,Female,26.0,4,0.0,2,1,1,1632.4624999999942,0,0,4,0.0
7288,15633944,McKay,515.5,Spain,Male,26.0,3,136659.74,1,1,1,1632.4624999999942,0,0,3,83.71386172729878
7289,15672637,Voronkov,515.5,France,Female,26.0,4,85755.86,1,1,0,1632.4624999999942,0,0,2,52.53159567218255
7290,15680895,Sal,515.5,Spain,Female,26.0,7,0.0,1,1,0,1632.4624999999942,0,1,2,0.0
7291,15793825,Ikechukwu,515.5,France,Male,26.0,4,0.0,2,1,0,1632.4624999999942,0,0,3,0.0
7292,15611318,Kruglova,515.5,Spain,Male,26.0,4,51690.89,1,1,0,1632.4624999999942,1,0,2,31.664365950213362
7293,15768474,Clements,515.5,Spain,Male,26.0,3,0.0,2,1,0,1632.4624999999942,0,0,3,0.0
7294,15716276,Kennedy,515.5,France,Female,26.0,2,111669.68,1,1,0,1632.4624999999942,0,0,2,68.4056632235046
7295,15623668,Johnson,515.5,Germany,Male,26.0,2,154741.45,2,0,0,1632.4624999999942,0,0,2,94.79020191888057
7296,15696361,Chung,515.5,Germany,Male,26.0,7,125681.51,1,0,1,1632.4624999999942,0,0,2,76.98891092444724
7297,15607988,Garland,515.5,Germany,Female,26.0,8,155303.71,1,1,0,1632.4624999999942,0,0,2,95.13462636967192
7298,15637891,Docherty,515.5,Germany,Female,26.0,4,140681.68,1,0,1,1632.4624999999942,0,0,2,86.17758754029602
7299,15789865,Nnaife,515.5,France,Male,26.0,9,71902.52,1,0,1,1632.4624999999942,0,0,2,44.04543442804981
7300,15627190,Lettiere,515.5,France,Male,26.0,6,146606.6,1,1,1,1632.4624999999942,0,0,3,89.80702466366029
7301,15788224,Sanderson,515.5,Germany,Male,26.0,1,123949.75,1,0,0,1632.4624999999942,0,0,1,75.92808410606703
7302,15702149,Fomin,515.5,Germany,Female,26.0,1,144753.21,1,1,1,1632.4624999999942,0,0,3,88.67169077390783
7303,15708236,Wright,491.0,France,Female,26.0,6,91285.22,1,1,1,1632.4624999999942,0,0,3,55.91872401356866
7304,15568469,Buckley,515.5,France,Male,26.0,0,0.0,2,1,0,1632.4624999999942,0,0,3,0.0
7305,15764444,Pan,515.5,Germany,Male,26.0,8,125850.53,2,1,1,1632.4624999999942,0,0,4,77.09244775913716
7306,15794204,Manna,515.5,France,Male,26.0,7,108116.66,1,1,1,1632.4624999999942,0,0,3,66.22918443762131
7307,15807546,Chinwendu,515.5,France,Female,26.0,2,0.0,2,1,1,1632.4624999999942,0,0,4,0.0
7308,15782159,Ndubuagha,515.5,France,Male,26.0,8,67639.56,2,1,1,1632.4624999999942,0,0,4,41.434066632464905
7309,15618703,White,515.5,Spain,Female,26.0,6,150200.23,1,0,1,1632.4624999999942,1,0,2,92.0083799781009
7311,15740487,Ross,515.5,France,Female,26.0,6,0.0,3,1,1,1632.4624999999942,1,1,5,0.0
7312,15722479,Ikenna,515.5,France,Male,26.0,1,0.0,2,0,1,1632.4624999999942,0,0,3,0.0
7313,15688264,Nkemdilim,515.5,France,Female,26.0,0,0.0,2,1,1,1632.4624999999942,0,0,4,0.0
7314,15583067,McMillan,515.5,France,Female,26.0,4,97157.96,1,0,1,1632.4624999999942,0,0,2,59.51619715613703
7315,15686670,Duke,515.5,France,Female,26.0,2,0.0,2,1,0,1632.4624999999942,1,0,3,0.0
7316,15593345,Bradbury,502.0,Germany,Female,26.0,6,125241.17,2,1,1,1632.4624999999942,0,0,4,76.7191711907627
7317,15811690,Bayley,515.5,Germany,Male,26.0,2,128966.13,1,0,0,1632.4624999999942,1,0,1,79.00097552011177
7318,15734008,Bartlett,515.5,Germany,Male,26.0,5,152581.06,1,1,0,1632.4624999999942,1,0,2,93.46680857906416
7319,15771856,Cremin,515.5,Spain,Female,26.0,1,0.0,2,1,0,1632.4624999999942,0,0,3,0.0
7320,15762045,Gilchrist,474.0,Germany,Female,26.0,5,142688.57,2,1,1,1632.4624999999942,0,0,4,87.40695115508045
7321,15778142,Shih,515.5,Germany,Female,26.0,1,130089.56,2,1,1,1632.4624999999942,0,0,4,79.68915671876105
7322,15689268,Fitzpatrick,515.5,France,Male,26.0,9,0.0,1,1,1,1632.4624999999942,0,1,3,0.0
7323,15721507,Pagan,515.5,France,Female,26.0,1,117094.02,1,0,0,1632.4624999999942,1,0,1,71.7284593061099
7325,15810723,Sanderson,515.5,France,Female,26.0,10,0.0,3,1,0,1632.4624999999942,1,1,4,0.0
7326,15787229,Samsonova,515.5,Spain,Female,26.0,2,0.0,2,1,0,1632.4624999999942,0,0,3,0.0
7327,15570508,Azubuike,515.5,France,Male,26.0,7,90218.9,1,1,0,1632.4624999999942,0,0,2,55.265526773203256
7328,15617065,Pan,515.5,Spain,Male,26.0,4,194532.66,1,1,0,1632.4624999999942,1,0,2,119.1651630588762
7329,15689786,Massie,515.5,Germany,Male,26.0,1,169743.83,1,0,0,1632.4624999999942,1,0,1,103.9802323177412
7330,15648876,Sandover,501.0,France,Female,26.0,5,0.0,1,1,0,1632.4624999999942,0,0,2,0.0
7331,15802106,Craig,418.0,France,Male,26.0,8,155973.88,1,1,0,1632.4624999999942,0,0,2,95.54515341087502
7332,15773869,Onwudiwe,515.5,Spain,Male,26.0,4,129321.44,1,1,1,1632.4624999999942,0,0,3,79.21862829927208
7333,15711635,Chu,515.5,Germany,Female,26.0,6,138650.49,2,1,0,1632.4624999999942,0,0,3,84.93333843809611
7334,15795527,Zetticci,515.5,Spain,Male,26.0,2,136487.86,2,1,0,1632.4624999999942,0,0,3,83.6085729381229
7336,15679394,Owen,515.5,France,Female,26.0,4,38617.2,1,1,1,1632.4624999999942,0,0,3,23.655796074948206
7337,15801072,Hurst,515.5,France,Female,26.0,7,0.0,2,1,0,1632.4624999999942,0,1,3,0.0
7338,15646082,Harding,515.5,France,Female,26.0,8,82909.14,1,1,0,1632.4624999999942,1,0,2,50.78777613574602
7339,15796111,Smith,515.5,Germany,Female,26.0,8,145151.4,1,0,1,1632.4624999999942,1,0,2,88.91561061892725
7340,15670646,Moore,499.0,Spain,Female,26.0,0,147187.84,1,1,1,1632.4624999999942,1,0,3,90.16307572149469
7341,15578722,Bradley,515.5,France,Male,26.0,4,0.0,2,1,0,1632.4624999999942,0,1,3,0.0
7342,15815095,Burfitt,515.5,Spain,Male,26.0,7,108185.81,2,0,0,1632.4624999999942,1,0,2,66.27154375674809
7343,15730360,Mackenzie,502.0,France,Male,26.0,4,0.0,2,1,1,1632.4624999999942,0,0,4,0.0
7344,15763194,Milanesi,515.5,France,Male,26.0,7,0.0,2,0,1,1632.4624999999942,0,1,3,0.0
7345,15720725,Shubin,515.5,France,Male,26.0,2,0.0,2,1,0,1632.4624999999942,0,1,3,0.0
7346,15567834,Nieves,515.5,France,Male,26.0,5,105918.1,1,1,1,1632.4624999999942,0,0,3,64.88240924370415
7347,15720644,Martin,515.5,France,Male,26.0,6,0.0,2,1,0,1632.4624999999942,0,1,3,0.0
7348,15811742,Jen,515.5,Spain,Male,26.0,7,0.0,2,1,0,1632.4624999999942,0,0,3,0.0
7349,15813363,Woods,448.0,Spain,Male,25.0,2,0.0,2,0,0,1632.4624999999942,0,0,2,0.0
7350,15717629,Docherty,515.5,Germany,Male,26.0,6,59972.26,2,0,1,1632.4624999999942,0,0,3,36.73729718140552
7351,15713160,Lin,515.5,Spain,Male,25.0,7,157228.61,2,1,0,1632.4624999999942,0,0,3,96.31376524728779
7352,15568878,Cheng,515.5,Spain,Male,26.0,5,0.0,2,1,0,1632.4624999999942,0,1,3,0.0
7353,15809800,Korovina,515.5,France,Female,26.0,4,0.0,2,0,0,1632.4624999999942,0,0,2,0.0
7355,15757933,Hardy,515.5,Germany,Female,26.0,1,102452.71,1,1,0,1632.4624999999942,0,0,2,62.75961009824138
7356,15623072,Shaw,515.5,Spain,Female,26.0,5,0.0,2,1,0,1632.4624999999942,0,0,3,0.0
7357,15683993,Knight,493.0,France,Female,26.0,8,142987.46,2,1,0,1632.4624999999942,0,0,3,87.5900426502909
7358,15570947,Bruny,515.5,Spain,Female,26.0,7,143330.56,2,1,1,1632.4624999999942,0,0,4,87.80021593145356
7359,15797767,Ikedinachukwu,515.5,France,Female,26.0,6,0.0,1,0,1,1632.4624999999942,1,1,2,0.0
7360,15731989,Moran,515.5,France,Male,26.0,4,120165.4,2,1,0,1632.4624999999942,0,0,3,73.60989915541731
7361,15591035,Macleod,515.5,Spain,Male,26.0,6,0.0,1,0,1,1632.4624999999942,0,0,2,0.0
7362,15586479,Yin,515.5,France,Female,26.0,4,0.0,1,1,0,1632.4624999999942,1,1,2,0.0
7363,15605872,Felix,515.5,France,Male,26.0,6,66573.17,1,1,1,1632.4624999999942,0,0,3,40.780826512094606
7364,15666012,Rippey,515.5,France,Male,26.0,4,102833.46,2,1,1,1632.4624999999942,0,0,4,62.992846696325564
7365,15641733,Mishina,515.5,France,Female,26.0,5,164757.56,1,1,0,1632.4624999999942,0,0,2,100.92578543151869
7366,15593178,Graham,515.5,Spain,Female,26.0,10,153610.61,1,1,1,1632.4624999999942,1,0,3,94.09748156542679
7367,15649183,Johnston,515.5,Spain,Female,26.0,8,0.0,3,0,1,1632.4624999999942,0,0,4,0.0
7368,15736399,Korovin,515.5,Spain,Male,26.0,10,0.0,2,1,0,1632.4624999999942,0,1,3,0.0
7369,15751137,Lei,515.5,Germany,Female,26.0,3,169025.83,1,1,0,1632.4624999999942,0,0,2,103.54040598176104
7370,15757188,Chimaijem,515.5,Spain,Female,26.0,4,153455.72,2,1,1,1632.4624999999942,0,0,4,94.0026003660118
7371,15726167,Scott,515.5,France,Male,26.0,4,0.0,2,1,1,1632.4624999999942,0,1,4,0.0
7372,15624850,Grant,515.5,France,Male,26.0,10,153972.89,2,1,0,1632.4624999999942,0,0,3,94.31940396793223
7373,15717700,McIntyre,515.5,Spain,Male,26.0,9,114609.55,2,0,1,1632.4624999999942,0,0,3,70.20654379503382
7374,15716347,Griffin,515.5,Germany,Male,26.0,7,143625.83,2,0,1,1632.4624999999942,0,0,3,87.98108991783916
7375,15696287,Converse,515.5,Germany,Female,26.0,1,116520.28,1,1,1,1632.4624999999942,1,0,3,71.37700253451483
7376,15638871,Ch'ang,515.5,France,Male,26.0,6,80926.02,2,1,1,1632.4624999999942,0,0,4,49.57297334548285
7378,15592999,Reid,515.5,France,Female,26.0,0,115465.98,1,1,1,1632.4624999999942,0,0,3,70.73116840356235
7379,15641715,Ts'ui,515.5,France,Male,26.0,8,0.0,2,1,1,1632.4624999999942,0,1,4,0.0
7380,15607746,Belstead,515.5,France,Female,26.0,1,0.0,1,1,1,1632.4624999999942,0,0,3,0.0
7381,15625311,Dickinson,515.5,Germany,Female,26.0,7,92618.62,1,1,1,1632.4624999999942,0,0,3,56.73552684977469
7383,15735106,Bishop,515.5,Spain,Male,26.0,6,149594.02,2,1,0,1632.4624999999942,0,0,3,91.63703300994695
7384,15672912,Loggia,515.5,Spain,Female,26.0,7,130051.66,2,0,0,1632.4624999999942,1,0,2,79.66594025896488
7385,15589881,Rowe,515.5,France,Female,26.0,7,0.0,2,1,1,1632.4624999999942,0,1,4,0.0
7386,15660144,Balashov,515.5,France,Male,26.0,4,0.0,2,0,0,1632.4624999999942,0,0,2,0.0
7387,15664083,Ulyanova,515.5,Germany,Female,26.0,2,158468.76,1,0,1,1632.4624999999942,0,0,2,97.0734457912513
7388,15690898,Bogolyubova,515.5,France,Male,26.0,8,161889.79,1,0,0,1632.4624999999942,0,0,1,99.16907126503708
7389,15808023,Remington,515.5,France,Female,26.0,9,133681.78,1,1,1,1632.4624999999942,0,0,3,81.88964830738867
7390,15676909,Mishin,515.5,Spain,Female,26.0,5,0.0,2,1,0,1632.4624999999942,0,1,3,0.0
7392,15766734,Castiglione,430.0,France,Male,26.0,5,0.0,1,1,0,1632.4624999999942,0,0,2,0.0
7393,15795079,Nnaife,515.5,Spain,Male,26.0,6,0.0,2,1,1,1632.4624999999942,0,1,4,0.0
7394,15757434,Yang,515.5,France,Male,26.0,7,119706.22,1,0,0,1632.4624999999942,0,0,1,73.32861857469953
7396,15808386,Cocci,515.5,Germany,Female,26.0,7,138523.2,1,0,0,1632.4624999999942,1,0,1,84.85536421204193
7397,15603565,Mackenzie,515.5,Spain,Female,26.0,5,90778.76,2,1,0,1632.4624999999942,1,0,3,55.60848105239803
7398,15744044,Fiorentini,515.5,Germany,Male,26.0,4,99353.42,1,1,0,1632.4624999999942,1,0,2,60.861073378408605
7399,15577771,Akabueze,453.0,Germany,Female,26.0,1,111524.49,1,1,1,1632.4624999999942,1,0,3,68.31672396762585
7400,15769548,Hyde,515.5,France,Female,26.0,7,128645.67,1,1,0,1632.4624999999942,0,0,2,78.80467085767695
7401,15802071,Levi,515.5,Germany,Male,26.0,1,117458.51,1,0,1,1632.4624999999942,1,0,2,71.95173549162716
7402,15677395,Nwabugwu,515.5,France,Female,26.0,9,129189.15,2,0,0,1632.4624999999942,0,0,2,79.137591215725
7403,15632010,Chia,515.5,Spain,Male,26.0,7,121260.19,2,1,0,1632.4624999999942,0,0,3,74.28053630634727
7404,15779492,Trevisano,515.5,Spain,Male,26.0,6,94231.13,1,0,0,1632.4624999999942,1,0,1,57.7233045169493
7405,15694677,Bennetts,515.5,France,Male,26.0,1,0.0,2,1,1,1632.4624999999942,0,1,4,0.0
7406,15704315,Teng,515.5,France,Male,26.0,8,163757.06,1,1,1,1632.4624999999942,0,0,3,100.3129076471898
7407,15742009,Hsueh,489.0,Spain,Male,26.0,4,0.0,2,1,1,1632.4624999999942,0,1,4,0.0
7408,15766663,Mahmood,515.5,France,Male,22.0,4,0.0,2,1,0,1632.4624999999942,0,0,3,0.0
7409,15742297,Sinclair,515.5,France,Male,26.0,2,141005.47,1,1,1,1632.4624999999942,0,0,3,86.37593206582112
7410,15688059,Chin,515.5,Germany,Female,26.0,9,105356.09,2,1,1,1632.4624999999942,0,0,4,64.53813793578742
7411,15752344,She,515.5,Spain,Male,26.0,5,0.0,2,1,0,1632.4624999999942,0,1,3,0.0
7413,15631693,Hill,515.5,France,Male,26.0,7,0.0,2,1,1,1632.4624999999942,0,0,4,0.0
7414,15604536,Vachon,515.5,Germany,Female,26.0,4,164672.66,1,0,1,1632.4624999999942,0,0,2,100.87377811128928
7415,15802869,Ball,515.5,Germany,Female,26.0,2,99169.67,2,1,1,1632.4624999999942,0,0,4,60.7485133655446
7416,15635598,Hsieh,515.5,France,Male,26.0,6,0.0,2,0,0,1632.4624999999942,0,1,2,0.0
7417,15592326,Baker,515.5,France,Male,26.0,8,0.0,2,0,1,1632.4624999999942,0,0,3,0.0
7418,15736533,Monaldo,515.5,Germany,Female,26.0,5,124053.03,1,1,0,1632.4624999999942,0,0,2,75.99135049044033
7419,15647191,Lucchesi,515.5,France,Male,26.0,4,0.0,2,1,0,1632.4624999999942,0,0,3,0.0
7420,15622507,Hamilton,515.5,Germany,Female,26.0,3,103499.09,2,0,0,1632.4624999999942,0,0,2,63.4005926629251
7421,15765487,Kuo,515.5,Germany,Female,26.0,9,151766.71,1,1,1,1632.4624999999942,0,0,3,92.96796097919587
7422,15646521,Fan,515.5,Spain,Female,26.0,1,0.0,1,1,1,1632.4624999999942,0,1,3,0.0
7423,15746258,Wright,515.5,France,Male,26.0,7,101486.96,1,1,1,1632.4624999999942,0,0,3,62.16801917348813
7424,15692430,Milano,515.5,Germany,Male,26.0,2,123601.56,2,1,0,1632.4624999999942,0,0,3,75.7147928359766
7425,15625501,Wall,515.5,Germany,Male,26.0,1,127201.58,1,1,0,1632.4624999999942,1,0,2,77.92006248229313
7426,15640521,Chidumaga,515.5,Germany,Male,26.0,3,144962.74,1,1,0,1632.4624999999942,1,0,2,88.80004288000521
7427,15790630,Olisaemeka,515.5,France,Female,26.0,4,0.0,1,0,0,1632.4624999999942,1,0,1,0.0
7428,15664720,Kovalyova,515.5,Spain,Male,26.0,8,122017.19,1,0,0,1632.4624999999942,0,0,1,74.74425293077203
7429,15750055,Onio,503.0,Spain,Male,26.0,9,100262.88,2,1,1,1632.4624999999942,0,0,4,61.41818265350681
7430,15644878,Hill,515.5,Spain,Female,26.0,6,117302.62,1,0,0,1632.4624999999942,0,0,1,71.8562417207136
7431,15754578,Okeke,515.5,France,Female,26.0,0,135984.15,2,1,0,1632.4624999999942,0,0,3,83.30001454857339
7432,15705379,Upjohn,515.5,France,Male,26.0,3,0.0,2,1,0,1632.4624999999942,0,0,3,0.0
7433,15761047,H?,515.5,Germany,Male,26.0,2,160997.54,2,0,1,1632.4624999999942,0,0,3,98.62250434542942
7434,15671293,Marcus,515.5,Germany,Female,26.0,2,128389.63,1,1,1,1632.4624999999942,1,0,3,78.64782805118064
7435,15687527,Yobachukwu,515.5,Spain,Male,26.0,1,0.0,2,1,0,1632.4624999999942,0,1,3,0.0
7436,15647898,Russell,515.5,Spain,Female,26.0,5,130554.51,3,1,0,1632.4624999999942,1,0,4,79.97397183702563
7437,15671534,Hovell,515.5,Germany,Female,26.0,6,90212.0,1,1,0,1632.4624999999942,1,0,2,55.26130002986306
7438,15591248,Chukwumaobim,515.5,France,Female,26.0,9,71996.29,1,1,1,1632.4624999999942,0,0,3,44.10287525747161
7439,15676156,Boyle,515.5,France,Female,26.0,4,85615.66,2,1,0,1632.4624999999942,0,0,3,52.445713148081694
7440,15812918,Scott,432.0,France,Female,26.0,6,62339.81,2,0,0,1632.4624999999942,0,0,2,38.187590832867656
7441,15604130,Johnstone,515.5,Spain,Female,26.0,6,142319.03,1,0,0,1632.4624999999942,0,0,1,87.18058148349533
7442,15700549,Alvares,515.5,France,Male,26.0,5,0.0,2,1,1,1632.4624999999942,0,0,4,0.0
7443,15715519,McDavid,515.5,Spain,Male,26.0,5,0.0,2,1,0,1632.4624999999942,0,1,3,0.0
7444,15707042,Dellucci,515.5,France,Female,24.0,2,87413.19,1,1,0,1632.4624999999942,0,0,2,53.54682879392348
7445,15605276,Brothers,515.5,France,Female,26.0,4,0.0,2,1,1,1632.4624999999942,0,1,4,0.0
7446,15630592,Sanders,515.5,France,Female,26.0,4,0.0,1,1,0,1632.4624999999942,1,0,2,0.0
7447,15636626,Morrison,515.5,France,Male,26.0,3,97560.16,1,1,1,1632.4624999999942,0,0,3,59.76257341286575
7448,15740411,Molle,515.5,Germany,Male,26.0,8,141787.31,2,1,1,1632.4624999999942,0,0,4,86.8548649662706
7449,15593834,Genovese,515.5,Spain,Male,26.0,7,129934.64,1,0,0,1632.4624999999942,1,0,1,79.5942571422011
7450,15804235,Zetticci,515.5,France,Female,26.0,2,166178.02,2,1,1,1632.4624999999942,0,0,4,101.79591874239107
7451,15679801,Hsueh,515.5,Spain,Female,26.0,5,163097.55,2,1,1,1632.4624999999942,0,0,4,99.90891061816156
7453,15636562,Muravyova,515.5,Spain,Male,26.0,8,0.0,2,0,0,1632.4624999999942,0,0,2,0.0
7454,15702571,Wright,515.5,Germany,Female,26.0,1,151958.19,3,1,1,1632.4624999999942,1,0,5,93.0852561697439
7455,15627365,Calabresi,515.5,France,Male,26.0,0,0.0,2,1,1,1632.4624999999942,0,1,4,0.0
7456,15748499,Johnson,515.5,Germany,Male,26.0,4,118400.91,1,0,1,1632.4624999999942,1,0,2,72.52902287188859
7458,15668889,Galgano,515.5,Germany,Female,26.0,2,116322.27,4,1,0,1632.4624999999942,1,0,5,71.25570725208108
7459,15800049,Grigoryeva,515.5,Spain,Female,26.0,5,0.0,1,1,1,1632.4624999999942,0,1,3,0.0
7460,15583724,Raymond,515.5,Spain,Female,26.0,4,0.0,2,1,1,1632.4624999999942,0,0,4,0.0
7461,15622083,Paterson,515.5,Germany,Male,26.0,6,143138.91,2,1,0,1632.4624999999942,0,0,3,87.68281660375078
7462,15645571,Genovese,515.5,Spain,Male,26.0,4,0.0,2,0,1,1632.4624999999942,0,1,3,0.0
7463,15598266,Martin,515.5,France,Male,26.0,9,0.0,1,1,1,1632.4624999999942,0,1,3,0.0
7464,15667934,Moretti,512.0,France,Male,26.0,0,129804.17,1,1,0,1632.4624999999942,0,0,2,79.51433493878142
7465,15569682,Leckie,515.5,Germany,Male,26.0,9,108308.11,1,1,0,1632.4624999999942,1,0,2,66.34646125102438
7466,15772941,Lane,515.5,Germany,Male,26.0,3,110153.27,1,0,1,1632.4624999999942,0,0,2,67.47675367734352
7467,15586174,Brodney,515.5,Germany,Female,26.0,4,116377.48,1,1,1,1632.4624999999942,0,0,3,71.28952732451766
7468,15803682,Angelo,515.5,Germany,Female,26.0,10,117791.06,2,1,1,1632.4624999999942,0,0,4,72.15544614347982
7469,15627328,Millar,515.5,Spain,Female,26.0,2,0.0,2,1,1,1632.4624999999942,0,0,4,0.0
7470,15717065,Balashov,515.5,France,Female,26.0,8,105419.73,1,1,0,1632.4624999999942,0,0,2,64.57712198595702
7471,15602456,Afanasyev,515.5,Germany,Female,26.0,4,99219.47,2,1,1,1632.4624999999942,0,0,4,60.77901942617387
7472,15721569,Chialuka,515.5,Germany,Female,26.0,8,119327.93,1,0,1,1632.4624999999942,0,0,2,73.09688890250185
7473,15573798,Yermolayev,448.0,France,Female,26.0,6,83947.12,2,1,0,1632.4624999999942,0,0,3,51.42361309984168
7474,15638272,Tien,515.5,Spain,Male,26.0,4,99883.16,1,1,1,1632.4624999999942,0,0,3,61.18557700406616
7475,15799859,Lucchesi,515.5,France,Male,26.0,4,165438.26,1,1,0,1632.4624999999942,1,0,2,101.34276285060183
7476,15599152,Lai,515.5,France,Male,26.0,1,156111.24,1,0,0,1632.4624999999942,0,0,1,95.62929623191991
7477,15737909,Bates,515.5,France,Male,26.0,2,111095.58,2,1,0,1632.4624999999942,0,0,3,68.05398592617006
7478,15646190,Saunders,515.5,France,Female,26.0,0,119963.45,1,0,0,1632.4624999999942,1,0,1,73.48619034127915
7479,15711249,Chukwuemeka,515.5,Spain,Male,22.0,4,0.0,2,1,0,1632.4624999999942,0,0,3,0.0
7480,15671987,Meagher,515.5,Spain,Male,26.0,8,153137.74,1,1,0,1632.4624999999942,0,0,2,93.80781488089346
7481,15812766,Golubeva,490.0,Spain,Male,26.0,6,156111.08,1,0,0,1632.4624999999942,0,0,1,95.62919822048013
7482,15778589,Collier,515.5,France,Male,26.0,7,113014.7,2,1,1,1632.4624999999942,0,0,4,69.22958414052415
7483,15750104,Chan,515.5,Germany,Male,26.0,5,132615.73,2,1,0,1632.4624999999942,0,0,3,81.2366164613279
7484,15784526,Chen,515.5,France,Male,26.0,5,102016.38,1,0,1,1632.4624999999942,1,0,2,62.49232677626614
7485,15646563,Wright,515.5,France,Female,26.0,9,0.0,1,0,1,1632.4624999999942,0,0,2,0.0
7486,15744423,Cocci,515.5,France,Male,26.0,5,0.0,2,1,0,1632.4624999999942,0,0,3,0.0
7487,15593694,Williams,515.5,France,Male,26.0,8,0.0,2,0,0,1632.4624999999942,0,1,2,0.0
7488,15785367,McGuffog,515.5,France,Female,26.0,4,0.0,1,0,0,1632.4624999999942,1,0,1,0.0
7489,15687765,Chukwujamuike,515.5,Germany,Female,26.0,4,80380.24,1,1,0,1632.4624999999942,0,0,2,49.23864407298807
7490,15789014,Scott,515.5,France,Female,26.0,6,108909.12,1,1,0,1632.4624999999942,0,0,2,66.7146228473857
7491,15703177,Bell,515.5,France,Female,26.0,2,90865.8,1,1,1,1632.4624999999942,0,0,3,55.6617992756344
7492,15660263,Olisaemeka,515.5,France,Male,26.0,4,99799.76,2,1,0,1632.4624999999942,0,0,3,61.13448854108462
7493,15776545,Napolitani,515.5,France,Male,26.0,10,200724.96,1,0,1,1632.4624999999942,1,0,2,122.95838954953066
7494,15683276,Sargood,515.5,Spain,Female,26.0,10,140363.95,2,1,1,1632.4624999999942,0,0,4,85.98295519805234
7495,15599272,Harrington,515.5,France,Female,26.0,1,151844.64,1,1,1,1632.4624999999942,0,0,3,93.01569867608019
7496,15589541,Sutherland,515.5,France,Female,26.0,2,0.0,2,0,1,1632.4624999999942,0,0,3,0.0
7497,15608804,Allan,515.5,Germany,Male,26.0,8,133231.48,1,1,1,1632.4624999999942,0,0,3,81.61380736157828
7498,15645820,Folliero,515.5,France,Male,26.0,7,0.0,2,1,0,1632.4624999999942,0,1,3,0.0
7499,15659031,Mordvinova,515.5,France,Female,26.0,8,126598.99,2,1,1,1632.4624999999942,0,0,4,77.55093302296406
7500,15790113,Schofield,515.5,Germany,Female,26.0,6,113317.1,1,1,0,1632.4624999999942,1,0,2,69.41482576169463
7501,15652289,Williams,515.5,France,Male,26.0,4,0.0,2,1,0,1632.4624999999942,0,1,3,0.0
7502,15605341,Baird,515.5,France,Female,26.0,8,93173.88,1,1,1,1632.4624999999942,0,0,3,57.07566330007601
7503,15697844,Whitehouse,515.5,Spain,Female,26.0,10,0.0,1,1,0,1632.4624999999942,1,1,2,0.0
7504,15652048,Thompson,515.5,Germany,Male,26.0,7,105007.31,2,1,1,1632.4624999999942,0,0,4,64.32448524851283
7505,15587038,Ogochukwu,515.5,Spain,Female,26.0,2,0.0,1,1,1,1632.4624999999942,1,0,3,0.0
7506,15660528,Niu,515.5,Spain,Male,26.0,4,0.0,2,1,0,1632.4624999999942,0,0,3,0.0
7507,15700300,Okoli,515.5,Germany,Female,26.0,4,131593.85,1,0,1,1632.4624999999942,1,0,2,80.61064189835936
7508,15642001,Lorenzen,515.5,Germany,Male,26.0,9,119530.52,1,1,0,1632.4624999999942,1,0,2,73.2209897623991
7509,15580366,Okechukwu,515.5,Germany,Male,26.0,4,118614.6,2,1,1,1632.4624999999942,0,0,4,72.65992327542007
7510,15657228,Anderson,515.5,Germany,Male,26.0,9,95829.13,2,0,1,1632.4624999999942,0,0,3,58.702193771679504
7511,15729377,Ku,515.5,France,Male,26.0,1,0.0,2,1,1,1632.4624999999942,0,1,4,0.0
7512,15686913,Kung,515.5,France,Male,26.0,0,0.0,1,1,0,1632.4624999999942,0,0,2,0.0
7513,15631267,Lu,515.5,France,Male,26.0,6,153590.73,2,1,1,1632.4624999999942,0,0,4,94.08530364403505
7514,15632275,Trevisano,515.5,France,Male,26.0,2,0.0,1,1,0,1632.4624999999942,0,1,2,0.0
7515,15715907,Onwubiko,515.5,France,Male,26.0,9,113109.52,1,1,0,1632.4624999999942,1,0,2,69.28766817001947
7516,15764841,Vidler,515.5,France,Female,26.0,0,130557.24,1,1,1,1632.4624999999942,0,0,3,79.97564415721676
7517,15748649,Shen,515.5,France,Male,26.0,8,93183.19,1,1,0,1632.4624999999942,0,0,2,57.08136634072779
7518,15771409,McGregor,515.5,France,Male,26.0,7,151933.63,1,1,0,1632.4624999999942,1,0,2,93.07021141373878
7519,15779207,Nnamdi,500.0,Germany,Male,26.0,2,125495.64,2,1,1,1632.4624999999942,0,0,4,76.87505226000624
7520,15814116,Castiglione,515.5,France,Female,26.0,7,0.0,2,1,0,1632.4624999999942,0,1,3,0.0
7521,15665087,Bergamaschi,515.5,Germany,Female,26.0,8,118547.72,1,1,1,1632.4624999999942,0,0,3,72.61895449359506
7522,15611189,Allingham,515.5,Spain,Male,26.0,1,97792.21,1,0,0,1632.4624999999942,0,0,1,59.90472062911115
7523,15729718,Stelzer,515.5,France,Male,26.0,6,0.0,3,0,0,1632.4624999999942,1,0,3,0.0
7524,15733602,Rubin,515.5,Spain,Female,26.0,2,0.0,2,0,1,1632.4624999999942,0,1,3,0.0
7525,15620103,Ho,515.5,France,Female,26.0,8,167181.01,1,1,1,1632.4624999999942,0,0,3,102.41032182975144
7526,15770406,Watson,515.5,Germany,Male,26.0,9,121355.19,1,0,1,1632.4624999999942,0,0,2,74.33873059871233
7527,15800554,Perry,515.5,France,Female,26.0,1,0.0,2,1,1,1632.4624999999942,0,0,4,0.0
7528,15611409,Sun,515.5,Spain,Male,26.0,0,0.0,2,0,0,1632.4624999999942,0,1,2,0.0
7529,15646535,Harrell,515.5,France,Male,26.0,5,113226.47,1,1,0,1632.4624999999942,0,0,2,69.35930840677835
7530,15575430,Robson,515.5,France,Female,26.0,1,118392.75,1,1,1,1632.4624999999942,0,0,3,72.52402428846018
7531,15711299,Wilson,515.5,Germany,Female,26.0,8,145262.54,1,0,1,1632.4624999999942,0,0,2,88.98369181527939
7532,15642063,Kelechi,515.5,France,Male,26.0,6,163505.16,1,0,0,1632.4624999999942,0,0,1,100.1586008866976
7533,15706602,Bates,515.5,Spain,Female,26.0,1,118114.28,2,0,1,1632.4624999999942,0,0,3,72.35344150325072
7534,15592773,Eberegbulam,515.5,Germany,Female,26.0,0,108449.23,3,0,0,1632.4624999999942,1,0,3,66.43290734090392
7535,15786539,Olisaemeka,515.5,France,Male,26.0,1,0.0,2,1,1,1632.4624999999942,0,0,4,0.0
7536,15737542,Davey,515.5,Germany,Female,26.0,10,103294.56,1,1,0,1632.4624999999942,0,0,2,63.27530341432062
7537,15590234,De Luca,515.5,France,Female,26.0,1,0.0,1,1,0,1262.83,1,0,2,0.0
7538,15773776,Ho,515.5,France,Female,26.0,6,0.0,1,1,1,1632.4624999999942,0,1,3,0.0
7539,15728082,Vasiliev,515.5,Spain,Male,26.0,6,0.0,2,1,0,1632.4624999999942,0,0,3,0.0
7540,15609987,Smith,515.5,France,Male,26.0,2,119919.12,1,1,0,1632.4624999999942,0,0,2,73.45903504674712
7541,15735330,Sung,515.5,France,Male,26.0,1,0.0,1,1,0,1632.4624999999942,0,0,2,0.0
7542,15649430,White,515.5,France,Male,26.0,4,0.0,2,1,1,1632.4624999999942,0,1,4,0.0
7543,15768777,Wang,507.0,Spain,Female,26.0,4,0.0,2,1,1,1632.4624999999942,0,0,4,0.0
7544,15777893,Davide,515.5,France,Male,26.0,1,0.0,2,1,0,1632.4624999999942,0,0,3,0.0
7545,15791326,Nnamdi,515.5,France,Male,26.0,3,0.0,1,0,0,1632.4624999999942,0,1,1,0.0
7546,15615176,Welsh,515.5,France,Male,26.0,7,0.0,2,1,0,1632.4624999999942,0,1,3,0.0
7547,15735221,Sousa,515.5,France,Female,26.0,10,0.0,2,1,0,1632.4624999999942,0,0,3,0.0
7548,15617991,Andrews,515.5,France,Male,26.0,4,128744.04,1,1,1,1632.4624999999942,0,0,3,78.86492951599222
7549,15658504,Chiawuotu,515.5,Germany,Female,26.0,9,137727.34,2,0,1,1632.4624999999942,0,0,3,84.36784305918236
7550,15785705,Thomson,515.5,Germany,Female,26.0,10,106731.58,1,1,0,1632.4624999999942,1,0,2,65.38072390636869
7551,15801817,Carpenter,515.5,France,Female,26.0,7,123544.21,1,1,1,1632.4624999999942,0,0,3,75.67966186053306
7552,15752578,Yefimova,515.5,France,Female,26.0,2,133968.96,2,1,0,1632.4624999999942,0,0,3,82.06556659035076
7553,15781574,Ma,515.5,Spain,Male,26.0,9,126534.6,1,1,1,1632.4624999999942,0,0,3,77.51148954417052
7554,15792107,Black,515.5,Spain,Female,26.0,8,0.0,1,1,1,1632.4624999999942,0,1,3,0.0
7555,15569917,Obijiaku,515.5,Spain,Male,26.0,6,87609.68,2,0,0,1632.4624999999942,1,0,2,53.667192967679384
7556,15721504,King,515.5,Spain,Male,26.0,3,0.0,2,1,0,1632.4624999999942,0,1,3,0.0
7557,15757306,Miller,515.5,Spain,Male,26.0,3,0.0,3,1,1,1632.4624999999942,1,0,5,0.0
7558,15647295,Chin,426.0,France,Male,26.0,9,0.0,2,1,0,1632.4624999999942,0,1,3,0.0
7559,15642098,Cox,515.5,Spain,Female,26.0,0,108960.0,2,1,0,1632.4624999999942,1,0,3,66.74579048523344
7560,15696120,Wallace,515.5,Spain,Female,26.0,2,0.0,2,1,0,1632.4624999999942,0,1,3,0.0
7561,15675176,Price,512.0,France,Male,26.0,6,144953.31,1,1,1,1632.4624999999942,0,0,3,88.79426633077361
7562,15700046,Yuan,515.5,France,Male,26.0,4,103544.88,2,1,0,1632.4624999999942,0,0,3,63.42864231184507
7563,15782089,Mullen,515.5,France,Male,26.0,6,0.0,1,1,0,1632.4624999999942,0,0,2,0.0
7564,15706394,Howell,515.5,France,Male,26.0,7,0.0,2,0,1,1632.4624999999942,0,0,3,0.0
7565,15759387,McIntosh,515.5,Germany,Male,26.0,1,101487.18,1,1,1,1632.4624999999942,1,0,3,62.16815393921781
7566,15623369,Clifton,515.5,France,Male,26.0,10,105355.81,1,1,0,123.07,1,0,2,856.0641098561795
7567,15732943,Okwuoma,515.5,Spain,Male,26.0,4,77967.5,1,1,0,1632.4624999999942,1,0,2,47.76066831550512
7568,15750545,Chidiebere,515.5,France,Male,26.0,5,0.0,4,0,0,1632.4624999999942,1,1,4,0.0
7569,15809909,Fan,422.0,Spain,Female,26.0,4,0.0,2,1,1,1632.4624999999942,0,0,4,0.0
7570,15642448,Onyemauchechukwu,515.5,Spain,Male,26.0,8,120047.77,1,1,1,1632.4624999999942,0,0,3,73.5378423700394
7571,15791944,Harker,515.5,France,Male,26.0,7,175464.85,3,1,0,1632.4624999999942,1,0,4,107.48476611254509
7572,15768342,Bolton,515.5,France,Male,26.0,8,79475.3,3,1,1,1632.4624999999942,1,0,5,48.68430362106345
7573,15567919,Lazarev,515.5,Germany,Male,26.0,8,167735.69,2,0,1,1632.4624999999942,0,0,3,102.75010298858356
7574,15674750,Alexeyeva,481.0,Spain,Female,26.0,8,0.0,2,1,0,1632.4624999999942,0,0,3,0.0
7575,15778345,Stevens,515.5,France,Female,26.0,1,74385.98,1,1,0,1632.4624999999942,0,0,2,45.5667312419123
7576,15687634,Glover,515.5,Germany,Male,26.0,5,94754.0,1,1,1,1632.4624999999942,0,0,3,58.04359977641161
7577,15666096,Ibekwe,515.5,Spain,Male,26.0,4,0.0,1,0,1,1632.4624999999942,0,1,2,0.0
7578,15581700,Paterson,515.5,Germany,Male,26.0,3,86920.86,1,1,1,1632.4624999999942,0,0,3,53.245241468027785
7579,15656417,Marsh,515.5,France,Female,26.0,1,132077.48,2,1,0,1632.4624999999942,0,0,3,80.90689985221742
7580,15649101,Reeves,515.5,France,Male,26.0,10,127847.86,1,0,0,1632.4624999999942,0,0,1,78.31595519039516
7581,15781975,Rees,515.5,France,Male,26.0,3,0.0,1,0,1,1632.4624999999942,1,1,2,0.0
7582,15700511,Hanson,515.5,Germany,Male,26.0,9,176702.36,2,1,1,1632.4624999999942,0,0,4,108.24282946775232
7583,15770255,Onwughara,515.5,Germany,Female,26.0,10,83555.58,1,0,0,1632.4624999999942,0,0,1,51.18376685528782
7584,15643574,Odinakachukwu,515.5,France,Male,26.0,8,0.0,2,1,0,1632.4624999999942,0,1,3,0.0
7585,15595010,Huang,515.5,Spain,Female,26.0,9,0.0,2,0,0,1632.4624999999942,0,0,2,0.0
7586,15580579,Trevisani,490.0,France,Female,26.0,1,0.0,1,1,1,1632.4624999999942,1,0,3,0.0
7587,15748532,Dale,515.5,Spain,Male,26.0,10,0.0,1,1,1,1632.4624999999942,0,1,3,0.0
7588,15773789,Pavlova,515.5,Spain,Female,26.0,7,96858.35,1,1,0,1632.4624999999942,0,0,2,59.3326646094476
7589,15600027,Meng,515.5,Spain,Male,26.0,1,0.0,2,1,1,1632.4624999999942,0,0,4,0.0
7590,15620832,Dean,515.5,France,Female,26.0,0,0.0,2,0,1,1632.4624999999942,0,0,3,0.0
7591,15568819,Chiganu,515.5,Germany,Female,26.0,8,132796.04,3,1,1,1632.4624999999942,1,0,5,81.34706922823678
7592,15748691,Lung,515.5,Spain,Female,26.0,1,154970.54,1,0,1,1632.4624999999942,0,0,2,94.93053592349017
7593,15583552,Donaldson,515.5,Germany,Male,26.0,3,88902.21,1,1,0,1632.4624999999942,0,0,2,54.45896000673849
7594,15588019,Li Fonti,418.0,France,Male,26.0,7,98738.92,1,1,0,1632.4624999999942,0,0,2,60.48464819253144
7595,15713250,Izmailova,502.0,France,Male,26.0,8,0.0,2,1,1,1632.4624999999942,0,1,4,0.0
7596,15569595,Walker,515.5,France,Female,26.0,6,0.0,1,1,0,1632.4624999999942,0,0,2,0.0
7597,15794868,Nnonso,515.5,Germany,Male,26.0,10,137456.28,2,1,1,1632.4624999999942,0,0,4,84.20179942877738
7598,15576680,Stevenson,515.5,France,Male,26.0,4,0.0,2,0,0,1632.4624999999942,0,0,2,0.0
7599,15613699,Schnaars,430.0,France,Female,26.0,7,73937.02,1,1,0,1632.4624999999942,1,0,2,45.29171114191001
7600,15609758,Geoghegan,515.5,France,Female,26.0,7,158621.04,1,1,0,1632.4624999999942,1,0,2,97.166728179055
7601,15762392,Ilyina,515.5,Spain,Male,26.0,1,113257.2,1,1,1,1632.4624999999942,0,0,3,69.3781327289297
7602,15693382,Muir,515.5,France,Male,26.0,9,0.0,1,0,1,1632.4624999999942,0,1,2,0.0
7603,15791769,Gardener,515.5,France,Female,26.0,9,116536.43,1,1,0,1632.4624999999942,0,0,2,71.38689556421689
7604,15712483,Chidi,515.5,Spain,Female,26.0,4,0.0,2,1,0,1632.4624999999942,1,0,3,0.0
7605,15636454,Fu,515.5,France,Female,26.0,6,101070.69,1,1,0,1632.4624999999942,1,0,2,61.9130240357744
7606,15710138,Sun,515.5,Spain,Male,26.0,6,0.0,2,0,1,1632.4624999999942,0,0,3,0.0
7607,15571571,Ting,515.5,Germany,Female,26.0,3,127331.46,3,1,1,1632.4624999999942,0,0,5,77.99962326852865
7608,15638751,Ashton,515.5,Spain,Female,26.0,5,0.0,2,1,0,1632.4624999999942,0,0,3,0.0
7609,15598574,Uwakwe,515.5,Spain,Female,26.0,5,0.0,2,0,1,1632.4624999999942,0,0,3,0.0
7610,15796787,Vassiliev,515.5,France,Male,26.0,0,105969.42,1,1,0,1632.4624999999942,0,0,2,64.91384641301124
7611,15615670,Kazakova,515.5,France,Male,26.0,5,119547.46,1,1,1,1632.4624999999942,0,0,3,73.23136672358504
7612,15705506,Perry,515.5,Spain,Male,26.0,7,0.0,2,0,0,1632.4624999999942,0,0,2,0.0
7613,15599535,Howell,515.5,Spain,Male,26.0,5,138668.18,1,1,1,1632.4624999999942,0,0,3,84.944174827906
7614,15768449,Ricci,515.5,France,Female,26.0,7,51582.5,2,1,1,1632.4624999999942,0,0,4,31.59796932548232
7615,15725002,Smith,515.5,France,Male,26.0,7,0.0,2,1,0,1632.4624999999942,0,0,3,0.0
7616,15611682,Rossi,515.5,Spain,Male,26.0,6,169902.92,1,1,1,1632.4624999999942,0,0,3,104.07768631745024
7617,15749964,Jones,515.5,France,Female,26.0,4,87262.4,2,1,0,1632.4624999999942,0,0,3,53.45445913765266
7618,15678779,Quezada,502.0,France,Male,26.0,7,0.0,2,0,1,1632.4624999999942,0,0,3,0.0
7619,15752601,McCulloch,515.5,France,Female,26.0,7,0.0,2,0,0,1632.4624999999942,0,1,2,0.0
7620,15758477,Tobeolisa,515.5,France,Female,26.0,2,0.0,2,1,0,1632.4624999999942,0,1,3,0.0
7621,15629133,Black,515.5,France,Female,26.0,9,0.0,2,1,0,1632.4624999999942,0,1,3,0.0
7622,15604963,Fraser,515.5,France,Male,26.0,5,0.0,2,0,0,1632.4624999999942,0,1,2,0.0
7623,15796413,Green,515.5,France,Male,26.0,6,0.0,2,1,0,1632.4624999999942,0,1,3,0.0
7624,15812470,Allan,515.5,France,Male,26.0,5,0.0,2,0,1,1632.4624999999942,0,0,3,0.0
7625,15587443,Akudinobi,515.5,France,Female,26.0,1,0.0,2,1,1,1632.4624999999942,0,1,4,0.0
7627,15779586,Olisaemeka,515.5,Germany,Female,26.0,3,115074.02,2,1,0,1632.4624999999942,0,0,3,70.4910648789791
7628,15667588,Arcuri,515.5,Spain,Female,26.0,3,0.0,1,1,1,1632.4624999999942,0,1,3,0.0
7629,15624423,Liu,515.5,France,Male,26.0,8,99986.98,1,1,0,1632.4624999999942,0,0,2,61.249174177048694
7630,15591107,Flemming,515.5,Germany,Female,26.0,3,110357.0,1,0,0,1632.4624999999942,1,0,1,67.60155286874914
7631,15748986,Bischof,515.5,Germany,Male,26.0,8,166685.92,2,1,1,1632.4624999999942,0,0,4,102.10704380651967
7632,15793896,John,515.5,Spain,Male,26.0,7,95312.8,1,1,1,1632.4624999999942,0,0,3,58.385904729817895
7633,15620570,Sinnett,515.5,France,Male,26.0,4,202443.47,1,1,0,1632.4624999999942,0,0,2,124.0110997955547
7634,15727811,Ts'ui,515.5,Germany,Female,26.0,0,109493.62,1,0,0,1632.4624999999942,1,0,1,67.07267088830548
7635,15707681,Pokrovsky,501.0,Germany,Male,26.0,9,88977.39,2,0,1,1632.4624999999942,0,0,3,54.50501313200169
7636,15702030,Azarov,515.5,France,Female,26.0,2,104982.57,1,1,0,1632.4624999999942,0,0,2,64.30933022963798
7637,15673238,McCarthy,515.5,Germany,Female,26.0,8,154110.99,2,1,0,1632.4624999999942,1,0,3,94.40400009188606
7638,15604196,Simpson,515.5,France,Male,26.0,6,185714.28,1,1,1,1632.4624999999942,0,0,3,113.76327480723181
7639,15769356,Stevenson,515.5,Germany,Female,23.0,3,116022.53,2,1,1,1632.4624999999942,0,0,4,71.07209507109683
7640,15665590,Moore,515.5,France,Male,26.0,6,0.0,2,1,1,1632.4624999999942,0,0,4,0.0
7641,15572361,Chill,515.5,Germany,Female,26.0,2,164011.48,1,1,0,1632.4624999999942,0,0,2,100.46875808785843
7642,15667460,Moore,515.5,France,Male,26.0,9,0.0,2,1,1,1632.4624999999942,0,0,4,0.0
7643,15654760,Su,515.5,France,Male,26.0,1,101514.89,1,1,1,1632.4624999999942,0,0,3,62.185128295443455
7644,15632669,Rees,515.5,Spain,Female,26.0,4,0.0,2,1,1,1632.4624999999942,0,1,4,0.0
7645,15613673,Lung,515.5,France,Male,26.0,9,0.0,1,1,0,1632.4624999999942,0,1,2,0.0
7646,15698522,Thomas,515.5,Germany,Male,26.0,9,134599.33,2,1,0,1632.4624999999942,0,0,3,82.45171328591037
7647,15741633,Fuller,515.5,Spain,Male,26.0,10,147511.26,1,1,1,1632.4624999999942,0,0,3,90.36119359556531
7648,15674583,Trevisani,515.5,France,Male,25.0,0,78396.08,1,1,1,1632.4624999999942,0,0,3,48.023204208366366
7649,15665374,Dumolo,515.5,Spain,Female,26.0,5,0.0,2,0,0,1632.4624999999942,0,0,2,0.0
7650,15588854,Wu,515.5,France,Female,26.0,3,110581.29,1,1,1,1632.4624999999942,0,0,3,67.73894653016555
7651,15810716,Kerr,515.5,Germany,Male,26.0,8,151836.36,2,1,0,1632.4624999999942,0,0,3,93.01062658407193
7652,15776921,Geoghegan,431.0,Germany,Male,26.0,5,83624.55,2,0,0,1632.4624999999942,0,0,2,51.22601591154486
7653,15569394,Bailey,515.5,France,Male,24.0,2,148197.15,2,1,0,1632.4624999999942,0,0,3,90.78135026072606
7654,15788215,Hsia,515.5,Spain,Female,26.0,5,122924.75,1,0,0,1632.4624999999942,1,0,1,75.30019832002293
7655,15641007,Holden,515.5,France,Female,26.0,4,72594.0,1,1,1,1632.4624999999942,0,0,3,44.46901536788763
7656,15594651,Milani,515.5,France,Male,26.0,4,115221.36,1,0,1,1632.4624999999942,0,0,2,70.58132116357982
7657,15575146,Jamieson,492.0,Germany,Male,26.0,8,117808.74,2,1,1,1632.4624999999942,0,0,4,72.16627640757471
7658,15608916,Ndubueze,515.5,France,Male,26.0,7,147754.68,1,1,1,1632.4624999999942,0,0,3,90.51030574974955
7659,15666297,Abramova,515.5,Spain,Female,26.0,3,0.0,3,0,0,1632.4624999999942,1,0,3,0.0
7660,15598586,Wetherspoon,515.5,France,Male,26.0,10,113292.17,1,1,1,1632.4624999999942,0,0,3,69.39955435423504
7661,15665014,Middleton,458.0,Spain,Male,26.0,5,0.0,2,1,0,1632.4624999999942,0,0,3,0.0
7662,15701738,Arcuri,515.5,Germany,Male,26.0,2,115163.38,1,1,1,1632.4624999999942,1,0,3,70.54580426809217
7663,15650591,Calabrese,515.5,Germany,Male,26.0,10,118098.62,1,1,1,1632.4624999999942,1,0,3,72.34384863358295
7664,15652667,Hampton,515.5,France,Male,26.0,9,0.0,2,1,1,1632.4624999999942,0,1,4,0.0
7665,15679622,Clayton,515.5,France,Male,26.0,8,0.0,1,1,1,1632.4624999999942,0,0,3,0.0
7666,15730150,Otutodilichukwu,515.5,Spain,Male,26.0,0,120825.7,1,1,0,1632.4624999999942,0,0,2,74.01438011592941
7667,15813192,Chukwuemeka,494.0,France,Male,25.0,6,0.0,2,0,1,1632.4624999999942,0,1,3,0.0
7668,15606554,Douglas,515.5,France,Male,26.0,1,0.0,1,0,1,1632.4624999999942,0,1,2,0.0
7669,15611794,Galloway,515.5,Germany,Male,26.0,6,133845.28,2,1,1,1632.4624999999942,0,0,4,81.98980374740644
7670,15672357,Sochima,515.5,Spain,Male,26.0,7,0.0,2,1,0,1632.4624999999942,0,1,3,0.0
7671,15711759,Wilkins,515.5,France,Female,26.0,5,108541.04,1,1,1,1632.4624999999942,0,0,3,66.48914753018852
7672,15615296,Rice,405.0,France,Male,26.0,10,0.0,1,1,0,1632.4624999999942,1,1,2,0.0
7673,15699294,Pope,515.5,France,Male,26.0,1,0.0,2,0,0,1632.4624999999942,0,0,2,0.0
7674,15788634,Romani,515.5,Spain,Female,26.0,2,113817.06,1,0,0,1632.4624999999942,0,0,1,69.72108700812447
7675,15660871,Ch'ang,515.5,France,Male,26.0,8,137300.23,1,1,0,1632.4624999999942,0,0,2,84.10620764642404
7676,15618258,Chizuoke,515.5,Spain,Male,26.0,5,158024.38,1,1,0,1632.4624999999942,0,0,2,96.8012312687125
7677,15722535,Ireland,457.0,France,Female,26.0,7,127837.54,1,0,1,1632.4624999999942,0,0,2,78.30963345252981
7678,15711977,Finch,515.5,France,Male,26.0,4,161533.0,1,1,0,1632.4624999999942,0,0,2,98.95051188005885
7679,15690169,Meng,515.5,France,Male,26.0,7,161171.7,2,1,0,1632.4624999999942,1,0,3,98.72918979762206
7680,15790689,Hibbins,515.5,Spain,Male,26.0,9,80958.36,1,1,1,1632.4624999999942,0,0,3,49.59278390774691
7681,15665181,Chung,515.5,Spain,Male,25.0,7,0.0,2,0,1,1632.4624999999942,0,0,3,0.0
7682,15633608,Black,515.5,France,Male,26.0,2,146193.6,2,1,1,1632.4624999999942,1,0,4,89.5540326347469
7683,15805261,Balashov,515.5,Spain,Male,26.0,8,0.0,2,0,1,1632.4624999999942,0,1,3,0.0
7684,15740356,Palmer,515.5,Germany,Male,26.0,4,115021.76,1,0,1,1632.4624999999942,0,0,2,70.45905189246332
7685,15808223,Lea,515.5,Spain,Male,26.0,1,126773.43,1,1,1,1632.4624999999942,0,0,3,77.65778999517627
7686,15769980,Singleton,515.5,Germany,Female,26.0,3,92889.91,1,1,1,1632.4624999999942,0,0,3,56.90171137162436
7687,15675450,Burt,515.5,France,Male,26.0,9,0.0,2,1,1,1632.4624999999942,0,0,4,0.0
7688,15776494,Siciliano,515.5,France,Male,26.0,5,146622.35,1,1,1,1632.4624999999942,1,0,3,89.81667266476292
7689,15592412,Sun,515.5,Germany,Male,26.0,4,131038.14,1,1,0,1632.4624999999942,1,0,2,80.27022979088369
7690,15777452,Sauve,515.5,France,Female,26.0,6,88820.29,1,0,0,1632.4624999999942,0,0,1,54.408778149574836
7691,15692258,Thompson,515.5,Spain,Male,26.0,1,115406.97,1,0,0,1632.4624999999942,0,0,1,70.69502055943117
7692,15791045,Boni,515.5,France,Female,26.0,3,132951.92,1,0,1,1632.4624999999942,0,0,2,81.44255687343536
7693,15807889,Wood,515.5,Germany,Male,26.0,5,108891.7,1,1,0,1632.4624999999942,0,0,2,66.70395185188045
7694,15602043,Buccho,515.5,Germany,Female,26.0,5,141788.63,2,0,0,1632.4624999999942,0,0,2,86.85567356064873
7695,15807335,Spencer,515.5,Spain,Female,26.0,4,116954.32,1,1,1,1632.4624999999942,0,0,3,71.64288306775832
7696,15629985,Eidson,515.5,Germany,Female,26.0,10,90450.0,2,0,0,1632.4624999999942,1,0,2,55.407092046525
7697,15679453,Hung,515.5,Germany,Female,26.0,8,125997.22,1,1,1,1632.4624999999942,1,0,3,77.18230587226381
7698,15637315,Melvin,515.5,Spain,Female,26.0,3,0.0,2,1,0,1632.4624999999942,0,0,3,0.0
7699,15691513,Dawkins,515.5,France,Male,26.0,9,0.0,4,1,1,1632.4624999999942,1,0,6,0.0
7700,15622289,Rizzo,515.5,Spain,Female,26.0,9,0.0,2,0,1,1632.4624999999942,0,0,3,0.0
7701,15715184,Capon,515.5,Spain,Female,26.0,4,144637.86,2,1,0,1632.4624999999942,0,0,3,88.60103065154667
7702,15702801,Ts'ao,515.5,France,Female,26.0,3,86616.35,1,0,0,1632.4624999999942,1,0,1,53.05870732099532
7703,15719931,Johnstone,515.5,France,Male,26.0,8,0.0,2,1,0,1632.4624999999942,0,1,3,0.0
7704,15806081,Fleming,515.5,Germany,Female,26.0,2,127924.25,2,1,0,1632.4624999999942,0,0,3,78.36274952717166
7705,15796336,Chang,515.5,Spain,Female,26.0,9,0.0,2,1,0,1632.4624999999942,0,1,3,0.0
7706,15647306,Gibbs,515.5,France,Female,26.0,9,131240.61,1,1,1,1632.4624999999942,1,0,3,80.3942571422011
7707,15742369,Rita,515.5,Spain,Male,26.0,5,0.0,2,1,1,1632.4624999999942,0,0,4,0.0
7708,15655859,Munro,515.5,Spain,Male,26.0,5,120046.74,2,1,0,1632.4624999999942,0,0,3,73.53721142139585
7709,15675650,Duncan,486.0,France,Female,26.0,8,97819.36,1,0,1,1632.4624999999942,0,0,2,59.92135194529758
7710,15574119,Okwuadigbo,515.5,Spain,Female,26.0,1,62979.93,1,1,1,1632.4624999999942,0,0,3,38.579710100538435
7711,15754168,McIntosh,506.0,France,Female,26.0,3,0.0,1,1,1,1632.4624999999942,0,1,3,0.0
7712,15763029,Ch'iu,515.5,Germany,Male,26.0,9,161450.03,1,1,1,1632.4624999999942,1,0,3,98.8996868228217
7713,15765048,Watt,515.5,France,Male,26.0,3,0.0,2,1,0,1632.4624999999942,0,1,3,0.0
7714,15786215,Udinese,515.5,France,Male,26.0,8,119496.25,2,1,0,1632.4624999999942,0,0,3,73.19999693714277
7715,15707559,Clark,515.5,France,Female,26.0,9,0.0,2,1,1,1632.4624999999942,0,1,4,0.0
7716,15582129,Hsia,515.5,France,Male,26.0,1,43772.66,3,1,0,1632.4624999999942,1,0,4,26.813883933015404
7717,15687540,Obiuto,515.5,France,Male,26.0,9,100249.41,2,0,1,1632.4624999999942,0,0,3,61.40993131542094
7718,15787196,T'ien,515.5,Spain,Male,26.0,2,0.0,2,1,1,1632.4624999999942,0,1,4,0.0
7719,15670898,McKenzie,515.5,France,Female,26.0,5,108028.08,2,0,0,1632.4624999999942,1,0,2,66.17492285427713
7720,15775433,Tang,515.5,Germany,Male,26.0,1,53013.29,2,1,1,1632.4624999999942,0,0,4,32.47443049993503
7721,15700693,Tu,515.5,France,Male,26.0,2,0.0,2,1,1,1632.4624999999942,0,0,4,0.0
7722,15677955,Tsui,515.5,Germany,Male,26.0,1,122088.67,1,1,0,1632.4624999999942,0,0,2,74.7880395414905
7724,15794875,Hung,515.5,Spain,Male,26.0,6,0.0,2,0,1,1632.4624999999942,0,1,3,0.0
7725,15673591,Oluchukwu,515.5,France,Male,26.0,3,141252.18,4,0,1,1632.4624999999942,1,0,5,86.52705958023569
7726,15631756,Tuan,482.0,France,Female,26.0,5,147813.05,2,0,0,1632.4624999999942,0,0,2,90.54606154812164
7727,15757617,Lewis,515.5,France,Male,26.0,6,134140.68,1,1,0,1632.4624999999942,0,0,2,82.17075736808684
7728,15612729,Chidiebere,515.5,France,Female,26.0,7,0.0,2,1,1,1632.4624999999942,0,0,4,0.0
7729,15637857,Woolacott,515.5,France,Female,26.0,8,0.0,1,0,1,1632.4624999999942,0,0,2,0.0
7730,15681007,Yen,515.5,France,Female,26.0,2,128548.49,4,1,0,1632.4624999999942,1,0,5,78.74514115944498
7731,15593622,Service,515.5,France,Male,26.0,10,122198.21,2,0,1,1632.4624999999942,0,0,3,74.85514062344491
7732,15629273,Lin,515.5,Germany,Male,26.0,8,145177.84,1,1,0,1632.4624999999942,1,0,2,88.93180700934968
7733,15765846,Chuang,515.5,Spain,Female,26.0,2,94222.53,1,1,0,1632.4624999999942,0,0,2,57.71803640206151
7734,15596013,Akhtar,515.5,Germany,Female,26.0,1,143212.22,1,0,0,1632.4624999999942,1,0,1,87.72772422031166
7735,15722473,Faulkner,515.5,France,Male,26.0,3,0.0,2,1,0,1632.4624999999942,0,0,3,0.0
7736,15774936,Liang,515.5,Germany,Male,26.0,6,143350.41,1,1,1,1632.4624999999942,1,0,3,87.81237547570036
7737,15685640,Dancy,515.5,France,Female,26.0,3,130931.83,1,1,1,1632.4624999999942,0,0,3,80.2051073148697
7738,15566563,Duigan,515.5,France,Female,26.0,4,137851.31,1,1,0,1632.4624999999942,1,0,2,84.44378354786127
7739,15768746,McLean,515.5,France,Male,26.0,6,0.0,2,0,0,1632.4624999999942,0,1,2,0.0
7740,15689952,Zuyeva,515.5,Spain,Male,26.0,5,0.0,1,0,1,1632.4624999999942,0,1,2,0.0
7741,15725906,Hankinson,515.5,Spain,Female,26.0,8,0.0,1,1,1,1632.4624999999942,1,0,3,0.0
7742,15634501,Wei,441.0,France,Male,26.0,1,140614.15,1,0,1,1632.4624999999942,0,0,2,86.13622058699694
7743,15571940,Afamefula,515.5,Spain,Male,22.0,3,118680.57,1,1,1,1632.4624999999942,0,0,3,72.70033461718137
7744,15741643,Chiang,515.5,Germany,Male,26.0,7,122917.69,1,1,1,1632.4624999999942,0,0,3,75.29587356524296
7745,15806822,Myers,515.5,France,Female,26.0,0,0.0,2,0,0,1632.4624999999942,0,1,2,0.0
7746,15701166,Chinedum,515.5,France,Male,26.0,5,131754.11,2,1,1,1632.4624999999942,0,0,4,80.70881260672172
7747,15718531,Ukaegbunam,515.5,France,Female,26.0,8,0.0,2,1,1,1632.4624999999942,0,1,4,0.0
7748,15628308,Akubundu,515.5,France,Female,24.0,6,0.0,2,1,1,1632.4624999999942,0,0,4,0.0
7749,15585287,Sal,515.5,Germany,Female,26.0,9,119948.09,1,1,0,1632.4624999999942,1,0,2,73.47678124306097
7750,15781619,Stevenson,515.5,France,Female,26.0,1,0.0,1,1,0,1632.4624999999942,1,1,2,0.0
7751,15805162,Sutherland,515.5,France,Male,25.0,0,0.0,2,1,1,1632.4624999999942,0,1,4,0.0
7752,15588535,Ts'ao,515.5,Spain,Female,26.0,6,0.0,2,0,0,1632.4624999999942,0,0,2,0.0
7753,15775307,Sung,490.0,Spain,Female,26.0,3,97266.1,1,1,1,1632.4624999999942,0,0,3,59.58244063799343
7754,15777616,Pisani,515.5,Germany,Male,26.0,10,113690.83,1,1,0,1632.4624999999942,0,0,2,69.64376210785878
7755,15692291,Hs?eh,515.5,Spain,Female,26.0,6,99056.22,2,1,0,1632.4624999999942,1,0,3,60.67901712903075
7756,15680843,Sherrod,515.5,France,Male,26.0,8,0.0,2,1,1,1632.4624999999942,0,1,4,0.0
7757,15606232,Holloway,515.5,Spain,Female,26.0,7,116338.68,1,1,1,1632.4624999999942,0,0,3,71.26575955037276
7758,15641585,Newton,515.5,France,Male,26.0,6,97339.99,1,0,1,1632.4624999999942,0,0,2,59.627703546023476
7759,15684358,Kang,515.5,France,Male,26.0,3,0.0,2,1,1,1632.4624999999942,0,1,4,0.0
7760,15806389,Walton,515.5,Germany,Female,26.0,1,137592.31,2,0,1,1632.4624999999942,1,0,3,84.28512752972917
7761,15641860,Bradley,515.5,Germany,Male,26.0,6,108760.27,2,1,0,1632.4624999999942,1,0,3,66.62344157982214
7762,15814237,Watkins,515.5,Germany,Male,26.0,3,128770.88,2,1,1,1632.4624999999942,0,0,4,78.8813709350141
7763,15808780,Tien,515.5,France,Female,26.0,2,0.0,2,0,0,1632.4624999999942,0,0,2,0.0
7764,15767064,Davide,515.5,Spain,Female,26.0,1,44054.84,1,1,1,1632.4624999999942,0,0,3,26.98673935848459
7765,15751177,Milne,515.5,Germany,Female,26.0,2,119657.53,1,1,0,1632.4624999999942,1,0,2,73.29879246843369
7766,15613427,Barling,515.5,Germany,Female,26.0,7,108797.63,2,0,0,1632.4624999999942,0,0,2,66.64632725100907
7767,15647259,Barnett,515.5,Spain,Male,26.0,2,0.0,2,0,0,1632.4624999999942,0,0,2,0.0
7768,15748660,Ellis,515.5,Germany,Female,26.0,1,102025.32,1,1,0,1632.4624999999942,1,0,2,62.497803165463445
7770,15757473,Chukwujamuike,515.5,France,Female,26.0,7,158786.67,2,0,1,1632.4624999999942,0,0,3,97.26818839636475
7771,15809509,Venables,515.5,France,Male,26.0,3,125689.29,1,1,1,1632.4624999999942,0,0,3,76.99367673070618
7772,15715512,Hsia,515.5,Germany,Male,26.0,1,154640.41,1,1,1,1632.4624999999942,0,0,3,94.72830769466408
7773,15614168,Alexander,515.5,Germany,Female,26.0,4,146710.76,1,1,0,1632.4624999999942,1,0,2,89.87083011095234
7774,15679818,Yuan,515.5,Germany,Male,26.0,7,136709.35,1,0,1,1632.4624999999942,1,0,2,83.74425139934331
7775,15609928,Johnston,515.5,Germany,Male,26.0,5,129305.09,2,0,1,1632.4624999999942,0,0,3,79.20861275527031
7776,15731246,Hobler,515.5,Spain,Male,26.0,10,0.0,2,1,0,1632.4624999999942,0,1,3,0.0
7777,15685243,Jamieson,515.5,France,Female,26.0,10,0.0,2,0,1,502.7,0,0,3,0.0
7778,15638730,Macleod,515.5,France,Female,21.0,0,82844.33,2,0,1,1408.68,0,0,3,58.80990004827214
7779,15697034,Norris,515.5,Spain,Female,22.0,2,0.0,2,0,1,1632.4624999999942,0,0,3,0.0
7780,15699225,Pirozzi,515.5,France,Male,26.0,0,0.0,2,1,0,1632.4624999999942,0,0,3,0.0
7781,15677387,Folliero,515.5,Germany,Female,26.0,10,76692.22,1,0,1,1632.4624999999942,0,0,2,46.97946813479653
7782,15759184,Russell,515.5,France,Male,26.0,7,117715.84,1,1,0,1632.4624999999942,0,0,2,72.10936851535665
7783,15595991,Hsiung,515.5,France,Male,26.0,8,87105.32,1,1,1,1632.4624999999942,0,0,3,53.358236406655784
7784,15681332,Tate,437.0,France,Female,26.0,6,0.0,1,1,0,1632.4624999999942,1,1,2,0.0
7785,15756299,Davis,515.5,France,Female,26.0,2,69311.16,1,1,1,1632.4624999999942,0,0,3,42.45804114949057
7787,15566380,Drury,515.5,Spain,Female,26.0,10,66948.67,2,1,1,1632.4624999999942,0,0,4,41.010847109811245
7788,15675963,Padovano,515.5,France,Female,26.0,9,0.0,2,1,1,1632.4624999999942,0,1,4,0.0
7789,15674671,Conway,515.5,Spain,Male,26.0,2,128410.71,2,1,1,1632.4624999999942,0,0,4,78.66074105837069
7790,15621466,Waters,515.5,Germany,Male,26.0,3,99897.53,1,0,0,1632.4624999999942,0,0,1,61.19437965650075
7791,15607176,Kang,515.5,France,Male,22.0,3,0.0,1,1,1,1632.4624999999942,0,1,3,0.0
7792,15570299,Martin,515.5,Germany,Female,26.0,6,152622.34,1,1,0,1632.4624999999942,0,0,2,93.49209553052553
7793,15613197,Ugochukwutubelum,515.5,France,Male,26.0,8,0.0,2,1,0,1632.4624999999942,0,0,3,0.0
7794,15798885,Burns,515.5,France,Male,26.0,4,138227.19,2,1,1,1632.4624999999942,0,0,4,84.67403692274738
7795,15714883,Genovese,508.0,France,Female,25.0,2,111395.53,1,0,1,1632.4624999999942,0,0,2,68.23772674716902
7796,15604497,Beale,458.0,Germany,Male,26.0,7,84386.57,1,1,0,1632.4624999999942,0,0,2,51.69280764489249
7797,15773949,Cherkasova,515.5,France,Female,26.0,3,0.0,2,1,1,1632.4624999999942,0,0,4,0.0
7798,15774164,Coles,502.0,Germany,Male,26.0,5,174673.65,2,1,0,1632.4624999999942,0,0,3,107.0000995428689
7799,15774127,Potter,515.5,France,Male,26.0,3,0.0,2,1,0,1632.4624999999942,0,0,3,0.0
7800,15619016,McMinn,515.5,Germany,Male,26.0,5,109019.65,2,1,1,1632.4624999999942,0,0,4,66.7823303751237
7801,15795759,Bergamaschi,515.5,Germany,Female,26.0,1,107906.75,1,1,0,1632.4624999999942,1,0,2,66.10059955435447
7802,15798844,Chijindum,515.5,France,Male,26.0,7,128914.97,1,0,0,1632.4624999999942,1,0,1,78.96963636224444
7803,15717962,Ch'iu,515.5,Spain,Male,26.0,9,111179.83,1,1,1,1632.4624999999942,0,0,3,68.10559507492539
7804,15691504,Yusupova,515.5,Germany,Female,26.0,8,124099.13,1,0,0,1632.4624999999942,0,0,1,76.01959003652485
7805,15693893,Davis,515.5,Germany,Male,26.0,9,122471.09,1,0,1,1632.4624999999942,0,0,2,75.02229913397731
7806,15672499,Iadanza,515.5,France,Male,26.0,3,134692.4,2,1,1,1632.4624999999942,0,0,4,82.50872531528319
7807,15750410,Jordan,515.5,France,Female,25.0,4,123816.5,1,1,1,1632.4624999999942,0,0,3,75.8464589538813
7808,15568904,Kruglova,515.5,Germany,Male,26.0,3,106288.54,1,1,1,1632.4624999999942,0,0,3,65.10933022963796
7809,15649033,Echezonachukwu,515.5,Germany,Female,26.0,7,127723.25,2,1,0,1632.4624999999942,1,0,3,78.23962265595715
7810,15780989,Hajek,515.5,Spain,Male,26.0,2,145843.82,1,1,1,1632.4624999999942,1,0,3,89.33976737597374
7811,15771059,Welch,515.5,Germany,Female,26.0,2,148200.72,1,0,0,1632.4624999999942,0,0,1,90.783537140976
7812,15687852,Vinogradoff,515.5,France,Male,26.0,2,104145.65,1,0,0,1632.4624999999942,0,0,1,63.79665689104672
7814,15592751,Okwudiliolisa,515.5,Germany,Female,26.0,3,81245.79,1,1,0,1632.4624999999942,1,0,2,49.76885533358364
7815,15598338,Mays,515.5,Germany,Female,26.0,3,168560.46,2,0,0,1632.4624999999942,0,0,2,103.25533358346706
7816,15735784,Gardner,515.5,France,Male,26.0,8,0.0,1,1,0,1632.4624999999942,0,0,2,0.0
7817,15629128,Mamelu,515.5,Germany,Male,26.0,2,132193.94,2,1,1,1632.4624999999942,0,0,4,80.978239928942
7818,15642870,Ross,515.5,France,Male,26.0,9,0.0,1,0,1,1632.4624999999942,0,1,2,0.0
7820,15600792,Swayne,515.5,Spain,Male,26.0,0,0.0,2,0,1,1632.4624999999942,0,1,3,0.0
7821,15576131,Phillips,515.5,France,Male,26.0,5,0.0,2,1,0,1632.4624999999942,0,1,3,0.0
7822,15686588,Manfrin,515.5,France,Female,26.0,2,134571.5,1,0,1,1632.4624999999942,0,0,2,82.43466542110491
7823,15761018,Tan,515.5,Germany,Male,26.0,2,143829.2,2,1,0,1632.4624999999942,1,0,3,88.1056685835053
7824,15616029,Adams,515.5,France,Male,26.0,7,0.0,2,1,0,1632.4624999999942,0,0,3,0.0
7825,15761149,Teng,515.5,France,Female,26.0,8,133444.97,1,0,1,1632.4624999999942,0,0,2,81.74458525081003
7826,15802758,Chinwendu,515.5,Germany,Female,23.0,4,104753.84,2,1,0,1632.4624999999942,1,0,3,64.16921675076786
7827,15647838,Davison,515.5,Germany,Female,26.0,2,116574.84,1,1,0,1632.4624999999942,1,0,2,71.41042443547732
7828,15735968,Hsing,515.5,France,Male,26.0,10,0.0,2,0,1,1632.4624999999942,0,0,3,0.0
7829,15581286,Castro,515.5,France,Female,26.0,9,176914.8,1,1,1,1632.4624999999942,0,0,3,108.37296415691057
7830,15625445,Parkin,515.5,France,Female,26.0,8,68348.18,2,0,1,1632.4624999999942,0,0,3,41.868147047788376
7831,15600173,Manna,515.5,France,Female,26.0,9,0.0,2,1,1,1632.4624999999942,0,0,4,0.0
7832,15635143,Fennescey,515.5,France,Male,26.0,2,56726.83,2,0,1,1632.4624999999942,0,0,3,34.749239262770324
7833,15664849,Colon,515.5,Spain,Male,26.0,3,65269.23,1,0,1,1632.4624999999942,1,0,2,39.98207003223672
7834,15762455,Yeh,515.5,Spain,Male,26.0,6,66220.17,1,0,1,1632.4624999999942,0,0,2,40.564588773096006
7835,15797165,Bergamaschi,515.5,France,Male,26.0,9,0.0,1,0,0,1632.4624999999942,1,0,1,0.0
7836,15788189,Matveyeva,515.5,France,Female,26.0,8,96147.55,1,1,0,1632.4624999999942,0,0,2,58.897248788257215
7837,15780492,Ignatyeva,515.5,France,Male,26.0,4,0.0,2,1,0,1632.4624999999942,0,0,3,0.0
7838,15678497,Lederer,515.5,Spain,Male,26.0,2,0.0,1,1,0,1632.4624999999942,1,1,2,0.0
7839,15588560,Nwabugwu,515.5,Germany,Female,26.0,8,145330.43,1,1,1,1632.4624999999942,0,0,3,89.02527929431794
7840,15606003,Abramowitz,515.5,France,Female,21.0,3,0.0,2,1,1,1632.4624999999942,0,0,4,0.0
7841,15611756,Chapman,515.5,Germany,Female,26.0,4,124192.28,2,1,1,1632.4624999999942,0,0,4,76.07665107161753
7842,15789563,Fiorentino,515.5,Germany,Female,26.0,7,111288.18,1,1,1,1632.4624999999942,1,0,3,68.17196719679649
7843,15702416,Cecil,515.5,France,Male,26.0,7,107805.67,1,0,0,1632.4624999999942,0,0,1,66.03868082727804
7844,15766288,Ikechukwu,515.5,Germany,Female,26.0,5,103700.69,1,1,0,1632.4624999999942,1,0,2,63.52408707703875
7845,15667633,Allen,515.5,France,Female,26.0,1,0.0,2,1,1,1632.4624999999942,0,0,4,0.0
7846,15622774,Kao,515.5,France,Male,26.0,0,0.0,1,1,1,1632.4624999999942,0,1,3,0.0
7847,15755416,Hart,515.5,France,Female,26.0,3,87739.08,1,1,1,1632.4624999999942,0,0,3,53.74645971959559
7848,15769915,Charlton,515.5,Spain,Female,20.0,0,133313.34,1,1,1,1632.4624999999942,0,0,3,81.663952464452
7849,15643908,Turnbull,433.0,France,Female,26.0,10,0.0,1,1,1,1632.4624999999942,0,0,3,0.0
7850,15627395,Manners,515.5,Germany,Male,26.0,7,154902.66,1,1,1,1632.4624999999942,0,0,3,94.88895457016658
7851,15679663,Chiazagomekpere,488.0,France,Female,26.0,0,0.0,2,1,0,1632.4624999999942,0,1,3,0.0
7852,15651581,Lavrentyev,515.5,Germany,Male,26.0,6,112595.85,1,1,0,1632.4624999999942,1,0,2,68.97300856834408
7853,15596379,Wallace,515.5,Germany,Male,26.0,3,119695.75,1,0,1,1632.4624999999942,0,0,2,73.3222049511094
7854,15746674,Miller,515.5,France,Female,26.0,7,0.0,1,1,0,1632.4624999999942,1,0,2,0.0
7855,15801256,Bazhenov,515.5,Spain,Male,26.0,7,0.0,2,0,1,1632.4624999999942,0,0,3,0.0
7856,15663808,Ifesinachi,515.5,Germany,Female,26.0,8,152614.51,2,1,1,1632.4624999999942,0,0,4,93.48729909569167
7857,15598521,Ma,515.5,Germany,Female,26.0,7,131647.01,2,0,0,1632.4624999999942,0,0,2,80.64320619922385
7858,15621457,Chu,515.5,France,Male,26.0,6,96654.72,2,0,0,1632.4624999999942,0,0,2,59.207926675191835
7859,15764726,Kerr,515.5,France,Male,22.0,3,137583.04,1,0,1,1632.4624999999942,0,0,2,84.27944899193733
7860,15646374,Wynne,515.5,Germany,Female,26.0,3,62717.84,2,1,1,1632.4624999999942,0,0,4,38.4191612364757
7861,15716501,Moon,515.5,France,Male,26.0,9,95377.13,1,0,1,1632.4624999999942,0,0,2,58.42531145432152
7862,15589948,Disher,515.5,Spain,Male,26.0,1,135936.1,2,1,1,1632.4624999999942,0,0,4,83.27058048806664
7863,15811343,Cattaneo,515.5,Germany,Male,26.0,5,161591.11,3,1,1,1632.4624999999942,0,0,5,98.98610840984131
7864,15659677,Beluchi,515.5,France,Male,26.0,8,142382.03,1,1,1,1632.4624999999942,0,0,3,87.21917348790585
7865,15594436,Mazzi,515.5,Spain,Male,26.0,2,0.0,2,1,1,1632.4624999999942,0,0,4,0.0
7866,15748995,Ifeajuna,515.5,Spain,Male,26.0,9,0.0,2,0,1,1632.4624999999942,0,0,3,0.0
7867,15677062,Howe,515.5,France,Female,26.0,6,127043.09,1,1,1,1632.4624999999942,0,0,3,77.82297602548324
7868,15697201,Yocum,515.5,Spain,Female,26.0,3,0.0,1,1,1,1632.4624999999942,0,1,3,0.0
7869,15666453,Moore,515.5,Germany,Female,26.0,4,78885.88,2,1,1,1632.4624999999942,0,0,4,48.32324172837066
7870,15693771,Y?an,515.5,Spain,Female,26.0,8,95922.9,1,1,0,1632.4624999999942,1,0,2,58.759634601101304
7871,15569867,Chinweuba,515.5,France,Female,26.0,8,0.0,2,1,0,1632.4624999999942,0,0,3,0.0
7872,15711602,Lowrie,515.5,France,Female,26.0,3,91711.59,1,1,1,1632.4624999999942,0,0,3,56.17990612341804
7873,15717736,Shen,515.5,Germany,Female,26.0,10,110031.09,2,1,1,1632.4624999999942,0,0,4,67.40190969164706
7874,15750441,Lavarack,515.5,France,Male,26.0,5,81210.72,2,0,1,1632.4624999999942,0,0,3,49.747372451128456
7875,15732791,Davide,515.5,Germany,Male,26.0,5,122947.92,1,1,1,1632.4624999999942,0,0,3,75.31439160164503
7876,15775104,Gomes,515.5,France,Female,26.0,1,182065.85,1,1,0,1632.4624999999942,0,0,2,111.52835057466903
7877,15757607,Matveyeva,515.5,France,Male,26.0,0,0.0,1,1,0,1632.4624999999942,1,1,2,0.0
7878,15793070,Fiorentino,494.0,Spain,Female,26.0,2,69974.66,2,1,0,1632.4624999999942,1,0,3,42.86448233879813
7879,15760456,Eberechukwu,515.5,France,Female,26.0,10,123711.73,2,1,0,1632.4624999999942,1,0,3,75.78227983797511
7880,15665385,Gibney,515.5,France,Male,26.0,6,76495.04,1,1,0,1632.4624999999942,0,0,2,46.8586812867066
7881,15612418,Virgo,515.5,France,Female,26.0,9,0.0,2,0,0,1632.4624999999942,0,0,2,0.0
7882,15727138,Kulikova,515.5,Spain,Male,26.0,9,0.0,2,1,1,1632.4624999999942,0,0,4,0.0
7883,15732061,Liu,515.5,Germany,Female,26.0,1,121874.89,1,0,0,1632.4624999999942,1,0,1,74.65708400652416
7884,15776051,Kao,515.5,France,Female,26.0,6,0.0,2,1,1,1632.4624999999942,0,0,4,0.0
7885,15616530,Foran,515.5,France,Male,26.0,6,188455.19,1,0,0,1632.4624999999942,1,0,1,115.44227815340363
7886,15632344,Jones,515.5,France,Female,26.0,0,99045.93,2,1,0,1632.4624999999942,0,0,3,60.67271376831036
7887,15744979,Fowler,515.5,France,Female,26.0,8,0.0,1,0,1,1632.4624999999942,0,1,2,0.0
7888,15745433,Conti,515.5,Germany,Female,26.0,2,205770.78,2,0,0,1632.4624999999942,0,0,2,126.0493150684936
7889,15683657,Stephenson,515.5,France,Female,26.0,0,79340.95,1,1,0,1632.4624999999942,0,0,2,48.602004640229275
7890,15718572,Willis,515.5,Germany,Male,26.0,9,138456.03,2,1,1,1632.4624999999942,0,0,4,84.81421778448234
7891,15665783,Ts'ui,515.5,France,Male,26.0,7,0.0,2,1,1,1632.4624999999942,0,0,4,0.0
7892,15652782,Chibuzo,515.5,Germany,Male,26.0,2,101099.9,2,0,1,1632.4624999999942,0,0,3,61.930917249247905
7893,15707025,Fang,515.5,Spain,Female,26.0,5,0.0,2,1,1,1632.4624999999942,0,0,4,0.0
7894,15647807,Wyckoff,515.5,France,Male,26.0,8,109219.83,1,1,0,1632.4624999999942,0,0,2,66.90495493770938
7895,15718281,Muir,515.5,Germany,Male,26.0,1,123276.69,2,1,1,1632.4624999999942,1,0,4,75.51578673323304
7896,15660571,Halpern,515.5,Spain,Male,26.0,10,113034.31,1,1,1,1632.4624999999942,0,0,3,69.24159666761129
7897,15727857,Flynn,515.5,Spain,Male,26.0,1,0.0,2,1,0,1632.4624999999942,0,1,3,0.0
7898,15639252,Shao,515.5,Spain,Male,26.0,6,129548.5,2,1,1,1632.4624999999942,0,0,4,79.35771878373957
7899,15628144,Soares,515.5,France,Female,26.0,4,74812.84,1,0,1,1632.4624999999942,0,0,2,45.828213511795994
7900,15683560,Gallo,515.5,France,Female,26.0,7,0.0,2,1,0,1632.4624999999942,0,1,3,0.0
7901,15653275,Lei,515.5,Spain,Female,26.0,1,0.0,2,1,0,1632.4624999999942,1,0,3,0.0
7902,15622182,Daniels,515.5,Germany,Female,26.0,3,153538.13,2,1,0,1632.4624999999942,0,0,3,94.05308238320976
7903,15613962,Kenechi,499.0,France,Female,26.0,9,0.0,2,0,1,1632.4624999999942,0,1,3,0.0
7904,15618437,Singleton,515.5,Spain,Male,26.0,10,0.0,2,0,1,1632.4624999999942,0,1,3,0.0
7905,15783338,Williams,449.0,Spain,Male,26.0,0,155619.36,1,1,1,1632.4624999999942,0,0,3,95.32798456319857
7906,15764491,Greece,515.5,Spain,Male,26.0,10,159693.9,2,1,1,1632.4624999999942,0,0,4,97.8239316370211
7907,15712960,Olisanugo,515.5,Spain,Male,26.0,3,171653.17,1,0,1,1632.4624999999942,0,0,2,105.14983958283919
7908,15688157,Padovano,515.5,Germany,Female,26.0,2,47685.47,2,1,1,1632.4624999999942,0,0,4,29.210759818372654
7909,15579287,Rossi,515.5,France,Male,26.0,4,0.0,2,0,1,1632.4624999999942,0,0,3,0.0
7910,15570931,Grant,515.5,France,Male,26.0,5,0.0,1,0,0,1632.4624999999942,1,0,1,0.0
7911,15615177,Ebelegbulam,515.5,Spain,Male,26.0,6,123692.0,1,1,1,1632.4624999999942,0,0,3,75.77019380230813
7912,15809906,Mitchell,515.5,Germany,Male,26.0,1,148853.29,2,1,1,1632.4624999999942,0,0,4,91.18328292380409
7913,15652169,Buckley,515.5,France,Male,26.0,2,133161.95,1,0,1,1632.4624999999942,0,0,2,81.57121526528205
7914,15649450,Repina,515.5,Germany,Male,24.0,6,143221.35,2,1,0,1632.4624999999942,0,0,3,87.73331699809368
7915,15777179,Ellis,515.5,France,Male,26.0,9,0.0,2,0,1,1632.4624999999942,0,0,3,0.0
7916,15803538,Douglas,515.5,Spain,Male,26.0,1,0.0,3,1,0,1632.4624999999942,1,1,4,0.0
7917,15610936,Becher,515.5,France,Male,26.0,6,0.0,2,1,0,1632.4624999999942,0,1,3,0.0
7918,15590094,Nwachukwu,515.5,Germany,Male,26.0,9,126265.88,2,0,0,1632.4624999999942,0,0,2,77.3468793310722
7919,15572706,Smith,515.5,France,Male,26.0,5,0.0,1,1,0,1632.4624999999942,0,0,2,0.0
7920,15634564,Aksyonov,515.5,Spain,Male,26.0,8,112713.34,1,1,1,1632.4624999999942,0,0,3,69.0449795937122
7921,15684296,Artyomova,515.5,France,Male,26.0,5,141173.03,1,0,1,1632.4624999999942,0,0,2,86.47857454612311
7922,15702293,Medvedeva,515.5,Spain,Female,26.0,7,0.0,2,1,1,1632.4624999999942,0,1,4,0.0
7923,15642099,Tsui,515.5,Spain,Male,26.0,6,0.0,2,1,0,1632.4624999999942,0,0,3,0.0
7924,15773273,Runyon,515.5,Spain,Male,26.0,5,118866.36,1,1,1,1632.4624999999942,0,0,3,72.81414427590246
7925,15613337,Gallo,515.5,France,Male,26.0,2,0.0,2,1,1,1632.4624999999942,0,1,4,0.0
7926,15800482,Bradshaw,515.5,Spain,Female,26.0,7,0.0,2,1,1,1632.4624999999942,0,1,4,0.0
7927,15732644,Evans,515.5,Spain,Female,26.0,5,92316.31,2,1,0,1632.4624999999942,1,0,3,56.5503403600391
7928,15713426,Hancock,515.5,Germany,Male,26.0,1,122185.53,1,1,0,1632.4624999999942,1,0,2,74.84737321684293
7929,15640789,Butler,515.5,France,Male,26.0,4,123345.85,1,1,0,1632.4624999999942,0,0,2,75.5581521780748
7930,15598892,Bradshaw,515.5,France,Male,26.0,4,73070.18,2,0,0,1632.4624999999942,0,0,2,44.76070966408126
7931,15606436,Bergamaschi,500.0,Spain,Male,26.0,7,0.0,2,0,0,1632.4624999999942,0,1,2,0.0
7932,15751227,Ebelegbulam,515.5,France,Male,26.0,1,95120.59,1,0,0,1632.4624999999942,0,0,1,58.268162362075905
7933,15812365,Greco,515.5,France,Male,26.0,8,102800.65,1,1,0,1632.4624999999942,0,0,2,62.97274822545716
7934,15616088,Lucas,515.5,France,Female,26.0,7,97072.42,1,0,1,1632.4624999999942,0,0,2,59.46379779014853
7935,15803886,Barber,515.5,Spain,Male,26.0,6,132876.55,1,1,1,1632.4624999999942,0,0,3,81.39638735958741
7936,15587311,Dobbs,515.5,Spain,Male,26.0,6,0.0,2,0,1,1632.4624999999942,0,0,3,0.0
7937,15617401,Thomson,468.0,France,Male,22.0,2,0.0,2,1,0,1632.4624999999942,0,0,3,0.0
7938,15775886,Su,515.5,France,Male,26.0,3,0.0,1,1,0,1632.4624999999942,1,1,2,0.0
7939,15807305,Watkins,515.5,France,Male,26.0,2,0.0,1,0,0,1632.4624999999942,0,1,1,0.0
7941,15628008,Monds,515.5,Spain,Female,26.0,6,98759.89,1,0,0,1632.4624999999942,0,0,1,60.497493816856654
7942,15583755,McClemans,515.5,Germany,Male,26.0,2,156570.86,1,1,1,1632.4624999999942,0,0,3,95.91084634409705
7943,15661409,Shen,515.5,France,Female,26.0,1,0.0,1,1,1,1632.4624999999942,1,1,3,0.0
7944,15774250,Gallo,515.5,France,Male,26.0,1,159024.71,1,1,0,1632.4624999999942,1,0,2,97.41400491588662
7945,15681476,Foveaux,515.5,France,Female,26.0,1,73493.17,1,0,1,1632.4624999999942,1,0,2,45.01982128226545
7946,15654870,Longo,515.5,France,Female,26.0,8,0.0,2,1,1,1632.4624999999942,0,0,4,0.0
7947,15790448,Calabresi,473.0,France,Female,26.0,6,69617.36,1,1,0,1632.4624999999942,0,0,2,42.64561054235564
7948,15785326,Randall,515.5,Spain,Female,26.0,5,136526.26,2,1,0,1632.4624999999942,0,0,3,83.63209568366838
7949,15592854,Garcia,515.5,France,Male,25.0,3,113736.27,1,0,1,1632.4624999999942,0,0,2,69.67159735675423
7950,15617486,Sullivan,515.5,France,Male,26.0,1,106723.28,1,0,0,1632.4624999999942,1,0,1,65.37563956293047
7951,15806796,Higgins,515.5,Germany,Female,26.0,10,138847.9,1,1,1,1632.4624999999942,0,0,3,85.05426617763072
7952,15644699,Crawford,515.5,France,Female,26.0,0,0.0,2,1,0,1099.95,0,0,3,0.0
7953,15622305,Martin,515.5,Germany,Female,26.0,2,107868.14,2,1,1,1632.4624999999942,0,0,4,66.07694816879432
7954,15608209,Currey,515.5,Germany,Male,26.0,3,96926.12,2,1,0,1632.4624999999942,0,0,3,59.374178579906335
7955,15626898,Teng,515.5,France,Male,26.0,7,77599.23,1,0,0,1632.4624999999942,0,0,1,47.535076609723205
7956,15644297,Austin,515.5,Germany,Male,26.0,5,178787.54,1,1,1,1632.4624999999942,0,0,3,109.52015130516054
7957,15731569,Hudson,515.5,France,Male,26.0,5,0.0,2,1,1,1632.4624999999942,0,0,4,0.0
7958,15582149,Ts'ui,515.5,Germany,Female,26.0,3,129668.43,2,1,1,1632.4624999999942,0,0,4,79.43118448356422
7959,15802483,Hancock,515.5,France,Male,26.0,6,146178.13,2,1,1,1632.4624999999942,0,0,4,89.54455615366388
7960,15686999,Nicholas,515.5,France,Female,26.0,8,0.0,2,1,0,1632.4624999999942,0,0,3,0.0
7961,15772479,Napolitano,515.5,France,Male,26.0,4,0.0,2,0,0,1632.4624999999942,0,1,2,0.0
7962,15778884,Jamieson,515.5,France,Female,26.0,2,154763.21,2,1,1,1632.4624999999942,0,0,4,94.80353147468965
7963,15623630,Foster,515.5,Germany,Female,26.0,3,116251.24,1,0,1,1632.4624999999942,1,0,2,71.21219629853698
7964,15774316,Moretti,515.5,France,Male,26.0,6,0.0,2,1,1,1632.4624999999942,0,0,4,0.0
7965,15695097,Chiedozie,515.5,Germany,Female,26.0,0,100954.88,2,0,0,1632.4624999999942,0,0,2,61.8420821305239
7966,15645404,Okwukwe,515.5,France,Female,26.0,4,124620.01,2,1,0,1632.4624999999942,1,0,3,76.33866627870499
7967,15750574,Lumholtz,515.5,Spain,Female,26.0,4,0.0,2,1,1,1632.4624999999942,0,0,4,0.0
7968,15636812,Rose,515.5,France,Male,26.0,9,112701.04,1,0,0,1632.4624999999942,0,0,1,69.03744496427967
7969,15712068,Wan,515.5,Spain,Male,26.0,8,84692.5,1,0,1,1632.4624999999942,0,0,2,51.880211643452945
7970,15652030,De Bernales,515.5,Germany,Male,26.0,2,108204.52,1,1,0,1632.4624999999942,1,0,2,66.28300496948653
7971,15577398,Ch'eng,515.5,France,Male,26.0,6,86449.39,1,1,1,1632.4624999999942,0,0,3,52.956432383592464
7972,15756848,Edmondson,515.5,Spain,Male,26.0,10,0.0,1,0,1,1632.4624999999942,0,0,2,0.0
7973,15806929,Ch'ien,515.5,Germany,Male,26.0,5,73194.99,1,1,1,1632.4624999999942,0,0,3,44.83716471281899
7974,15656005,Millar,515.5,Germany,Male,26.0,7,124593.23,1,1,0,1632.4624999999942,0,0,2,76.32226161397303
7975,15722632,Dickson,515.5,Germany,Male,26.0,2,119655.77,1,1,1,1632.4624999999942,1,0,3,73.2977143425962
7976,15794356,Toscani,515.5,Germany,Male,26.0,3,121765.37,2,1,1,1632.4624999999942,0,0,4,74.58999517599972
7977,15659656,Pan,515.5,France,Male,26.0,4,110837.73,1,0,0,1632.4624999999942,0,0,1,67.89603436526131
7978,15588341,Chigozie,515.5,Spain,Male,26.0,10,99835.17,1,0,1,1632.4624999999942,0,0,2,61.156179697849325
7979,15709142,Sagese,515.5,Germany,Female,26.0,2,91057.37,2,1,0,1632.4624999999942,0,0,3,55.77914959761729
7980,15627042,Reilly,515.5,France,Female,26.0,7,0.0,2,1,0,1632.4624999999942,0,0,3,0.0
7981,15627517,Taylor,497.0,Spain,Male,26.0,7,149400.27,1,0,0,1632.4624999999942,0,0,1,91.51834728209715
7982,15803032,Yen,515.5,Germany,Male,26.0,9,89111.63,1,0,0,1632.4624999999942,0,0,1,54.587244729971026
7983,15665129,Kapustin,515.5,Germany,Male,26.0,1,132527.9,2,0,1,1632.4624999999942,0,0,3,81.18281430660764
7984,15628272,Singh,515.5,France,Female,26.0,9,114997.42,1,1,0,1632.4624999999942,0,0,2,70.4441419021879
7985,15678206,Yeh,464.0,France,Male,26.0,6,161798.53,1,1,0,1632.4624999999942,0,0,2,99.11316799007669
7986,15678427,Genovese,515.5,Germany,Female,26.0,2,96129.32,2,1,1,1632.4624999999942,0,0,4,58.886081609838115
7987,15678067,Boyle,515.5,Spain,Male,26.0,3,0.0,2,0,0,1632.4624999999942,0,1,2,0.0
7988,15793331,Blair,515.5,France,Male,26.0,5,133050.97,2,1,0,1632.4624999999942,0,0,3,81.50323208036967
7989,15699532,Okagbue,515.5,France,Male,26.0,8,120124.35,2,0,1,1632.4624999999942,0,0,3,73.58475309540061
7990,15605827,Khan,515.5,France,Male,26.0,8,0.0,2,0,0,1632.4624999999942,0,0,2,0.0
7991,15643635,Robertson,515.5,Spain,Male,26.0,5,133705.74,1,0,0,1632.4624999999942,0,0,1,81.90432552049464
7992,15787710,Tikhonov,427.0,Spain,Female,26.0,9,0.0,2,1,0,1632.4624999999942,0,0,3,0.0
7993,15614137,MacDonald,515.5,France,Female,26.0,7,0.0,2,1,0,1632.4624999999942,0,1,3,0.0
7994,15754494,Ah Mouy,515.5,France,Female,26.0,4,152805.05,1,1,0,1632.4624999999942,0,0,2,93.604018469031
7995,15713440,Barese,515.5,Germany,Female,21.0,1,151701.45,3,1,1,1632.4624999999942,1,0,5,92.92798456319858
7996,15803479,Winter-Irving,515.5,France,Female,26.0,1,0.0,2,0,1,1632.4624999999942,0,0,3,0.0
7998,15601719,Fiorentino,465.0,Germany,Male,24.0,6,156007.09,1,1,0,1632.4624999999942,0,0,2,95.56549691034284
7999,15772482,Iloerika,515.5,Germany,Male,26.0,3,132405.52,3,1,0,1632.4624999999942,1,0,4,81.10784780661146
8000,15591489,Davison,515.5,France,Male,26.0,5,142662.68,1,0,0,1632.4624999999942,0,0,1,87.3910916789822
8001,15629002,Hamilton,515.5,Germany,Male,26.0,8,102603.3,2,1,1,1632.4624999999942,0,0,4,62.85185724021248
8002,15798053,Nnachetam,515.5,Spain,Male,26.0,9,0.0,2,1,0,1632.4624999999942,0,1,3,0.0
8003,15753895,Blue,515.5,Spain,Male,26.0,1,0.0,2,0,0,1632.4624999999942,0,1,2,0.0
8004,15595426,Madukwe,515.5,Spain,Male,26.0,6,105000.85,2,1,1,1632.4624999999942,1,0,4,64.32052803663201
8005,15645815,Mills,515.5,France,Male,26.0,5,0.0,2,1,1,1632.4624999999942,0,1,4,0.0
8006,15632848,Ferrari,515.5,France,Female,26.0,1,69518.95,1,1,0,1632.4624999999942,0,0,2,42.58532738118042
8007,15703068,Nixon,515.5,Germany,Male,26.0,8,126145.54,2,1,1,1632.4624999999942,0,0,4,77.27316247693312
8008,15791513,Manfrin,515.5,France,Male,26.0,4,138937.35,1,1,1,1632.4624999999942,1,0,3,85.10906069817867
8009,15587210,McCartney,515.5,Germany,Female,26.0,10,113581.98,1,1,0,1632.4624999999942,0,0,2,69.57708370023838
8010,15793803,Robinson,515.5,France,Male,26.0,1,112572.39,1,0,0,1632.4624999999942,0,0,1,68.9586376409874
8011,15787756,Nkemdirim,467.0,Germany,Male,26.0,10,114514.71,2,1,0,1632.4624999999942,1,0,3,70.14844751410854
8012,15723437,Sal,515.5,France,Female,26.0,2,0.0,2,1,1,1632.4624999999942,0,0,4,0.0
8013,15702715,Kao,515.5,France,Female,26.0,10,0.0,2,1,1,1632.4624999999942,0,0,4,0.0
8014,15809872,Ikechukwu,515.5,France,Male,26.0,2,84906.45,1,1,0,1632.4624999999942,0,0,2,52.01127131557405
8015,15644295,Hargreaves,515.5,Spain,Female,26.0,2,126816.18,1,1,1,1632.4624999999942,0,0,3,77.68397742674055
8016,15778694,Sievier,515.5,Germany,Female,26.0,1,105249.76,2,1,1,1632.4624999999942,0,0,4,64.47300320834346
8017,15759555,Murphy,515.5,Spain,Male,26.0,2,0.0,2,1,0,1632.4624999999942,0,1,3,0.0
8018,15631406,Munro,459.0,Germany,Male,26.0,5,109387.9,1,1,0,1632.4624999999942,0,0,2,67.00790982947565
8019,15616676,Donnelly,515.5,Germany,Male,23.0,3,122478.51,1,1,0,1632.4624999999942,1,0,2,75.02684441449676
8020,15771154,North,515.5,France,Female,26.0,8,137732.23,2,1,1,1632.4624999999942,0,0,4,84.37083853381043
8021,15669491,Cruz,515.5,France,Female,26.0,2,157866.77,1,1,1,1632.4624999999942,0,0,3,96.70468387482136
8022,15697691,Sinclair,512.0,France,Female,26.0,6,0.0,1,1,1,1632.4624999999942,0,1,3,0.0
8023,15665180,Vasiliev,515.5,France,Female,26.0,3,136789.14,1,1,0,1632.4624999999942,1,0,2,83.79312847921499
8024,15752588,Vasilyeva,515.5,France,Male,26.0,1,0.0,2,1,1,1632.4624999999942,0,0,4,0.0
8025,15743051,Hamilton,515.5,France,Male,26.0,10,144684.03,1,1,1,1632.4624999999942,0,0,3,88.6293130776361
8027,15679743,Genovesi,515.5,France,Female,26.0,8,91301.72,1,0,1,1632.4624999999942,0,0,2,55.92883144329522
8028,15769412,Atkinson,515.5,Spain,Male,26.0,4,207034.96,2,0,0,1632.4624999999942,1,0,2,126.82371570556796
8029,15775124,Watterston,515.5,Spain,Male,26.0,8,0.0,2,1,1,933.38,0,0,4,0.0
8030,15732113,Butters,515.5,Spain,Male,26.0,8,0.0,1,0,1,1632.4624999999942,0,0,2,0.0
8031,15578141,Chien,515.5,Spain,Male,26.0,3,0.0,1,1,1,1632.4624999999942,1,0,3,0.0
8032,15595874,Gorbunova,515.5,Spain,Female,26.0,6,0.0,2,1,0,1632.4624999999942,0,1,3,0.0
8033,15755642,Bulgakov,515.5,France,Male,26.0,5,0.0,2,1,1,1632.4624999999942,0,1,4,0.0
8034,15576526,Steele,515.5,Spain,Male,26.0,6,0.0,2,0,1,1632.4624999999942,0,0,3,0.0
8035,15792489,Polyakova,515.5,Spain,Male,26.0,9,0.0,2,1,0,1632.4624999999942,0,1,3,0.0
8036,15733705,Bull,515.5,France,Female,26.0,8,92472.1,2,0,1,1632.4624999999942,0,0,3,56.64577287380282
8037,15807221,Weaver,515.5,Spain,Male,21.0,1,0.0,2,0,0,1632.4624999999942,0,1,2,0.0
8038,15573045,Earl,515.5,France,Male,26.0,10,127738.75,2,1,1,1632.4624999999942,0,0,4,78.24911751418514
8039,15756824,Giordano,515.5,Germany,Female,26.0,5,101242.98,2,1,0,1632.4624999999942,0,0,3,62.01856397926468
8040,15773520,Begg,515.5,France,Female,26.0,4,92599.55,2,1,1,1632.4624999999942,0,0,4,56.72384511129679
8041,15627439,Pickering,515.5,Spain,Female,26.0,10,0.0,2,0,1,1632.4624999999942,0,1,3,0.0
8042,15701439,Fanucci,515.5,Spain,Female,26.0,1,0.0,4,1,0,1632.4624999999942,1,0,5,0.0
8043,15785352,Chang,515.5,France,Male,26.0,6,82373.94,1,0,0,1632.4624999999942,1,0,1,50.45992786970622
8044,15616525,Sopuluchi,515.5,Spain,Male,26.0,4,141356.47,1,0,0,1632.4624999999942,0,0,1,86.59094466182256
8046,15795737,McNaughtan,515.5,Spain,Female,26.0,3,72664.0,2,1,1,1632.4624999999942,0,0,4,44.5118953727882
8047,15693877,Stewart,515.5,France,Female,26.0,3,123365.34,2,0,0,1632.4624999999942,0,0,2,75.57009119658211
8048,15576111,Reagan,515.5,Germany,Male,26.0,5,121898.58,1,1,0,1632.4624999999942,0,0,2,74.67159582532551
8049,15595713,Heller,515.5,Spain,Male,26.0,6,0.0,1,1,1,1632.4624999999942,0,0,3,0.0
8050,15808868,Nwokeocha,515.5,France,Female,26.0,3,103696.97,3,0,0,1632.4624999999942,1,0,3,63.521808311064035
8051,15708193,Liu,515.5,France,Male,26.0,2,0.0,2,0,0,1632.4624999999942,0,1,2,0.0
8052,15697801,Sokolova,515.5,Germany,Female,26.0,1,74129.18,2,1,1,1632.4624999999942,1,0,4,45.409422881077056
8053,15770121,Bancroft,515.5,France,Female,26.0,9,0.0,1,1,0,1632.4624999999942,0,0,2,0.0
8054,15800524,Nnanna,515.5,Germany,Male,26.0,3,185379.02,1,1,0,1632.4624999999942,0,0,2,113.55790408661801
8055,15686236,Trevisani,515.5,Germany,Female,26.0,1,118087.68,1,1,0,1632.4624999999942,1,0,2,72.3371471013885
8056,15659807,Nwachinemelu,515.5,Spain,Male,26.0,8,109402.13,1,1,1,1632.4624999999942,0,0,3,67.01662672190044
8057,15736078,Ting,515.5,Germany,Female,26.0,7,130367.87,1,1,0,1632.4624999999942,1,0,2,79.85964149253074
8058,15620836,Lo Duca,515.5,Germany,Female,26.0,2,108410.87,2,1,0,1632.4624999999942,0,0,3,66.40940909821842
8059,15698184,Marshall,484.0,France,Female,26.0,2,90408.16,2,0,0,1632.4624999999942,0,0,2,55.381462055024436
8060,15717643,Band,515.5,France,Female,26.0,6,90425.15,2,1,1,1632.4624999999942,0,0,4,55.391869644785295
8061,15776596,Ferri,515.5,Spain,Female,26.0,6,140094.59,1,1,0,1632.4624999999942,1,0,2,85.81795293919492
8062,15814757,Carter,477.0,Spain,Male,26.0,9,0.0,2,0,1,1632.4624999999942,0,1,3,0.0
8063,15812607,Wilson,515.5,Germany,Female,26.0,6,95439.4,1,1,1,1632.4624999999942,1,0,3,58.463456281538065
8064,15663888,Connor,515.5,Germany,Male,26.0,6,204017.4,2,1,0,1632.4624999999942,0,0,3,124.9752444543141
8065,15748882,Reid,515.5,Spain,Male,26.0,9,0.0,2,1,0,1632.4624999999942,0,1,3,0.0
8066,15690829,Sandefur,430.0,Germany,Male,26.0,3,137115.16,1,1,0,1632.4624999999942,1,0,2,83.9928390391819
8067,15695819,Bidwill,504.0,Germany,Male,26.0,5,134740.19,2,1,0,1632.4624999999942,0,0,3,82.5380001072003
8068,15696834,Cone,515.5,France,Female,26.0,5,0.0,2,0,0,1632.4624999999942,0,1,2,0.0
8069,15797710,Saunders,515.5,Germany,Male,26.0,4,98955.87,1,0,1,1632.4624999999942,0,0,2,60.61754557914828
8070,15700654,Liardet,515.5,Germany,Male,26.0,9,49157.09,2,1,0,1632.4624999999942,0,0,3,30.112232287112366
8071,15583764,Wilkes,515.5,Germany,Male,26.0,1,130240.33,1,0,0,1632.4624999999942,0,0,1,79.7815141236019
8072,15688849,Martin,515.5,France,Male,26.0,1,108019.27,3,1,1,1632.4624999999942,1,0,5,66.16952609937465
8073,15661473,Boni,515.5,Germany,Male,26.0,4,126725.25,1,1,0,1632.4624999999942,1,0,2,77.62827630037471
8074,15601030,Patel,515.5,Germany,Female,26.0,5,96693.66,1,1,1,1632.4624999999942,0,0,3,59.231780209346525
8075,15789557,Howell-Price,515.5,Germany,Female,26.0,7,129810.6,1,1,1,1632.4624999999942,0,0,3,79.5182737735173
8076,15745250,Simpson,515.5,France,Male,26.0,8,156652.13,1,0,0,1632.4624999999942,1,0,1,95.96063002978663
8077,15590349,Rowland,515.5,France,Female,26.0,9,0.0,1,0,0,1632.4624999999942,1,0,1,0.0
8078,15741693,Barnard,515.5,France,Male,26.0,4,130661.96,1,1,1,1632.4624999999942,0,0,3,80.03979264454802
8079,15618446,Nnonso,515.5,France,Female,26.0,8,0.0,2,1,1,1632.4624999999942,0,0,4,0.0
8080,15766552,Rossi,515.5,France,Male,26.0,6,0.0,2,0,0,1632.4624999999942,0,1,2,0.0
8081,15668775,Pendred,515.5,France,Male,26.0,3,130747.1,1,1,0,1632.4624999999942,0,0,2,80.09194698193708
8082,15757895,Martin,515.5,Germany,Male,26.0,6,106629.49,1,0,1,1632.4624999999942,0,0,2,65.31818648207869
8083,15774551,K?,515.5,Spain,Male,26.0,3,112029.83,1,1,1,1632.4624999999942,0,0,3,68.62628084871805
8084,15684011,Miller,515.5,Germany,Male,26.0,7,130575.26,1,0,1,1632.4624999999942,0,0,2,79.98668269562116
8085,15736146,Afamefula,515.5,Germany,Male,26.0,4,96679.71,1,1,1,1632.4624999999942,0,0,3,59.22323483694134
8086,15656286,Sims,515.5,France,Male,26.0,0,0.0,2,0,0,1632.4624999999942,0,1,2,0.0
8087,15774847,Knight,515.5,France,Male,26.0,6,171740.69,1,0,0,1632.4624999999942,0,0,1,105.20345184039488
8088,15619340,Obijiaku,515.5,Spain,Male,26.0,1,0.0,2,1,0,1632.4624999999942,0,0,3,0.0
8089,15815656,Hopkins,515.5,Germany,Female,26.0,9,100116.67,1,1,1,1632.4624999999942,1,0,3,61.32861857469948
8090,15623357,Onio,515.5,Germany,Male,24.0,2,120596.93,1,0,1,1632.4624999999942,0,0,2,73.87424213419936
8091,15601324,Black,515.5,France,Female,26.0,1,0.0,2,1,1,1632.4624999999942,0,0,4,0.0
8092,15715510,Eluemuno,515.5,France,Male,26.0,2,95984.69,2,1,1,1632.4624999999942,0,0,4,58.79748539399854
8093,15663770,Doyle,515.5,France,Male,26.0,1,142557.11,1,1,1,1632.4624999999942,0,0,3,87.32642250587716
8094,15779267,Onyemere,515.5,France,Male,26.0,5,0.0,2,1,0,1632.4624999999942,0,0,3,0.0
8095,15597957,Rahman,515.5,Spain,Male,26.0,2,0.0,2,0,1,1632.4624999999942,0,1,3,0.0
8096,15584620,Su,515.5,Germany,Female,26.0,6,143644.16,1,1,0,1632.4624999999942,1,0,2,87.99231835340812
8097,15750772,Walker,515.5,France,Female,26.0,6,132129.72,1,0,1,1632.4624999999942,0,0,2,80.93890058730321
8098,15706557,Ferguson,515.5,France,Female,26.0,0,0.0,2,1,0,1632.4624999999942,1,0,3,0.0
8099,15594391,Samaniego,515.5,France,Female,26.0,2,183555.24,1,0,0,1632.4624999999942,1,0,1,112.4407084389385
8100,15661656,Onwumelu,515.5,France,Male,26.0,2,91902.56,2,1,1,1632.4624999999942,0,0,4,56.29688890250179
8101,15631217,Young,515.5,France,Male,26.0,6,156218.19,1,0,1,1632.4624999999942,0,0,2,95.694810753693
8102,15588955,Mazzi,515.5,Germany,Female,26.0,5,93259.57,3,1,0,1632.4624999999942,1,0,4,57.1281545517893
8103,15758252,Toscano,515.5,Germany,Female,26.0,2,168085.38,2,0,1,1632.4624999999942,0,0,3,102.96431311592187
8104,15740223,Walton,479.0,Germany,Male,26.0,1,107714.74,3,1,0,1632.4624999999942,1,0,4,65.98297970091221
8105,15805413,Chiang,515.5,France,Female,26.0,6,117852.26,2,1,0,1632.4624999999942,0,0,3,72.19293551919289
8106,15635116,Burgos,515.5,Spain,Male,26.0,2,0.0,1,1,0,1632.4624999999942,1,1,2,0.0
8107,15764892,Spinelli,515.5,Spain,Female,26.0,10,84474.62,2,1,1,1632.4624999999942,0,0,4,51.74674456534242
8108,15795936,Lung,515.5,France,Male,26.0,3,0.0,2,1,0,1632.4624999999942,0,0,3,0.0
8109,15655232,Noble,437.0,Germany,Male,26.0,6,126803.34,2,1,1,1632.4624999999942,0,0,4,77.6761120086988
8110,15640133,Pai,515.5,France,Female,26.0,0,0.0,2,1,0,1632.4624999999942,0,1,3,0.0
8111,15751524,Chigozie,515.5,Germany,Female,26.0,10,68806.84,1,1,0,1632.4624999999942,0,0,2,42.1491090913269
8112,15670552,Peavy,515.5,France,Female,26.0,3,115141.18,1,1,0,1632.4624999999942,0,0,2,70.5322051808237
8113,15623966,Yermakov,515.5,France,Female,26.0,2,0.0,2,0,1,1632.4624999999942,0,0,3,0.0
8114,15752193,Burton,421.0,Spain,Male,26.0,6,90723.36,1,1,1,1632.4624999999942,0,0,3,55.57454459137672
8115,15607269,Costa,492.0,Germany,Female,26.0,2,151249.45,2,1,1,1632.4624999999942,0,0,4,92.65110224584059
8116,15700752,Pugliesi,515.5,France,Female,26.0,6,0.0,2,1,1,1632.4624999999942,0,0,4,0.0
8117,15777901,Lindell,515.5,Germany,Female,26.0,9,94752.49,1,1,0,1632.4624999999942,1,0,2,58.04267479344876
8118,15639117,Sorenson,515.5,Spain,Female,26.0,6,0.0,1,1,0,582.59,1,0,2,0.0
8119,15720203,Arcuri,515.5,Spain,Male,26.0,7,0.0,1,1,0,1632.4624999999942,0,1,2,0.0
8120,15586236,Banks,515.5,France,Male,26.0,5,132084.66,3,1,1,1632.4624999999942,1,0,5,80.91129811557722
8121,15676645,Parry,515.5,France,Male,26.0,5,0.0,2,1,1,1632.4624999999942,0,1,4,0.0
8122,15715988,Cockett,515.5,France,Male,26.0,2,0.0,2,1,1,1632.4624999999942,0,0,4,0.0
8123,15603749,Galkina,515.5,France,Female,26.0,2,45472.28,1,1,1,1632.4624999999942,1,0,3,27.855022703431263
8124,15608956,Su,515.5,France,Male,26.0,1,0.0,1,0,0,1632.4624999999942,0,0,1,0.0
8125,15733872,Marino,515.5,Germany,Female,26.0,10,130229.71,2,0,0,1632.4624999999942,1,0,2,79.77500861428699
8126,15666982,Spears,515.5,Germany,Female,26.0,9,123948.85,1,1,0,1632.4624999999942,0,0,2,75.9275327917183
8127,15602647,Cunningham,515.5,Germany,Male,26.0,6,127415.85,1,1,1,1632.4624999999942,1,0,3,78.0513181772938
8128,15623063,Taylor,515.5,Germany,Male,26.0,8,110067.71,1,1,0,1632.4624999999942,1,0,2,67.42434205992505
8129,15682928,Chiazagomekpere,515.5,Spain,Male,26.0,4,65521.2,1,1,1,1243.97,0,0,3,52.671045121666914
8130,15729246,Hardacre,515.5,Spain,Male,26.0,5,0.0,2,1,1,1632.4624999999942,0,0,4,0.0
8131,15588928,Maslow,515.5,France,Male,26.0,5,0.0,2,1,1,1632.4624999999942,0,1,4,0.0
8132,15803352,Scott,515.5,Germany,Male,26.0,3,155736.42,2,1,1,1632.4624999999942,0,0,4,95.3996921828223
8133,15607485,Wakelin,515.5,Spain,Female,26.0,4,0.0,2,0,0,1632.4624999999942,0,1,2,0.0
8134,15656249,Esposito,515.5,France,Female,26.0,3,118307.57,2,1,1,1632.4624999999942,0,0,4,72.47184544821117
8135,15761783,Shah,515.5,France,Male,26.0,6,0.0,1,1,1,1632.4624999999942,0,1,3,0.0
8137,15757425,Fleming,515.5,France,Female,26.0,1,0.0,2,1,1,1632.4624999999942,0,0,4,0.0
8138,15603096,Lori,410.0,France,Male,26.0,6,125789.69,1,0,0,1632.4624999999942,1,0,1,77.05517890916359
8139,15588580,Kennedy,515.5,Germany,Female,26.0,4,109646.83,1,1,1,1632.4624999999942,0,0,3,67.16652296760286
8140,15770539,Walters,515.5,France,Male,26.0,1,127187.86,1,1,1,1632.4624999999942,0,0,3,77.91165800133263
8141,15572022,Han,515.5,France,Female,26.0,6,0.0,1,0,1,690.84,0,0,2,0.0
8142,15571843,Lawrence,486.0,Spain,Male,24.0,1,0.0,1,1,0,1632.4624999999942,0,0,2,0.0
8143,15752502,Cooke,515.5,France,Male,26.0,4,130385.82,1,0,1,1632.4624999999942,0,0,2,79.87063715093025
8144,15609058,Wan,515.5,France,Male,23.0,1,107787.47,1,0,1,1632.4624999999942,0,0,2,66.0275320260039
8145,15775108,Lo Duca,515.5,France,Male,26.0,1,99325.04,2,0,1,1632.4624999999942,0,0,3,60.84368859927891
8146,15708904,Yermakova,515.5,France,Female,26.0,9,0.0,1,0,0,1632.4624999999942,0,1,1,0.0
8147,15600086,Combs,515.5,France,Male,26.0,7,123764.95,1,1,1,1632.4624999999942,0,0,3,75.81488089312951
8148,15814675,Chien,515.5,Germany,Female,26.0,8,128264.03,1,1,0,1632.4624999999942,1,0,2,78.57088907095903
8149,15572777,Meng,515.5,Spain,Male,26.0,7,86006.21,1,1,1,1632.4624999999942,0,0,3,52.68495294685196
8150,15585106,Calabresi,492.0,Germany,Female,26.0,8,57068.43,2,1,0,1632.4624999999942,0,0,3,34.95849368668512
8151,15738936,Stevenson,515.5,Germany,Male,26.0,5,103607.24,2,0,1,1632.4624999999942,0,0,3,63.46684227049649
8152,15750970,Davidson,500.0,Spain,Male,26.0,1,99004.24,1,1,1,1632.4624999999942,0,0,3,60.64717566253458
8153,15725772,Ch'in,515.5,Spain,Female,26.0,2,0.0,2,1,1,1632.4624999999942,0,1,4,0.0
8154,15692106,Rose,515.5,Spain,Female,25.0,3,147386.72,3,1,0,1632.4624999999942,1,0,4,90.2849039411322
8155,15791533,Ch'ien,380.5,Spain,Male,26.0,6,93608.28,1,1,0,1632.4624999999942,1,0,2,57.341764359058985
8156,15715715,Artyomova,515.5,Spain,Male,26.0,2,0.0,2,1,1,1632.4624999999942,0,0,4,0.0
8157,15785576,Mayrhofer,434.0,Germany,Male,26.0,9,119496.87,1,1,0,1632.4624999999942,0,0,2,73.20037673147189
8158,15798834,Yefremov,515.5,Spain,Female,26.0,7,0.0,1,0,0,1632.4624999999942,0,0,1,0.0
8159,15744127,Kosovich,515.5,France,Female,26.0,2,0.0,2,1,0,1632.4624999999942,0,0,3,0.0
8160,15637427,Lu,461.0,Spain,Female,25.0,6,0.0,2,1,1,1632.4624999999942,0,0,4,0.0
8161,15576990,Taplin,515.5,Germany,Female,25.0,5,152885.77,1,1,0,1632.4624999999942,0,0,2,93.65346524039636
8162,15615352,Ebelechukwu,515.5,France,Male,26.0,4,99607.37,2,0,1,1632.4624999999942,0,0,3,61.01663591047289
8163,15647333,Fleming,515.5,France,Male,26.0,4,137003.68,1,1,0,1632.4624999999942,0,0,2,83.92454956852025
8164,15572050,Yefimov,515.5,Germany,Male,26.0,3,122831.58,1,1,1,1632.4624999999942,1,0,3,75.24312503350028
8165,15581370,Andreyeva,515.5,Spain,Male,26.0,2,99811.44,2,1,0,1632.4624999999942,0,0,3,61.141643376188036
8166,15813503,Pickering,515.5,Spain,Male,26.0,8,154712.58,2,1,0,1632.4624999999942,0,0,3,94.77251697971656
8167,15769783,Allan,515.5,Spain,Male,26.0,8,0.0,1,1,1,807.06,0,0,3,0.0
8169,15599182,Reynolds,515.5,Spain,Female,26.0,2,0.0,2,1,1,1632.4624999999942,0,0,4,0.0
8170,15689517,Hales,515.5,France,Male,26.0,3,127009.83,1,1,0,1632.4624999999942,0,0,2,77.8026018974405
8171,15641366,Y?an,515.5,Germany,Male,26.0,1,124737.96,1,0,1,1632.4624999999942,1,0,2,76.41091908696245
8172,15588859,Rowley,496.0,Spain,Female,26.0,0,179356.28,2,1,0,1632.4624999999942,1,0,3,109.8685452192627
8173,15732293,Chia,515.5,Spain,Male,26.0,8,0.0,2,1,1,1632.4624999999942,0,0,4,0.0
8174,15568032,Moore,515.5,Germany,Male,26.0,1,127320.36,3,1,0,1632.4624999999942,0,0,4,77.99282372489442
8175,15623525,Copeland,515.5,Spain,Male,26.0,0,125175.58,1,1,1,1632.4624999999942,0,0,3,76.67899262617087
8177,15800811,Wan,515.5,France,Male,26.0,3,148556.74,1,0,1,1632.4624999999942,0,0,2,91.0016248459003
8178,15610711,Eluemuno,515.5,Germany,Female,26.0,8,128644.46,1,0,0,1632.4624999999942,0,0,1,78.80392964616367
8179,15809654,Hsia,515.5,France,Female,26.0,7,127476.73,2,1,1,1632.4624999999942,0,0,4,78.08861153012731
8180,15576077,Kelly,515.5,France,Female,26.0,9,159561.93,1,0,1,1632.4624999999942,0,0,2,97.74309057635355
8181,15643378,Muir,515.5,France,Male,26.0,1,112419.92,1,1,1,1632.4624999999942,0,0,3,68.86523886459898
8182,15566790,McIntyre,515.5,France,Male,26.0,8,129991.76,2,0,1,1632.4624999999942,0,0,3,79.62924722619996
8183,15774402,Donaldson,515.5,Spain,Male,26.0,5,0.0,1,0,1,1632.4624999999942,0,1,2,0.0
8184,15694641,Wright,515.5,Spain,Female,26.0,2,0.0,2,1,1,1632.4624999999942,0,1,4,0.0
8185,15605916,Uvarova,515.5,France,Female,26.0,3,0.0,1,1,0,1632.4624999999942,1,1,2,0.0
8186,15812356,Doherty,515.5,Germany,Female,26.0,6,89175.06,2,0,1,1632.4624999999942,0,0,3,54.62610014012592
8187,15644179,Allen,515.5,France,Female,26.0,3,0.0,2,1,0,1632.4624999999942,1,0,3,0.0
8188,15771674,Ma,515.5,Spain,Female,26.0,5,162390.52,2,1,0,1632.4624999999942,0,0,3,99.47580419152082
8189,15623314,Tucker,506.0,Germany,Female,26.0,3,190353.08,1,1,0,1632.4624999999942,0,0,2,116.60487147484287
8191,15813871,Hs?,515.5,France,Male,26.0,2,0.0,2,1,0,1632.4624999999942,0,1,3,0.0
8192,15759480,H?,515.5,France,Female,26.0,10,139180.97,1,1,1,1632.4624999999942,0,0,3,85.25829536666264
8193,15587712,Chimaijem,515.5,France,Male,26.0,8,114435.47,1,1,0,1632.4624999999942,0,0,2,70.09990734856109
8194,15671165,Esomchi,515.5,France,Female,26.0,5,149950.19,1,1,1,1632.4624999999942,0,0,3,91.85521260059606
8195,15620746,Lorenzo,515.5,France,Male,26.0,4,126115.6,1,1,0,1632.4624999999942,0,0,2,77.25482208626566
8196,15706537,Pirogov,515.5,Germany,Female,26.0,7,111396.97,1,0,1,1632.4624999999942,0,0,2,68.23860885012697
8197,15589312,Larkin,515.5,France,Male,26.0,3,115007.08,1,0,0,1632.4624999999942,0,0,1,70.45005934286418
8198,15741180,Eddy,515.5,France,Male,26.0,6,102141.9,1,1,1,1632.4624999999942,0,0,3,62.56921675076785
8199,15733888,Sells,515.5,Spain,Female,26.0,3,133686.52,1,1,0,1632.4624999999942,1,0,2,81.89255189629193
8200,15798532,Crawford,515.5,France,Male,26.0,9,120879.73,2,0,1,1632.4624999999942,0,0,3,74.04747735399768
8201,15577359,Bezrukov,515.5,Spain,Male,26.0,5,0.0,1,1,0,1632.4624999999942,1,1,2,0.0
8202,15614936,Mancini,515.5,Spain,Female,26.0,10,82321.88,1,0,1,1632.4624999999942,0,0,2,50.42803739749017
8203,15747647,Iadanza,515.5,Spain,Female,26.0,4,0.0,2,1,0,1632.4624999999942,0,1,3,0.0
8204,15588566,Wilkinson,515.5,Spain,Male,26.0,5,116474.28,2,1,1,1632.4624999999942,0,0,4,71.34882424558016
8205,15570141,P'eng,515.5,France,Female,26.0,3,132352.69,1,1,0,1632.4624999999942,0,0,2,81.0754856543415
8206,15800793,St Clair,477.0,Germany,Female,26.0,4,182491.57,1,1,0,1632.4624999999942,0,0,2,111.78913451304435
8207,15572415,Preston,515.5,France,Male,26.0,6,0.0,2,1,1,1632.4624999999942,0,1,4,0.0
8208,15635125,Findlay,515.5,Spain,Male,26.0,2,120787.18,2,1,1,1632.4624999999942,0,0,4,73.99078386180413
8209,15636551,Nixon,515.5,France,Female,26.0,3,130181.47,2,1,0,1632.4624999999942,0,0,3,79.7454581651955
8210,15600912,Gorshkov,515.5,Germany,Male,26.0,5,88348.43,2,1,1,1632.4624999999942,0,0,4,54.11973016225507
8211,15768476,Chukwubuikem,515.5,Spain,Male,26.0,6,0.0,2,1,1,1632.4624999999942,0,0,4,0.0
8212,15650266,Medvedeva,515.5,Germany,Male,26.0,2,146186.28,2,1,1,1632.4624999999942,0,0,4,89.5495486113773
8213,15621004,Chukwuhaenye,515.5,France,Male,26.0,7,0.0,1,1,0,1632.4624999999942,1,1,2,0.0
8214,15748352,Endrizzi,515.5,Spain,Male,26.0,0,104488.17,1,0,1,1632.4624999999942,0,0,2,64.00647488074021
8215,15788920,Ch'ang,515.5,Germany,Female,26.0,4,109196.67,2,1,0,1632.4624999999942,0,0,3,66.89076778180227
8216,15743236,Piccio,515.5,France,Female,26.0,7,80538.56,1,1,0,1632.4624999999942,1,0,2,49.33562639264319
8217,15637717,Lockington,515.5,Germany,Male,26.0,4,109026.8,2,1,1,1632.4624999999942,0,0,4,66.78671026133856
8218,15635500,Seleznyov,515.5,Germany,Male,26.0,2,61319.63,1,0,1,1632.4624999999942,0,0,2,37.56265764144672
8219,15634792,Weston,515.5,France,Female,26.0,9,0.0,2,0,1,1632.4624999999942,0,0,3,0.0
8220,15607560,Groom,515.5,France,Female,26.0,2,0.0,2,1,1,555.28,0,0,4,0.0
8221,15727177,Manfrin,515.5,France,Male,26.0,6,177822.03,1,1,0,1632.4624999999942,1,0,2,108.92870739756695
8222,15774358,Robertson,443.0,Germany,Male,26.0,4,110939.3,1,1,0,1632.4624999999942,1,0,2,67.95825325237205
8223,15791304,Ch'ang,515.5,Germany,Male,25.0,7,165413.43,1,1,1,1632.4624999999942,0,0,3,101.32755270029209
8224,15603328,Lucchesi,483.0,France,Male,26.0,1,77805.66,1,1,1,1632.4624999999942,0,0,3,47.661529744175
8225,15804937,Cambage,515.5,France,Male,26.0,3,0.0,2,0,0,1632.4624999999942,0,0,2,0.0
8226,15804142,Tan,515.5,Spain,Female,26.0,3,175575.95,2,1,0,1632.4624999999942,1,0,3,107.55282280603728
8227,15608845,Tao,515.5,Spain,Female,26.0,3,124197.22,1,1,0,1632.4624999999942,0,0,2,76.07967717482052
8228,15702434,Hsieh,515.5,France,Female,26.0,3,0.0,2,1,0,1632.4624999999942,0,1,3,0.0
8229,15632609,Burdekin,515.5,France,Female,26.0,10,160132.75,1,1,0,1632.4624999999942,0,0,2,98.09275863917277
8230,15603550,Longo,515.5,Germany,Female,26.0,7,70258.88,2,1,0,1632.4624999999942,0,0,3,43.03858741012443
8231,15755239,Maughan,515.5,Germany,Male,26.0,4,162657.64,2,1,1,1632.4624999999942,0,0,4,99.63943429022143
8232,15670528,Franz,515.5,Germany,Male,26.0,0,132217.45,1,1,0,1632.4624999999942,1,0,2,80.9926414848736
8234,15589019,Morant,515.5,Spain,Female,26.0,4,92855.02,1,1,1,1632.4624999999942,0,0,3,56.88033875203892
8235,15677796,Becher,515.5,Germany,Male,26.0,9,129289.98,1,1,0,1632.4624999999942,1,0,2,79.19935679992678
8236,15760177,Lombardi,515.5,Spain,Male,26.0,9,100252.18,1,1,1,1632.4624999999942,0,0,3,61.411628138472004
8237,15636595,Loton,515.5,Spain,Male,26.0,3,107592.89,2,0,1,1632.4624999999942,0,0,3,65.90833786381027
8238,15737275,Conti,515.5,France,Male,26.0,3,113096.41,1,1,1,1632.4624999999942,0,0,3,69.2796373576731
8239,15672905,Sani,515.5,Spain,Female,26.0,7,0.0,2,1,1,1632.4624999999942,0,1,4,0.0
8240,15753955,Lori,515.5,Spain,Male,26.0,7,149940.04,2,0,0,1632.4624999999942,0,0,2,91.84899499988548
8241,15708504,Wong,515.5,Germany,Male,26.0,8,121438.58,1,1,1,1632.4624999999942,1,0,3,74.38981293597888
8242,15592451,Lombardi,515.5,France,Male,26.0,9,0.0,2,1,0,1632.4624999999942,0,0,3,0.0
8243,15790455,Obialo,478.0,France,Female,26.0,2,0.0,1,0,1,1632.4624999999942,1,0,2,0.0
8244,15572174,Mazzi,515.5,France,Male,26.0,3,148874.01,2,0,1,1632.4624999999942,0,0,3,91.19597540525466
8245,15656330,Von Doussa,515.5,Spain,Female,26.0,0,68138.37,1,1,1,1632.4624999999942,0,0,3,41.739623421671396
8246,15569626,Miller,515.5,Spain,Male,26.0,5,110080.3,1,1,1,1632.4624999999942,0,0,3,67.43205433509216
8248,15637366,Su,505.0,Germany,Female,25.0,5,114268.85,2,1,1,1632.4624999999942,0,0,4,69.99784068546776
8249,15778049,Wyatt,515.5,Germany,Male,26.0,6,117412.35,1,0,0,1632.4624999999942,0,0,1,71.92345919125273
8250,15727421,Anayolisa,515.5,France,Female,26.0,6,0.0,2,1,1,1632.4624999999942,0,0,4,0.0
8251,15688865,Wade,515.5,France,Female,26.0,9,0.0,2,0,0,1632.4624999999942,0,0,2,0.0
8252,15751032,Enemuo,515.5,Germany,Female,26.0,1,35549.81,2,0,0,1632.4624999999942,0,0,2,21.77680038592012
8253,15734737,Bruno,515.5,France,Male,26.0,9,0.0,2,1,1,1632.4624999999942,0,1,4,0.0
8254,15746515,Greece,515.5,France,Male,26.0,7,136492.92,3,1,1,1632.4624999999942,1,0,5,83.61167254990573
8255,15664311,Yang,515.5,Germany,Male,26.0,3,123675.69,1,1,1,1632.4624999999942,0,0,3,75.7602027611663
8256,15708139,Brown,515.5,France,Female,26.0,1,139532.34,1,1,0,1632.4624999999942,0,0,2,85.47353461411855
8257,15768574,Anderson,515.5,Spain,Male,26.0,1,178713.98,1,1,1,1632.4624999999942,0,0,3,109.47509054572502
8258,15738018,Johnston,515.5,France,Male,26.0,5,0.0,2,0,0,1632.4624999999942,0,0,2,0.0
8259,15699753,Zakharov,515.5,France,Male,26.0,1,89086.31,1,1,0,1632.4624999999942,0,0,2,54.571734419626985
8260,15703199,Golibe,515.5,Spain,Male,26.0,3,96143.47,1,0,0,1632.4624999999942,0,0,1,58.894749496543014
8261,15627830,Nikitina,515.5,Germany,Female,26.0,5,32197.64,1,0,1,1632.4624999999942,0,0,2,19.72335658552654
8262,15570855,Leonard,515.5,France,Male,26.0,7,0.0,2,1,1,1632.4624999999942,0,0,4,0.0
8263,15772503,Burns,515.5,France,Female,26.0,4,0.0,2,1,0,1632.4624999999942,0,1,3,0.0
8264,15584453,Burtch,515.5,Spain,Male,26.0,10,0.0,2,0,1,1632.4624999999942,0,1,3,0.0
8265,15710111,Clark,515.5,France,Male,26.0,6,0.0,2,0,0,1632.4624999999942,0,0,2,0.0
8266,15618562,Woodward,515.5,Germany,Female,26.0,0,140306.38,1,1,0,1632.4624999999942,1,0,2,85.9476894568791
8267,15706764,Spencer,515.5,France,Female,26.0,1,0.0,2,1,0,1632.4624999999942,0,0,3,0.0
8268,15798737,Chao,515.5,France,Male,26.0,8,0.0,2,1,0,1632.4624999999942,0,0,3,0.0
8269,15712608,Costa,515.5,Germany,Female,26.0,2,74483.97,2,0,1,1632.4624999999942,0,0,3,45.62675712305812
8270,15636736,McLachlan,515.5,France,Female,26.0,7,0.0,2,0,1,1632.4624999999942,1,1,3,0.0
8271,15703544,Hung,515.5,Spain,Male,26.0,0,0.0,1,1,0,1632.4624999999942,0,1,2,0.0
8272,15815645,Akhtar,481.0,France,Male,26.0,8,152303.66,2,1,1,1632.4624999999942,0,0,4,93.2968812453582
8273,15705739,Toscani,515.5,Germany,Male,26.0,5,159904.79,1,1,0,1632.4624999999942,0,0,2,97.95311684035657
8274,15709643,Gray,515.5,France,Male,26.0,1,0.0,3,1,0,1632.4624999999942,0,0,4,0.0
8275,15669805,Warren,515.5,Germany,Female,26.0,1,99557.94,1,1,0,1632.4624999999942,0,0,2,60.986356501298104
8276,15737489,Ramsden,515.5,Spain,Female,26.0,5,116886.59,1,0,0,1632.4624999999942,0,0,1,71.60139360015953
8277,15775131,Bartlett,515.5,Spain,Male,26.0,9,142188.2,2,0,1,1632.4624999999942,0,0,3,87.10043875433618
8278,15765283,Wenz,515.5,Germany,Female,26.0,3,149961.99,2,1,0,1632.4624999999942,0,0,3,91.86244094427929
8279,15628715,Kisch,515.5,France,Female,26.0,8,0.0,2,1,1,1632.4624999999942,0,0,4,0.0
8280,15813283,Mai,515.5,France,Female,26.0,2,0.0,1,0,0,1632.4624999999942,0,0,1,0.0
8281,15745716,McGregor,515.5,Spain,Male,26.0,7,0.0,2,0,1,1632.4624999999942,0,1,3,0.0
8282,15598485,Pinto,515.5,Spain,Male,26.0,8,28649.64,1,1,1,1632.4624999999942,0,0,3,17.54995290856611
8284,15754569,Pagnotto,515.5,France,Male,26.0,1,0.0,2,1,1,1632.4624999999942,0,0,4,0.0
8285,15701741,Williams,515.5,France,Female,26.0,3,152462.79,1,1,0,1632.4624999999942,0,0,2,93.39435974792717
8287,15636069,Plummer,515.5,Spain,Male,26.0,7,155519.59,1,1,0,1632.4624999999942,0,0,2,95.26686830478529
8288,15682467,Chimezie,515.5,France,Female,26.0,1,118851.05,1,1,1,1632.4624999999942,0,0,3,72.80476580625921
8289,15790744,Nash,515.5,France,Female,26.0,9,92899.27,2,1,0,1632.4624999999942,0,0,3,56.907445040851066
8290,15625023,Onochie,515.5,France,Male,26.0,4,0.0,1,0,1,1632.4624999999942,0,1,2,0.0
8291,15731267,Rizzo,515.5,France,Male,26.0,4,75263.7,1,1,0,1632.4624999999942,0,0,2,46.10439749764559
8292,15742879,Boni,515.5,Spain,Male,26.0,1,147904.31,1,1,1,1632.4624999999942,0,0,3,90.60196482308201
8293,15757015,Davies,515.5,Germany,Female,26.0,5,106640.5,1,1,0,1632.4624999999942,0,0,2,65.32493089427805
8294,15770711,Lu,515.5,Germany,Female,26.0,4,90696.78,1,0,1,1632.4624999999942,0,0,2,55.558262440944475
8295,15569430,Burrows,515.5,Spain,Female,26.0,2,175509.8,2,1,0,1632.4624999999942,0,0,3,107.51230120140623
8296,15617304,Ershova,515.5,France,Male,26.0,6,0.0,2,1,1,1632.4624999999942,0,1,4,0.0
8297,15704466,Udokamma,515.5,France,Female,26.0,7,0.0,2,1,0,1632.4624999999942,0,1,3,0.0
8298,15664681,Aitken,515.5,France,Female,26.0,2,114321.28,2,0,0,1632.4624999999942,0,0,2,70.02995780913828
8299,15605534,Turnbull,515.5,Germany,Female,26.0,4,95560.04,1,0,0,1632.4624999999942,1,0,1,58.53735690712671
8300,15792473,Reilly,515.5,Germany,Female,26.0,5,88379.81,3,0,1,1632.4624999999942,1,0,4,54.138952655880495
8301,15802625,Hardy,515.5,Germany,Male,26.0,7,85915.52,1,1,1,1632.4624999999942,0,0,3,52.62939883764577
8302,15766017,Brookman,515.5,Germany,Male,26.0,3,72309.3,1,1,1,1632.4624999999942,1,0,3,44.294616262242016
8303,15762172,Kerr,515.5,France,Female,26.0,2,0.0,2,1,0,1632.4624999999942,0,1,3,0.0
8304,15728333,McBurney,515.5,France,Male,26.0,8,0.0,1,1,1,1632.4624999999942,0,0,3,0.0
8305,15792868,Mickey,515.5,France,Male,26.0,1,0.0,2,1,0,1632.4624999999942,0,1,3,0.0
8306,15605698,Harrison,515.5,France,Male,26.0,3,0.0,3,1,1,1632.4624999999942,1,0,5,0.0
8307,15777060,Olszewski,515.5,France,Female,26.0,4,0.0,1,1,0,1632.4624999999942,1,0,2,0.0
8308,15626243,Chijioke,515.5,France,Male,26.0,3,133844.22,1,1,1,1632.4624999999942,0,0,3,81.98915442161794
8309,15719898,Young,515.5,France,Male,26.0,7,154872.08,2,1,1,1632.4624999999942,0,0,4,94.87022213374
8310,15599976,Bellasis,515.5,France,Female,26.0,9,0.0,2,1,0,1632.4624999999942,0,1,3,0.0
8311,15752809,De Mestre,515.5,Spain,Male,26.0,6,116121.67,1,1,0,1632.4624999999942,0,0,2,71.13282540946601
8312,15589698,De Luca,515.5,Germany,Male,26.0,6,107104.5,1,1,1,1632.4624999999942,1,0,3,65.60916406961898
8313,15609977,Mundy,515.5,France,Male,26.0,6,71026.77,1,1,0,1632.4624999999942,0,0,2,43.50897493816872
8314,15750121,Tung,515.5,France,Male,26.0,3,0.0,1,1,0,1632.4624999999942,0,0,2,0.0
8315,15734177,Donahue,515.5,France,Male,26.0,4,0.0,2,1,1,1632.4624999999942,0,1,4,0.0
8316,15781347,Okagbue,515.5,France,Female,26.0,1,0.0,2,1,1,1632.4624999999942,0,0,4,0.0
8317,15592025,Nnaemeka,515.5,France,Male,26.0,7,0.0,2,1,1,1632.4624999999942,0,1,4,0.0
8318,15670163,Verjus,515.5,France,Female,26.0,4,0.0,2,0,0,1632.4624999999942,0,0,2,0.0
8319,15765402,H?,515.5,France,Female,26.0,6,145644.05,1,0,0,1632.4624999999942,0,0,1,89.21739396770248
8320,15624343,Napolitani,515.5,Spain,Female,26.0,7,129667.77,1,0,0,1632.4624999999942,0,0,1,79.43078018637516
8321,15602354,Ginikanwa,515.5,Germany,Male,26.0,3,109341.87,1,1,0,1632.4624999999942,0,0,2,66.97971316339603
8322,15579183,Spaull,515.5,France,Male,26.0,1,0.0,2,1,1,1632.4624999999942,0,0,4,0.0
8323,15584899,Siciliani,515.5,France,Female,26.0,5,0.0,2,0,1,1632.4624999999942,0,0,3,0.0
8324,15723658,Voronina,515.5,Spain,Female,26.0,6,0.0,2,1,0,1632.4624999999942,0,1,3,0.0
8325,15803965,Tang,515.5,France,Male,26.0,3,87485.67,1,1,1,1632.4624999999942,0,0,3,53.59122797614053
8326,15682489,Crumbley,515.5,France,Male,26.0,9,0.0,2,1,0,1632.4624999999942,0,1,3,0.0
8327,15813645,Hamilton,491.0,France,Female,26.0,0,53369.13,1,1,1,1632.4624999999942,0,0,3,32.69240794198959
8328,15766787,Piazza,515.5,France,Female,26.0,9,0.0,2,1,1,1632.4624999999942,0,0,4,0.0
8329,15687171,Birch,515.5,Spain,Male,26.0,5,146679.77,1,1,0,1632.4624999999942,0,0,2,89.85184652021134
8330,15690744,Custance,515.5,France,Male,26.0,2,112499.42,2,1,0,1632.4624999999942,0,0,3,68.91393829873606
8331,15707974,Anayochukwu,515.5,Spain,Female,26.0,2,48387.0,1,1,0,1632.4624999999942,0,0,2,29.640497101771203
8332,15673084,Galkin,515.5,Spain,Male,26.0,1,68079.8,1,0,1,1632.4624999999942,0,0,2,41.70374510899959
8333,15814772,Adams,515.5,Germany,Male,26.0,4,160133.88,1,0,1,1632.4624999999942,0,0,2,98.09345084496616
8334,15743709,Toomey,515.5,France,Male,26.0,4,66190.33,1,1,1,1632.4624999999942,0,0,3,40.54630963957839
8335,15610343,Marshall-Hall,515.5,France,Female,26.0,10,0.0,2,1,1,1632.4624999999942,1,0,4,0.0
8336,15737414,Shen,515.5,France,Male,26.0,4,123761.68,1,1,0,1632.4624999999942,0,0,2,75.81287778432916
8337,15788480,Pagnotto,515.5,Germany,Female,26.0,0,122325.58,1,0,0,1632.4624999999942,1,0,1,74.933163855219
8338,15568519,Wood,515.5,France,Male,26.0,9,0.0,2,1,0,1632.4624999999942,0,0,3,0.0
8339,15792453,More,515.5,Spain,Female,26.0,1,138912.17,1,1,1,1632.4624999999942,0,0,3,85.09363614784444
8340,15658100,Piccio,515.5,France,Female,26.0,0,0.0,2,0,1,1632.4624999999942,0,1,3,0.0
8341,15695197,Tochukwu,515.5,Germany,Female,25.0,7,128524.19,2,1,0,1632.4624999999942,0,0,3,78.7302556720295
8342,15749807,Graham,515.5,Spain,Female,26.0,3,0.0,2,1,0,1632.4624999999942,0,1,3,0.0
8343,15773876,Tung,515.5,France,Female,26.0,3,0.0,2,1,0,1632.4624999999942,0,1,3,0.0
8344,15591698,P'eng,515.5,Germany,Female,26.0,9,132934.89,1,1,0,1632.4624999999942,1,0,2,81.43212478081456
8345,15712813,Nevzorova,515.5,Germany,Male,26.0,3,150805.17,3,0,1,1632.4624999999942,1,0,4,92.37894898045165
8346,15763898,Toscani,515.5,Spain,Female,26.0,3,0.0,2,1,1,1632.4624999999942,0,0,4,0.0
8347,15793324,McKenzie,515.5,Spain,Male,26.0,9,0.0,3,0,1,1632.4624999999942,0,0,4,0.0
8348,15757759,Okwuoma,515.5,Spain,Female,26.0,7,165969.26,3,1,0,1632.4624999999942,1,0,4,101.6680383163476
8349,15796230,Morley,515.5,Germany,Female,26.0,2,124495.98,3,1,1,1632.4624999999942,1,0,5,76.26268903573616
8350,15611729,Kerr,515.5,Germany,Male,26.0,1,141559.5,1,1,1,1632.4624999999942,1,0,3,86.71531505317917
8351,15709531,Harding,515.5,France,Male,26.0,2,114756.14,1,1,0,1632.4624999999942,0,0,2,70.29634065101061
8352,15650751,Butler,515.5,France,Female,26.0,6,0.0,2,1,1,1632.4624999999942,0,1,4,0.0
8353,15641413,Crawford,515.5,Germany,Female,26.0,7,155393.98,2,1,0,1632.4624999999942,1,0,3,95.18992319884872
8354,15753840,Brown,515.5,Spain,Female,26.0,6,0.0,1,1,1,1632.4624999999942,1,1,3,0.0
8355,15669994,Greece,515.5,Germany,Female,26.0,1,128663.81,2,1,0,1632.4624999999942,0,0,3,78.81578290466118
8356,15695301,Matthews,504.0,Spain,Male,26.0,4,113522.64,1,1,1,1632.4624999999942,0,0,3,69.54073370751267
8357,15792004,Heath,515.5,Spain,Female,26.0,3,0.0,2,1,0,1632.4624999999942,0,0,3,0.0
8358,15603035,Vincent,515.5,France,Male,26.0,3,0.0,2,1,1,1632.4624999999942,0,1,4,0.0
8359,15717286,Sal,515.5,Spain,Female,26.0,8,79035.95,1,1,0,1632.4624999999942,1,0,2,48.41517033316249
8361,15754747,Bazile,515.5,Germany,Male,26.0,9,141918.09,2,0,1,1632.4624999999942,0,0,3,86.93497706685483
8362,15705676,Wardle,515.5,France,Female,26.0,9,107944.33,2,0,0,1632.4624999999942,0,0,2,66.1236199912711
8363,15751912,Lilly,515.5,France,Male,26.0,7,0.0,2,0,1,1632.4624999999942,0,0,3,0.0
8364,15677336,Aitken,515.5,Germany,Male,26.0,1,120043.13,1,1,0,1632.4624999999942,1,0,2,73.53500003828599
8365,15684395,Enderby,446.0,Spain,Female,26.0,10,125191.69,1,1,1,1632.4624999999942,1,0,3,76.68886115301298
8366,15659949,Chiu,515.5,France,Male,26.0,1,96399.31,2,1,0,1632.4624999999942,0,0,3,59.05146978873962
8367,15812422,Ugorji,515.5,France,Male,26.0,2,0.0,2,0,1,1632.4624999999942,0,1,3,0.0
8368,15806941,Sharpe,499.0,France,Male,26.0,7,76961.6,2,1,1,1632.4624999999942,0,0,4,47.144482645083905
8369,15637690,Houghton,515.5,Germany,Female,26.0,7,98675.74,1,1,0,1632.4624999999942,1,0,2,60.44594592525118
8370,15632882,Konovalova,515.5,Germany,Male,26.0,1,126817.13,2,1,1,1632.4624999999942,1,0,4,77.68455936966421
8371,15807107,Patel,515.5,France,Male,26.0,3,121394.42,1,1,0,1632.4624999999942,0,0,2,74.36276177860161
8372,15661034,Ngozichukwuka,515.5,Germany,Female,26.0,5,106059.4,1,0,0,1632.4624999999942,1,0,1,64.96896559645344
8373,15811958,Medland,515.5,Germany,Male,26.0,2,112755.34,2,0,0,1632.4624999999942,0,0,2,69.07070759665254
8374,15785167,Padovano,515.5,Spain,Male,26.0,4,0.0,2,0,0,1632.4624999999942,0,1,2,0.0
8375,15646720,Tsui,515.5,Spain,Female,26.0,7,0.0,3,1,0,1632.4624999999942,1,0,4,0.0
8376,15658614,H?,515.5,Germany,Female,26.0,7,145400.69,2,1,1,1632.4624999999942,0,0,4,89.06831856780815
8377,15704657,Denman,515.5,France,Male,26.0,3,72647.64,1,1,0,1632.4624999999942,1,0,2,44.50187370307144
8378,15567147,Ratten,515.5,Spain,Male,26.0,4,0.0,2,1,1,1632.4624999999942,0,0,4,0.0
8379,15701319,Baxter,515.5,Germany,Female,26.0,6,96340.81,2,1,1,1632.4624999999942,1,0,4,59.01563435607271
8380,15745266,Norman,434.0,Spain,Male,26.0,6,0.0,1,0,1,1632.4624999999942,1,0,2,0.0
8381,15650437,Shen,515.5,Germany,Male,26.0,8,124450.36,2,1,1,1632.4624999999942,0,0,4,76.23474352397096
8382,15764314,Reilly,515.5,Germany,Male,26.0,2,113877.23,2,1,0,1632.4624999999942,0,0,3,69.75794543519402
8383,15612594,Ifeanacho,515.5,Spain,Male,25.0,3,0.0,2,1,1,1632.4624999999942,0,1,4,0.0
8384,15593501,Graham,493.0,France,Female,26.0,5,148667.81,2,1,0,1632.4624999999942,0,0,3,91.06966316224754
8385,15804150,Lysaght,515.5,France,Male,26.0,3,0.0,2,1,1,1632.4624999999942,0,1,4,0.0
8386,15649297,T'ang,515.5,France,Female,26.0,4,111065.93,2,0,1,1632.4624999999942,0,0,3,68.03582318123718
8387,15641110,Abron,515.5,France,Male,26.0,0,0.0,1,1,0,1632.4624999999942,0,1,2,0.0
8388,15660608,Chimaraoke,515.5,France,Male,26.0,8,158697.61,1,1,0,1632.4624999999942,0,0,2,97.21363277870122
8389,15806570,Y?an,515.5,France,Female,26.0,4,0.0,1,1,0,1632.4624999999942,1,0,2,0.0
8390,15715345,Sergeyeva,515.5,Spain,Male,25.0,6,0.0,2,1,0,1632.4624999999942,0,1,3,0.0
8391,15755521,Ma,515.5,France,Female,26.0,0,90044.32,2,0,1,1632.4624999999942,1,0,3,55.15858404098123
8392,15579074,Obiajulu,515.5,Germany,Male,26.0,10,84651.79,1,1,1,1632.4624999999942,0,0,3,51.855273857745765
8393,15641158,Belcher,515.5,Germany,Male,26.0,3,102128.27,1,1,0,1632.4624999999942,1,0,2,62.56086740124221
8394,15752507,K?,515.5,Germany,Male,26.0,9,148846.39,1,1,0,1632.4624999999942,1,0,2,91.1790561804639
8395,15597983,Brown,515.5,France,Male,26.0,10,154953.94,1,1,1,1632.4624999999942,0,0,3,94.92036723661374
8396,15586069,Abernathy,515.5,France,Female,26.0,0,108883.29,1,1,0,1632.4624999999942,0,0,2,66.69880012557739
8397,15655082,Pape,515.5,France,Female,26.0,4,112070.86,3,1,0,1632.4624999999942,1,0,4,68.65141465730478
8398,15720155,Tao,515.5,Germany,Male,26.0,6,131354.39,1,0,1,1632.4624999999942,1,0,2,80.4639555273095
8399,15582116,Ma,515.5,Germany,Female,26.0,7,132746.2,2,1,0,1632.4624999999942,1,0,3,81.31653866474757
8400,15749365,Earle,515.5,France,Female,26.0,8,0.0,2,0,1,1632.4624999999942,0,1,3,0.0
8401,15632069,Kazantsev,515.5,France,Male,26.0,8,125211.55,2,1,0,1632.4624999999942,0,0,3,76.70102682297477
8402,15663134,Uspenskaya,515.5,Spain,Male,26.0,1,0.0,2,1,1,1632.4624999999942,1,0,4,0.0
8403,15766683,Coombes,515.5,Germany,Male,26.0,6,139422.37,1,0,0,1632.4624999999942,1,0,1,85.40617012641974
8404,15707219,Hopman,515.5,France,Female,26.0,4,0.0,2,0,1,1632.4624999999942,0,1,3,0.0
8405,15709232,McKay,515.5,Germany,Female,26.0,5,157099.47,2,1,1,1632.4624999999942,0,0,4,96.23465776396124
8406,15801351,Milanesi,515.5,France,Male,26.0,3,0.0,2,1,0,1632.4624999999942,0,0,3,0.0
8407,15578747,Chineze,515.5,Spain,Male,26.0,5,83600.24,1,0,1,1632.4624999999942,0,0,2,51.21112429841439
8408,15675626,Dawson,515.5,France,Male,26.0,2,0.0,1,0,0,1632.4624999999942,0,0,1,0.0
8409,15583736,Shih,515.5,Germany,Male,26.0,4,81795.74,2,1,0,1632.4624999999942,0,0,3,50.1057390292275
8410,15590011,Hughes,515.5,Spain,Male,26.0,9,129378.32,1,1,1,1632.4624999999942,0,0,3,79.2534713661113
8411,15609913,Clark,515.5,France,Female,26.0,9,0.0,1,1,0,1632.4624999999942,0,1,2,0.0
8412,15719479,Chukwuhaenye,515.5,Spain,Female,26.0,7,0.0,2,1,1,1632.4624999999942,0,0,4,0.0
8414,15597309,Howell,515.5,Spain,Male,26.0,7,0.0,2,0,0,1632.4624999999942,0,0,2,0.0
8415,15648367,Lo,515.5,Germany,Female,26.0,6,74430.1,2,1,1,1632.4624999999942,0,0,4,45.59375789642964
8416,15758031,Lazarev,515.5,Spain,Male,26.0,3,91241.85,1,0,1,1632.4624999999942,0,0,2,55.89215678767526
8417,15751771,Lowe,515.5,Germany,Male,26.0,2,99092.45,1,0,1,1632.4624999999942,0,0,2,60.70121059442428
8418,15689288,Folliero,515.5,France,Female,26.0,5,0.0,2,1,0,1632.4624999999942,0,1,3,0.0
8419,15731026,Han,515.5,Germany,Female,26.0,2,100062.16,2,1,0,1632.4624999999942,0,0,3,61.295227302311915
8420,15775809,Holloway,515.5,Germany,Female,26.0,6,98723.67,1,0,1,1632.4624999999942,0,0,2,60.475306477178094
8421,15743076,Pai,515.5,Spain,Male,26.0,9,0.0,1,1,1,1632.4624999999942,0,0,3,0.0
8422,15658258,Trejo,515.5,France,Male,26.0,6,128760.32,1,1,0,1632.4624999999942,0,0,2,78.8749021799891
8423,15756321,Johnston,515.5,Spain,Female,26.0,5,144772.69,1,0,0,1632.4624999999942,1,0,1,88.68362366670017
8424,15706799,Macknight,515.5,Spain,Male,26.0,4,0.0,1,0,0,1632.4624999999942,1,0,1,0.0
8425,15775703,Lo,515.5,France,Male,26.0,2,71281.29,1,1,1,1632.4624999999942,1,0,3,43.664886635987195
8426,15642636,Glossop,515.5,France,Male,26.0,9,117035.89,1,1,1,1632.4624999999942,0,0,3,71.69285052489745
8427,15704651,Bishop,514.0,France,Male,26.0,1,0.0,2,0,0,1632.4624999999942,0,1,2,0.0
8428,15806771,Yefremova,515.5,France,Female,26.0,0,3768.69,2,1,0,1632.4624999999942,1,0,3,2.3085920809819602
8429,15566735,Obialo,515.5,Germany,Female,26.0,2,108913.84,2,1,1,1632.4624999999942,0,0,4,66.717514184859
8430,15681671,Nkemjika,515.5,Germany,Male,26.0,2,101100.22,2,1,1,1632.4624999999942,0,0,4,61.931113272127455
8431,15775949,Trevisani,515.5,France,Female,26.0,7,110615.47,1,1,1,1632.4624999999942,0,0,3,67.75988422398702
8432,15586752,Parkes,515.5,Germany,Male,26.0,8,152143.89,1,1,1,1632.4624999999942,0,0,3,93.19901069703013
8433,15582519,Seleznyov,479.0,France,Male,26.0,6,121797.09,1,0,1,1632.4624999999942,1,0,2,74.60942594393465
8434,15658233,Naylor,515.5,France,Female,26.0,5,109798.25,1,0,1,1632.4624999999942,0,0,2,67.25927854391779
8435,15755330,Forbes,512.0,Germany,Male,26.0,7,122403.24,1,0,1,1632.4624999999942,1,0,2,74.98073615779869
8436,15605072,Douglas,515.5,France,Female,26.0,3,145860.98,1,1,1,1632.4624999999942,1,0,3,89.35027910288936
8437,15617538,Nwankwo,515.5,Spain,Male,26.0,7,0.0,2,0,0,1632.4624999999942,0,0,2,0.0
8438,15591428,Myers,515.5,France,Male,26.0,9,0.0,2,0,0,1632.4624999999942,0,1,2,0.0
8439,15692142,Rogova,515.5,Germany,Female,26.0,7,105086.74,1,1,1,1632.4624999999942,1,0,3,64.37314180264501
8440,15692931,Hsing,515.5,France,Male,22.0,2,114991.45,1,1,1,1632.4624999999942,0,0,3,70.44048485034138
8441,15781127,Giordano,515.5,Spain,Female,26.0,8,96769.04,1,1,1,1632.4624999999942,0,0,3,59.27795584890945
8442,15677136,Okwukwe,515.5,France,Female,23.0,5,0.0,2,0,0,1632.4624999999942,0,1,2,0.0
8443,15677828,Chalmers,515.5,France,Female,26.0,4,0.0,2,0,0,1632.4624999999942,0,0,2,0.0
8444,15567897,Chiazagomekpere,515.5,Germany,Male,23.0,5,132725.1,1,1,1,1632.4624999999942,0,0,3,81.30361340612754
8445,15793641,Evseyev,515.5,France,Female,26.0,3,0.0,2,1,1,1632.4624999999942,0,1,4,0.0
8446,15678333,Parry-Okeden,515.5,France,Female,26.0,7,0.0,2,1,0,1632.4624999999942,0,0,3,0.0
8447,15630511,Picot,515.5,France,Female,26.0,6,0.0,2,1,0,1632.4624999999942,0,1,3,0.0
8448,15792627,Reid,515.5,Spain,Female,26.0,5,84557.82,1,1,1,1632.4624999999942,0,0,3,51.797710514024246
8449,15717191,Ferri,508.0,France,Male,26.0,1,93817.41,2,1,1,1632.4624999999942,1,0,4,57.46987143655694
8450,15625716,Genovesi,515.5,France,Female,26.0,9,113913.53,1,0,1,1632.4624999999942,0,0,2,69.78018178059246
8451,15710053,Neumayer,515.5,Germany,Female,26.0,5,140406.68,2,0,1,1632.4624999999942,0,0,3,86.00913037818663
8453,15601410,Tien,515.5,Spain,Female,26.0,1,0.0,3,1,1,1632.4624999999942,1,1,5,0.0
8454,15684669,Parkes,515.5,France,Female,26.0,9,137891.35,1,1,0,1632.4624999999942,1,0,2,84.46831091066441
8455,15619083,Yip,502.0,France,Female,26.0,6,0.0,2,1,1,1632.4624999999942,0,0,4,0.0
8456,15692207,Ingle,515.5,France,Female,26.0,6,0.0,2,1,1,1632.4624999999942,0,1,4,0.0
8457,15730705,Chidubem,515.5,France,Male,26.0,9,165252.52,1,1,0,1632.4624999999942,0,0,2,101.22898382045565
8458,15749688,Lu,515.5,France,Male,26.0,8,0.0,2,0,0,1632.4624999999942,0,0,2,0.0
8459,15728542,Vorobyova,515.5,France,Female,26.0,4,0.0,2,1,1,1632.4624999999942,0,1,4,0.0
8461,15658982,Napolitani,515.5,Germany,Female,26.0,5,122034.4,3,0,1,1632.4624999999942,1,0,4,74.75479528626258
8462,15758769,Coffey,515.5,France,Female,26.0,7,0.0,1,1,0,1632.4624999999942,0,0,2,0.0
8463,15778481,Chigbogu,515.5,France,Male,26.0,1,118962.58,1,1,1,1632.4624999999942,0,0,3,72.8730859054958
8464,15661162,Akabueze,515.5,Spain,Male,26.0,2,0.0,1,1,0,1632.4624999999942,1,1,2,0.0
8465,15568164,Istomin,515.5,France,Female,26.0,4,71379.53,2,1,1,1632.4624999999942,0,0,4,43.72506566000766
8466,15601569,Ndubueze,515.5,France,Female,26.0,2,171178.25,1,1,0,1632.4624999999942,1,0,2,104.85891712673376
8467,15772383,Toscani,515.5,France,Male,26.0,9,131307.11,1,0,0,1632.4624999999942,0,0,1,80.43499314685664
8468,15667456,Ross,515.5,Spain,Male,26.0,3,0.0,2,1,1,1632.4624999999942,0,0,4,0.0
8469,15672983,Fernando,515.5,Spain,Female,26.0,5,87099.85,2,1,0,1632.4624999999942,0,0,3,53.35488564055855
8470,15799534,McClaran,515.5,France,Male,26.0,5,183135.39,2,1,1,1632.4624999999942,0,0,4,112.18352029525987
8471,15582847,Yermakova,515.5,France,Male,26.0,0,0.0,2,0,1,1632.4624999999942,0,0,3,0.0
8472,15612478,Somadina,515.5,France,Male,26.0,10,0.0,3,1,0,1632.4624999999942,1,1,4,0.0
8473,15709621,Wan,515.5,France,Male,26.0,3,0.0,2,0,1,1632.4624999999942,0,0,3,0.0
8474,15802009,Mazzi,515.5,France,Female,26.0,6,0.0,2,1,1,1632.4624999999942,0,1,4,0.0
8475,15698816,Tuan,515.5,Spain,Female,26.0,4,72535.45,1,1,1,1632.4624999999942,0,0,3,44.433149306645795
8476,15574830,Townsley,515.5,Germany,Male,26.0,2,128137.42,2,1,0,1632.4624999999942,1,0,3,78.49333139352386
8477,15603082,Yashina,515.5,France,Male,26.0,9,0.0,2,0,0,1632.4624999999942,0,0,2,0.0
8478,15685947,Henderson,515.5,Germany,Male,26.0,0,115915.53,2,0,1,1632.4624999999942,1,0,3,71.00654992074881
8479,15643048,Mueller,515.5,France,Male,26.0,0,0.0,2,0,1,1632.4624999999942,0,0,3,0.0
8480,15807568,Wright,515.5,France,Male,26.0,2,0.0,2,0,0,1632.4624999999942,0,0,2,0.0
8481,15597591,Lung,456.0,France,Male,26.0,5,107000.49,1,1,1,1632.4624999999942,0,0,3,65.54545050805173
8482,15747558,Bryant,515.5,Spain,Female,26.0,10,0.0,2,1,0,1632.4624999999942,0,1,3,0.0
8483,15756655,Madukaife,515.5,France,Female,26.0,2,0.0,2,0,0,1632.4624999999942,0,1,2,0.0
8484,15589949,Maclean,433.0,Spain,Male,26.0,9,152806.74,1,1,0,1632.4624999999942,0,0,2,93.60505371486362
8485,15601012,Abdullah,515.5,France,Female,26.0,3,92887.06,1,1,0,1632.4624999999942,1,0,2,56.89996554285341
8486,15724269,Yao,515.5,France,Male,25.0,7,0.0,2,1,1,1632.4624999999942,0,1,4,0.0
8487,15567506,Cheatham,515.5,Germany,Female,26.0,6,114940.67,2,1,1,1632.4624999999942,1,0,4,70.4093784696435
8488,15791877,Gallagher,515.5,Germany,Male,26.0,0,140641.26,2,1,1,1632.4624999999942,0,0,4,86.15282740032345
8489,15794360,Hao,515.5,Germany,Female,26.0,5,71816.74,2,1,0,1632.4624999999942,1,0,3,43.99288804490165
8490,15686538,Nixon,515.5,France,Female,26.0,7,0.0,2,0,1,1632.4624999999942,0,1,3,0.0
8491,15585985,Wang,515.5,France,Male,26.0,5,165282.42,1,1,0,1632.4624999999942,1,0,2,101.2472997082632
8492,15699257,Kerr,515.5,Spain,Male,26.0,2,143145.87,2,1,0,1632.4624999999942,0,0,3,87.68708010138089
8493,15804104,Romani,494.0,France,Male,26.0,9,114731.76,2,0,1,1632.4624999999942,0,0,3,70.28140615787524
8494,15727619,Lock,515.5,Germany,Female,26.0,9,113909.69,3,1,0,1632.4624999999942,1,0,4,69.7778295060379
8495,15740237,Millar,515.5,Germany,Male,26.0,2,116695.27,1,0,0,1632.4624999999942,0,0,1,71.48419642105128
8496,15801436,K'ung,515.5,France,Male,26.0,4,0.0,1,0,0,1632.4624999999942,1,1,1,0.0
8497,15705735,Onyekachi,515.5,Spain,Male,26.0,3,0.0,2,1,1,1632.4624999999942,0,1,4,0.0
8498,15649359,Somayina,515.5,France,Male,26.0,1,0.0,2,0,1,1632.4624999999942,0,0,3,0.0
8499,15624892,Dennis,515.5,Germany,Male,26.0,7,93978.96,2,1,0,1632.4624999999942,0,0,3,57.56883236215248
8500,15784918,Brown,498.0,Germany,Male,26.0,2,121968.11,2,0,1,1632.4624999999942,0,0,3,74.71418792162174
8501,15584785,Ogochukwu,515.5,France,Male,26.0,2,97324.91,1,1,0,1632.4624999999942,0,0,2,59.618465967824896
8502,15797197,Macleod,515.5,Spain,Male,26.0,6,0.0,2,1,0,1632.4624999999942,0,0,3,0.0
8503,15574858,Page,515.5,France,Male,26.0,8,0.0,2,1,1,287.99,0,0,4,0.0
8504,15794101,Barese,515.5,France,Female,26.0,2,0.0,2,0,1,1632.4624999999942,0,1,3,0.0
8505,15743245,Agafonova,515.5,France,Male,26.0,3,145155.37,1,1,0,1632.4624999999942,1,0,2,88.9180425277766
8506,15791535,Caraway,515.5,France,Male,26.0,5,137222.77,1,0,0,1632.4624999999942,0,0,1,84.05875785814405
8507,15605215,Stevenson,515.5,France,Male,26.0,9,0.0,2,0,1,1632.4624999999942,0,1,3,0.0
8508,15771749,Duncan,515.5,Germany,Female,26.0,5,114268.22,2,1,1,1632.4624999999942,0,0,4,69.99745476542365
8509,15616833,Wang,515.5,Spain,Male,26.0,2,0.0,2,1,1,1632.4624999999942,0,0,4,0.0
8510,15750728,Kaur,515.5,Spain,Female,26.0,2,0.0,1,1,0,1632.4624999999942,0,1,2,0.0
8511,15769353,Jenkins,515.5,France,Female,26.0,8,150490.32,1,0,0,1632.4624999999942,1,0,1,92.18608084412386
8512,15770091,Edwards,515.5,Germany,Male,26.0,9,160858.13,2,1,0,1632.4624999999942,0,0,3,98.53710575281244
8513,15716420,Kelly,515.5,Spain,Male,26.0,5,170288.38,1,1,1,1632.4624999999942,0,0,3,104.31380812729273
8514,15740602,Boyle,515.5,Germany,Female,26.0,4,111568.01,1,0,1,1632.4624999999942,0,0,2,68.34338307924402
8515,15796071,Loane,515.5,Spain,Male,26.0,7,83889.03,1,1,0,1632.4624999999942,0,0,2,51.38802882148919
8516,15811389,Padovano,515.5,Germany,Female,26.0,0,171982.95,2,0,1,1632.4624999999942,0,0,3,105.35185341164077
8517,15783875,Li Fonti,500.0,France,Female,26.0,4,0.0,2,1,0,1632.4624999999942,0,0,3,0.0
8519,15677288,Geach,515.5,France,Male,26.0,3,121159.65,1,0,0,1632.4624999999942,1,0,1,74.21894836788007
8520,15633525,Payne,515.5,France,Male,26.0,7,0.0,2,0,1,1632.4624999999942,0,1,3,0.0
8521,15634606,Chinonyelum,515.5,Spain,Male,26.0,1,0.0,2,1,1,1632.4624999999942,0,1,4,0.0
8522,15579207,Watkins,515.5,France,Male,26.0,3,91184.01,1,1,0,1632.4624999999942,0,0,2,55.85672565219741
8524,15567778,Genovese,515.5,Germany,Female,26.0,1,144027.8,1,1,1,1632.4624999999942,1,0,3,88.22732528312319
8525,15711750,Watson,515.5,France,Female,26.0,6,0.0,2,1,1,1632.4624999999942,0,1,4,0.0
8526,15751084,Mancini,515.5,France,Female,26.0,8,140170.61,1,1,1,1632.4624999999942,0,0,3,85.86452062451694
8527,15768945,Chibueze,515.5,France,Male,26.0,1,62092.9,1,1,1,1632.4624999999942,0,0,3,38.03634080415337
8528,15586931,Hunter,515.5,Spain,Male,26.0,3,0.0,1,1,1,1632.4624999999942,0,0,3,0.0
8529,15636353,Buchi,515.5,Spain,Male,26.0,4,0.0,2,0,0,1632.4624999999942,0,0,2,0.0
8530,15623858,Charteris,515.5,France,Male,26.0,9,0.0,1,0,0,1632.4624999999942,0,1,1,0.0
8531,15703354,Aksenov,515.5,France,Female,26.0,2,103516.87,1,1,0,1632.4624999999942,0,0,2,63.411484184169844
8532,15663987,Wright,515.5,Spain,Male,26.0,1,0.0,3,1,0,1632.4624999999942,1,1,4,0.0
8533,15780805,Lu,515.5,France,Female,26.0,2,0.0,2,1,0,1632.4624999999942,1,0,3,0.0
8534,15768566,K?,515.5,France,Male,26.0,8,0.0,2,1,1,1632.4624999999942,0,0,4,0.0
8535,15643229,Hou,515.5,France,Female,26.0,6,0.0,2,1,1,1632.4624999999942,0,0,4,0.0
8536,15754940,Descoteaux,515.5,Spain,Male,26.0,2,85162.26,1,0,1,1632.4624999999942,1,0,2,52.1679732306257
8537,15676576,Stephenson,515.5,France,Female,26.0,8,143061.88,1,1,0,1632.4624999999942,0,0,2,87.6356302212152
8538,15800068,Cooper,515.5,Spain,Female,26.0,6,0.0,2,1,1,1632.4624999999942,0,1,4,0.0
8539,15648030,Crump,515.5,Spain,Female,26.0,5,137388.01,2,1,0,1632.4624999999942,0,0,3,84.15997917256935
8540,15668594,Diggs,515.5,Germany,Female,25.0,1,137712.01,1,1,1,1632.4624999999942,0,0,3,84.35845233810915
8541,15728709,Shih,484.0,Germany,Male,26.0,7,106901.42,2,0,0,1632.4624999999942,0,0,2,65.48476304968744
8542,15724181,Hudson,515.5,Spain,Male,26.0,5,105603.21,2,1,1,1632.4624999999942,0,0,4,64.68951660451641
8543,15647546,Carvosso,515.5,Germany,Female,26.0,8,150679.71,2,0,1,1632.4624999999942,0,0,3,92.30209576023984
8544,15702601,Wyatt,515.5,Germany,Male,26.0,4,108300.27,2,0,1,1632.4624999999942,1,0,3,66.34165869047551
8545,15567725,Kodilinyechukwu,515.5,France,Female,26.0,7,52016.08,2,1,1,1632.4624999999942,0,0,4,31.863568075836465
8546,15674179,Vorobyova,513.0,Germany,Male,26.0,7,60515.13,1,0,0,1632.4624999999942,0,0,1,37.06984387083943
8547,15686957,Piccio,515.5,Germany,Male,26.0,2,158584.28,2,1,0,1632.4624999999942,0,0,3,97.14421005076721
8548,15607690,Hsing,515.5,Germany,Male,26.0,2,118812.5,2,0,0,1632.4624999999942,0,0,2,72.78115117498896
8549,15806546,Lucas,515.5,Spain,Male,26.0,4,0.0,1,1,0,1632.4624999999942,0,0,2,0.0
8550,15632850,T'ang,515.5,France,Male,26.0,8,0.0,2,1,1,1632.4624999999942,0,1,4,0.0
8551,15709016,North,515.5,Germany,Female,26.0,1,91219.29,1,0,0,1632.4624999999942,1,0,1,55.8783371746673
8552,15638068,Thompson,507.0,Spain,Male,26.0,7,0.0,2,1,0,1632.4624999999942,0,0,3,0.0
8553,15749345,Simpson,468.0,France,Female,22.0,1,76318.64,1,1,1,1632.4624999999942,0,0,3,46.75062367435716
8554,15791321,Nwora,515.5,Spain,Female,26.0,4,0.0,1,1,0,1632.4624999999942,0,1,2,0.0
8555,15699095,Chandler,515.5,France,Female,24.0,3,0.0,1,1,1,1632.4624999999942,1,1,3,0.0
8556,15638329,Uspensky,515.5,Germany,Male,25.0,1,111432.13,1,1,1,1632.4624999999942,0,0,3,68.26014686401703
8557,15575445,Ferguson,515.5,Spain,Male,26.0,10,150148.51,1,0,0,1632.4624999999942,0,0,1,91.97669778019437
8558,15752622,Kerr,515.5,France,Female,26.0,7,38550.06,1,0,1,1632.4624999999942,0,0,2,23.61466802453357
8559,15774507,Furneaux,515.5,France,Female,26.0,5,119013.86,1,1,0,1632.4624999999942,0,0,2,72.90449857194295
8560,15570857,Kambinachi,515.5,Germany,Female,26.0,0,111213.64,2,1,1,1632.4624999999942,0,0,4,68.12630611729237
8561,15599386,Black,515.5,Germany,Male,26.0,5,71097.23,1,1,1,1632.4624999999942,0,0,3,43.55213672595863
8562,15744913,Chizoba,515.5,Spain,Male,26.0,10,109632.85,1,1,1,1632.4624999999942,0,0,3,67.15795921805272
8563,15647292,Peng,515.5,France,Male,26.0,7,148368.02,1,0,0,1632.4624999999942,1,0,1,90.88602035268836
8564,15728838,Leach,515.5,France,Male,26.0,1,148600.91,1,1,0,1632.4624999999942,1,0,2,91.02868212899257
8565,15584704,Chiazagomekpele,515.5,France,Male,26.0,10,71083.98,1,1,0,1632.4624999999942,0,0,2,43.54402015360245
8566,15749068,Nickson,515.5,France,Female,26.0,9,139625.34,1,1,0,1632.4624999999942,1,0,2,85.53050376348645
8567,15622985,Lin,515.5,France,Female,26.0,4,0.0,1,0,0,1632.4624999999942,1,1,1,0.0
8568,15587676,Alexeieva,515.5,France,Male,26.0,9,0.0,1,1,1,1632.4624999999942,0,1,3,0.0
8569,15779496,Sykes,515.5,France,Male,26.0,0,81564.1,2,0,1,1632.4624999999942,0,0,3,49.96384296729652
8570,15733460,Martin,515.5,Spain,Male,26.0,9,0.0,2,1,1,1632.4624999999942,0,1,4,0.0
8571,15711457,Herz,515.5,France,Female,26.0,7,124540.28,1,0,1,1632.4624999999942,0,0,2,76.28982595312324
8572,15795290,Nikitina,515.5,France,Female,26.0,2,133616.39,1,1,0,1632.4624999999942,0,0,2,81.84959225709656
8573,15611223,Ko,515.5,Germany,Female,26.0,10,101648.5,2,1,0,1632.4624999999942,0,0,3,62.26697397336868
8574,15794159,Highett,515.5,France,Female,26.0,8,124281.84,1,1,1,1632.4624999999942,0,0,3,76.13151297503032
8575,15780677,Jackson,515.5,France,Female,26.0,4,0.0,2,1,1,1632.4624999999942,0,1,4,0.0
8576,15690175,Ball,515.5,Spain,Male,26.0,0,0.0,2,0,0,1632.4624999999942,0,1,2,0.0
8577,15722599,Nelson,515.5,France,Female,26.0,9,183613.66,2,0,0,1632.4624999999942,0,0,2,112.47649486588553
8578,15569976,Woronoff,515.5,Germany,Male,26.0,1,136186.44,1,1,1,1632.4624999999942,1,0,3,83.42393163702106
8579,15707011,Morrison,495.0,France,Male,26.0,10,137682.68,1,1,0,1632.4624999999942,0,0,2,84.3404856160558
8580,15702277,Smith,515.5,France,Male,26.0,4,106005.54,1,0,1,1632.4624999999942,0,0,2,64.93597249553994
8581,15801915,Rendall,515.5,France,Female,26.0,6,152310.55,1,1,0,1632.4624999999942,0,0,2,93.3011018629834
8582,15580213,McIntyre,515.5,France,Female,26.0,2,0.0,2,1,0,1632.4624999999942,0,0,3,0.0
8583,15637947,Wei,515.5,Spain,Male,26.0,1,134446.04,1,0,1,1632.4624999999942,0,0,2,82.35781220089312
8584,15715888,Allardyce,515.5,France,Female,26.0,2,142289.28,1,0,1,1632.4624999999942,0,0,2,87.1623574814126
8586,15737047,Weatherford,515.5,France,Female,26.0,6,0.0,1,1,0,1632.4624999999942,1,0,2,0.0
8587,15694039,Jen,515.5,Germany,Female,26.0,9,149003.76,2,1,0,1632.4624999999942,0,0,3,91.27545655719537
8588,15649457,Macleod,515.5,Germany,Male,26.0,2,131341.46,2,0,1,1632.4624999999942,0,0,3,80.45603497783286
8589,15742809,Mironova,515.5,Spain,Female,26.0,7,77919.78,1,1,0,1632.4624999999942,0,0,2,47.7314364035929
8590,15637829,Sharpe,515.5,France,Female,26.0,7,0.0,2,0,1,1632.4624999999942,0,1,3,0.0
8591,15633194,Osborne,515.5,France,Female,26.0,10,108309.0,4,1,1,1632.4624999999942,1,0,6,66.34700643965812
8592,15611635,Chu,515.5,Spain,Female,26.0,6,0.0,1,0,1,1632.4624999999942,0,1,2,0.0
8593,15638774,Chong,515.5,Spain,Female,26.0,9,0.0,2,1,0,1632.4624999999942,0,1,3,0.0
8594,15722037,Alvarez,515.5,Germany,Male,26.0,7,115462.02,1,0,1,1632.4624999999942,0,0,2,70.72874262042798
8595,15672930,Palerma,515.5,Spain,Male,26.0,9,0.0,2,1,0,1632.4624999999942,0,0,3,0.0
8596,15668774,Chiemenam,515.5,Germany,Female,23.0,5,122739.1,1,1,0,1632.4624999999942,1,0,2,75.18647442131163
8597,15780966,Pritchard,515.5,France,Female,26.0,2,0.0,2,0,0,1632.4624999999942,0,1,2,0.0
8598,15659694,Wallis,515.5,Germany,Female,26.0,3,113781.5,2,1,1,1632.4624999999942,1,0,4,69.69930396563498
8599,15624424,Palerma,515.5,Spain,Female,26.0,1,0.0,2,1,1,1632.4624999999942,0,1,4,0.0
8600,15708713,Hill,515.5,France,Male,26.0,3,0.0,2,1,1,1632.4624999999942,0,0,4,0.0
8601,15755405,Hudson,515.5,France,Male,26.0,9,128284.45,1,1,0,1632.4624999999942,1,0,2,78.58339778096003
8602,15647570,Chung,515.5,Germany,Male,26.0,8,120591.19,1,0,0,1632.4624999999942,0,0,1,73.87072597379752
8603,15684348,Zhdanova,515.5,France,Male,26.0,8,0.0,2,0,1,1632.4624999999942,0,0,3,0.0
8604,15702541,Fraser,515.5,France,Female,26.0,2,166968.28,1,1,0,1632.4624999999942,1,0,2,102.28000949485859
8605,15646942,Meng,515.5,Spain,Female,26.0,7,0.0,2,0,0,1632.4624999999942,0,1,2,0.0
8606,15748920,Cherkasova,515.5,France,Female,26.0,8,0.0,2,1,1,1632.4624999999942,0,0,4,0.0
8607,15694581,Rawlings,515.5,Spain,Male,26.0,5,0.0,2,1,1,1632.4624999999942,0,0,4,0.0
8608,15643215,Jen,515.5,Germany,Male,26.0,2,71667.97,2,0,0,1632.4624999999942,0,0,2,43.90175578305796
8609,15649060,Chien,515.5,Germany,Female,26.0,3,82729.47,2,1,0,1632.4624999999942,0,0,3,50.67771541459623
8610,15774258,Gorbunov,515.5,France,Male,26.0,1,0.0,2,1,1,1632.4624999999942,0,1,4,0.0
8612,15617029,Young,515.5,Spain,Female,26.0,1,0.0,2,1,0,1632.4624999999942,0,0,3,0.0
8613,15780716,Colombo,515.5,Germany,Male,26.0,3,129626.19,2,1,1,1632.4624999999942,0,0,4,79.40530946346422
8614,15577018,Tsao,515.5,Germany,Female,26.0,2,114035.39,1,0,0,1632.4624999999942,0,0,1,69.85482974340937
8615,15809515,Lewis,515.5,Germany,Male,26.0,1,151922.94,1,1,0,1632.4624999999942,0,0,2,93.06366302441896
8616,15789924,Hussain,515.5,France,Female,26.0,4,0.0,1,1,1,1632.4624999999942,0,1,3,0.0
8617,15725076,Anderson,515.5,Spain,Female,26.0,6,107751.68,2,1,1,1632.4624999999942,0,0,4,66.00560809206972
8618,15672481,Ulyanov,515.5,France,Male,26.0,6,0.0,2,1,0,1632.4624999999942,0,0,3,0.0
8619,15574115,Shaw,515.5,Spain,Female,26.0,6,101179.23,2,1,1,1632.4624999999942,0,0,4,61.979512546230225
8620,15661830,Lucciano,515.5,Spain,Female,26.0,6,0.0,2,1,1,1632.4624999999942,0,0,4,0.0
8621,15665879,Gordon,515.5,France,Female,26.0,8,0.0,2,0,1,1632.4624999999942,0,0,3,0.0
8622,15673820,Woodward,515.5,France,Male,26.0,7,0.0,2,1,0,1632.4624999999942,0,1,3,0.0
8623,15747772,Cunningham,515.5,Germany,Male,26.0,9,58571.18,2,1,0,1632.4624999999942,0,0,3,35.87903550617561
8624,15666197,Boni,430.0,Germany,Female,26.0,8,153058.64,1,1,0,1632.4624999999942,0,0,2,93.75936047535582
8625,15773639,Truscott,515.5,Germany,Male,26.0,4,98270.34,1,1,0,1632.4624999999942,0,0,2,60.197609439727
8626,15581893,Ginikanwa,515.5,France,Male,26.0,1,130788.71,1,0,1,1632.4624999999942,1,0,2,80.11743608199299
8627,15672447,Bailey,515.5,Germany,Male,26.0,7,99165.84,1,0,1,1632.4624999999942,1,0,2,60.74616721670504
8628,15777830,Hutchinson,515.5,France,Female,26.0,4,0.0,2,0,0,1632.4624999999942,0,1,2,0.0
8629,15713890,Maclean,515.5,France,Male,26.0,3,0.0,2,0,1,1632.4624999999942,0,1,3,0.0
8630,15577598,Chiang,515.5,Spain,Male,23.0,4,115636.05,2,1,0,1632.4624999999942,0,0,3,70.8353484383258
8631,15786042,Willmore,515.5,Germany,Female,26.0,2,185932.18,2,1,0,1632.4624999999942,0,0,3,113.8967541367723
8632,15753462,Godson,515.5,Germany,Male,26.0,2,72549.0,2,0,1,1632.4624999999942,0,0,3,44.441449650451545
8633,15759690,Smith,515.5,France,Male,26.0,4,0.0,2,1,1,1632.4624999999942,0,0,4,0.0
8634,15801414,Bitter,515.5,France,Female,26.0,2,0.0,2,0,0,1632.4624999999942,0,1,2,0.0
8635,15656141,Ts'ao,515.5,France,Male,26.0,5,0.0,1,0,1,1632.4624999999942,0,0,2,0.0
8636,15608701,Chialuka,515.5,Germany,Male,26.0,3,121890.06,1,1,0,1632.4624999999942,1,0,2,74.6663767161576
8637,15582892,Scott,515.5,France,Male,26.0,2,99786.07,1,1,1,1632.4624999999942,1,0,3,61.126102437269076
8638,15632967,Feng,515.5,France,Male,26.0,3,0.0,2,1,1,1632.4624999999942,0,1,4,0.0
8639,15587573,Castiglione,515.5,Germany,Male,26.0,4,115084.53,2,0,1,1632.4624999999942,0,0,3,70.49750300542917
8640,15654891,He,515.5,France,Male,26.0,6,0.0,2,1,1,1632.4624999999942,0,1,4,0.0
8641,15611365,Fanucci,515.5,France,Female,26.0,9,127661.69,1,0,0,1632.4624999999942,0,0,1,78.20191275450459
8642,15749103,Ginikanwa,515.5,Germany,Female,26.0,4,118907.6,1,0,1,1632.4624999999942,1,0,2,72.83940672450389
8643,15810203,Manning,499.0,Germany,Female,26.0,6,77627.33,2,1,0,1632.4624999999942,0,0,3,47.5522898688333
8644,15813660,Forlonge,515.5,Spain,Male,26.0,2,160625.17,1,0,1,1632.4624999999942,0,0,2,98.39440109650334
8645,15605673,Liang,515.5,Spain,Female,26.0,8,0.0,2,0,0,1632.4624999999942,0,0,2,0.0
8648,15593241,Tochukwu,444.0,France,Male,26.0,3,0.0,2,1,1,1632.4624999999942,0,1,4,0.0
8649,15683053,Reyna,515.5,Spain,Female,26.0,2,0.0,1,1,0,1632.4624999999942,1,1,2,0.0
8650,15632736,Liang,515.5,Germany,Female,26.0,3,104911.35,2,1,1,1632.4624999999942,0,0,4,64.26570288750914
8651,15731865,Unwin,515.5,France,Male,26.0,1,0.0,2,1,0,1632.4624999999942,0,0,3,0.0
8652,15760450,Rutherford,512.0,France,Male,26.0,1,0.0,2,1,1,1632.4624999999942,0,0,4,0.0
8653,15787204,Howe,515.5,Spain,Female,26.0,1,110646.54,1,0,0,1632.4624999999942,0,0,1,67.77891682044788
8654,15650454,Tran,515.5,France,Male,26.0,5,0.0,2,1,1,1632.4624999999942,0,1,4,0.0
8655,15573730,Thompson,515.5,Germany,Male,26.0,6,126704.49,2,1,0,1632.4624999999942,0,0,3,77.6155593160642
8656,15705050,Linger,515.5,France,Male,26.0,9,0.0,2,1,1,1632.4624999999942,0,1,4,0.0
8657,15791342,Johnston,515.5,Spain,Male,26.0,1,84560.04,1,1,1,1632.4624999999942,0,0,3,51.799070422751086
8658,15684316,Udokamma,515.5,France,Male,26.0,9,0.0,2,0,0,1632.4624999999942,1,1,2,0.0
8659,15700540,Barrera,515.5,Germany,Female,26.0,2,129893.56,1,0,0,1632.4624999999942,0,0,1,79.56909270503945
8660,15770631,Sutherland,515.5,Spain,Male,25.0,5,167385.81,1,1,1,1632.4624999999942,0,0,3,102.53577647266053
8661,15790594,Bednall,515.5,France,Female,26.0,6,0.0,2,0,1,1632.4624999999942,0,0,3,0.0
8662,15604020,Otoole,515.5,Germany,Female,26.0,4,105858.71,1,0,1,1632.4624999999942,0,0,2,64.84602862240351
8663,15637599,Cremonesi,510.0,Germany,Female,26.0,4,123070.89,1,1,0,1632.4624999999942,1,0,2,75.38971951882536
8664,15736578,Hamilton,515.5,France,Male,26.0,1,0.0,1,1,1,1632.4624999999942,0,0,3,0.0
8665,15666332,Donaldson,515.5,Spain,Female,26.0,2,0.0,2,1,1,1632.4624999999942,0,0,4,0.0
8666,15727291,McKay,515.5,France,Female,26.0,1,0.0,2,1,0,1632.4624999999942,0,1,3,0.0
8667,15785920,Black,515.5,Germany,Male,26.0,1,125141.24,2,1,1,1632.4624999999942,0,0,4,76.65795692090964
8668,15658987,Kane,515.5,France,Female,26.0,4,96173.17,2,1,1,1632.4624999999942,0,0,4,58.91294287005082
8669,15687719,She,515.5,Spain,Female,26.0,5,0.0,2,0,1,1632.4624999999942,0,0,3,0.0
8670,15799641,Bruno,515.5,Spain,Male,26.0,2,0.0,2,1,0,1632.4624999999942,0,0,3,0.0
8671,15758702,Watson,515.5,France,Female,26.0,8,0.0,2,1,1,1632.4624999999942,0,0,4,0.0
8672,15689526,Shih,515.5,Germany,Female,26.0,9,127543.11,2,1,0,468.94,1,0,3,271.981724740905
8673,15586848,Rose,515.5,France,Male,26.0,1,0.0,2,1,0,1632.4624999999942,0,1,3,0.0
8674,15707637,Zikoranachukwudimma,515.5,France,Female,26.0,1,0.0,1,1,0,1632.4624999999942,1,0,2,0.0
8675,15719426,Cole,515.5,France,Male,26.0,8,103101.56,2,1,1,1632.4624999999942,1,0,4,63.15707711509475
8676,15639265,Isaacs,515.5,France,Male,26.0,7,126113.28,1,1,0,1632.4624999999942,0,0,2,77.25340092038896
8677,15576124,Muravyova,515.5,France,Male,26.0,1,40488.76,1,1,0,1632.4624999999942,0,0,2,24.802260388829847
8678,15757829,Timperley,515.5,Germany,Female,26.0,10,137389.77,2,1,0,1632.4624999999942,0,0,3,84.16105729840685
8679,15633227,Kenechukwu,515.5,France,Female,26.0,9,85146.36,1,0,0,1632.4624999999942,0,0,1,52.15823334379828
8680,15753092,He,515.5,Germany,Male,26.0,5,129828.58,1,1,1,1632.4624999999942,1,0,3,79.52928780906174
8681,15782939,Storey,515.5,France,Male,26.0,4,80214.36,1,1,0,1632.4624999999942,1,0,2,49.137030712803686
8682,15746338,Onyekachukwu,515.5,France,Female,26.0,2,0.0,2,1,1,1632.4624999999942,0,1,4,0.0
8683,15590676,Kharlamova,515.5,France,Male,26.0,1,141796.43,1,1,0,1632.4624999999942,0,0,2,86.86045161833763
8684,15599329,Christopher,515.5,France,Female,26.0,7,195238.29,4,0,1,1632.4624999999942,1,0,5,119.59741188541894
8685,15783097,Lombardo,515.5,Germany,Male,26.0,6,111348.15,1,1,0,1632.4624999999942,0,0,2,68.20870310956631
8686,15597885,Kerr,515.5,France,Male,26.0,6,0.0,2,1,1,1632.4624999999942,0,0,4,0.0
8687,15597467,Duncan,515.5,France,Female,26.0,8,0.0,2,1,1,1632.4624999999942,0,1,4,0.0
8688,15724764,Lawley,515.5,Germany,Female,26.0,10,64404.26,2,0,0,1632.4624999999942,0,0,2,39.45221406311032
8689,15778418,Burns,515.5,Germany,Male,26.0,9,154309.67,1,1,1,1632.4624999999942,1,0,3,94.52570579722386
8690,15684769,Whitson,515.5,France,Male,26.0,10,129431.36,1,0,1,1632.4624999999942,0,0,2,79.28596215839596
8691,15756167,Doyne,515.5,Spain,Female,26.0,5,134204.67,1,1,1,1632.4624999999942,0,0,3,82.20995581828096
8692,15632439,Pinto,515.5,France,Female,26.0,4,0.0,2,0,1,1632.4624999999942,0,0,3,0.0
8693,15755138,Chin,515.5,France,Female,26.0,8,0.0,2,1,1,1632.4624999999942,0,0,4,0.0
8694,15659092,Davide,515.5,France,Female,26.0,5,0.0,2,1,0,1632.4624999999942,1,1,3,0.0
8695,15742116,Torres,515.5,Germany,Female,26.0,9,116711.06,2,0,0,1632.4624999999942,0,0,2,71.49386892501384
8696,15801994,Buccho,515.5,France,Male,26.0,9,0.0,2,1,0,1632.4624999999942,0,1,3,0.0
8697,15647572,Greece,504.0,Spain,Male,26.0,0,54980.81,1,1,1,1632.4624999999942,0,0,3,33.67967717482037
8698,15644551,Wimble,515.5,Spain,Female,26.0,3,99773.85,2,1,0,1632.4624999999942,0,0,3,61.11861681355643
8699,15709135,Pirozzi,515.5,Germany,Male,26.0,7,101231.77,2,0,0,1632.4624999999942,0,0,2,62.0116970527656
8700,15684469,Hsiung,515.5,Germany,Male,26.0,2,117070.21,1,1,0,1632.4624999999942,0,0,2,71.71387397872871
8702,15667093,Onio,515.5,France,Male,26.0,2,0.0,1,1,1,1632.4624999999942,0,0,3,0.0
8703,15690589,Udinesi,515.5,France,Male,26.0,9,212314.03,1,0,1,1632.4624999999942,0,0,2,130.05752352657458
8704,15595350,Fermin,515.5,France,Female,26.0,3,136067.82,2,1,0,1632.4624999999942,0,0,3,83.35126840585954
8705,15777586,Moss,515.5,Spain,Female,26.0,2,109052.04,2,1,0,1632.4624999999942,0,0,3,66.8021715659627
8706,15804064,Docherty,515.5,France,Female,26.0,2,79126.17,1,1,1,1632.4624999999942,0,0,3,48.47043653376435
8707,15717770,Marcelo,515.5,Spain,Female,26.0,7,0.0,1,0,0,1632.4624999999942,1,1,1,0.0
8708,15754443,Fadden,443.0,France,Female,26.0,9,108308.0,1,1,0,1632.4624999999942,1,0,2,66.34639386815954
8709,15776939,Zox,515.5,Germany,Female,26.0,3,102290.56,2,1,0,1632.4624999999942,0,0,3,62.66028162974669
8710,15713517,Otitodilinna,515.5,France,Male,26.0,6,102025.08,2,1,0,1632.4624999999942,0,0,3,62.49765614830378
8711,15683522,Kennedy,515.5,Germany,Female,26.0,2,113383.07,1,1,1,1632.4624999999942,0,0,3,69.45523710345591
8712,15673995,Tu,515.5,Spain,Female,26.0,9,102541.1,1,1,0,1632.4624999999942,0,0,2,62.81375529300083
8713,15771054,Barnes,469.0,Spain,Male,26.0,5,0.0,2,1,0,1632.4624999999942,0,1,3,0.0
8714,15578788,Bibi,515.5,Spain,Male,26.0,6,0.0,2,0,0,1632.4624999999942,0,0,2,0.0
8715,15737408,L?,515.5,France,Female,26.0,6,109941.51,1,1,0,1632.4624999999942,0,0,2,67.3470355368043
8716,15750837,Landseer,515.5,Germany,Male,26.0,0,141749.68,1,0,1,1632.4624999999942,0,0,2,86.83181390077904
8717,15576022,Nwachinemelu,515.5,France,Male,26.0,5,0.0,2,0,1,1632.4624999999942,0,0,3,0.0
8718,15635502,Ch'iu,443.0,France,Male,26.0,2,0.0,1,1,0,1632.4624999999942,0,1,2,0.0
8719,15627298,Vinogradova,515.5,France,Male,26.0,7,85146.48,2,1,0,1632.4624999999942,1,0,3,52.15830685237811
8720,15811415,Jenks,515.5,France,Female,26.0,6,134066.1,2,1,1,1632.4624999999942,0,0,4,82.12507178572278
8721,15645059,Crace,515.5,France,Female,26.0,8,0.0,2,0,0,1632.4624999999942,0,1,2,0.0
8722,15689671,Packham,515.5,Spain,Male,26.0,4,0.0,1,1,1,1632.4624999999942,0,0,3,0.0
8723,15718667,T'ien,515.5,France,Male,26.0,7,87619.29,1,1,0,143.34,0,0,2,611.2689409794892
8724,15803202,Onyekachi,380.5,France,Male,26.0,10,0.0,1,1,1,1632.4624999999942,1,1,3,0.0
8725,15593683,Solomina,515.5,Spain,Female,26.0,8,0.0,2,1,0,1632.4624999999942,0,1,3,0.0
8726,15703394,Hawes,515.5,Spain,Male,26.0,3,0.0,2,1,0,1632.4624999999942,0,0,3,0.0
8727,15570289,Benson,515.5,Germany,Male,26.0,8,103409.16,1,1,0,1632.4624999999942,1,0,2,63.34550410805784
8728,15567437,Emenike,515.5,Germany,Female,26.0,7,123040.38,1,1,1,1632.4624999999942,0,0,3,75.3710299624037
8729,15711687,Nero,434.0,France,Male,26.0,4,108128.52,1,0,1,1632.4624999999942,0,0,2,66.23644953559447
8730,15656592,Toscano,515.5,Germany,Male,26.0,8,169023.33,2,1,1,1632.4624999999942,0,0,4,103.5388745530146
8731,15634373,Yang,515.5,France,Male,26.0,5,0.0,2,0,1,1632.4624999999942,0,1,3,0.0
8732,15769125,Palerma,515.5,Spain,Female,26.0,10,0.0,2,0,1,1632.4624999999942,0,0,3,0.0
8733,15711386,Trentini,515.5,France,Female,26.0,6,0.0,2,0,1,1632.4624999999942,0,0,3,0.0
8734,15714241,Haddon,515.5,Spain,Male,26.0,9,222267.63,1,0,0,1632.4624999999942,1,0,1,136.15481519483652
8735,15642530,Coates,515.5,Germany,Female,26.0,10,144090.42,1,1,0,1632.4624999999942,1,0,2,88.26568451036427
8736,15713599,Castiglione,515.5,France,Male,26.0,10,114835.43,1,0,1,1632.4624999999942,0,0,2,70.34491144513298
8737,15744770,Stone,515.5,France,Male,26.0,2,0.0,2,0,0,1632.4624999999942,0,0,2,0.0
8738,15780498,Maynard,515.5,France,Male,26.0,3,145030.92,1,1,1,1632.4624999999942,0,0,3,88.84180800477839
8739,15624397,Moore,515.5,France,Male,26.0,8,71240.3,1,0,1,1632.4624999999942,0,0,2,43.63977733026042
8740,15615219,Obielumani,515.5,France,Male,26.0,5,138772.15,1,0,1,1632.4624999999942,0,0,2,85.00786388661332
8741,15570908,Harding,515.5,Spain,Female,26.0,7,93617.07,1,0,1,1632.4624999999942,0,0,2,57.347148862531505
8743,15661827,Brown,515.5,Spain,Female,26.0,4,0.0,2,1,1,1632.4624999999942,0,0,4,0.0
8745,15691906,Esposito,515.5,Germany,Female,26.0,5,127421.78,2,1,0,1632.4624999999942,1,0,3,78.05495072628037
8746,15793424,Tan,515.5,Spain,Female,26.0,8,61274.7,2,1,0,1632.4624999999942,0,0,3,37.53513480401554
8747,15577905,Hammond,515.5,France,Male,26.0,8,106486.66,2,0,1,1632.4624999999942,0,0,3,65.23069289493657
8748,15667216,Chung,515.5,France,Female,26.0,10,73194.52,2,1,1,1632.4624999999942,0,0,4,44.836876804214654
8749,15673971,Houghton,515.5,Germany,Female,26.0,6,146498.76,1,1,0,1632.4624999999942,1,0,2,89.74096495325347
8750,15701238,Chia,515.5,France,Male,26.0,1,0.0,2,1,0,1632.4624999999942,0,1,3,0.0
8751,15644849,Zikoranachidimma,515.5,France,Female,26.0,2,0.0,1,1,1,1632.4624999999942,0,0,3,0.0
8752,15635531,Boag,515.5,Spain,Female,26.0,8,0.0,2,1,0,1632.4624999999942,0,1,3,0.0
8753,15632263,Pagnotto,515.5,Spain,Male,26.0,5,120355.0,1,1,0,1632.4624999999942,0,0,2,73.726042711548
8754,15720110,Oluchukwu,515.5,France,Male,26.0,2,117265.21,1,1,1,1632.4624999999942,0,0,3,71.83332542095174
8755,15619045,Baxter,515.5,France,Female,26.0,4,0.0,2,0,1,1632.4624999999942,0,1,3,0.0
8756,15697510,Tien,515.5,Spain,Female,26.0,7,0.0,1,1,0,1632.4624999999942,1,1,2,0.0
8757,15784923,Chimezie,515.5,Germany,Female,26.0,3,109974.22,1,1,1,1632.4624999999942,1,0,3,67.36707275052284
8758,15567383,Slone,515.5,Germany,Female,26.0,2,98009.13,2,0,1,1632.4624999999942,0,0,3,60.03759963858303
8759,15732621,Martin,515.5,France,Male,26.0,10,0.0,1,1,1,1632.4624999999942,0,1,3,0.0
8760,15757981,Loggia,515.5,France,Male,26.0,8,0.0,1,1,1,1632.4624999999942,0,1,3,0.0
8761,15727819,Hartley,515.5,Spain,Female,26.0,10,171671.9,1,1,1,1632.4624999999942,0,0,3,105.16131304700758
8762,15738088,Parkin,515.5,Spain,Male,26.0,10,0.0,2,1,0,1632.4624999999942,1,0,3,0.0
8763,15765173,Lin,380.5,France,Female,26.0,3,0.0,1,0,0,1632.4624999999942,1,1,1,0.0
8764,15665159,Brooks,515.5,France,Male,26.0,0,128213.96,2,1,1,1632.4624999999942,1,0,4,78.54021761602516
8765,15618203,Tien,515.5,Germany,Male,26.0,8,116197.65,2,1,1,1632.4624999999942,0,0,4,71.1793685919281
8766,15791452,Dann,515.5,France,Male,26.0,1,0.0,2,1,0,1632.4624999999942,0,1,3,0.0
8767,15638159,Trentino,515.5,Spain,Female,26.0,6,86607.39,1,0,0,1632.4624999999942,0,0,1,53.05321868036804
8768,15585466,Russo,515.5,France,Male,26.0,10,0.0,2,1,0,1632.4624999999942,0,0,3,0.0
8769,15677310,Christie,515.5,Germany,Male,26.0,5,98854.34,1,0,0,1632.4624999999942,1,0,1,60.55535119489749
8770,15646262,Ross,515.5,France,Male,26.0,7,0.0,1,1,0,1632.4624999999942,0,0,2,0.0
8771,15656901,Nnonso,515.5,France,Male,26.0,8,0.0,2,1,1,1632.4624999999942,0,1,4,0.0
8772,15621093,Teng,515.5,Germany,Male,26.0,4,97338.19,2,0,0,1632.4624999999942,0,0,2,59.62660091732603
8773,15592123,Buccho,515.5,France,Male,26.0,6,0.0,2,1,1,1632.4624999999942,0,1,4,0.0
8774,15589200,Madukaife,515.5,Spain,Male,26.0,9,0.0,2,1,0,1632.4624999999942,0,1,3,0.0
8775,15602934,Dunn,452.0,France,Female,26.0,6,131698.57,2,1,0,1632.4624999999942,0,0,3,80.67479038569063
8776,15812720,Hooker,515.5,Germany,Male,26.0,10,130110.45,2,0,1,1632.4624999999942,0,0,3,79.70195333736638
8777,15695383,Griffin,515.5,Spain,Male,26.0,9,0.0,2,1,0,1632.4624999999942,0,0,3,0.0
8778,15723064,Kistler,515.5,Spain,Male,24.0,1,165149.13,2,1,0,1632.4624999999942,0,0,3,101.16565005321752
8779,15761606,Law,515.5,Spain,Female,26.0,9,101707.8,1,1,0,1632.4624999999942,0,0,2,62.303299463234445
8780,15650322,Grigoryeva,515.5,France,Female,26.0,3,105588.66,1,0,1,1632.4624999999942,0,0,2,64.68060368921208
8781,15669782,Chu,515.5,Germany,Male,26.0,9,111336.89,1,1,0,1632.4624999999942,1,0,2,68.20180555449231
8782,15751628,Onyemachukwu,438.0,France,Male,26.0,7,78391.17,1,0,1,1632.4624999999942,0,0,2,48.02019648230834
8783,15809057,Lu,515.5,Spain,Female,26.0,6,0.0,2,1,1,1632.4624999999942,0,1,4,0.0
8784,15617052,Watson,515.5,France,Male,26.0,9,0.0,1,1,0,1632.4624999999942,1,1,2,0.0
8785,15590810,Fallaci,515.5,Germany,Female,26.0,9,144326.09,1,1,0,1632.4624999999942,1,0,2,88.41004923543451
8786,15801293,Ni,515.5,Germany,Male,26.0,1,101278.25,2,1,1,1632.4624999999942,0,0,4,62.04016937601958
8788,15572356,Tsai,515.5,Spain,Male,26.0,1,108555.07,1,0,1,1632.4624999999942,0,0,2,66.4977419083136
8789,15603247,Bruner,515.5,Germany,Female,26.0,1,146781.24,1,1,0,1632.4624999999942,0,0,2,89.91400415017222
8790,15619116,Wallace,493.0,France,Female,26.0,2,0.0,2,0,1,1632.4624999999942,0,0,3,0.0
8791,15691792,Young,416.0,Spain,Male,26.0,8,0.0,1,0,0,1632.4624999999942,0,1,1,0.0
8793,15766137,Muir,497.0,France,Male,26.0,2,0.0,2,1,1,1632.4624999999942,0,0,4,0.0
8794,15574554,Pugh,515.5,Germany,Male,26.0,8,103291.25,2,1,1,1632.4624999999942,0,0,4,63.273275802660315
8795,15578671,Webb,515.5,Spain,Female,26.0,1,209490.21,1,1,1,1632.4624999999942,1,0,3,128.32773187745553
8796,15716608,Walker,515.5,Spain,Male,26.0,2,0.0,3,1,0,1632.4624999999942,1,0,4,0.0
8797,15690670,Cox,515.5,France,Male,26.0,2,0.0,2,0,1,1632.4624999999942,0,1,3,0.0
8798,15630466,Maclean,515.5,France,Male,26.0,8,0.0,1,0,0,1632.4624999999942,0,1,1,0.0
8799,15630349,Hollis,515.5,Spain,Male,23.0,5,0.0,2,1,0,1632.4624999999942,0,1,3,0.0
8800,15803801,Jamieson,454.0,France,Male,26.0,4,0.0,2,1,0,1632.4624999999942,0,1,3,0.0
8801,15647890,Su,515.5,France,Male,26.0,9,149405.18,1,1,1,1632.4624999999942,0,0,3,91.52135500815518
8802,15606115,P'eng,510.0,France,Female,26.0,6,191665.21,1,1,1,1632.4624999999942,1,0,3,117.40864491527412
8803,15714642,Hawkins,515.5,Spain,Female,26.0,7,0.0,1,1,0,1632.4624999999942,0,1,2,0.0
8804,15741181,Ndubuagha,515.5,France,Male,26.0,6,135071.12,1,1,1,1632.4624999999942,0,0,3,82.74071839322525
8805,15773973,Hill,515.5,France,Male,26.0,2,0.0,2,0,1,1632.4624999999942,0,1,3,0.0
8806,15758546,Norton,515.5,Spain,Male,26.0,8,0.0,2,1,1,1632.4624999999942,0,0,4,0.0
8807,15598940,Achebe,515.5,Germany,Male,26.0,6,181804.34,2,1,1,1632.4624999999942,0,0,4,111.36815700207548
8808,15669783,Simpson,515.5,France,Female,26.0,3,47020.65,2,0,1,1632.4624999999942,1,0,3,28.803510034686965
8809,15624993,Chiang,515.5,France,Female,26.0,7,128518.98,1,1,1,1632.4624999999942,1,0,3,78.7270641745219
8810,15760568,Dalrymple,515.5,Germany,Female,26.0,5,142658.04,2,0,1,1632.4624999999942,0,0,3,87.38824934722881
8812,15616168,Ojiofor,515.5,France,Female,26.0,7,81905.95,1,1,1,1632.4624999999942,0,0,3,50.17325053408595
8813,15773146,Rubeo,515.5,France,Male,26.0,3,137998.2,2,0,1,1632.4624999999942,0,0,3,84.53376417528764
8814,15770375,Fanucci,515.5,Germany,Female,26.0,8,123126.29,1,1,0,1632.4624999999942,0,0,2,75.42365597984666
8815,15589725,Zubarev,515.5,France,Female,26.0,4,0.0,2,1,1,1632.4624999999942,0,1,4,0.0
8816,15710034,T'ao,515.5,Germany,Male,26.0,1,135645.29,2,0,1,1632.4624999999942,1,0,3,83.09243857056471
8817,15800806,Pai,515.5,Spain,Male,26.0,7,122449.31,2,1,1,1632.4624999999942,0,0,4,75.00895732673824
8818,15570485,Udegbunam,515.5,Spain,Male,26.0,4,161766.87,1,0,0,1632.4624999999942,0,0,1,99.09377397643166
8819,15575391,Claypool,515.5,France,Female,26.0,3,0.0,2,1,1,1632.4624999999942,0,0,4,0.0
8820,15790750,Manfrin,515.5,Germany,Male,26.0,10,123187.51,1,0,1,1632.4624999999942,0,0,2,75.4611576069897
8821,15714832,Baker,515.5,Germany,Male,26.0,9,150956.71,1,0,0,1632.4624999999942,0,0,1,92.47177806534638
8822,15619953,Efremov,515.5,Spain,Female,26.0,6,105021.28,1,1,0,1632.4624999999942,0,0,2,64.33304287234799
8823,15673929,Chin,515.5,France,Male,26.0,4,0.0,2,1,1,1632.4624999999942,0,1,4,0.0
8824,15578835,Brookes,515.5,Spain,Female,26.0,1,133204.91,1,0,1,1632.4624999999942,0,0,2,81.59753133686101
8825,15752388,Doyle,515.5,Spain,Female,26.0,6,0.0,2,1,1,1632.4624999999942,0,0,4,0.0
8826,15797081,Ajuluchukwu,515.5,Germany,Female,26.0,9,115488.52,2,1,1,1632.4624999999942,1,0,4,70.74497576514034
8827,15570194,Ikemefuna,412.0,France,Male,26.0,5,0.0,2,0,0,1632.4624999999942,0,0,2,0.0
8828,15580149,Fowler,515.5,Spain,Male,26.0,7,0.0,2,1,0,1632.4624999999942,0,0,3,0.0
8829,15777708,Liao,515.5,Spain,Female,26.0,3,0.0,2,1,0,1632.4624999999942,0,1,3,0.0
8830,15769955,Onuora,515.5,France,Female,26.0,1,0.0,2,0,0,1632.4624999999942,0,0,2,0.0
8831,15810444,Aksenov,515.5,Germany,Female,26.0,6,130565.02,1,1,0,1632.4624999999942,1,0,2,79.98040996347571
8832,15645593,Trevisani,515.5,France,Female,26.0,2,91328.71,1,1,0,1632.4624999999942,0,0,2,55.94536474804189
8833,15765345,Wood,515.5,France,Male,26.0,4,0.0,2,1,1,1632.4624999999942,0,1,4,0.0
8834,15760873,Lombardo,515.5,France,Male,26.0,7,81310.34,1,1,1,1632.4624999999942,0,0,3,49.808396823816956
8835,15794178,Walpole,515.5,France,Male,26.0,3,107136.6,1,1,0,1632.4624999999942,0,0,2,65.62882761472339
8836,15589361,Chikwendu,515.5,Spain,Male,26.0,9,0.0,1,1,1,1632.4624999999942,0,0,3,0.0
8837,15662483,Ko,515.5,France,Male,26.0,7,0.0,2,1,1,1632.4624999999942,0,1,4,0.0
8838,15809736,Steigrad,515.5,France,Male,26.0,2,0.0,1,1,1,1632.4624999999942,1,1,3,0.0
8839,15731148,Isayeva,515.5,France,Male,26.0,0,108477.49,1,1,1,1632.4624999999942,1,0,3,66.45021861145379
8840,15774328,Boni,515.5,Germany,Male,26.0,1,144757.97,2,1,1,1632.4624999999942,0,0,4,88.67460661424107
8841,15646969,Anayolisa,515.5,Spain,Male,26.0,2,0.0,2,1,1,1632.4624999999942,0,1,4,0.0
8842,15718769,Fallaci,515.5,Spain,Male,26.0,1,113110.26,1,1,0,1632.4624999999942,0,0,2,69.28812147292841
8843,15610226,Fenton,515.5,France,Female,26.0,9,106414.57,2,0,0,1632.4624999999942,0,0,2,65.18653261560397
8844,15616270,Chao,515.5,Spain,Male,26.0,4,106920.91,1,0,1,1632.4624999999942,0,0,2,65.49670206819476
8845,15790717,Osinachi,515.5,Spain,Male,26.0,7,0.0,2,1,0,1632.4624999999942,0,1,3,0.0
8846,15635703,Chu,515.5,Germany,Female,26.0,1,131513.26,1,1,1,1632.4624999999942,0,0,3,80.56127476128884
8847,15616365,Obiuto,515.5,France,Female,26.0,2,0.0,2,1,0,1632.4624999999942,0,0,3,0.0
8848,15630244,Chu,457.0,France,Male,26.0,10,134320.23,2,1,0,1632.4624999999942,0,0,3,82.28074458065683
8849,15734714,Nash,515.5,France,Female,26.0,3,79715.36,1,1,0,1632.4624999999942,0,0,2,48.831357535012465
8850,15721433,Hixson,515.5,France,Female,26.0,4,74306.19,2,1,0,1632.4624999999942,0,0,3,45.51785416204064
8851,15590201,Fiorentini,500.0,Spain,Female,26.0,5,0.0,4,1,1,1632.4624999999942,1,0,6,0.0
8852,15590828,Chidimma,515.5,Germany,Male,26.0,7,126428.38,1,1,0,1632.4624999999942,0,0,2,77.44642219959138
8853,15752097,Chiazagomekpere,515.5,Spain,Male,26.0,8,99640.89,1,1,0,1632.4624999999942,0,0,2,61.03716930710528
8854,15800031,Laura,515.5,France,Male,26.0,3,66338.68,1,1,1,1632.4624999999942,1,0,3,40.63718462139267
8855,15630857,Wu,515.5,Spain,Female,26.0,6,0.0,2,1,1,1632.4624999999942,0,0,4,0.0
8856,15689953,Toscani,515.5,Spain,Male,26.0,10,128226.37,1,0,0,1632.4624999999942,0,0,1,78.54781962832251
8857,15759733,McMillan,515.5,France,Female,26.0,5,0.0,2,1,1,1632.4624999999942,0,0,4,0.0
8858,15810826,Chiekwugo,515.5,France,Male,26.0,6,0.0,2,0,0,1632.4624999999942,0,0,2,0.0
8859,15668009,Hendley,515.5,Spain,Male,26.0,1,0.0,2,0,1,1632.4624999999942,0,1,3,0.0
8860,15743456,Birnie,515.5,France,Female,26.0,10,0.0,2,1,0,1632.4624999999942,0,0,3,0.0
8861,15725762,Kemp,515.5,France,Male,24.0,4,122168.65,1,1,0,1632.4624999999942,0,0,2,74.8370330099469
8862,15761713,Johnstone,515.5,France,Female,26.0,7,178074.33,1,0,0,1632.4624999999942,0,0,1,109.08325918665858
8863,15769246,Lo Duca,515.5,Germany,Male,26.0,2,135078.41,1,1,0,1632.4624999999942,1,0,2,82.7451840394499
8864,15781129,Montgomery,515.5,Spain,Male,26.0,8,69434.4,2,1,1,1632.4624999999942,1,0,4,42.53353446097552
8865,15599124,Miller,515.5,France,Female,26.0,5,0.0,2,1,0,1632.4624999999942,0,1,3,0.0
8866,15639004,Chiemezie,515.5,France,Male,26.0,2,0.0,2,1,1,1632.4624999999942,0,0,4,0.0
8867,15810995,Wright,515.5,Germany,Male,26.0,3,122726.56,1,1,1,1632.4624999999942,0,0,3,75.17879277471944
8868,15653773,Shaw,457.0,France,Female,26.0,7,164496.99,1,1,1,1632.4624999999942,0,0,3,100.7661676761338
8869,15708357,Chapman,515.5,Spain,Female,26.0,8,0.0,1,1,0,1632.4624999999942,0,1,2,0.0
8870,15733597,Y?an,515.5,France,Female,26.0,0,150219.41,2,0,0,1632.4624999999942,0,0,2,92.02012909944365
8871,15789560,Clark,515.5,France,Male,26.0,8,187534.79,1,1,1,1632.4624999999942,1,0,3,114.87846734611097
8872,15699524,Howells,466.0,France,Female,26.0,3,0.0,1,1,0,1632.4624999999942,0,1,2,0.0
8873,15626475,Gamble,515.5,France,Male,26.0,2,0.0,2,1,1,1632.4624999999942,0,1,4,0.0
8874,15810839,Rogers,515.5,France,Male,26.0,0,103108.17,1,0,0,1632.4624999999942,0,0,1,63.16112621270036
8875,15684318,McMillan,515.5,Germany,Female,26.0,6,96486.57,2,1,1,1632.4624999999942,0,0,4,59.104922777705674
8876,15768120,Brown,515.5,Germany,Male,26.0,9,90560.48,2,1,0,1632.4624999999942,0,0,3,55.474768945688076
8877,15712807,Robertson,515.5,Spain,Male,26.0,3,131764.96,1,1,1,1632.4624999999942,1,0,3,80.71545900748131
8878,15696371,Thomas,515.5,Spain,Female,24.0,1,92476.88,1,0,0,1632.4624999999942,0,0,1,56.64870096556603
8879,15675794,Hsing,515.5,Germany,Male,26.0,9,152076.93,1,1,0,1632.4624999999942,1,0,2,93.15799290948523
8880,15774277,Chiu,515.5,France,Male,26.0,2,0.0,2,1,1,1632.4624999999942,0,1,4,0.0
8881,15603764,Chang,515.5,France,Male,26.0,4,0.0,1,1,1,1632.4624999999942,1,1,3,0.0
8882,15618647,Kornilova,515.5,France,Male,26.0,1,43504.42,1,1,1,1632.4624999999942,0,0,3,26.649567754236408
8883,15614643,Chifo,515.5,Spain,Female,26.0,2,0.0,2,1,0,1632.4624999999942,0,1,3,0.0
8884,15707696,Lu,471.0,Spain,Female,26.0,5,0.0,2,1,1,1632.4624999999942,0,0,4,0.0
8885,15749583,Bellucci,515.5,Germany,Female,26.0,2,93569.86,3,0,0,1632.4624999999942,1,0,3,57.318229362083564
8886,15815125,Michael,515.5,Spain,Male,26.0,4,102486.21,2,1,1,1632.4624999999942,0,0,4,62.7801312434438
8887,15779620,Sinclair,515.5,France,Male,26.0,1,0.0,1,0,1,1632.4624999999942,0,0,2,0.0
8888,15768233,Chukwuebuka,435.0,Germany,Male,26.0,8,114346.3,1,0,1,980.93,1,0,2,116.56927609513421
8889,15637788,Schmidt,515.5,France,Male,23.0,3,110203.77,1,1,0,1632.4624999999942,0,0,2,67.5076885380218
8890,15777046,Parry,515.5,France,Female,26.0,9,128362.59,1,1,0,1632.4624999999942,0,0,2,78.63126411785903
8891,15788723,McIntyre,515.5,Germany,Female,26.0,10,143888.22,2,1,1,1632.4624999999942,1,0,4,88.14182255335146
8892,15790489,Lo Duca,515.5,Spain,Male,26.0,5,170600.78,1,0,1,1632.4624999999942,0,0,2,104.50517546344899
8893,15739476,Ferrari,515.5,France,Female,26.0,5,0.0,1,1,1,1632.4624999999942,0,1,3,0.0
8894,15612670,Berry,515.5,Spain,Female,26.0,10,0.0,2,1,1,1632.4624999999942,0,1,4,0.0
8895,15631222,Cattaneo,485.0,France,Female,26.0,2,75339.64,1,1,1,1632.4624999999942,0,0,3,46.15091617724773
8896,15658972,Foster,515.5,France,Female,26.0,8,122038.34,1,1,0,1632.4624999999942,0,0,2,74.75720881796698
8897,15724691,Gordon,515.5,France,Male,26.0,1,0.0,2,1,1,1632.4624999999942,0,1,4,0.0
8898,15740442,May,515.5,France,Male,26.0,8,186825.57,1,1,0,1632.4624999999942,1,0,2,114.44401938788835
8899,15760427,Cameron,515.5,France,Male,26.0,6,124788.18,1,1,0,1632.4624999999942,0,0,2,76.44168242762112
8900,15677939,Ch'eng,515.5,France,Female,26.0,3,0.0,2,1,1,1632.4624999999942,0,1,4,0.0
8901,15611599,Curtis,515.5,France,Female,26.0,2,0.0,2,1,1,1632.4624999999942,0,0,4,0.0
8902,15633474,Whitehead,515.5,France,Male,26.0,2,138553.57,1,1,1,1632.4624999999942,0,0,3,84.87396800845379
8903,15671973,Chukwuemeka,467.0,Spain,Male,26.0,5,0.0,2,1,1,1632.4624999999942,0,0,4,0.0
8904,15790019,Onwughara,515.5,France,Male,26.0,9,105387.89,1,1,1,1632.4624999999942,0,0,3,64.55761770944225
8905,15737735,Grant,515.5,Spain,Male,26.0,4,95053.1,1,1,1,1632.4624999999942,1,0,3,58.226819911636774
8906,15661745,Browne,515.5,France,Male,26.0,3,0.0,1,0,1,1632.4624999999942,0,1,2,0.0
8907,15797065,Goloubev,515.5,Spain,Female,26.0,0,0.0,2,0,1,1632.4624999999942,0,1,3,0.0
8908,15710671,Gordon,515.5,France,Male,26.0,3,137361.96,1,0,0,1632.4624999999942,0,0,1,84.14402168503135
8909,15656522,Sutherland,515.5,Spain,Male,26.0,10,158537.42,1,1,0,1632.4624999999942,0,0,2,97.11550495034378
8910,15705085,Quesada,515.5,Spain,Female,26.0,9,0.0,2,1,0,1632.4624999999942,0,0,3,0.0
8911,15744873,Wright,515.5,Germany,Female,26.0,5,143595.87,1,0,0,1632.4624999999942,1,0,1,87.96273727574172
8912,15781914,Simmons,515.5,Germany,Male,26.0,9,169947.41,2,1,1,1632.4624999999942,0,0,4,104.10493962342204
8914,15717307,Read,496.0,France,Male,26.0,5,0.0,2,1,0,1632.4624999999942,0,0,3,0.0
8915,15746695,Wunder,429.0,France,Female,26.0,6,48023.83,1,1,0,1632.4624999999942,0,0,2,29.41802951063205
8916,15804962,Nnaife,515.5,France,Male,26.0,1,155655.46,1,1,1,1632.4624999999942,1,0,3,95.35009839429729
8917,15665378,Shen,499.0,France,Female,26.0,6,0.0,2,1,0,1632.4624999999942,0,0,3,0.0
8918,15757865,Powell,515.5,France,Male,26.0,7,0.0,2,1,1,1632.4624999999942,0,0,4,0.0
8919,15578787,Goddard,515.5,France,Female,26.0,4,0.0,1,1,0,1632.4624999999942,1,0,2,0.0
8920,15794323,Buckley,515.5,France,Male,26.0,8,121240.76,1,1,0,1632.4624999999942,0,0,2,74.26863404212986
8921,15697546,McIntyre,515.5,France,Female,26.0,3,0.0,2,1,0,1632.4624999999942,0,0,3,0.0
8922,15629519,Yen,472.0,France,Female,26.0,1,0.0,2,1,1,1632.4624999999942,0,0,4,0.0
8923,15624703,Okonkwo,515.5,Germany,Male,26.0,9,129847.75,2,1,0,1632.4624999999942,0,0,3,79.54103080468951
8924,15570002,Burlingame,515.5,Germany,Female,26.0,8,118772.71,4,0,0,1632.4624999999942,1,0,4,72.75677695506049
8925,15808566,Hs?,515.5,France,Male,26.0,2,0.0,2,1,1,1632.4624999999942,0,1,4,0.0
8926,15805463,Board,515.5,Germany,Male,26.0,2,105163.88,2,1,1,1632.4624999999942,0,0,4,64.42039556804544
8927,15709136,Adams,515.5,France,Male,26.0,8,0.0,2,1,1,1632.4624999999942,0,1,4,0.0
8928,15801605,Rizzo,515.5,France,Female,26.0,0,0.0,2,1,1,1632.4624999999942,0,0,4,0.0
8929,15567855,Chukwufumnanya,515.5,France,Female,26.0,1,0.0,2,0,0,1632.4624999999942,0,0,2,0.0
8930,15675141,Fraser,515.5,France,Female,26.0,4,93934.63,1,1,0,1632.4624999999942,0,0,2,57.54167706762045
8931,15665759,Russell,515.5,France,Female,26.0,5,117866.92,1,1,1,1632.4624999999942,0,0,3,72.20191581736206
8932,15761487,Yefimova,515.5,France,Female,26.0,5,0.0,1,0,1,1632.4624999999942,1,1,2,0.0
8933,15700394,Palermo,515.5,Spain,Female,26.0,4,122857.46,2,1,0,1632.4624999999942,1,0,3,75.25897838388352
8934,15631162,Bergamaschi,515.5,France,Male,26.0,10,0.0,2,0,1,1632.4624999999942,0,1,3,0.0
8935,15630641,Shao,515.5,France,Female,26.0,6,127103.97,1,1,1,1632.4624999999942,0,0,3,77.86026937831677
8936,15585066,Chimaraoke,515.5,France,Female,26.0,1,0.0,1,0,1,1632.4624999999942,1,1,2,0.0
8937,15722991,McGregor,515.5,France,Male,26.0,9,96402.96,1,0,0,1632.4624999999942,1,0,1,59.053705674709434
8938,15737404,Kesteven,515.5,France,Male,26.0,1,132512.26,1,1,1,1632.4624999999942,0,0,3,81.17323368836986
8939,15722409,Ritchie,515.5,Spain,Male,26.0,8,107604.66,1,1,1,1632.4624999999942,0,0,3,65.91554783034856
8940,15806420,Jenks,515.5,France,Male,26.0,9,0.0,2,1,0,1632.4624999999942,0,1,3,0.0
8941,15658148,Udokamma,515.5,France,Male,26.0,7,0.0,2,1,0,1632.4624999999942,0,1,3,0.0
8942,15810660,Boyle,515.5,Germany,Male,26.0,4,120875.23,2,0,1,1632.4624999999942,0,0,3,74.04472078225406
8943,15709780,Azuka,515.5,France,Female,26.0,9,71786.9,2,1,1,1632.4624999999942,0,0,4,43.97460891138403
8944,15727350,Pai,515.5,France,Female,26.0,8,113143.12,1,0,0,1632.4624999999942,0,0,1,69.30825057237173
8945,15752312,Howells,515.5,Spain,Male,26.0,1,150777.72,2,1,1,1632.4624999999942,0,0,4,92.36213389281563
8946,15616745,Hs?,515.5,Spain,Male,26.0,2,174894.53,1,1,1,1632.4624999999942,0,0,3,107.13540433547516
8947,15572294,Kelly,515.5,France,Male,26.0,7,0.0,1,0,0,1632.4624999999942,0,1,1,0.0
8948,15674110,Walton,515.5,France,Female,26.0,2,160416.56,1,0,1,1632.4624999999942,0,0,2,98.26661255618464
8949,15662501,Ebelechukwu,515.5,France,Male,26.0,3,91246.53,1,1,0,1632.4624999999942,1,0,2,55.89502362228861
8950,15649239,Vasilieva,515.5,Spain,Male,26.0,10,0.0,2,1,0,1632.4624999999942,0,1,3,0.0
8951,15700424,Hsiao,461.0,France,Female,26.0,5,0.0,1,1,1,1632.4624999999942,0,0,3,0.0
8953,15713975,Gibson,515.5,Germany,Female,26.0,10,139756.12,1,1,0,1632.4624999999942,1,0,2,85.61061586407068
8954,15592925,Giordano,515.5,Spain,Male,26.0,3,177626.77,3,0,1,1632.4624999999942,1,0,4,108.80909668675429
8955,15581626,Mancini,515.5,France,Male,26.0,8,0.0,1,1,1,1632.4624999999942,1,1,3,0.0
8956,15641319,Afanasyeva,515.5,Spain,Male,26.0,4,0.0,1,0,0,1632.4624999999942,1,1,1,0.0
8957,15723481,Wright,515.5,Spain,Male,26.0,8,0.0,2,0,1,1632.4624999999942,0,0,3,0.0
8958,15787825,Okwudiliolisa,515.5,Germany,Male,26.0,6,152496.82,1,1,1,1632.4624999999942,0,0,3,93.41520555602384
8959,15710726,Hughes,515.5,France,Male,26.0,8,0.0,2,0,1,1632.4624999999942,0,1,3,0.0
8960,15627195,Parrott,515.5,Germany,Male,26.0,1,112930.28,2,1,0,1632.4624999999942,0,0,3,69.17787085461406
8961,15657957,Hughes,515.5,Germany,Female,26.0,8,113674.2,1,1,0,1632.4624999999942,1,0,2,69.6335750438374
8962,15676117,Zinachukwudi,515.5,France,Male,26.0,9,0.0,1,1,0,1632.4624999999942,0,1,2,0.0
8963,15607874,Keane,515.5,France,Male,26.0,0,144450.58,1,0,1,1632.4624999999942,0,0,2,88.48630826129268
8964,15796993,McCollum,515.5,France,Male,26.0,1,171236.3,2,0,0,1632.4624999999942,1,0,2,104.8944769022263
8965,15649858,Simpson,469.0,Spain,Male,26.0,9,96776.49,1,1,1,1632.4624999999942,0,0,3,59.28251950657387
8966,15811032,Gambrell,477.0,Germany,Female,26.0,8,145984.92,1,1,1,1632.4624999999942,0,0,3,89.42620121442333
8967,15679963,Moretti,515.5,Germany,Male,26.0,8,96353.8,1,0,0,1632.4624999999942,0,0,1,59.02359165983926
8968,15579131,Ricci,515.5,France,Male,25.0,7,0.0,2,1,1,1632.4624999999942,0,0,4,0.0
8969,15572428,Rieke,515.5,Germany,Female,26.0,0,115777.23,1,1,1,1632.4624999999942,0,0,3,70.92183128249525
8970,15622461,Ndubuagha,515.5,France,Female,26.0,7,122822.0,2,0,0,1632.4624999999942,0,0,2,75.23725659854388
8971,15636105,Chung,515.5,Spain,Male,26.0,2,0.0,2,1,1,1632.4624999999942,0,0,4,0.0
8972,15583849,Ts'ai,408.0,France,Male,26.0,3,0.0,2,0,0,1632.4624999999942,0,1,2,0.0
8973,15718780,Cox,515.5,Spain,Female,26.0,4,79450.09,1,1,1,1632.4624999999942,0,0,3,48.66886069358425
8974,15739271,Lei,515.5,Germany,Male,26.0,2,122394.0,1,1,1,1632.4624999999942,0,0,3,74.9750759971518
8975,15697129,Ulyanova,515.5,Spain,Female,26.0,1,0.0,2,1,0,1632.4624999999942,0,0,3,0.0
8976,15763415,Gray,515.5,Germany,Male,26.0,0,134378.89,1,1,1,1632.4624999999942,0,0,3,82.3166780247635
8977,15796617,McGregor,515.5,France,Male,26.0,2,0.0,2,1,0,1632.4624999999942,0,0,3,0.0
8978,15626628,Tretiakova,515.5,Spain,Female,26.0,2,88161.85,2,1,0,1632.4624999999942,0,0,3,54.00543657205009
8979,15765857,Genovesi,515.5,Spain,Male,26.0,2,142412.13,1,1,0,1632.4624999999942,0,0,2,87.2376118900131
8980,15742511,Gordon,514.0,France,Male,26.0,3,121030.9,1,1,0,1632.4624999999942,0,0,2,74.14007978743795
8981,15786433,Aitken,515.5,Germany,Female,26.0,3,165982.43,2,1,1,1632.4624999999942,0,0,4,101.67610588298389
8982,15685805,Ginikanwa,515.5,Spain,Female,26.0,6,0.0,2,1,0,1632.4624999999942,0,0,3,0.0
8983,15627971,Coates,504.0,France,Female,26.0,8,206663.75,1,0,0,1632.4624999999942,0,0,1,126.59632303958023
8984,15783025,Piazza,515.5,Germany,Male,26.0,3,94661.53,2,1,0,1632.4624999999942,0,0,3,57.98695528993795
8985,15726289,Cawood,515.5,France,Male,25.0,0,174400.36,1,1,0,1632.4624999999942,0,0,2,106.83268987802207
8986,15802118,Ignatieff,515.5,Spain,Male,26.0,7,123428.69,1,1,1,1632.4624999999942,0,0,3,75.60889760101713
8987,15607990,Gallo,515.5,Spain,Male,26.0,6,175735.5,1,1,1,1632.4624999999942,0,0,3,107.65055858863565
8988,15695932,Yelverton,515.5,Spain,Male,26.0,5,78381.13,1,0,1,1632.4624999999942,0,0,2,48.01404626446261
8989,15812279,William,515.5,France,Male,26.0,5,115345.86,2,0,0,1632.4624999999942,0,0,2,70.65758631515297
8990,15687558,Mault,515.5,Germany,Female,26.0,10,118613.34,1,1,0,1632.4624999999942,0,0,2,72.65915143533185
8991,15729065,Mackay,515.5,Germany,Male,26.0,2,109960.06,2,1,1,1632.4624999999942,0,0,4,67.35839873810295
8992,15698902,McIntyre,515.5,Germany,Female,26.0,1,142703.4,1,1,0,1632.4624999999942,1,0,2,87.41603559040438
8993,15570192,Henry,515.5,Germany,Female,26.0,8,121729.42,1,0,0,1632.4624999999942,0,0,1,74.56797323062578
8994,15809265,Kao,515.5,France,Female,26.0,4,0.0,1,1,1,1632.4624999999942,0,1,3,0.0
8995,15745201,Frewin,515.5,France,Female,26.0,4,139496.35,2,1,1,1632.4624999999942,0,0,4,85.45148816588467
8996,15580623,Yefremova,515.5,Spain,Male,26.0,8,0.0,2,0,0,1632.4624999999942,0,0,2,0.0
8997,15578156,Anenechukwu,515.5,Spain,Male,26.0,5,138521.83,1,1,1,1632.4624999999942,0,0,3,84.85452498908886
8998,15631063,Trentino,515.5,France,Female,26.0,2,0.0,2,1,0,1632.4624999999942,0,0,3,0.0
8999,15692577,Tomlinson,515.5,Germany,Female,26.0,10,83727.68,1,1,0,1632.4624999999942,0,0,2,51.28919041019337
9000,15810910,Royston,515.5,Spain,Female,26.0,9,0.0,2,1,1,1632.4624999999942,0,1,4,0.0
9001,15723217,Cremonesi,515.5,France,Male,26.0,9,0.0,1,1,0,1632.4624999999942,0,1,2,0.0
9002,15733111,Yeh,515.5,Spain,Male,26.0,6,124179.3,1,1,1,1632.4624999999942,0,0,3,76.06869989356598
9003,15610727,Ch'in,515.5,France,Male,26.0,7,128829.25,1,1,0,1632.4624999999942,0,0,2,78.9171267333862
9004,15792720,Martinez,515.5,France,Male,26.0,6,171490.78,1,0,0,1632.4624999999942,0,0,1,105.05036409718484
9005,15723153,Wearing,515.5,Spain,Male,26.0,3,0.0,2,1,0,1632.4624999999942,0,1,3,0.0
9006,15802823,Maclean,515.5,Spain,Female,26.0,7,0.0,2,1,1,1632.4624999999942,0,1,4,0.0
9008,15684934,Rose,515.5,France,Male,26.0,9,0.0,2,1,1,1632.4624999999942,0,1,4,0.0
9009,15776936,Whitworth,475.0,France,Male,26.0,7,160818.08,1,0,1,1632.4624999999942,1,0,2,98.51257226429432
9010,15729087,Suttor,515.5,Germany,Male,26.0,9,156367.6,2,0,1,1632.4624999999942,0,0,3,95.78633506129579
9011,15786463,Hsing,515.5,Germany,Female,26.0,8,121669.93,2,0,0,91.75,1,0,2,1326.1027792915531
9012,15717498,Boni,515.5,France,Male,26.0,6,133970.22,2,0,1,1632.4624999999942,0,0,3,82.06633843043898
9013,15718406,Marshall,515.5,France,Male,26.0,3,0.0,2,1,0,1632.4624999999942,0,1,3,0.0
9014,15799468,Catchpole,515.5,France,Female,26.0,3,96127.27,1,0,0,1632.4624999999942,0,0,1,58.884825838266025
9015,15626383,Tang,515.5,Spain,Male,26.0,7,121907.97,1,0,1,1632.4624999999942,0,0,2,74.67734787169717
9016,15597385,Siddons,515.5,Spain,Male,26.0,5,0.0,2,0,1,1632.4624999999942,0,0,3,0.0
9017,15570271,Wan,515.5,Spain,Male,26.0,6,0.0,1,1,1,1632.4624999999942,0,1,3,0.0
9018,15690330,Efimov,515.5,Germany,Female,26.0,8,77701.64,1,0,1,1632.4624999999942,0,0,2,47.59781005689275
9019,15680611,Rose,515.5,France,Male,26.0,9,0.0,3,1,1,1632.4624999999942,0,0,5,0.0
9020,15810227,Fanucci,421.0,France,Male,26.0,2,0.0,2,1,1,1632.4624999999942,0,0,4,0.0
9021,15807194,Iweobiegbulam,515.5,Spain,Male,26.0,5,113922.44,2,1,0,1632.4624999999942,0,0,3,69.7856397926448
9022,15712199,Ijendu,515.5,Germany,Female,26.0,2,183997.7,2,1,1,1632.4624999999942,0,0,4,112.71174682420005
9023,15694995,O'Sullivan,515.5,France,Male,23.0,2,0.0,2,0,1,1632.4624999999942,0,0,3,0.0
9024,15723400,Hutchinson,515.5,France,Male,26.0,4,0.0,2,1,1,1632.4624999999942,0,1,4,0.0
9025,15654772,Kwemto,515.5,France,Female,26.0,6,89799.46,2,0,1,1632.4624999999942,1,0,3,55.008589783839035
9026,15574743,Chiu,515.5,Spain,Male,26.0,2,0.0,1,1,1,1632.4624999999942,0,1,3,0.0
9027,15807593,Berry,515.5,Spain,Female,26.0,7,85660.96,1,0,0,1632.4624999999942,0,0,1,52.47346263696735
9028,15686718,Hung,515.5,Germany,Male,26.0,9,115569.21,1,0,1,1632.4624999999942,0,0,2,70.79440415936074
9029,15695299,Mordvinova,515.5,France,Female,26.0,2,81828.22,1,1,0,1632.4624999999942,0,0,2,50.125635351501366
9031,15799635,Arbour,515.5,Spain,Male,26.0,2,108867.0,1,0,0,1632.4624999999942,1,0,1,66.68882133586553
9032,15742323,Barese,515.5,France,Male,26.0,7,0.0,2,1,0,1632.4624999999942,0,0,3,0.0
9033,15658435,Hingston,515.5,France,Female,26.0,5,0.0,2,0,0,1632.4624999999942,0,0,2,0.0
9034,15586029,Davis,515.5,Germany,Male,26.0,2,96152.68,2,1,0,1632.4624999999942,0,0,3,58.90039128004492
9035,15772337,Lawrence,515.5,Germany,Female,26.0,0,153855.52,1,1,1,1632.4624999999942,1,0,3,94.24750645114392
9036,15807555,Chung,515.5,France,Male,26.0,2,0.0,2,1,0,1632.4624999999942,0,1,3,0.0
9037,15603378,Padovano,515.5,France,Female,26.0,3,141334.95,1,0,1,1632.4624999999942,0,0,2,86.57776212317313
9038,15792862,Blinova,515.5,Germany,Male,26.0,1,104584.11,1,1,0,1632.4624999999942,1,0,2,64.06524499031394
9039,15657349,Carter,515.5,Germany,Female,26.0,8,98173.02,1,0,0,1632.4624999999942,1,0,1,60.137993981485245
9040,15777614,Webb,515.5,Spain,Female,26.0,1,0.0,2,1,1,1632.4624999999942,0,0,4,0.0
9041,15653952,T'an,515.5,Germany,Female,26.0,3,135157.05,1,1,1,1632.4624999999942,0,0,3,82.79335666209819
9042,15724336,Yates,513.0,Germany,Female,26.0,5,171601.27,1,1,0,1632.4624999999942,0,0,2,105.11804712206289
9043,15689594,Su,515.5,France,Male,26.0,5,179539.2,1,0,0,1632.4624999999942,0,0,1,109.9805967977829
9044,15801920,Christian,515.5,Germany,Male,26.0,5,80615.46,2,0,0,1632.4624999999942,0,0,2,49.382733140883964
9045,15653347,Chiu,515.5,Spain,Male,26.0,1,0.0,1,0,0,1632.4624999999942,1,1,1,0.0
9046,15749951,Sacco,515.5,Germany,Male,26.0,5,126285.73,1,1,0,1632.4624999999942,1,0,2,77.359038875319
9047,15648178,Lettiere,515.5,Germany,Female,23.0,4,137964.51,1,0,1,1632.4624999999942,0,0,2,84.51312664150049
9048,15738662,Daluchi,515.5,Germany,Male,26.0,9,159434.03,1,1,0,1632.4624999999942,0,0,2,97.66474268168523
9049,15640855,T'ien,515.5,Germany,Male,26.0,5,113574.61,2,1,0,1632.4624999999942,0,0,3,69.57256904829386
9050,15584288,Hung,515.5,France,Female,26.0,6,0.0,2,1,1,1632.4624999999942,0,0,4,0.0
9051,15760988,Liu,515.5,Germany,Male,26.0,9,124573.33,2,0,0,683.37,0,0,2,182.29265258937326
9052,15569624,Feng,515.5,Germany,Female,26.0,6,105864.6,2,1,0,1632.4624999999942,0,0,3,64.84963666853014
9053,15597949,Gilbert,515.5,Germany,Female,26.0,5,104552.61,1,1,0,1632.4624999999942,1,0,2,64.04594898810869
9054,15604551,Robb,515.5,France,Female,26.0,3,0.0,2,1,0,1632.4624999999942,0,0,3,0.0
9055,15617476,Manfrin,515.5,France,Female,26.0,5,0.0,2,0,1,1632.4624999999942,0,1,3,0.0
9056,15645323,Chinwenma,515.5,France,Male,26.0,2,0.0,1,1,1,1632.4624999999942,1,1,3,0.0
9057,15793311,Smith,515.5,Germany,Female,26.0,8,119492.88,2,0,1,1632.4624999999942,1,0,3,73.19793257119255
9058,15764153,Rowe,515.5,France,Female,26.0,0,130499.09,2,1,1,1632.4624999999942,0,0,4,79.94002312457435
9059,15802560,Moran,470.0,Spain,Female,26.0,6,140576.11,1,1,1,1632.4624999999942,0,0,3,86.11291836719097
9060,15728608,Walker,515.5,Germany,Female,26.0,9,91025.58,2,0,1,1632.4624999999942,0,0,3,55.75967594967745
9061,15770474,Myers,515.5,France,Female,26.0,1,0.0,3,0,1,1632.4624999999942,1,0,4,0.0
9062,15724444,Wall,515.5,France,Female,26.0,1,125877.65,2,1,1,1632.4624999999942,0,0,4,77.10906069817864
9063,15753110,McKay,515.5,Spain,Male,26.0,3,45752.78,2,1,0,1632.4624999999942,1,0,3,28.026849008782843
9064,15711521,Egobudike,515.5,France,Male,26.0,3,121778.71,1,1,1,1632.4624999999942,0,0,3,74.59816687979077
9065,15632816,Williams,515.5,Germany,Female,26.0,2,127948.57,1,1,1,1632.4624999999942,0,0,3,78.37764726601712
9066,15693637,Ochoa,515.5,France,Female,26.0,7,0.0,2,1,1,1632.4624999999942,0,1,4,0.0
9067,15725509,Otutodilinna,515.5,Germany,Male,26.0,5,115286.68,2,1,1,1632.4624999999942,0,0,4,70.62133433386703
9068,15684645,Ajuluchukwu,515.5,Germany,Male,26.0,9,62078.21,2,1,0,1632.4624999999942,0,0,3,38.02734212883924
9069,15692235,Bellucci,515.5,France,Female,26.0,1,0.0,2,1,0,1632.4624999999942,0,0,3,0.0
9070,15777459,Gordon,515.5,Spain,Female,26.0,4,175406.13,2,1,1,1632.4624999999942,1,0,4,107.44879591414849
9071,15656937,Johnston,468.0,Spain,Male,26.0,1,131643.25,1,1,0,1632.4624999999942,0,0,2,80.64090293038919
9072,15610643,De Luca,435.0,Germany,Male,26.0,3,151739.65,1,1,0,1632.4624999999942,0,0,2,92.95138479444431
9073,15777315,Hill,515.5,France,Male,26.0,6,93616.35,2,0,0,1632.4624999999942,0,0,2,57.34670781105253
9074,15611058,Eluemuno,515.5,Germany,Female,26.0,5,138597.54,2,1,1,1632.4624999999942,1,0,4,84.90090277724634
9075,15630413,Howarth,515.5,France,Female,26.0,5,0.0,2,1,1,1632.4624999999942,0,0,4,0.0
9076,15635942,Thomson,515.5,France,Male,26.0,9,0.0,2,1,0,1632.4624999999942,1,1,3,0.0
9077,15648858,King,515.5,France,Female,26.0,1,85225.21,1,0,1,1632.4624999999942,0,0,2,52.20653460646129
9078,15810732,Grant,515.5,France,Female,26.0,8,148749.29,2,1,0,1632.4624999999942,0,0,3,91.11957548795182
9079,15705448,Gilbert,515.5,Germany,Male,26.0,7,130013.12,1,1,1,1632.4624999999942,1,0,3,79.64233175340962
9080,15730488,Richmond,515.5,Spain,Female,26.0,1,0.0,1,0,1,1632.4624999999942,0,1,2,0.0
9081,15620443,Fiorentino,515.5,France,Female,26.0,6,0.0,2,1,1,1632.4624999999942,0,0,4,0.0
9082,15741078,Greece,515.5,France,Male,26.0,7,111729.47,2,0,1,1632.4624999999942,0,0,3,68.44228887340469
9083,15753161,Dickson,515.5,France,Female,26.0,5,180169.44,2,1,0,1632.4624999999942,0,0,3,110.36666385904769
9084,15711396,Henderson,427.0,Spain,Male,26.0,8,0.0,2,1,1,1632.4624999999942,0,0,4,0.0
9085,15593499,Stevens,515.5,Spain,Female,26.0,6,0.0,1,1,0,1632.4624999999942,1,0,2,0.0
9086,15579189,Mitchell,515.5,France,Female,26.0,5,0.0,2,0,1,1632.4624999999942,0,1,3,0.0
9087,15743545,Nworie,515.5,Spain,Female,26.0,2,0.0,2,1,0,1632.4624999999942,0,1,3,0.0
9088,15791316,Boni,515.5,France,Male,26.0,3,0.0,2,1,1,1632.4624999999942,0,0,4,0.0
9089,15608246,Wentcher,515.5,Germany,Female,26.0,8,103914.17,1,1,1,1632.4624999999942,1,0,3,63.65485884055552
9090,15676526,Bentley,515.5,France,Female,26.0,4,88772.87,1,1,1,1632.4624999999942,0,0,3,54.379730009112194
9091,15813911,Hayes-Williams,515.5,France,Female,26.0,5,0.0,1,1,0,1632.4624999999942,0,0,2,0.0
9092,15630195,Johnstone,515.5,France,Female,26.0,6,131184.67,1,1,1,1632.4624999999942,0,0,3,80.35998989257057
9093,15736250,Johnstone,515.5,France,Male,26.0,2,117810.79,1,0,1,1632.4624999999942,1,0,2,72.16753217914679
9094,15671334,Nixon,515.5,France,Male,26.0,4,0.0,1,1,0,1632.4624999999942,0,1,2,0.0
9095,15574169,Trevisano,515.5,Germany,Female,26.0,0,92466.21,1,1,0,1632.4624999999942,0,0,2,56.64216482767618
9096,15718839,Tsui,515.5,Germany,Female,26.0,2,102741.15,2,0,1,1632.4624999999942,0,0,3,62.936300221291674
9097,15762331,Moss,515.5,France,Male,26.0,9,178755.84,1,1,0,1632.4624999999942,0,0,2,109.50073278865557
9098,15606901,Graham,515.5,France,Male,26.0,7,0.0,2,1,0,1632.4624999999942,0,0,3,0.0
9099,15713559,Onyemauchechukwu,473.0,Germany,Female,26.0,5,146602.25,2,1,1,1632.4624999999942,0,0,4,89.80435997764145
9100,15768881,Saunders,515.5,France,Male,26.0,2,0.0,2,1,1,1632.4624999999942,0,1,4,0.0
9101,15743075,Ko,515.5,France,Male,26.0,6,0.0,2,1,1,1632.4624999999942,0,0,4,0.0
9102,15660980,Cairns,515.5,Spain,Male,26.0,6,115702.67,2,1,1,1632.4624999999942,0,0,4,70.87615795156115
9103,15810942,Chiemela,445.0,Germany,Female,26.0,2,137655.31,1,0,1,1632.4624999999942,0,0,2,84.32371953413967
9104,15728362,Robertson,515.5,France,Female,26.0,3,0.0,2,1,0,1632.4624999999942,0,1,3,0.0
9105,15683339,P'eng,515.5,Spain,Female,26.0,6,59877.33,1,1,0,1632.4624999999942,1,0,2,36.67914576904536
9106,15685476,Tseng,515.5,France,Male,26.0,5,100082.14,1,0,1,1632.4624999999942,0,0,2,61.30746648085353
9107,15663650,Russell,515.5,Germany,Male,26.0,10,107304.39,3,1,0,1632.4624999999942,1,0,4,65.73161098647006
9108,15617434,Yen,515.5,Spain,Male,26.0,9,0.0,1,0,1,1632.4624999999942,0,0,2,0.0
9109,15622470,Yeh,515.5,Spain,Male,26.0,10,96032.22,1,1,1,1632.4624999999942,0,0,3,58.82660091732603
9110,15703682,Kalinina,515.5,Spain,Male,26.0,10,0.0,1,0,0,1632.4624999999942,0,1,1,0.0
9111,15727391,Collier,515.5,Germany,Male,26.0,9,144553.5,2,1,0,1632.4624999999942,0,0,3,88.5493541199265
9112,15711062,Thomas,515.5,Germany,Male,26.0,5,86172.81,2,1,1,1632.4624999999942,0,0,4,52.78700735851531
9113,15567339,Shaw,515.5,France,Male,26.0,9,0.0,1,1,1,1632.4624999999942,0,1,3,0.0
9114,15760662,Francis,515.5,Germany,Female,26.0,2,87212.8,1,1,1,994.86,0,0,3,87.66338982369379
9115,15605737,George,515.5,France,Male,26.0,5,0.0,2,1,0,1632.4624999999942,0,1,3,0.0
9116,15692977,Ikenna,515.5,Germany,Female,26.0,2,130700.92,2,0,0,1632.4624999999942,0,0,2,80.06365843013268
9117,15672082,Schatz,515.5,France,Male,26.0,3,0.0,2,1,0,1632.4624999999942,0,1,3,0.0
9118,15600280,Tao,515.5,France,Female,26.0,6,0.0,2,0,0,1632.4624999999942,0,0,2,0.0
9120,15576065,Sims,515.5,Spain,Female,26.0,5,171325.98,1,1,1,1632.4624999999942,1,0,3,104.94941231421893
9121,15796838,Chibugo,515.5,Spain,Male,26.0,4,92930.92,1,0,1,1632.4624999999942,0,0,2,56.92683292878111
9122,15693526,Ku,515.5,France,Female,26.0,0,0.0,1,1,0,1632.4624999999942,0,1,2,0.0
9123,15748595,Stanton,515.5,France,Female,26.0,1,77556.79,2,1,1,1632.4624999999942,0,0,4,47.50907907532349
9124,15679029,Kung,515.5,France,Male,26.0,7,102874.28,1,0,0,1632.4624999999942,0,0,1,63.01785186489758
9125,15753639,Gibson,515.5,France,Male,26.0,5,146093.39,2,0,0,1632.4624999999942,0,0,2,89.49264684487426
9126,15604138,Iheanacho,515.5,Spain,Male,26.0,2,0.0,1,0,0,1632.4624999999942,1,1,1,0.0
9127,15666095,Costa,515.5,Spain,Male,26.0,4,79811.72,2,0,1,1632.4624999999942,1,0,3,48.890384924615596
9128,15643487,Sal,515.5,Spain,Male,26.0,10,105473.74,1,0,0,1632.4624999999942,1,0,1,64.61020697259532
9129,15764033,Lin,515.5,Germany,Female,26.0,1,121927.92,1,1,0,1632.4624999999942,1,0,2,74.68956867309383
9130,15747288,Ferri,515.5,Spain,Female,26.0,6,61671.19,1,0,1,1632.4624999999942,1,0,2,37.77801327748737
9131,15790599,Yin,515.5,Germany,Female,26.0,5,149363.12,2,1,1,1632.4624999999942,0,0,4,91.49559025092492
9132,15737705,Avdeyeva,515.5,France,Female,26.0,4,152309.37,1,1,0,1632.4624999999942,0,0,2,93.30037902861507
9133,15737194,Tu,515.5,France,Female,26.0,5,0.0,2,1,0,1632.4624999999942,0,1,3,0.0
9134,15726776,Donnelly,515.5,Spain,Male,26.0,1,111629.29,1,1,1,1632.4624999999942,0,0,3,68.38092146067697
9135,15804357,Loggia,481.0,France,Male,26.0,3,0.0,1,1,1,1632.4624999999942,0,0,3,0.0
9136,15664432,Chao,515.5,Spain,Female,26.0,7,96296.78,1,1,0,1632.4624999999942,1,0,2,58.98866283299025
9138,15583026,Welch,515.5,France,Female,26.0,0,135919.33,1,1,0,1632.4624999999942,0,0,2,83.26030766403545
9139,15771668,Henderson,515.5,France,Male,26.0,10,185966.64,1,0,0,1632.4624999999942,1,0,1,113.91786335061337
9140,15779904,Yobanna,515.5,France,Female,26.0,5,0.0,2,1,1,1632.4624999999942,0,1,4,0.0
9142,15756277,Wilson,515.5,Germany,Female,26.0,8,92244.83,2,1,0,1632.4624999999942,0,0,3,56.50655374932063
9143,15663312,Marino,494.0,France,Female,26.0,9,112727.06,2,1,0,1632.4624999999942,0,0,3,69.0533840746727
9144,15793197,Bailey,515.5,France,Female,26.0,8,100359.54,1,0,0,1632.4624999999942,0,0,1,61.477393814559505
9145,15731463,Gboliwe,515.5,Germany,Male,26.0,10,105301.5,1,1,1,1632.4624999999942,0,0,3,64.50469765767997
9146,15621768,Chukwuhaenye,515.5,Spain,Male,26.0,6,112994.65,1,0,0,1632.4624999999942,0,0,1,69.21730208197762
9147,15691323,Bianchi,515.5,Germany,Male,26.0,4,89025.88,2,1,0,1632.4624999999942,0,0,3,54.534716723967826
9148,15781326,Ford,515.5,France,Male,26.0,9,95478.17,1,0,0,1632.4624999999942,0,0,1,58.487205678538
9149,15595640,Rizzo,515.5,France,Male,26.0,8,0.0,2,0,0,1632.4624999999942,0,1,2,0.0
9150,15814331,Lung,515.5,Germany,Female,26.0,7,119127.46,2,1,0,1632.4624999999942,0,0,3,72.9740866941816
9151,15602030,Ramirez,515.5,France,Male,26.0,4,128206.79,1,1,1,1632.4624999999942,0,0,3,78.53582547838033
9152,15747974,Sabbatini,515.5,France,Male,26.0,1,0.0,2,1,0,1632.4624999999942,0,1,3,0.0
9153,15611315,Ts'ao,515.5,Germany,Female,23.0,4,71433.08,1,1,0,1632.4624999999942,0,0,2,43.7578688637566
9154,15636977,Trevisan,507.0,Germany,Male,26.0,9,118214.32,3,1,0,1632.4624999999942,1,0,4,72.41472315596862
9155,15690337,Chinwenma,515.5,France,Female,26.0,5,102258.11,2,1,0,1632.4624999999942,0,0,3,62.64040368461779
9156,15680666,Berry,515.5,Spain,Female,26.0,2,151963.26,2,1,0,1632.4624999999942,0,0,3,93.0883619072417
9157,15679551,Colombo,504.0,Spain,Female,26.0,2,163764.84,1,1,1,1632.4624999999942,1,0,3,100.31767345344875
9158,15778915,Harris,515.5,France,Female,26.0,7,128551.36,2,0,1,1632.4624999999942,0,0,3,78.74689923964591
9159,15568849,Bryan,515.5,Spain,Female,26.0,10,118158.74,1,1,1,1632.4624999999942,0,0,3,72.38067643207756
9160,15747762,Chigozie,515.5,France,Male,26.0,7,118520.41,1,0,0,1632.4624999999942,0,0,1,72.60222516596885
9161,15753679,Mullawirraburka,515.5,France,Male,24.0,4,0.0,2,1,1,1632.4624999999942,0,1,4,0.0
9162,15750049,Steele,515.5,France,Male,26.0,10,163823.37,1,0,0,1632.4624999999942,0,0,1,100.35352726326062
9163,15606097,Zakharov,515.5,Germany,Male,26.0,7,104469.58,1,1,1,1632.4624999999942,1,0,3,63.99508717658162
9164,15802368,Ch'eng,515.5,France,Female,26.0,6,0.0,1,1,1,1632.4624999999942,0,1,3,0.0
9165,15767488,Berry,515.5,Spain,Male,26.0,7,0.0,2,1,0,1632.4624999999942,0,0,3,0.0
9166,15669946,Jen,515.5,Germany,Female,26.0,2,141726.88,1,1,1,1632.4624999999942,0,0,3,86.81784727061142
9167,15612103,Wang,515.5,Germany,Female,26.0,2,137852.96,1,1,1,1632.4624999999942,1,0,3,84.44479429083393
9168,15645353,Chubb,515.5,France,Male,26.0,1,0.0,1,1,0,1632.4624999999942,0,0,2,0.0
9169,15650018,Chen,515.5,France,Female,26.0,8,154100.3,1,0,0,1632.4624999999942,0,0,1,94.39745170256624
9170,15659002,Mazzanti,515.5,France,Female,26.0,6,0.0,2,0,0,1632.4624999999942,0,1,2,0.0
9171,15616028,T'ao,515.5,France,Male,26.0,2,0.0,3,0,1,1632.4624999999942,0,0,4,0.0
9172,15660475,Ndubueze,411.0,France,Female,26.0,9,0.0,1,0,1,1632.4624999999942,0,0,2,0.0
9173,15652615,Ferri,515.5,France,Male,26.0,8,140004.96,1,1,1,1632.4624999999942,0,0,3,85.76304815577723
9174,15653572,Thornton,515.5,Spain,Male,26.0,8,127132.96,1,0,1,1632.4624999999942,1,0,2,77.8780278260606
9175,15628059,DeRose,515.5,France,Male,26.0,1,0.0,2,1,1,1632.4624999999942,0,1,4,0.0
9176,15703413,Montes,515.5,France,Female,26.0,7,125328.56,1,1,0,1632.4624999999942,0,0,2,76.77270381402357
9177,15610433,Kwemto,515.5,France,Male,26.0,9,0.0,2,1,0,1632.4624999999942,0,0,3,0.0
9178,15770548,Lucchese,453.0,Germany,Female,26.0,3,139986.65,1,1,0,1632.4624999999942,0,0,2,85.75183197163824
9179,15645637,Huggins,515.5,Germany,Female,26.0,6,119787.76,1,1,1,1632.4624999999942,0,0,3,73.37856765469371
9180,15590888,Wade,515.5,Spain,Female,26.0,10,107556.06,2,0,0,1632.4624999999942,0,0,2,65.88577685551759
9181,15568326,Kenenna,515.5,France,Female,26.0,2,0.0,2,1,0,1632.4624999999942,0,1,3,0.0
9182,15655368,Wheeler,515.5,France,Male,26.0,1,0.0,1,0,0,1632.4624999999942,0,0,1,0.0
9183,15665579,Cartwright,515.5,France,Female,26.0,0,142705.95,1,1,0,1632.4624999999942,0,0,2,87.41759764772577
9184,15676091,Iloerika,515.5,France,Male,26.0,7,0.0,1,1,1,1632.4624999999942,0,0,3,0.0
9185,15716984,Palermo,515.5,Spain,Female,26.0,4,0.0,2,1,0,1632.4624999999942,0,0,3,0.0
9186,15715078,Nkemakolam,515.5,France,Male,26.0,6,161613.94,2,1,1,1632.4624999999942,0,0,4,99.00009341715389
9187,15569452,Butler,515.5,Germany,Female,26.0,3,116353.2,2,0,1,1632.4624999999942,0,0,3,71.27465408853215
9188,15628863,Calabresi,515.5,France,Male,26.0,4,60013.81,1,1,1,1632.4624999999942,0,0,3,36.76274952717151
9189,15778192,Nkemdilim,515.5,Spain,Male,26.0,4,0.0,2,1,1,1632.4624999999942,0,1,4,0.0
9190,15793723,Ch'iu,515.5,Germany,Male,26.0,9,144272.07,2,1,0,1632.4624999999942,0,0,3,88.37695812308125
9191,15798943,Alexander,515.5,France,Female,26.0,8,0.0,2,1,0,1632.4624999999942,0,1,3,0.0
9192,15764708,Chiabuotu,515.5,France,Male,26.0,6,117696.67,1,1,0,1632.4624999999942,0,0,2,72.0976255197289
9193,15791040,Vasilyeva,515.5,Spain,Male,26.0,1,79954.61,2,1,1,1632.4624999999942,0,0,4,48.97791526604763
9194,15631512,Schneider,515.5,France,Female,26.0,8,149989.39,1,1,0,1632.4624999999942,0,0,2,91.87922540334039
9195,15640106,Mason,515.5,France,Male,26.0,7,124339.9,1,0,0,1632.4624999999942,0,0,1,76.16707887623785
9196,15710315,Chukwukadibia,515.5,Germany,Male,26.0,4,135759.4,1,0,0,1632.4624999999942,1,0,1,83.16233910426762
9197,15771535,Tsui,515.5,Spain,Female,26.0,9,0.0,2,1,0,1632.4624999999942,0,0,3,0.0
9198,15611947,Banks,515.5,France,Male,26.0,3,83074.0,1,1,0,1632.4624999999942,0,0,2,50.88876467300186
9199,15670266,Shih,499.0,France,Female,26.0,4,141792.61,1,1,1,1632.4624999999942,0,0,3,86.85811159521306
9200,15609083,Tretiakova,515.5,France,Female,26.0,6,0.0,1,1,0,1632.4624999999942,1,1,2,0.0
9201,15567923,Barese,515.5,France,Female,26.0,6,0.0,1,0,0,1632.4624999999942,0,1,1,0.0
9202,15788183,Longo,458.0,Germany,Female,26.0,1,106870.12,2,1,0,1632.4624999999942,0,0,3,65.4655895617819
9203,15735782,MacDonald,515.5,France,Male,26.0,9,120962.59,1,1,0,1632.4624999999942,0,0,2,74.09823502836998
9204,15774401,Chambers,515.5,Spain,Male,26.0,4,0.0,2,0,0,1632.4624999999942,1,1,2,0.0
9205,15737971,Cowen,515.5,France,Female,26.0,5,0.0,2,1,0,1632.4624999999942,0,0,3,0.0
9206,15758750,Iweobiegbunam,515.5,France,Male,26.0,0,110527.17,1,1,1,1632.4624999999942,0,0,3,67.70579416066244
9207,15611767,Mai,515.5,Germany,Female,26.0,0,133723.43,1,0,0,1632.4624999999942,1,0,1,81.9151619103045
9208,15643770,Yu,515.5,France,Female,26.0,5,112670.48,1,1,0,1632.4624999999942,1,0,2,69.01872477928308
9209,15744717,Duffy,515.5,France,Female,26.0,2,0.0,2,1,1,1632.4624999999942,0,0,4,0.0
9210,15570681,Chiang,515.5,France,Male,24.0,1,116084.32,1,1,0,1632.4624999999942,0,0,2,71.10994586399407
9211,15792650,Watts,382.0,Spain,Male,26.0,0,0.0,1,1,1,1632.4624999999942,1,1,3,0.0
9212,15605531,Daly,457.0,Spain,Female,26.0,6,0.0,2,1,0,1632.4624999999942,0,1,3,0.0
9213,15605339,Baker,515.5,France,Female,26.0,10,0.0,2,1,1,1632.4624999999942,0,0,4,0.0
9214,15672216,Uvarov,515.5,France,Female,26.0,4,82441.75,1,0,0,1632.4624999999942,0,0,1,50.5014663430249
9215,15812893,Costa,515.5,France,Female,26.0,10,0.0,2,1,1,1632.4624999999942,1,0,4,0.0
9216,15624180,Genovesi,515.5,Germany,Female,26.0,10,134171.8,4,1,1,1632.4624999999942,1,0,6,82.18982059312263
9217,15701364,Doherty,515.5,France,Male,26.0,10,0.0,2,1,1,1632.4624999999942,0,0,4,0.0
9218,15762588,Kaleski,515.5,France,Male,26.0,5,0.0,2,1,1,1632.4624999999942,0,0,4,0.0
9219,15806318,Wright,515.5,Germany,Female,26.0,2,124442.38,1,1,0,1632.4624999999942,1,0,2,76.2298552034123
9220,15712596,Huang,499.0,France,Male,26.0,4,0.0,1,1,0,1632.4624999999942,0,0,2,0.0
9221,15600399,Trentino,515.5,France,Male,26.0,4,0.0,1,1,0,1632.4624999999942,1,1,2,0.0
9222,15576216,Chienezie,515.5,Germany,Female,26.0,4,108862.76,1,1,0,1632.4624999999942,1,0,2,66.68622403271155
9223,15620750,Sugden,515.5,France,Male,26.0,3,141099.43,1,1,1,1632.4624999999942,0,0,3,86.43348928382765
9224,15623489,Tu,515.5,France,Female,26.0,0,128843.67,1,1,1,1632.4624999999942,0,0,3,78.92596001439571
9225,15667944,Onuchukwu,515.5,France,Male,26.0,0,86843.61,1,0,1,1632.4624999999942,0,0,2,53.19792031976251
9226,15584928,Ugochukwutubelum,515.5,Germany,Female,26.0,4,120074.97,2,1,1,1632.4624999999942,0,0,4,73.55450431480075
9227,15779913,Davidson,515.5,France,Male,26.0,5,130231.8,2,1,1,1632.4624999999942,0,0,4,79.77628888871902
9228,15644977,Goddard,515.5,France,Female,26.0,5,0.0,2,1,0,1632.4624999999942,0,0,3,0.0
9229,15749679,Beck,515.5,France,Male,26.0,2,109724.38,1,1,1,1632.4624999999942,0,0,3,67.21402788731771
9230,15629010,Beam,515.5,Germany,Female,26.0,5,111743.43,1,1,1,1632.4624999999942,0,0,3,68.45084037152485
9231,15768465,Sheppard,515.5,Germany,Male,26.0,8,121309.17,2,1,1,1632.4624999999942,0,0,4,74.3105400583477
9232,15767781,Godfrey,515.5,France,Male,26.0,10,82697.28,1,1,0,1632.4624999999942,0,0,2,50.65799673805695
9233,15635364,Gray,515.5,France,Female,26.0,9,44301.43,3,1,1,1632.4624999999942,1,0,5,27.13779336431934
9234,15722004,Hsiung,515.5,France,Female,26.0,4,138317.94,1,0,0,1632.4624999999942,0,0,1,84.72962778624348
9235,15766044,Cameron,515.5,Germany,Male,26.0,4,120688.61,1,1,0,1632.4624999999942,1,0,2,73.93040268918914
9236,15586680,Fleming,462.0,France,Male,26.0,4,176913.52,1,1,0,1632.4624999999942,0,0,2,108.37218006539239
9237,15635388,Austin,515.5,Spain,Male,26.0,6,89047.14,1,1,0,1632.4624999999942,0,0,2,54.54773999402762
9238,15655175,Wallace,515.5,Germany,Male,26.0,4,114318.78,2,1,0,1632.4624999999942,1,0,3,70.02842638039183
9239,15639133,Ku,515.5,France,Female,26.0,4,0.0,2,1,0,1632.4624999999942,0,1,3,0.0
9240,15799653,Fiorentino,515.5,Germany,Female,26.0,7,94753.55,2,1,1,1632.4624999999942,0,0,4,58.04332411923725
9241,15723872,Buccho,515.5,Spain,Female,26.0,10,0.0,2,0,1,1632.4624999999942,0,1,3,0.0
9242,15775627,Gordon,509.0,France,Male,26.0,8,0.0,2,0,1,1632.4624999999942,0,0,3,0.0
9243,15630704,Haworth,515.5,Germany,Male,26.0,9,106520.73,2,1,0,1632.4624999999942,0,0,3,65.25156320589316
9244,15815534,Guidry,505.0,Spain,Male,26.0,0,134006.39,1,1,1,1632.4624999999942,0,0,3,82.08849514154261
9245,15697249,Lettiere,515.5,Germany,Female,25.0,3,132837.7,1,1,0,1632.4624999999942,0,0,2,81.3725889568676
9246,15681316,Tai,515.5,France,Female,26.0,0,120549.29,2,1,0,1632.4624999999942,0,0,3,73.84505922800703
9247,15682523,Chigozie,515.5,France,Male,20.0,1,139432.55,1,1,1,1632.4624999999942,0,0,3,85.41240610427528
9248,15650244,Bezrukov,515.5,Spain,Male,26.0,7,80895.44,2,1,0,1632.4624999999942,0,0,3,49.55424090905628
9249,15648638,Chia,515.5,Spain,Male,26.0,6,0.0,2,1,0,1632.4624999999942,0,1,3,0.0
9250,15795747,Sheppard,515.5,Spain,Female,26.0,7,171646.76,1,0,1,1632.4624999999942,0,0,2,105.1459129995333
9251,15607330,Vasilyev,515.5,Spain,Male,26.0,0,109121.71,1,0,1,1632.4624999999942,0,0,2,66.84484942226875
9252,15624013,Maxwell,515.5,France,Female,26.0,6,109844.81,1,1,0,1632.4624999999942,0,0,2,67.28779987289165
9253,15800805,Maher,451.0,France,Female,26.0,7,140931.82,1,0,1,1632.4624999999942,0,0,2,86.33081617495073
9254,15667321,Cocci,515.5,Spain,Male,26.0,10,0.0,2,1,1,1632.4624999999942,0,1,4,0.0
9255,15601116,P'an,515.5,France,Male,26.0,6,0.0,2,1,1,1632.4624999999942,0,1,4,0.0
9256,15622033,Rapuluchukwu,515.5,Germany,Female,26.0,3,101543.51,4,1,0,1632.4624999999942,1,0,5,62.2026600917328
9257,15758451,Azuka,515.5,Germany,Male,26.0,7,102708.77,1,1,0,1632.4624999999942,0,0,2,62.916465156167675
9258,15688689,Esposito,515.5,Germany,Female,26.0,8,149000.91,2,1,1,1632.4624999999942,0,0,4,91.2737107284244
9259,15652674,Hou,515.5,France,Male,20.0,0,83459.86,1,1,1,1632.4624999999942,0,0,3,51.12513151144378
9260,15806327,Cyril,515.5,France,Female,26.0,3,75893.11,2,1,0,1632.4624999999942,0,0,3,46.48995612456658
9261,15649618,Tomlinson,515.5,Germany,Female,26.0,7,167395.6,2,0,1,1632.4624999999942,0,0,3,102.54177354763164
9262,15677117,Crawford,515.5,France,Female,26.0,6,0.0,2,1,1,1632.4624999999942,0,1,4,0.0
9263,15751445,Chikwado,515.5,Germany,Female,26.0,6,71283.09,2,0,1,1632.4624999999942,0,0,3,43.66598926468464
9264,15749669,Hargreaves,515.5,France,Female,26.0,3,0.0,2,1,1,1632.4624999999942,0,1,4,0.0
9265,15656351,Laidley,414.0,Spain,Male,26.0,3,0.0,2,1,1,1632.4624999999942,0,0,4,0.0
9266,15667438,Ferguson,515.5,France,Female,26.0,1,104016.88,1,0,0,1632.4624999999942,1,0,1,63.71777605917464
9267,15682273,Burns,515.5,France,Female,26.0,5,127616.56,1,1,0,1632.4624999999942,0,0,2,78.1742674027737
9268,15580912,McNeill,515.5,France,Male,26.0,5,154737.88,2,1,1,1632.4624999999942,0,0,4,94.78801503863063
9269,15785183,Chukwuebuka,515.5,Spain,Male,26.0,2,0.0,2,1,1,1591.19,0,0,4,0.0
9270,15705383,Shen,515.5,France,Male,26.0,4,125476.31,1,1,1,1632.4624999999942,0,0,3,76.8632112529387
9271,15712903,Diaz,499.0,France,Female,21.0,3,176511.08,1,1,1,1632.4624999999942,0,0,3,108.12565679150401
9272,15774285,Kentish,515.5,Spain,Female,26.0,8,110783.28,1,1,1,1632.4624999999942,0,0,3,67.86267984716365
9273,15583138,Persse,515.5,France,Male,26.0,2,141642.92,2,1,0,1632.4624999999942,0,0,3,86.76641576759069
9274,15740160,Okwukwe,515.5,France,Male,26.0,1,0.0,2,1,1,1632.4624999999942,0,0,4,0.0
9275,15793425,Watt,515.5,Spain,Female,26.0,9,0.0,1,0,1,1632.4624999999942,0,1,2,0.0
9276,15749265,Carslaw,427.0,Germany,Male,26.0,1,75681.52,1,1,1,1632.4624999999942,0,0,3,46.36034212118212
9277,15623989,Griffin,435.0,France,Male,26.0,3,0.0,1,1,0,1632.4624999999942,1,1,2,0.0
9278,15604832,Hsia,515.5,France,Male,26.0,7,0.0,1,1,1,1632.4624999999942,0,1,3,0.0
9279,15584580,Fyodorova,443.0,France,Male,26.0,6,161111.45,1,0,0,1632.4624999999942,0,0,1,98.69228236483264
9280,15573854,Chukwujekwu,515.5,France,Male,26.0,5,0.0,2,0,1,1632.4624999999942,0,0,3,0.0
9281,15614847,Townsend,515.5,France,Female,26.0,6,72494.69,1,0,1,1632.4624999999942,0,0,2,44.40818089236369
9282,15679966,Marsh,515.5,France,Female,26.0,3,133964.3,1,1,1,1632.4624999999942,0,0,3,82.06271200716738
9283,15799435,Hayes,515.5,Spain,Male,26.0,1,0.0,1,1,0,1632.4624999999942,0,1,2,0.0
9284,15752186,Padovano,515.5,France,Female,26.0,3,0.0,2,1,0,1632.4624999999942,0,0,3,0.0
9285,15705544,Ma,515.5,France,Male,26.0,3,157201.48,1,0,1,1632.4624999999942,0,0,2,96.29714618253134
9286,15713632,Ham,515.5,Spain,Female,26.0,5,95679.29,1,0,0,1632.4624999999942,0,0,1,58.61040605833232
9287,15586523,Paten,515.5,Germany,Female,26.0,7,106230.92,1,1,1,1632.4624999999942,1,0,3,65.07403385988981
9288,15609176,Cawthorne,515.5,France,Female,26.0,5,0.0,2,0,1,1632.4624999999942,0,1,3,0.0
9289,15769308,Herbert,515.5,Germany,Female,26.0,9,81231.85,2,1,0,1632.4624999999942,0,0,3,49.76031608689345
9290,15676810,Jen,515.5,France,Female,26.0,1,81480.27,2,1,1,1632.4624999999942,0,0,4,49.91249109857059
9291,15634591,Saunders,515.5,France,Male,26.0,8,73059.38,1,1,1,1632.4624999999942,0,0,3,44.75409389189661
9292,15679804,Esquivel,515.5,France,Male,26.0,5,117559.05,2,1,1,1632.4624999999942,0,0,4,72.01332343009436
9293,15677764,Chao,461.0,Germany,Female,26.0,1,186445.31,2,1,1,1632.4624999999942,0,0,4,114.21108294983846
9294,15571917,Eluemuno,515.5,Germany,Female,26.0,5,137657.71,2,1,0,1632.4624999999942,0,0,3,84.32518970573626
9295,15574608,Sidorova,515.5,France,Male,26.0,8,133889.35,1,1,1,1632.4624999999942,0,0,3,82.01679977334884
9296,15740868,Pirogova,515.5,Germany,Female,26.0,9,134562.8,1,1,1,1632.4624999999942,0,0,3,82.42933604906726
9297,15702442,Benson,515.5,Germany,Female,26.0,9,100781.75,2,1,1,1632.4624999999942,0,0,4,61.7360276269748
9298,15699797,Santana,515.5,France,Male,26.0,8,174356.13,1,0,0,1632.4624999999942,0,0,1,106.80559584063991
9299,15648047,Williamson,515.5,Germany,Male,26.0,5,190125.43,2,0,0,1632.4624999999942,0,0,2,116.46541957319121
9300,15766826,North,515.5,France,Male,26.0,7,146266.0,1,1,0,1632.4624999999942,1,0,2,89.59838281124406
9301,15591628,Davies,515.5,Germany,Male,26.0,9,164046.1,1,1,0,1632.4624999999942,0,0,2,100.48996531313925
9302,15583857,Siciliano,515.5,Spain,Female,26.0,4,123536.52,2,0,0,1632.4624999999942,0,0,2,75.67495118570898
9303,15752534,Mironov,515.5,France,Male,26.0,10,0.0,2,1,1,1632.4624999999942,0,1,4,0.0
9304,15741403,Amechi,515.5,Spain,Female,26.0,1,171848.38,1,0,0,1632.4624999999942,0,0,1,105.26941966507691
9305,15783589,Toscano,515.5,France,Male,26.0,9,0.0,2,0,0,1632.4624999999942,0,0,2,0.0
9306,15598046,Su,515.5,France,Female,26.0,5,139562.05,2,1,0,1632.4624999999942,0,0,3,85.49173411334134
9307,15643330,Chukwuemeka,515.5,France,Male,26.0,2,0.0,2,0,1,1632.4624999999942,0,0,3,0.0
9308,15680405,P'eng,515.5,France,Male,26.0,2,168001.34,2,1,1,1632.4624999999942,0,0,4,102.91283260718123
9309,15728683,Lombardo,515.5,France,Male,26.0,0,0.0,2,0,1,1632.4624999999942,0,1,3,0.0
9310,15621644,Lombardi,515.5,Germany,Male,26.0,6,123356.63,1,0,1,1632.4624999999942,0,0,2,75.5647556988295
9311,15733032,Butler,515.5,Spain,Male,26.0,2,0.0,2,1,1,1632.4624999999942,0,1,4,0.0
9312,15608381,Dean,515.5,Germany,Male,26.0,2,125845.66,1,1,0,1632.4624999999942,1,0,2,77.08946453593909
9313,15658946,Piccio,515.5,Germany,Male,26.0,10,45408.85,2,1,0,1632.4624999999942,0,0,3,27.81616729327636
9314,15757912,Bradley,515.5,Germany,Female,26.0,0,125977.81,1,0,0,1632.4624999999942,0,0,1,77.17041585947638
9315,15645371,Cameron,515.5,Germany,Female,26.0,7,147262.11,1,1,1,1632.4624999999942,1,0,3,90.20857140669419
9316,15653110,Chan,515.5,France,Male,26.0,8,133767.19,1,1,0,1632.4624999999942,0,0,2,81.94196803908235
9317,15766355,Lettiere,515.5,Germany,Male,26.0,0,108806.96,3,1,0,1632.4624999999942,1,0,4,66.65204254309081
9318,15585249,Mironova,515.5,France,Male,26.0,6,106036.52,1,1,0,1632.4624999999942,1,0,2,64.95494996056594
9319,15611786,Tsui,515.5,Spain,Female,26.0,9,0.0,1,0,1,1632.4624999999942,0,1,2,0.0
9320,15575486,Okoli,515.5,France,Female,26.0,1,0.0,2,1,1,1632.4624999999942,0,0,4,0.0
9321,15780215,Berry,515.5,France,Male,26.0,6,0.0,2,1,1,1632.4624999999942,0,0,4,0.0
9322,15686099,Ruse,515.5,Spain,Male,26.0,1,82182.1,1,1,0,1632.4624999999942,1,0,2,50.342412153418714
9323,15739042,Bogolyubov,515.5,France,Female,26.0,9,0.0,2,1,0,1632.4624999999942,0,0,3,0.0
9324,15815316,Kennedy,515.5,France,Male,26.0,9,76817.0,4,1,0,1632.4624999999942,1,0,5,47.055904806389286
9325,15778489,Bolton,515.5,Germany,Male,26.0,9,142550.25,2,1,1,1632.4624999999942,0,0,4,87.32222026539691
9326,15786389,Chuang,515.5,Spain,Female,26.0,10,0.0,2,1,1,1632.4624999999942,0,0,4,0.0
9327,15601787,Greco,515.5,Germany,Male,26.0,2,103711.56,1,0,1,1632.4624999999942,1,0,2,63.53074572922831
9328,15624715,Ma,515.5,Spain,Female,26.0,2,0.0,1,1,1,1632.4624999999942,0,0,3,0.0
9329,15763093,Nucci,515.5,Germany,Female,26.0,7,128369.75,2,1,0,1632.4624999999942,0,0,3,78.63565012978887
9330,15572073,Yao,515.5,Spain,Male,26.0,5,0.0,2,1,1,1632.4624999999942,0,0,4,0.0
9331,15780256,Palfreyman,515.5,France,Male,26.0,9,0.0,2,1,1,1632.4624999999942,0,1,4,0.0
9333,15638882,Cardell,515.5,Germany,Female,26.0,9,148214.36,1,1,0,1632.4624999999942,1,0,2,90.79189261621661
9334,15714680,Bianchi,515.5,France,Female,26.0,5,121206.96,1,1,1,1632.4624999999942,0,0,3,74.24792912547788
9336,15739123,Mellor,515.5,Germany,Male,26.0,4,127552.85,2,1,0,1632.4624999999942,0,0,3,78.1352404725992
9337,15594450,Tomlinson,515.5,France,Male,26.0,9,159458.53,1,1,0,1632.4624999999942,0,0,2,97.67975068340043
9338,15797751,Pai,466.0,Germany,Female,26.0,5,102085.72,1,1,1,1632.4624999999942,1,0,3,62.53480248397765
9339,15691543,Lennox,515.5,Germany,Male,26.0,2,142537.18,1,1,1,1632.4624999999942,0,0,3,87.31421395591047
9340,15722845,Meldrum,515.5,Spain,Male,26.0,1,182781.74,2,1,1,1632.4624999999942,0,0,4,111.96688438478718
9341,15605804,Watson,515.5,France,Male,26.0,10,0.0,2,1,0,1364.54,0,0,3,0.0
9342,15702061,Findlay,515.5,France,Male,26.0,7,0.0,2,1,1,1632.4624999999942,0,1,4,0.0
9343,15694321,Su,515.5,France,Female,26.0,3,0.0,2,1,0,1632.4624999999942,0,0,3,0.0
9344,15798749,Davidson,515.5,Germany,Female,26.0,3,152063.59,2,1,0,1632.4624999999942,0,0,3,93.14982120569418
9345,15720050,Barrett,515.5,France,Female,26.0,2,110997.76,1,1,0,1632.4624999999942,0,0,2,67.994064182179
9346,15758048,Miah,515.5,France,Male,26.0,2,148942.0,1,1,1,1632.4624999999942,0,0,3,91.23762414144308
9347,15805681,Chamberlain,515.5,France,Male,26.0,9,0.0,1,1,1,1632.4624999999942,0,1,3,0.0
9348,15802809,Vidal,515.5,Spain,Female,26.0,0,84438.57,1,1,1,1632.4624999999942,0,0,3,51.72466136281863
9349,15807239,Lung,515.5,France,Female,26.0,7,93920.47,1,0,0,1632.4624999999942,0,0,1,57.53300305520055
9350,15749093,Tretyakova,515.5,France,Male,26.0,4,158713.08,2,0,0,1632.4624999999942,0,0,2,97.22310925978425
9351,15689344,Montgomery,515.5,Spain,Male,26.0,4,0.0,3,0,1,1632.4624999999942,0,1,4,0.0
9352,15606076,Golubev,515.5,Germany,Male,26.0,7,123204.88,1,1,1,1632.4624999999942,0,0,3,75.47179797392005
9353,15610090,Han,515.5,France,Male,26.0,8,72945.29,2,1,0,1632.4624999999942,0,0,3,44.68420560962365
9354,15693926,Pan,515.5,Spain,Male,26.0,0,178742.71,1,1,1,1632.4624999999942,0,0,3,109.49268972487921
9355,15791501,Carroll,515.5,France,Male,26.0,8,0.0,2,1,1,1632.4624999999942,0,1,4,0.0
9356,15621870,Hawkins,515.5,Spain,Female,26.0,8,0.0,1,1,0,1632.4624999999942,0,1,2,0.0
9357,15734711,Loggia,380.5,France,Male,26.0,7,0.0,1,1,0,1632.4624999999942,1,0,2,0.0
9358,15814405,Chesnokova,418.0,France,Female,26.0,9,0.0,1,1,1,1632.4624999999942,1,0,3,0.0
9359,15729359,Chambers,515.5,France,Female,26.0,9,0.0,2,1,1,1632.4624999999942,0,0,4,0.0
9360,15606944,Fleming,515.5,Germany,Male,26.0,9,140121.17,1,1,0,1632.4624999999942,1,0,2,85.83423508962719
9361,15671934,Veale,515.5,Germany,Male,26.0,2,132906.88,1,0,1,1632.4624999999942,0,0,2,81.41496665313934
9362,15641773,Browne,515.5,Germany,Male,26.0,2,179334.83,2,1,1,1632.4624999999942,0,0,4,109.85540556061817
9363,15701972,Parsons,515.5,France,Male,26.0,3,137179.39,1,1,1,1632.4624999999942,0,0,3,84.03218450653569
9364,15749114,Bailey,515.5,Spain,Male,26.0,3,0.0,2,1,1,1632.4624999999942,0,0,4,0.0
9365,15780362,Ferrari,515.5,France,Female,26.0,9,119960.29,2,1,0,1632.4624999999942,0,0,3,73.48425461534364
9366,15753229,Genovese,515.5,France,Male,26.0,9,127414.55,1,1,1,1632.4624999999942,0,0,3,78.05052183434563
9367,15656009,McIntyre,515.5,France,Female,26.0,6,0.0,1,1,0,1632.4624999999942,0,0,2,0.0
9368,15785024,Warner,515.5,France,Female,26.0,9,137409.19,1,1,0,1632.4624999999942,1,0,2,84.17295343690927
9369,15670492,Gordon,515.5,France,Male,26.0,8,0.0,2,1,0,1632.4624999999942,0,1,3,0.0
9370,15795458,McMillan,515.5,Spain,Female,26.0,2,0.0,1,1,1,1632.4624999999942,0,0,3,0.0
9371,15732438,Cheng,515.5,France,Male,26.0,4,0.0,4,0,0,1632.4624999999942,1,0,4,0.0
9372,15781987,Akhtar,515.5,France,Male,26.0,9,112494.99,1,1,1,1632.4624999999942,0,0,3,68.91122460699735
9373,15775826,Iadanza,515.5,France,Male,26.0,1,78133.15,1,0,1,1632.4624999999942,0,0,2,47.86214078424483
9374,15807457,Abernathy,515.5,Spain,Female,26.0,1,0.0,2,1,0,1632.4624999999942,0,1,3,0.0
9375,15632538,Watson,515.5,Spain,Female,26.0,5,145553.07,1,1,1,1632.4624999999942,0,0,3,89.16166221276171
9376,15641389,Shen,515.5,Germany,Male,26.0,4,123593.22,2,1,0,1632.4624999999942,1,0,3,75.70968398967844
9377,15657306,Kershaw,515.5,France,Female,26.0,2,0.0,1,0,0,1632.4624999999942,1,1,1,0.0
9378,15709447,Reed,515.5,France,Female,26.0,0,146286.22,1,1,0,1632.4624999999942,0,0,2,89.61076900694535
9379,15762682,Mitchell,515.5,Spain,Female,26.0,1,111827.27,2,1,0,1632.4624999999942,0,0,3,68.50219836596577
9380,15626042,Webb,515.5,Spain,Female,26.0,2,0.0,2,1,1,1632.4624999999942,0,0,4,0.0
9381,15597109,Vanzetti,515.5,France,Male,26.0,1,94416.78,1,0,1,1632.4624999999942,0,0,2,57.8370284156606
9382,15756148,Nnanna,515.5,Spain,Male,26.0,2,91549.78,1,1,1,1632.4624999999942,0,0,3,56.080785929232874
9383,15665634,Campbell,515.5,France,Female,26.0,7,59568.57,1,1,1,1632.4624999999942,0,0,3,36.49000819314392
9384,15739997,Capon,515.5,France,Female,23.0,2,94464.81,2,0,1,1632.4624999999942,0,0,3,57.86645022473737
9385,15686242,Otutodilichukwu,515.5,France,Female,26.0,4,0.0,1,0,0,1632.4624999999942,1,0,1,0.0
9386,15759244,Boone,515.5,Germany,Male,26.0,8,95368.14,2,1,1,1632.4624999999942,0,0,4,58.419804436549285
9387,15672027,McIntyre,515.5,Germany,Female,26.0,10,102185.42,2,1,0,1632.4624999999942,0,0,3,62.59587586238604
9388,15594576,Zhdanov,515.5,France,Male,26.0,1,144875.71,1,0,0,1632.4624999999942,0,0,1,88.74673078248382
9389,15707138,Nagy,515.5,Spain,Male,26.0,5,0.0,2,1,1,1632.4624999999942,0,1,4,0.0
9390,15756954,Lombardo,515.5,France,Female,26.0,2,0.0,1,1,1,1632.4624999999942,0,0,3,0.0
9391,15619130,Simpson,515.5,Germany,Female,26.0,5,113291.05,2,1,1,1632.4624999999942,0,0,4,69.39886827415663
9392,15639665,Herbert,515.5,Spain,Male,26.0,0,0.0,2,1,1,1632.4624999999942,0,0,4,0.0
9393,15571065,Lehr,515.5,Spain,Female,26.0,0,0.0,2,1,0,1632.4624999999942,0,0,3,0.0
9394,15686060,Chou,515.5,Germany,Male,26.0,9,111677.88,1,1,0,1632.4624999999942,1,0,2,68.41068630979296
9395,15615753,Upchurch,515.5,Germany,Female,26.0,8,131101.04,1,1,1,1632.4624999999942,0,0,3,80.30876053814436
9396,15800961,Ugorji,515.5,Germany,Male,26.0,1,76101.81,2,0,1,1632.4624999999942,0,0,3,46.61779979632014
9397,15763065,Palerma,515.5,Spain,Female,26.0,2,0.0,2,1,0,1632.4624999999942,0,1,3,0.0
9398,15672467,Coles,515.5,France,Female,26.0,7,92510.9,2,0,1,1632.4624999999942,0,0,3,56.6695406479477
9399,15752915,Hsueh,488.0,France,Female,26.0,2,0.0,2,1,1,1632.4624999999942,0,1,4,0.0
9400,15744695,Tu,515.5,France,Male,26.0,5,77652.4,1,1,1,1632.4624999999942,0,0,3,47.56764703630269
9401,15584897,Kuo,515.5,France,Female,26.0,3,98360.03,1,0,0,1632.4624999999942,0,0,1,60.25255097743461
9402,15601857,Woodhouse,515.5,Germany,Female,26.0,4,115518.07,1,0,0,1632.4624999999942,1,0,1,70.76307725292337
9403,15674156,Tretiakova,515.5,Germany,Male,26.0,3,27288.43,1,1,1,1632.4624999999942,0,0,3,16.71611445898457
9404,15695465,Gibson,515.5,France,Female,26.0,6,0.0,1,1,0,1632.4624999999942,0,1,2,0.0
9405,15792232,Moss,515.5,Spain,Female,26.0,5,0.0,2,0,0,1632.4624999999942,0,1,2,0.0
9406,15807900,Chineze,515.5,France,Male,26.0,7,0.0,1,1,1,1632.4624999999942,1,0,3,0.0
9407,15743760,Davidson,515.5,France,Male,26.0,6,131996.66,2,1,1,1632.4624999999942,0,0,4,80.85739182370222
9408,15652835,Liang,419.0,Spain,Female,26.0,2,121580.42,1,0,1,1632.4624999999942,0,0,2,74.47670007733741
9409,15767818,Graham,515.5,France,Male,26.0,10,132436.34,1,1,0,978.66,0,0,2,135.324157521509
9410,15591150,Nwebube,515.5,Spain,Male,26.0,10,0.0,2,0,1,1632.4624999999942,0,1,3,0.0
9411,15734659,Sozonov,515.5,Germany,Female,26.0,5,107978.4,2,1,0,1632.4624999999942,0,0,3,66.1444903022277
9412,15796115,Forbes,515.5,Germany,Female,26.0,4,78119.59,4,1,0,1632.4624999999942,1,0,5,47.85383431472409
9413,15724648,Chikezie,515.5,France,Male,26.0,6,98684.15,1,0,0,1632.4624999999942,0,0,1,60.45109765155423
9414,15737732,Onwuemelie,515.5,France,Female,26.0,10,0.0,2,1,0,1632.4624999999942,0,1,3,0.0
9415,15632280,Toth,515.5,Spain,Female,26.0,9,0.0,1,1,0,1632.4624999999942,1,1,2,0.0
9416,15750407,Hunt,515.5,Germany,Female,26.0,2,129264.05,2,0,0,1632.4624999999942,0,0,2,79.1834728209686
9417,15795370,Mazure,515.5,Germany,Male,26.0,6,131753.41,1,1,0,1632.4624999999942,0,0,2,80.70838380667273
9418,15656829,Hughes,515.5,Spain,Female,26.0,6,0.0,2,1,0,1632.4624999999942,0,0,3,0.0
9419,15643794,Bennett,515.5,Spain,Female,26.0,2,0.0,1,1,1,1632.4624999999942,0,0,3,0.0
9420,15798605,Tien,515.5,Germany,Male,26.0,1,57422.62,1,1,1,1632.4624999999942,0,0,3,35.175460385767025
9421,15637324,Kay,515.5,France,Female,26.0,7,0.0,2,0,1,1632.4624999999942,0,0,3,0.0
9422,15589589,Bryan,515.5,France,Male,26.0,5,144094.2,1,1,0,1632.4624999999942,0,0,2,88.2680000306289
9423,15778936,Ingamells,515.5,France,Male,26.0,9,147510.34,1,1,0,1632.4624999999942,0,0,2,90.3606300297866
9424,15757385,Milne,515.5,Spain,Female,26.0,8,161592.76,1,1,0,1632.4624999999942,0,0,2,98.98711915281397
9425,15666200,Lombardo,515.5,France,Female,26.0,1,0.0,2,1,1,1632.4624999999942,0,1,4,0.0
9426,15683977,Owens,515.5,Spain,Female,26.0,4,0.0,2,1,1,1632.4624999999942,0,0,4,0.0
9427,15675518,Charlton,499.0,Spain,Female,26.0,1,75225.53,2,0,0,1632.4624999999942,1,0,2,46.08101564354481
9428,15584812,Overby,515.5,Spain,Female,26.0,0,0.0,2,0,0,1632.4624999999942,0,0,2,0.0
9429,15752984,Chifley,515.5,France,Female,26.0,9,87542.89,2,1,1,1632.4624999999942,0,0,4,53.62627931728925
9430,15577913,Oliver,515.5,France,Female,26.0,8,144581.96,1,1,1,1632.4624999999942,0,0,3,88.56678790477608
9431,15591980,Hill,515.5,France,Male,26.0,5,122568.05,2,1,1,1632.4624999999942,0,0,4,75.08169406647959
9432,15598948,DeRose,515.5,Spain,Female,24.0,5,172231.93,1,0,1,1632.4624999999942,0,0,2,105.50437146335712
9433,15574142,Chuang,458.0,Germany,Female,26.0,2,171932.26,2,1,1,1632.4624999999942,0,0,4,105.32080216237777
9434,15582903,Edwards,515.5,France,Male,26.0,7,0.0,2,1,1,1632.4624999999942,0,1,4,0.0
9435,15733229,Rodriguez,515.5,Spain,Female,26.0,7,0.0,2,0,0,1632.4624999999942,0,0,2,0.0
9436,15635752,Lo,515.5,Germany,Male,26.0,4,111798.06,2,1,1,1632.4624999999942,0,0,4,68.48430515249225
9437,15771000,Powell,515.5,France,Male,26.0,4,0.0,3,1,0,1632.4624999999942,0,0,4,0.0
9438,15804864,Chu,515.5,France,Female,26.0,5,79336.61,1,1,1,1632.4624999999942,0,0,3,48.59934607992544
9439,15641175,Munro,515.5,Germany,Male,26.0,3,120916.52,3,0,0,1632.4624999999942,1,0,3,74.07001385943042
9440,15692226,Onwumelu,515.5,France,Female,26.0,3,142905.51,1,1,1,1632.4624999999942,0,0,3,87.5398424159823
9442,15702656,Yobachi,515.5,France,Female,26.0,1,96834.78,1,1,0,1632.4624999999942,0,0,2,59.318226299226076
9443,15606552,Akabueze,515.5,France,Male,26.0,9,105261.76,2,1,1,1632.4624999999942,0,0,4,64.4803540663264
9444,15687001,Chiemenam,515.5,Germany,Male,26.0,1,123544.0,1,1,1,1632.4624999999942,1,0,3,75.67953322051835
9445,15781903,Odinakachukwu,515.5,Germany,Male,26.0,2,127913.71,2,1,1,1632.4624999999942,0,0,4,78.35629302357663
9446,15731951,Reilly,515.5,Spain,Female,26.0,5,95328.6,1,1,0,1632.4624999999942,1,0,2,58.395583359495454
9447,15580953,Forbes,515.5,France,Male,26.0,4,73218.89,1,0,1,1632.4624999999942,0,0,2,44.851805171635036
9448,15810390,Amadi,515.5,France,Female,26.0,1,0.0,2,0,1,1632.4624999999942,1,0,3,0.0
9449,15628274,Ferri,515.5,Germany,Male,26.0,8,149995.72,2,1,0,1632.4624999999942,0,0,3,91.88310298092638
9450,15615444,Y?an,515.5,Germany,Male,26.0,8,123674.28,2,1,1,1632.4624999999942,0,0,4,75.7593390353533
9451,15784010,Williamson,515.5,Germany,Male,26.0,2,124125.26,1,1,0,1632.4624999999942,0,0,2,76.03559652978272
9452,15571586,Briggs,515.5,Spain,Male,26.0,3,159035.45,1,1,0,1632.4624999999942,1,0,2,97.42058393378137
9453,15748616,Napolitani,515.5,France,Male,26.0,5,0.0,2,1,0,1632.4624999999942,0,0,3,0.0
9454,15769402,Carpenter,515.5,France,Male,26.0,7,156811.74,1,1,1,1632.4624999999942,0,0,3,96.05840256667491
9455,15739248,Lin,515.5,France,Male,26.0,4,0.0,2,1,1,1632.4624999999942,0,1,4,0.0
9456,15603481,Robinson,515.5,Spain,Female,26.0,4,0.0,2,1,1,1632.4624999999942,0,0,4,0.0
9457,15723604,Collins,515.5,France,Male,26.0,6,150555.83,1,1,0,1632.4624999999942,0,0,2,92.22621040299579
9458,15797822,Kingsley,515.5,France,Male,26.0,2,109137.12,1,1,1,1632.4624999999942,0,0,3,66.85428914906186
9459,15665064,Harvey,515.5,France,Male,26.0,8,158351.02,2,1,0,1632.4624999999942,0,0,3,97.00132162300852
9460,15640580,Obiora,515.5,France,Female,26.0,9,0.0,1,1,0,1632.4624999999942,0,1,2,0.0
9461,15581089,Knight,515.5,Spain,Male,26.0,7,0.0,2,1,1,1632.4624999999942,0,0,4,0.0
9462,15728605,Hung,515.5,France,Male,26.0,4,0.0,2,0,1,1632.4624999999942,0,0,3,0.0
9463,15737385,Curtis,515.5,Spain,Female,26.0,6,0.0,2,1,0,1632.4624999999942,0,1,3,0.0
9465,15786035,Gosnell,515.5,France,Male,26.0,9,0.0,2,1,0,1632.4624999999942,0,0,3,0.0
9466,15815259,Fang,515.5,France,Female,26.0,2,0.0,2,1,1,1632.4624999999942,0,0,4,0.0
9467,15592716,Clarke,515.5,France,Male,26.0,2,0.0,1,1,0,1632.4624999999942,1,1,2,0.0
9468,15734850,Milanesi,515.5,Spain,Male,26.0,1,82729.49,1,1,0,1632.4624999999942,0,0,2,50.6777276660262
9469,15638047,Chia,515.5,Germany,Female,26.0,9,142765.24,2,1,0,1632.4624999999942,0,0,3,87.45391701187654
9470,15674573,Gearhart,515.5,France,Female,25.0,4,121172.97,1,1,1,1632.4624999999942,0,0,3,74.22710782024116
9471,15694859,McLean,515.5,Germany,Female,26.0,10,132932.14,2,1,1,1632.4624999999942,0,0,4,81.43044020919346
9473,15579345,Murphy,515.5,Germany,Female,26.0,0,161371.5,1,1,1,1632.4624999999942,0,0,3,98.85158158303825
9474,15690733,Angelo,515.5,Spain,Male,26.0,4,0.0,2,0,0,1632.4624999999942,1,0,2,0.0
9475,15631481,Thomson,515.5,France,Male,26.0,8,79563.36,2,1,1,1632.4624999999942,0,0,4,48.73824666722837
9476,15620988,Murray,515.5,France,Male,26.0,2,0.0,2,1,0,1632.4624999999942,0,1,3,0.0
9477,15571529,Kirby,515.5,Germany,Female,26.0,7,138232.24,1,1,0,1632.4624999999942,0,0,2,84.6771304088152
9478,15592104,Lane,515.5,France,Female,26.0,5,0.0,1,0,0,1632.4624999999942,1,0,1,0.0
9479,15651900,Bergamaschi,515.5,Germany,Female,26.0,1,81571.05,1,1,0,1632.4624999999942,1,0,2,49.968100339211645
9480,15596212,Yang,515.5,Spain,Male,26.0,1,0.0,2,0,0,1632.4624999999942,0,0,2,0.0
9481,15710687,Mills,515.5,France,Female,26.0,0,95927.04,1,1,0,1632.4624999999942,0,0,2,58.76217064710542
9482,15613787,Chidubem,505.0,Spain,Male,26.0,8,116932.59,1,1,0,1632.4624999999942,0,0,2,71.62957188909418
9483,15599211,Findlay,515.5,France,Male,26.0,1,0.0,2,1,0,1632.4624999999942,1,0,3,0.0
9484,15675983,Wood,515.5,France,Female,26.0,3,79551.12,1,0,1,1632.4624999999942,0,0,2,48.73074879208575
9485,15622370,Boyle,515.5,Germany,Male,26.0,1,116416.94,1,0,1,1632.4624999999942,0,0,2,71.31369939585161
9486,15656319,Toscano,515.5,Spain,Male,26.0,4,88141.1,1,1,0,1632.4624999999942,0,0,2,53.99272571345456
9487,15605130,Seccombe,515.5,France,Male,26.0,6,177729.13,1,1,1,1632.4624999999942,0,0,3,108.8717995053489
9488,15672574,Uspenskaya,515.5,Spain,Female,26.0,5,0.0,1,1,1,1632.4624999999942,0,0,3,0.0
9489,15659355,McKenzie,515.5,Spain,Male,26.0,6,123912.78,2,1,1,1632.4624999999942,0,0,4,75.90543733776454
9490,15777907,Liang,515.5,France,Female,26.0,3,0.0,1,1,1,1632.4624999999942,1,1,3,0.0
9491,15655171,Yermakova,515.5,France,Male,26.0,3,0.0,1,1,1,1632.4624999999942,0,0,3,0.0
9492,15619674,White,515.5,France,Female,26.0,4,108306.44,1,1,1,1632.4624999999942,0,0,3,66.34543825662175
9493,15775192,Rounsevell,515.5,Germany,Female,26.0,4,102962.62,1,1,0,1632.4624999999942,1,0,2,63.0719664310821
9494,15617657,Ts'ai,515.5,France,Female,26.0,0,103502.22,1,1,1,1632.4624999999942,0,0,3,63.402510011715655
9495,15688951,Stoneman,515.5,Germany,Male,26.0,8,119654.44,2,0,1,1632.4624999999942,1,0,3,73.29689962250308
9496,15763460,Yao,515.5,France,Male,26.0,10,183768.47,1,1,0,1632.4624999999942,0,0,2,112.57132705958064
9497,15756992,Chukwukere,515.5,France,Male,26.0,1,0.0,2,1,0,1632.4624999999942,0,1,3,0.0
9498,15617454,Ifeatu,515.5,France,Female,25.0,1,0.0,2,0,1,1632.4624999999942,0,1,3,0.0
9499,15701932,Millar,515.5,France,Female,26.0,6,140900.97,1,1,1,1632.4624999999942,0,0,3,86.31191834421955
9500,15700813,Igwebuike,515.5,Germany,Female,25.0,5,94049.92,2,1,0,1632.4624999999942,0,0,3,57.61230043569168
9501,15645600,Obidimkpa,515.5,Spain,Female,26.0,8,98926.4,1,1,1,1632.4624999999942,0,0,3,60.59949309708514
9503,15686743,Moody,515.5,Spain,Male,26.0,3,46057.96,2,1,1,1632.4624999999942,0,0,4,28.213793578719365
9504,15698792,Keldie,515.5,France,Female,26.0,6,119769.77,1,0,1,1632.4624999999942,0,0,2,73.36754749343426
9505,15591724,Liu,515.5,France,Female,26.0,5,143244.97,1,1,0,1632.4624999999942,0,0,2,87.74778593689014
9506,15571281,Ts'ao,515.5,France,Male,26.0,10,79562.98,1,1,1,1632.4624999999942,0,0,3,48.7380138900589
9507,15661380,Walker,515.5,France,Male,26.0,6,0.0,2,0,1,1632.4624999999942,0,1,3,0.0
9508,15728885,Defalco,515.5,France,Male,26.0,0,0.0,1,1,1,1632.4624999999942,0,0,3,0.0
9509,15618950,Lo Duca,515.5,Spain,Male,26.0,8,96659.64,2,1,1,1632.4624999999942,0,0,4,59.21094052696484
9510,15609804,Hyde,515.5,France,Male,26.0,1,0.0,2,1,0,1632.4624999999942,0,1,3,0.0
9511,15735849,Kanayochukwu,515.5,France,Female,26.0,2,165947.99,2,0,1,1632.4624999999942,0,0,3,101.65500892057281
9512,15652948,Yen,515.5,France,Male,26.0,4,92676.3,1,1,0,1632.4624999999942,0,0,2,56.770859973812776
9513,15618155,Ts'ui,515.5,France,Male,26.0,5,83195.12,1,1,1,1632.4624999999942,0,0,3,50.96295933290982
9514,15566378,Tillman,515.0,France,Male,26.0,5,129387.94,1,0,1,1632.4624999999942,1,0,2,79.25936430392764
9515,15565879,Riley,515.5,France,Female,26.0,9,0.0,2,1,1,1632.4624999999942,0,0,4,0.0
9516,15792922,Tu,515.5,Spain,Male,26.0,9,130233.14,1,1,1,1632.4624999999942,0,0,3,79.77710973452712
9517,15770567,Ruiz,515.5,France,Female,26.0,3,123502.53,1,1,1,1632.4624999999942,0,0,3,75.65412988047225
9518,15738042,Goliwe,515.5,Germany,Male,26.0,8,140894.06,2,1,1,1632.4624999999942,0,0,4,86.30768547516436
9519,15714920,Balashov,515.5,Germany,Male,26.0,7,163867.86,1,1,1,1632.4624999999942,0,0,3,100.38078056923241
9520,15782121,Leonard,515.5,France,Female,26.0,2,0.0,2,1,0,1632.4624999999942,0,0,3,0.0
9522,15660636,Carpenter,515.5,Spain,Female,26.0,8,0.0,2,1,0,1632.4624999999942,0,0,3,0.0
9523,15664504,Beede,418.0,France,Male,26.0,7,0.0,2,1,1,1632.4624999999942,0,0,4,0.0
9524,15790322,Beneventi,515.5,France,Female,26.0,0,114668.89,1,1,0,1632.4624999999942,0,0,2,70.24289378775954
9525,15739847,Sadlier,515.5,Germany,Male,26.0,5,146756.68,1,1,0,1632.4624999999942,0,0,2,89.89895939416711
9526,15699415,Lewis,515.5,France,Female,26.0,6,150213.71,1,1,0,1632.4624999999942,1,0,2,92.01663744190175
9528,15682868,Elliott,515.5,France,Female,26.0,9,99816.46,1,1,1,1632.4624999999942,1,0,3,61.14471848511091
9529,15584462,Liang,515.5,France,Male,26.0,9,0.0,1,1,0,1632.4624999999942,0,0,2,0.0
9530,15661708,She,508.0,France,Female,26.0,5,0.0,2,1,1,1632.4624999999942,0,0,4,0.0
9531,15584452,Bozeman,515.5,France,Male,26.0,6,0.0,2,0,0,1632.4624999999942,0,1,2,0.0
9532,15717010,Yu,515.5,France,Female,26.0,5,0.0,1,1,1,1632.4624999999942,0,0,3,0.0
9533,15643828,Teng,515.5,France,Male,26.0,7,0.0,2,1,1,1632.4624999999942,0,0,4,0.0
9534,15733361,Davide,515.5,Germany,Female,26.0,6,86714.06,1,1,0,1632.4624999999942,1,0,2,53.11856168212152
9535,15795488,Beneventi,515.5,Spain,Male,26.0,2,0.0,2,1,0,1632.4624999999942,0,0,3,0.0
9536,15581551,Yobachukwu,515.5,Spain,Male,26.0,8,132838.07,1,1,1,1632.4624999999942,0,0,3,81.37281560832209
9537,15632051,Douglas,515.5,Germany,Female,26.0,10,128707.31,1,1,0,1632.4624999999942,1,0,2,78.8424297648494
9538,15780409,Egobudike,515.5,France,Male,26.0,6,0.0,2,1,0,1632.4624999999942,0,1,3,0.0
9539,15572767,Shelby,515.5,France,Male,26.0,2,0.0,2,1,0,1632.4624999999942,0,1,3,0.0
9540,15590337,Golubov,515.5,France,Male,26.0,6,123192.12,1,1,1,1632.4624999999942,1,0,3,75.46398156159816
9541,15634551,Williamson,515.5,Germany,Male,26.0,3,115248.11,4,1,0,1632.4624999999942,1,0,5,70.59770745116681
9542,15669290,Fan,515.5,France,Male,26.0,8,59360.77,1,1,1,1632.4624999999942,0,0,3,36.36271583573908
9543,15621140,Nwebube,515.5,Spain,Male,26.0,9,0.0,2,1,1,1632.4624999999942,0,0,4,0.0
9544,15613518,Bellucci,515.5,France,Female,26.0,6,112668.7,1,0,1,1632.4624999999942,0,0,2,69.0176344020156
9545,15728043,Udinese,515.5,Germany,Female,26.0,7,138503.51,2,1,0,1632.4624999999942,0,0,3,84.8433026792349
9546,15570073,Marian,515.5,Spain,Male,26.0,1,0.0,1,1,1,1632.4624999999942,0,1,3,0.0
9547,15777033,Chizoba,515.5,France,Male,26.0,7,0.0,2,1,1,1632.4624999999942,0,1,4,0.0
9548,15682454,McFarland,515.5,France,Female,26.0,3,0.0,2,1,1,1632.4624999999942,0,0,4,0.0
9549,15758513,McDonald,515.5,France,Male,26.0,7,0.0,2,1,0,1632.4624999999942,0,0,3,0.0
9550,15772604,Chiemezie,515.5,Spain,Male,26.0,1,157267.95,2,1,0,1632.4624999999942,0,0,3,96.33786381004192
9551,15721715,Fane,515.5,France,Female,26.0,9,133871.05,1,1,1,1632.4624999999942,0,0,3,82.00558971492482
9552,15688563,Marchesi,515.5,Germany,Male,26.0,4,141989.27,2,1,0,1632.4624999999942,0,0,3,86.97857990612373
9553,15772009,Scott,515.5,France,Female,26.0,5,0.0,1,1,1,1632.4624999999942,0,1,3,0.0
9554,15809585,H?,515.5,France,Male,26.0,7,0.0,2,1,0,1528.4,0,0,3,0.0
9555,15593778,Craig,515.5,France,Female,26.0,3,46388.16,3,1,0,1632.4624999999942,1,0,4,28.416064687550353
9556,15655360,Chikelu,515.5,Germany,Female,26.0,5,148666.99,1,1,0,1632.4624999999942,1,0,2,91.0691608536187
9557,15780909,Caffyn,515.5,Germany,Male,26.0,7,115101.5,1,0,0,1632.4624999999942,1,0,1,70.50789834376006
9558,15757310,Otitodilichukwu,515.5,Germany,Male,26.0,6,148363.38,1,1,1,1632.4624999999942,0,0,3,90.88317802093496
9559,15801411,Green,515.5,Spain,Male,26.0,4,0.0,1,1,0,1632.4624999999942,1,0,2,0.0
9560,15761706,Y?an,515.5,Spain,Female,26.0,8,144102.32,1,1,1,1632.4624999999942,0,0,3,88.27297411119736
9561,15658409,Mao,515.5,France,Male,26.0,5,128876.71,3,1,1,1632.4624999999942,1,0,5,78.94619937670879
9562,15810010,Dahlenburg,515.5,Germany,Male,26.0,6,118448.15,2,1,0,1632.4624999999942,0,0,3,72.55796074948148
9563,15627027,Shih,515.5,France,Male,26.0,5,0.0,2,1,1,1632.4624999999942,0,1,4,0.0
9564,15624374,Maclean,515.5,France,Male,26.0,9,0.0,2,0,1,1632.4624999999942,0,0,3,0.0
9565,15720083,Fiorentino,515.5,Spain,Male,26.0,1,0.0,2,0,1,1632.4624999999942,0,1,3,0.0
9566,15752294,Long,515.5,France,Female,26.0,9,135979.01,4,1,1,1632.4624999999942,1,0,6,83.2968659310707
9567,15743193,Olson,515.5,France,Male,26.0,6,117271.8,2,1,0,1632.4624999999942,1,0,3,71.83736226712738
9568,15696733,McKenzie,515.5,France,Male,26.0,4,0.0,1,1,0,1632.4624999999942,0,0,2,0.0
9569,15677522,Rossi,515.5,France,Male,26.0,1,0.0,2,0,0,1632.4624999999942,0,0,2,0.0
9570,15643523,Power,515.5,Spain,Female,26.0,10,0.0,2,1,0,1632.4624999999942,0,0,3,0.0
9571,15624936,Yen,515.5,France,Male,26.0,8,129205.49,1,1,1,1632.4624999999942,0,0,3,79.14760063401178
9572,15716085,Norris,515.5,Spain,Female,26.0,8,0.0,1,1,0,1632.4624999999942,1,1,2,0.0
9574,15796834,Rivers,515.5,Germany,Male,26.0,7,104015.54,2,1,1,1632.4624999999942,0,0,4,63.71695521336653
9575,15720123,Hudson,515.5,Spain,Male,26.0,3,0.0,2,1,0,1632.4624999999942,0,1,3,0.0
9576,15604732,Milani,483.0,France,Female,26.0,9,0.0,2,0,0,1632.4624999999942,0,1,2,0.0
9577,15723484,Hunt,515.5,Germany,Female,26.0,1,103873.39,1,1,0,1632.4624999999942,0,0,2,63.62987817484345
9578,15807120,Oluchukwu,515.5,Germany,Female,26.0,3,112383.03,1,1,0,1632.4624999999942,1,0,2,68.84264110201637
9579,15810891,Lorenzo,515.5,France,Male,26.0,2,117731.79,2,0,1,1632.4624999999942,0,0,3,72.119139030759
9580,15640407,Chidiegwu,515.5,Germany,Male,26.0,0,135827.33,2,1,1,1632.4624999999942,0,0,4,83.20395108616613
9581,15778838,Warren,515.5,France,Male,26.0,9,114135.17,1,1,0,1632.4624999999942,0,0,2,69.91595212753764
9582,15709256,Glover,515.5,France,Female,26.0,9,0.0,2,1,1,1632.4624999999942,0,1,4,0.0
9583,15742285,Andersen,515.5,France,Male,26.0,6,118756.62,1,1,1,1632.4624999999942,0,0,3,72.74692067964834
9584,15729019,Arcuri,515.5,Spain,Male,26.0,8,98382.72,1,1,0,1632.4624999999942,0,0,2,60.26645022473738
9585,15608588,Mackinlay,515.5,Germany,Male,26.0,2,100520.92,1,1,1,1632.4624999999942,1,0,3,61.57625060300029
9586,15610557,McCarthy,515.5,Spain,Female,26.0,7,79858.13,2,1,1,1632.4624999999942,0,0,4,48.91881436786468
9588,15653050,Norriss,515.5,Germany,Female,26.0,10,95052.29,1,1,0,1632.4624999999942,0,0,2,58.22632372872292
9589,15744914,Moore,515.5,Germany,Male,26.0,1,177728.55,1,1,0,1632.4624999999942,0,0,2,108.87144421387973
9590,15669611,Mott,515.5,France,Male,26.0,3,83116.68,1,1,1,1632.4624999999942,0,0,3,50.91490922456123
9591,15594786,Ts'ai,515.5,Germany,Male,26.0,7,111565.91,1,1,1,1632.4624999999942,0,0,3,68.34209667909701
9592,15649211,Fokina,515.5,Spain,Male,26.0,8,83015.71,1,1,0,1632.4624999999942,0,0,2,50.85305788034966
9593,15766066,Nikitina,515.5,Germany,Female,26.0,1,124511.01,1,0,0,1632.4624999999942,0,0,1,76.2718959853598
9594,15772216,Henry,515.5,France,Female,26.0,1,130652.52,1,0,1,1632.4624999999942,0,0,2,80.03400996960143
9595,15619898,Chiefo,515.5,France,Male,26.0,5,0.0,2,1,1,1632.4624999999942,0,0,4,0.0
9596,15724543,Mao,515.5,France,Male,26.0,5,0.0,2,1,1,1632.4624999999942,0,0,4,0.0
9597,15755084,Bezrukova,515.5,France,Male,26.0,7,121854.45,1,1,0,1632.4624999999942,0,0,2,74.64456304509318
9599,15666767,Lori,508.0,France,Male,26.0,1,86893.28,1,0,0,1632.4624999999942,0,0,1,53.22834674609696
9600,15690456,Yudina,515.5,Germany,Female,26.0,7,79523.13,1,0,1,1632.4624999999942,0,0,2,48.71360291584051
9601,15570533,Conti,515.5,Germany,Female,26.0,7,131033.76,1,0,1,1632.4624999999942,1,0,2,80.2675467277199
9602,15797692,Volkova,515.5,France,Female,26.0,7,89939.62,1,1,0,1632.4624999999942,0,0,2,55.094447805079945
9603,15603135,Boni,515.5,Germany,Female,26.0,3,95727.05,1,0,0,1632.4624999999942,1,0,1,58.639662473104494
9604,15698927,Ritchie,515.5,France,Male,26.0,7,0.0,2,0,1,1632.4624999999942,0,0,3,0.0
9605,15687363,McMillan,515.5,France,Male,26.0,3,155047.56,2,1,1,1632.4624999999942,0,0,4,94.97771618031076
9606,15733444,Phillips,515.5,France,Female,26.0,9,0.0,2,0,0,1632.4624999999942,0,1,2,0.0
9607,15678057,Lombardi,515.5,France,Male,26.0,10,118569.03,2,0,0,1632.4624999999942,0,0,2,72.63200839222979
9608,15806918,Ireland,515.5,France,Male,26.0,5,0.0,1,1,1,1632.4624999999942,0,1,3,0.0
9609,15638247,Boan,515.5,Spain,Male,26.0,9,0.0,2,1,0,1632.4624999999942,0,1,3,0.0
9610,15674833,Shao,515.5,France,Female,26.0,1,0.0,2,1,0,1632.4624999999942,0,0,3,0.0
9611,15812534,Chiemenam,455.0,France,Male,26.0,1,0.0,3,0,1,1632.4624999999942,0,1,4,0.0
9612,15586522,Hunter,515.5,Spain,Male,26.0,2,130461.02,1,1,0,1632.4624999999942,0,0,2,79.91670252762343
9613,15794297,McKay,515.5,France,Male,26.0,1,0.0,2,1,0,1632.4624999999942,0,0,3,0.0
9614,15737025,Roberts,515.5,France,Male,26.0,1,0.0,3,0,0,1632.4624999999942,1,1,3,0.0
9615,15615931,Aitken,515.5,France,Female,26.0,4,0.0,2,0,1,1632.4624999999942,0,1,3,0.0
9616,15664860,Chao,515.5,Spain,Female,26.0,3,0.0,2,1,0,1632.4624999999942,1,1,3,0.0
9617,15664539,Bruce,515.5,Spain,Male,26.0,9,61172.04,1,0,0,1632.4624999999942,0,0,1,37.47224821397136
9618,15583692,Chan,515.5,Germany,Female,26.0,2,90194.34,2,1,0,1632.4624999999942,0,0,3,55.25048201719814
9619,15693131,Watts,515.5,France,Female,24.0,3,95508.2,1,1,1,1632.4624999999942,0,0,3,58.50560120064034
9620,15779973,Gibbons,515.5,Germany,Male,26.0,3,99967.76,1,1,1,1632.4624999999942,0,0,3,61.23740055284599
9621,15620557,Ni,515.5,Spain,Male,26.0,4,101470.29,1,0,1,1632.4624999999942,0,0,2,62.1578076066068
9622,15639549,Jen,515.5,Germany,Female,26.0,4,70541.06,1,0,0,1632.4624999999942,0,0,1,43.21144283559362
9623,15618750,Phillips,515.5,France,Male,26.0,8,112211.61,1,1,0,1632.4624999999942,0,0,2,68.73763409572986
9624,15796790,Amaechi,515.5,France,Female,26.0,8,154543.98,1,1,0,1632.4624999999942,0,0,2,94.66923742505605
9625,15668309,Maslow,380.5,France,Female,26.0,0,111098.85,1,1,1,1632.4624999999942,1,0,3,68.05598903497042
9626,15732437,Rowley,504.0,Germany,Female,26.0,0,131873.07,2,1,1,1632.4624999999942,1,0,4,80.78168411219276
9627,15665158,Chukwuemeka,515.5,Spain,Male,26.0,1,137275.36,1,0,1,1632.4624999999942,0,0,2,84.09097299325435
9628,15689322,Bevan,515.5,Spain,Male,26.0,3,153316.14,1,1,0,1632.4624999999942,0,0,2,93.91709763624007
9630,15601977,Burgoyne,497.0,Spain,Male,26.0,2,121250.04,1,0,1,1632.4624999999942,0,0,2,74.27431870563669
9631,15801462,Yermakov,515.5,France,Male,26.0,8,109578.04,2,1,1,1632.4624999999942,0,0,4,67.12438417421556
9632,15566139,Ts'ui,515.5,France,Female,26.0,5,53573.18,1,1,0,1632.4624999999942,0,0,2,32.817403156274764
9633,15791006,Kodilinyechukwu,515.5,Germany,Female,26.0,6,58003.41,1,1,0,1632.4624999999942,0,0,2,35.531235786427075
9634,15668057,K?,515.5,France,Female,26.0,6,113000.66,1,1,0,1632.4624999999942,0,0,2,69.2209836366841
9636,15658768,Lucas,515.5,France,Female,26.0,2,0.0,1,0,0,1632.4624999999942,1,0,1,0.0
9637,15613048,Anderson,515.5,Germany,Female,26.0,5,139973.65,1,1,1,667.66,1,0,3,209.64809933199533
9638,15803654,Wei,515.5,France,Female,26.0,2,151290.16,1,1,1,1632.4624999999942,0,0,3,92.67604003154777
9639,15662337,Baldwin,515.5,Germany,Female,26.0,1,121498.11,2,0,1,1632.4624999999942,1,0,3,74.42627931728933
9640,15650924,Foster,515.5,Spain,Female,26.0,4,103515.39,2,1,1,1632.4624999999942,0,0,4,63.41057757835195
9641,15647203,Gebhart,515.5,France,Female,26.0,3,0.0,1,1,0,1632.4624999999942,0,1,2,0.0
9642,15682778,Fedorov,515.5,France,Male,26.0,9,0.0,2,1,1,1632.4624999999942,0,0,4,0.0
9643,15579820,Robertson,515.5,Spain,Male,26.0,6,106687.76,1,1,0,1632.4624999999942,0,0,2,65.35388102330091
9644,15709354,Tudawali,515.5,France,Female,26.0,2,0.0,2,1,1,1632.4624999999942,0,1,4,0.0
9645,15728480,Iloerika,452.0,France,Female,26.0,8,0.0,2,1,1,1632.4624999999942,0,1,4,0.0
9646,15641091,Onyemauchechukwu,515.5,France,Female,26.0,5,106089.2,1,0,0,1632.4624999999942,0,0,1,64.98722022711111
9647,15603111,Muir,515.5,Spain,Male,26.0,10,69608.14,1,1,0,1632.4624999999942,1,0,2,42.63996263313874
9648,15679693,Walker,515.5,France,Male,26.0,5,0.0,2,0,1,90.07,0,0,3,0.0
9649,15797190,Charlton,515.5,Germany,Female,26.0,7,96202.32,1,0,0,1632.4624999999942,0,0,1,58.930799329234425
9650,15788025,Tseng,515.5,France,Female,26.0,0,0.0,2,1,1,332.81,0,0,4,0.0
9651,15646168,Ifeatu,515.5,Spain,Male,26.0,5,0.0,2,1,0,1632.4624999999942,0,0,3,0.0
9652,15580493,Chin,469.0,France,Male,26.0,1,127818.52,1,1,0,1632.4624999999942,0,0,2,78.29798234262684
9653,15726720,Blinova,480.0,France,Female,26.0,7,0.0,1,1,0,1632.4624999999942,1,1,2,0.0
9654,15735799,Maconochie,515.5,Germany,Male,26.0,3,137318.42,1,1,1,1632.4624999999942,0,0,3,84.1173503219832
9655,15773098,Ch'in,515.5,Spain,Male,26.0,5,0.0,2,0,0,1632.4624999999942,0,0,2,0.0
9656,15668971,Nicholson,515.5,France,Female,26.0,4,55776.39,2,1,0,1632.4624999999942,0,0,3,34.16702680766033
9657,15603221,Burgess,515.5,Germany,Male,26.0,4,84421.62,1,0,1,1632.4624999999942,0,0,2,51.7142782759177
9658,15740043,Young,515.5,France,Male,26.0,5,83161.65,1,1,1,1632.4624999999942,0,0,3,50.94245656485236
9659,15712264,Plumb,515.5,France,Female,26.0,10,0.0,2,1,1,1632.4624999999942,0,1,4,0.0
9660,15751926,Trentino,515.5,Germany,Male,26.0,3,87807.29,2,1,1,1632.4624999999942,0,0,4,53.788243221513696
9661,15589401,Allen,515.5,France,Female,26.0,4,0.0,2,1,0,1632.4624999999942,0,0,3,0.0
9662,15742019,Benford,515.5,France,Female,26.0,6,0.0,2,0,0,1632.4624999999942,0,0,2,0.0
9663,15660611,Gallo,515.5,Spain,Male,26.0,3,0.0,2,1,1,1632.4624999999942,0,1,4,0.0
9664,15607634,Cobb,515.5,Germany,Male,26.0,9,95293.86,2,0,1,1632.4624999999942,0,0,3,58.3743026256348
9665,15595036,Doherty,515.5,Germany,Male,26.0,7,92847.59,1,1,0,1632.4624999999942,0,0,2,56.87578734580447
9666,15745794,Cocci,515.5,France,Male,26.0,6,0.0,2,1,1,1632.4624999999942,0,0,4,0.0
9667,15781689,Macadam,515.5,Spain,Male,26.0,5,0.0,2,1,0,1632.4624999999942,0,0,3,0.0
9668,15696054,Tychonoff,515.5,France,Male,26.0,2,0.0,1,0,1,1632.4624999999942,0,1,2,0.0
9669,15752467,Johnson,515.5,Spain,Male,26.0,3,0.0,2,1,1,1632.4624999999942,0,0,4,0.0
9670,15597739,Tu,515.5,France,Male,26.0,3,0.0,1,1,0,1632.4624999999942,0,1,2,0.0
9671,15651336,Chidiebere,515.5,France,Female,26.0,4,0.0,2,1,0,1632.4624999999942,0,1,3,0.0
9672,15636061,Pope,515.5,Germany,Male,26.0,4,68345.86,2,1,1,1632.4624999999942,0,0,4,41.86672588191168
9673,15723013,Sutherland,515.5,Germany,Male,26.0,7,76656.4,2,1,1,1632.4624999999942,0,0,4,46.957525823717404
9674,15784148,Beneventi,515.5,France,Male,26.0,9,0.0,2,0,0,1632.4624999999942,0,1,2,0.0
9675,15578098,Jamieson,515.5,France,Male,26.0,8,0.0,2,1,1,1632.4624999999942,0,1,4,0.0
9676,15638621,Simmons,515.5,Spain,Male,26.0,1,60374.98,1,1,0,1632.4624999999942,0,0,2,36.9839919753135
9677,15720924,Chijioke,515.5,France,Female,26.0,1,0.0,1,1,1,1632.4624999999942,0,0,3,0.0
9678,15566531,Iloerika,515.5,Germany,Male,26.0,4,88046.88,1,0,1,1632.4624999999942,1,0,2,53.93500922685839
9679,15718064,Chia,515.5,Spain,Male,26.0,2,0.0,2,0,0,1632.4624999999942,0,1,2,0.0
9681,15655335,Becher,515.5,France,Male,26.0,1,0.0,2,1,0,1632.4624999999942,0,0,3,0.0
9682,15607301,Romano,515.5,Spain,Female,26.0,8,129968.67,1,1,1,1632.4624999999942,0,0,3,79.61510295029777
9683,15694628,Walker,515.5,Germany,Female,26.0,4,157731.6,2,1,0,1632.4624999999942,0,0,3,96.62188258535836
9684,15607112,Chiawuotu,515.5,France,Male,26.0,6,0.0,2,0,1,1632.4624999999942,0,0,3,0.0
9685,15635775,Watt,515.5,France,Male,26.0,3,89276.48,1,1,0,1632.4624999999942,0,0,2,54.68822714151187
9686,15644280,Udegbunam,515.5,France,Male,26.0,4,138825.19,1,0,0,1632.4624999999942,0,0,1,85.04035467889798
9687,15708362,Watson,515.5,France,Male,26.0,4,103729.79,2,1,1,1632.4624999999942,0,0,4,63.541912907647415
9688,15771997,Bryant,515.5,France,Female,26.0,10,75499.24,1,1,0,1632.4624999999942,0,0,2,46.24868258842103
9689,15730579,Ward,515.5,France,Male,26.0,5,169445.4,1,1,1,1632.4624999999942,0,0,3,103.7974226054201
9690,15728005,Urban,515.5,France,Female,26.0,9,111359.55,2,1,0,1632.4624999999942,0,0,3,68.21568642465012
9691,15791674,Sutherland,515.5,France,Female,26.0,10,142388.61,2,0,1,1632.4624999999942,1,0,3,87.2232042083665
9692,15754599,K'ung,515.5,France,Male,26.0,4,123311.39,2,1,1,1632.4624999999942,0,0,4,75.53704296423375
9693,15693690,Iweobiegbunam,515.5,Spain,Male,26.0,7,115532.52,1,1,0,1632.4624999999942,0,0,2,70.77192891107785
9694,15728963,Wei,515.5,Germany,Female,26.0,10,167273.71,1,0,0,1632.4624999999942,1,0,1,102.46710720766976
9695,15659710,Lascelles,515.5,France,Male,25.0,5,77886.53,2,1,0,1632.4624999999942,0,0,3,47.71106840126513
9696,15658675,Ts'ao,515.5,Germany,Male,26.0,6,135795.63,1,0,1,1632.4624999999942,0,0,2,83.18453256966116
9697,15638788,Mack,515.5,France,Male,26.0,8,97514.07,1,1,1,1632.4624999999942,0,0,3,59.73433999249622
9698,15609735,Campbell,515.5,Germany,Male,26.0,6,127545.56,2,0,0,1632.4624999999942,1,0,2,78.13077482637455
9699,15771477,Fiorentini,515.5,France,Male,26.0,9,106160.37,1,0,0,1632.4624999999942,0,0,1,65.03081694066502
9700,15570145,Long,515.5,France,Female,23.0,2,0.0,2,1,0,1632.4624999999942,0,1,3,0.0
9701,15797149,Lloyd,515.5,Spain,Female,26.0,4,143680.47,2,1,1,1632.4624999999942,0,0,4,88.01456082452155
9702,15636912,Sneddon,515.5,Spain,Male,26.0,3,124483.53,1,1,0,1632.4624999999942,0,0,2,76.25506252057885
9703,15687828,Gorshkov,515.5,Spain,Female,26.0,5,86006.3,1,1,1,1632.4624999999942,0,0,3,52.68500807828683
9704,15667424,Forbes,515.5,Germany,Female,26.0,7,111094.05,2,1,1,1632.4624999999942,0,0,4,68.05304869177724
9706,15572374,Hopetoun,515.5,Spain,Male,26.0,1,0.0,2,0,1,1632.4624999999942,0,1,3,0.0
9707,15754926,Lucchesi,512.0,France,Female,26.0,6,0.0,2,1,0,1632.4624999999942,0,0,3,0.0
9708,15687431,Faria,515.5,France,Female,26.0,7,115171.71,1,1,1,1632.4624999999942,0,0,3,70.55090698867534
9710,15682839,Genovesi,515.5,France,Female,26.0,8,137936.94,1,1,1,1632.4624999999942,0,0,3,84.49623804528466
9711,15624677,Marquez,515.5,Germany,Female,26.0,3,122304.65,2,0,0,1632.4624999999942,0,0,2,74.92034273375371
9712,15646366,Trevisani,515.5,Germany,Male,26.0,8,120586.54,1,0,1,1632.4624999999942,0,0,2,73.86787751632912
9713,15701768,Tung,515.5,France,Male,26.0,3,0.0,2,1,1,1632.4624999999942,0,1,4,0.0
9714,15623566,Barnhill,515.5,France,Male,26.0,9,46520.69,1,1,1,1632.4624999999942,0,0,3,28.497248788257107
9715,15681274,Marshall,515.5,Spain,Female,26.0,2,105473.74,1,1,1,1632.4624999999942,0,0,3,64.61020697259532
9716,15762573,Bednall,515.5,Spain,Female,26.0,7,0.0,2,1,0,1632.4624999999942,0,0,3,0.0
9717,15706458,Pan,515.5,Germany,Male,26.0,5,115730.71,3,1,1,1632.4624999999942,1,0,5,70.89333445638134
9718,15654222,Ogg,515.5,Spain,Male,26.0,3,145396.49,1,0,1,1632.4624999999942,0,0,2,89.06574576751412
9719,15704053,T'ang,515.5,Spain,Male,26.0,3,131078.42,2,1,0,1632.4624999999942,1,0,3,80.29490417084648
9720,15724321,Baresi,515.5,Germany,Female,26.0,9,128298.74,1,0,0,1632.4624999999942,1,0,1,78.59215142767474
9721,15621815,Obiajulu,515.5,France,Female,26.0,6,165526.71,1,1,0,1632.4624999999942,0,0,2,101.3969447996512
9722,15724876,McGregor,515.5,France,Female,26.0,5,83714.41,1,1,1,1632.4624999999942,0,0,3,51.281061586407226
9723,15696588,Lung,515.5,France,Female,26.0,3,0.0,2,1,1,1632.4624999999942,0,0,4,0.0
9724,15612832,Jamieson,515.5,France,Male,26.0,7,125540.05,1,0,0,1632.4624999999942,0,0,1,76.90225656025817
9725,15804295,Pinto,485.0,France,Male,26.0,2,100254.76,2,1,1,1632.4624999999942,0,0,4,61.41320857293834
9726,15712536,Fallaci,515.5,France,Female,26.0,3,0.0,2,1,0,1632.4624999999942,1,0,3,0.0
9727,15662494,Goliwe,515.5,Spain,Male,26.0,7,138150.57,1,1,1,1632.4624999999942,0,0,3,84.62710169452622
9728,15807728,Ferri,515.5,France,Female,26.0,1,0.0,1,0,1,1632.4624999999942,1,1,2,0.0
9729,15764916,Rowley,515.5,Germany,Female,26.0,7,95984.21,1,0,1,1632.4624999999942,1,0,2,58.797191359679225
9731,15638487,She,515.5,Germany,Male,26.0,2,136858.42,1,0,1,1632.4624999999942,0,0,2,83.83556743263658
9732,15627859,Nebeolisa,515.5,Germany,Male,26.0,7,102609.0,1,1,0,1632.4624999999942,0,0,2,62.85534889775438
9733,15622192,Young,515.5,Spain,Male,26.0,3,0.0,2,0,1,1632.4624999999942,0,0,3,0.0
9734,15789413,Fitzgerald,515.5,France,Male,26.0,3,0.0,2,1,1,1632.4624999999942,0,0,4,0.0
9735,15583221,Arnold,515.5,Germany,Male,26.0,3,77356.92,2,1,1,1632.4624999999942,0,0,4,47.38664440990239
9736,15768495,Chidimma,515.5,France,Female,26.0,8,110923.15,2,1,1,1632.4624999999942,1,0,4,67.94836022266998
9737,15644103,Wells,515.5,Spain,Male,26.0,2,151675.65,1,0,1,1632.4624999999942,0,0,2,92.91218021853521
9739,15664547,Black,515.5,France,Male,26.0,7,0.0,1,0,0,1632.4624999999942,1,0,1,0.0
9740,15797293,Sopuluchukwu,515.5,France,Female,25.0,3,0.0,2,1,0,1632.4624999999942,0,1,3,0.0
9741,15572021,Ts'ao,515.5,Germany,Female,26.0,8,80204.11,2,1,0,1632.4624999999942,0,0,3,49.13075185494324
9742,15637461,Ukaegbunam,515.5,France,Male,26.0,7,0.0,2,1,0,1632.4624999999942,0,0,3,0.0
9743,15620577,Wood,515.5,France,Male,26.0,4,0.0,2,1,1,1632.4624999999942,0,0,4,0.0
9744,15609643,Furneaux,515.5,Germany,Male,26.0,9,115587.49,2,0,1,1632.4624999999942,0,0,3,70.80560196635477
9745,15785358,Gresswell,515.5,Germany,Male,26.0,8,106968.96,1,1,1,1632.4624999999942,1,0,3,65.52613612870151
9746,15603883,Ch'in,515.5,France,Male,26.0,4,0.0,2,1,1,1632.4624999999942,0,0,4,0.0
9747,15782550,Ma,490.0,Germany,Female,26.0,0,139659.04,1,1,1,1632.4624999999942,0,0,3,85.55114742298859
9748,15775761,Iweobiegbunam,515.5,Germany,Female,26.0,5,86038.21,3,0,0,1632.4624999999942,1,0,3,52.704555234806506
9749,15680201,Marcelo,515.5,Germany,Male,24.0,5,102773.2,2,1,0,1632.4624999999942,1,0,3,62.955933137821155
9750,15767594,Azubuike,515.5,France,Female,26.0,8,0.0,2,1,1,1632.4624999999942,0,1,4,0.0
9751,15591985,Stewart,515.5,France,Female,26.0,8,70754.18,1,1,1,1632.4624999999942,1,0,3,43.3419940733709
9752,15789339,Yen,515.5,France,Male,26.0,4,122781.51,1,0,1,1632.4624999999942,0,0,2,75.21245357856638
9754,15705174,Chiedozie,515.5,Germany,Male,26.0,7,153545.11,1,1,1,1632.4624999999942,0,0,3,94.05735813226983
9755,15572114,Shih,515.5,Spain,Male,26.0,1,121629.22,1,1,1,1632.4624999999942,0,0,3,74.5065935664681
9756,15804009,Amechi,515.5,Germany,Male,26.0,8,167983.17,2,1,1,1632.4624999999942,0,0,4,102.90170218305205
9757,15662698,Ko,515.5,Spain,Female,26.0,7,81153.82,1,1,1,1632.4624999999942,1,0,3,49.71251713285928
9758,15696047,Chimezie,501.0,France,Male,26.0,6,99760.84,1,1,1,1632.4624999999942,0,0,3,61.110647258359904
9759,15701160,Azubuike,515.5,Germany,Female,26.0,4,125890.72,1,1,1,1632.4624999999942,0,0,3,77.11706700766507
9760,15790093,Aguirre,515.5,France,Female,26.0,2,0.0,2,1,0,1632.4624999999942,0,1,3,0.0
9761,15632143,Lung,515.5,France,Male,26.0,2,119148.55,1,0,0,1632.4624999999942,0,0,1,72.98700582708665
9762,15736778,Adams,515.5,Germany,Female,26.0,1,72948.58,2,1,1,1632.4624999999942,0,0,4,44.686220969853984
9764,15643903,Yao,515.5,France,Male,26.0,1,154483.98,1,1,0,1632.4624999999942,0,0,2,94.63248313514127
9765,15569526,Morales,515.5,France,Male,26.0,10,98627.13,2,0,0,1632.4624999999942,0,0,2,60.416168824705224
9766,15777067,Thomas,445.0,France,Male,26.0,2,136770.67,1,0,1,1632.4624999999942,0,0,2,83.78181428363622
9767,15795511,Vasiliev,515.5,Germany,Male,26.0,4,95252.72,1,1,0,1632.4624999999942,0,0,2,58.34910143418323
9768,15610419,Chukwueloka,515.5,France,Male,26.0,3,117413.95,1,1,1,1632.4624999999942,0,0,3,71.92443930565047
9769,15644994,Ko,515.5,Germany,Male,26.0,4,137986.58,2,0,1,1632.4624999999942,1,0,3,84.52664609447413
9770,15703707,Atkins,515.5,France,Male,26.0,10,143571.52,1,0,0,1632.4624999999942,0,0,1,87.9478211597513
9771,15659327,Moffitt,515.5,France,Male,26.0,5,121197.64,1,1,0,1632.4624999999942,1,0,2,74.24221995911111
9772,15771323,Panicucci,480.0,Spain,Male,26.0,5,121626.9,1,1,1,1632.4624999999942,0,0,3,74.50517240059139
9773,15750549,Akobundu,515.5,Germany,Male,26.0,1,84440.1,2,1,1,1632.4624999999942,0,0,4,51.72559859721146
9774,15698462,Chiu,515.5,France,Male,26.0,4,0.0,2,1,1,1632.4624999999942,0,1,4,0.0
9775,15739692,Tsui,515.5,France,Male,26.0,1,0.0,2,0,0,1632.4624999999942,0,0,2,0.0
9776,15744041,Yobanna,515.5,France,Female,26.0,3,140356.7,1,1,0,1632.4624999999942,0,0,2,85.97851405468764
9777,15700714,Hollis,515.5,France,Male,26.0,7,0.0,2,1,1,1632.4624999999942,0,1,4,0.0
9778,15777743,Cattaneo,515.5,France,Female,26.0,3,92224.56,1,1,1,1632.4624999999942,0,0,3,56.49413692504442
9779,15623143,Lung,515.5,France,Female,26.0,9,0.0,2,1,0,1632.4624999999942,0,1,3,0.0
9780,15712568,Angelo,515.0,Spain,Male,26.0,10,121355.99,1,1,0,1632.4624999999942,0,0,2,74.3392206559112
9781,15617432,Folliero,515.5,Germany,Female,26.0,9,109003.26,1,1,1,1632.4624999999942,0,0,3,66.77229032826199
9782,15650424,Bryant,515.5,France,Female,26.0,3,147341.43,1,1,1,1632.4624999999942,1,0,3,90.25716057796153
9784,15680430,Ajuluchukwu,515.5,Germany,Female,26.0,4,96252.98,2,1,0,1632.4624999999942,0,0,3,58.96183220135246
9785,15687626,Zhirov,515.5,France,Male,26.0,4,0.0,2,1,0,1632.4624999999942,1,1,3,0.0
9786,15609187,Cox,455.0,France,Female,26.0,5,155879.09,2,0,0,1632.4624999999942,0,0,2,95.48708775852465
9787,15609521,Chimaraoke,515.5,Germany,Male,26.0,4,142929.16,2,1,1,1632.4624999999942,0,0,4,87.55432973192372
9788,15752626,Genovese,515.5,France,Male,26.0,7,64082.09,1,0,1,1632.4624999999942,0,0,2,39.25486190341293
9789,15571756,Ohearn,515.5,France,Female,26.0,5,0.0,1,1,0,1632.4624999999942,0,0,2,0.0
9790,15814040,Munroe,515.5,France,Female,26.0,1,0.0,2,1,1,1632.4624999999942,0,1,4,0.0
9791,15658211,Morrison,515.5,Spain,Female,26.0,2,0.0,2,1,1,1632.4624999999942,0,1,4,0.0
9792,15742091,Parkhill,515.5,Germany,Female,26.0,6,118336.95,1,1,0,1632.4624999999942,1,0,2,72.48984279883943
9793,15787168,Y?,515.5,Spain,Female,26.0,8,168253.21,1,1,1,1632.4624999999942,0,0,3,103.06712099052848
9794,15772363,Hilton,515.5,Germany,Female,26.0,0,101979.16,1,1,0,1632.4624999999942,0,0,2,62.46952686508901
9795,15659364,Thompson,515.5,Spain,Male,23.0,5,164902.43,1,0,0,1632.4624999999942,0,0,1,101.01452866451791
9796,15738980,Yobanna,506.0,France,Male,26.0,2,0.0,2,1,0,1632.4624999999942,0,1,3,0.0
9798,15721383,Harvey,515.5,Spain,Male,26.0,10,0.0,2,1,1,1632.4624999999942,0,1,4,0.0
9799,15652981,Robinson,515.5,Germany,Male,26.0,2,119755.0,1,1,1,1632.4624999999942,0,0,3,73.35849981240024
9800,15722731,Manna,515.5,France,Male,26.0,0,119556.1,1,1,0,1632.4624999999942,1,0,2,73.23665934133277
9801,15640507,Li,515.5,Spain,Female,26.0,3,119349.69,3,1,1,1632.4624999999942,1,0,5,73.11021845831094
9802,15578878,Hancock,515.5,Spain,Female,26.0,3,139528.23,1,1,1,1632.4624999999942,0,0,3,85.4710169452594
9803,15744295,Hao,515.5,France,Male,26.0,1,94773.11,1,1,0,1632.4624999999942,0,0,2,58.055306017749466
9804,15776558,Nicholls,515.5,France,Male,26.0,1,108345.22,1,0,1,1632.4624999999942,0,0,2,66.36919377933667
9805,15596136,Folliero,515.5,France,Female,26.0,9,166939.88,1,1,1,1632.4624999999942,0,0,3,102.26261246429894
9806,15704597,Trumbull,515.5,France,Male,26.0,7,174571.36,1,0,1,1632.4624999999942,0,0,2,106.93743960427919
9807,15648272,Medvedeva,515.5,Spain,Male,26.0,9,71829.34,1,1,1,1632.4624999999942,0,0,3,44.000606445783745
9808,15594915,Crist,515.5,France,Female,26.0,8,0.0,2,0,1,1632.4624999999942,0,1,3,0.0
9809,15581115,Middleton,515.5,France,Female,26.0,9,76769.68,1,0,0,1632.4624999999942,0,0,1,47.026917923076496
9810,15763907,Watts,515.5,France,Female,26.0,1,104614.29,1,1,0,1632.4624999999942,1,0,2,64.08373239814107
9812,15772421,Tretiakov,515.5,Germany,Female,26.0,1,128927.93,1,1,1,1632.4624999999942,0,0,3,78.97757528886602
9813,15711572,O'Kane,515.5,Germany,Female,26.0,9,110941.93,2,1,0,1632.4624999999942,0,0,3,67.9598643154133
9814,15691170,Vasilyeva,515.5,Spain,Female,26.0,10,99250.08,1,1,1,1632.4624999999942,0,0,3,60.79777023974539
9815,15600106,Wei,515.5,France,Male,26.0,1,0.0,2,0,0,1632.4624999999942,0,1,2,0.0
9816,15745431,Chinonyelum,515.5,France,Male,26.0,7,0.0,2,1,1,1632.4624999999942,0,1,4,0.0
9817,15649508,Chin,515.5,Spain,Male,26.0,8,0.0,2,1,0,1632.4624999999942,0,1,3,0.0
9818,15812611,Lorimer,515.5,Spain,Female,26.0,5,0.0,2,0,1,1632.4624999999942,0,0,3,0.0
9819,15619699,Yeh,515.5,France,Male,26.0,7,0.0,1,1,0,1632.4624999999942,0,1,2,0.0
9820,15813946,Duffy,515.5,Germany,Male,26.0,1,104682.83,1,1,0,1632.4624999999942,1,0,2,64.12571804865372
9821,15762762,Onyekachukwu,515.5,Germany,Female,26.0,5,118886.55,1,0,0,1632.4624999999942,0,0,1,72.82651209445879
9822,15629793,Banks,515.5,Spain,Male,26.0,8,156823.7,2,1,0,1632.4624999999942,0,0,3,96.06572892179794
9823,15781298,Hughes,515.5,Germany,Male,26.0,3,124216.93,1,0,1,1632.4624999999942,0,0,2,76.09175095905752
9824,15622658,Lai,515.5,France,Female,26.0,2,144258.52,1,1,0,1632.4624999999942,0,0,2,88.36865777927548
9826,15701936,Bell,467.0,Germany,Male,26.0,10,126315.26,1,1,0,1632.4624999999942,1,0,2,77.37712811167205
9827,15686917,Tu,515.5,Spain,Female,26.0,4,0.0,2,1,0,1632.4624999999942,0,1,3,0.0
9828,15807312,Hsia,515.5,Spain,Male,26.0,5,0.0,2,0,1,1632.4624999999942,0,0,3,0.0
9829,15574523,Cheng,515.5,France,Male,26.0,1,0.0,2,1,1,1632.4624999999942,0,0,4,0.0
9830,15724200,Cheng,515.5,France,Male,26.0,1,115341.55,1,0,1,1632.4624999999942,0,0,2,70.6549461319941
9831,15738224,Lin,515.5,France,Male,26.0,6,99162.29,1,1,0,1632.4624999999942,0,0,2,60.74399258788508
9832,15593283,Higgins,515.5,Germany,Female,26.0,1,156848.13,2,1,1,1632.4624999999942,1,0,4,96.08069404350823
9833,15814690,Chukwujekwu,515.5,Germany,Female,26.0,2,105736.32,1,1,1,1632.4624999999942,1,0,3,64.77105599669235
9834,15807245,McKay,515.5,Germany,Female,26.0,1,200117.76,2,1,0,1632.4624999999942,0,0,3,122.58643613559315
9835,15799358,Vincent,515.5,France,Female,26.0,6,62212.29,1,0,1,1632.4624999999942,1,0,2,38.10947571536879
9836,15616172,Ubanwa,515.5,France,Male,26.0,2,0.0,2,1,0,1632.4624999999942,0,0,3,0.0
9837,15777958,Ch'ien,515.5,France,Male,26.0,10,0.0,2,1,1,1632.4624999999942,0,1,4,0.0
9838,15809124,T'ien,515.5,France,Male,26.0,5,151532.4,1,1,1,1632.4624999999942,0,0,3,92.82442935136368
9839,15616367,Ricci,515.5,Germany,Male,26.0,1,121523.51,1,0,0,1632.4624999999942,1,0,1,74.44183863335324
9840,15687385,McDowell,484.0,France,Male,26.0,5,0.0,1,1,1,1632.4624999999942,0,0,3,0.0
9841,15607877,Maclean,515.5,Spain,Male,26.0,8,0.0,2,0,1,1632.4624999999942,0,0,3,0.0
9842,15736327,Manna,515.5,Germany,Female,26.0,1,68238.51,2,1,1,1632.4624999999942,0,0,4,41.80096633153916
9843,15746704,Jibunoh,515.5,Spain,Male,26.0,9,136808.53,2,1,1,1632.4624999999942,0,0,4,83.80500624057244
9844,15778304,Fan,515.5,Germany,Male,24.0,0,92398.08,1,1,1,1632.4624999999942,0,0,3,56.60043033147795
9845,15588456,Hsieh,515.5,France,Female,26.0,5,143566.12,1,1,1,1632.4624999999942,0,0,3,87.94451327365897
9846,15664035,Parsons,515.5,Spain,Female,26.0,9,0.0,2,1,1,1632.4624999999942,0,1,4,0.0
9847,15596405,Udinese,515.5,Spain,Male,25.0,7,127728.24,2,1,1,1632.4624999999942,0,0,4,78.24267938773507
9848,15815097,Root,515.5,France,Female,26.0,9,0.0,2,1,0,1632.4624999999942,0,1,3,0.0
9849,15762708,Chiemezie,515.5,Spain,Female,26.0,10,119658.49,1,1,1,1632.4624999999942,0,0,3,73.29938053707232
9850,15776211,Toscani,515.5,France,Female,26.0,6,0.0,2,1,1,1632.4624999999942,0,1,4,0.0
9851,15626012,Obidimkpa,459.0,France,Male,26.0,4,149879.66,1,0,0,1632.4624999999942,0,0,1,91.81200793280124
9852,15792077,Degtyaryov,515.5,Germany,Male,26.0,8,119859.52,2,1,0,1632.4624999999942,0,0,3,73.42252578543179
9853,15718765,Maclean,501.0,Spain,Male,26.0,6,104533.24,1,0,0,1632.4624999999942,1,0,1,64.0340834781812
9854,15576615,Giordano,515.5,Spain,Male,26.0,10,145382.61,1,1,0,1632.4624999999942,0,0,2,89.05724327511382
9855,15752650,Saad,515.5,Spain,Female,26.0,6,121231.39,1,1,1,1632.4624999999942,0,0,3,74.26289424718817
9856,15797502,Lord,515.5,Spain,Male,24.0,2,141078.57,1,1,1,1632.4624999999942,0,0,3,86.42071104236729
9857,15687329,Hope,515.5,Germany,Female,26.0,1,108465.65,2,1,0,1632.4624999999942,1,0,3,66.44296576491061
9858,15779423,K?,515.5,France,Male,26.0,1,70657.61,2,1,1,1632.4624999999942,0,0,4,43.282838043753074
9859,15619514,Bull,507.0,Germany,Male,26.0,3,120105.43,1,1,0,1632.4624999999942,1,0,2,73.57316324264748
9860,15615430,Adams,515.5,Germany,Male,26.0,4,129646.91,1,1,1,1632.4624999999942,1,0,3,79.41800194491479
9861,15716431,Brookes,515.5,France,Female,26.0,10,191091.74,2,1,1,1632.4624999999942,0,0,4,117.05735353798367
9862,15798341,Victor,515.5,France,Male,26.0,8,0.0,1,1,1,1632.4624999999942,0,0,3,0.0
9863,15651958,Giles,515.5,France,Male,26.0,8,0.0,2,1,1,1632.4624999999942,0,1,4,0.0
9864,15726179,Ferrari,515.5,Germany,Female,26.0,5,131433.33,2,1,1,1632.4624999999942,1,0,4,80.51231192140736
9865,15652999,Milne,515.5,Germany,Male,26.0,1,137937.95,1,1,1,1632.4624999999942,0,0,3,84.49685674249822
9866,15691950,Parry,515.5,France,Male,26.0,3,0.0,2,1,0,1632.4624999999942,0,0,3,0.0
9867,15632446,Allan,515.5,France,Male,24.0,4,0.0,2,0,0,1632.4624999999942,0,1,2,0.0
9868,15620936,Warren,515.5,France,Male,26.0,4,0.0,2,1,1,1632.4624999999942,0,0,4,0.0
9869,15587640,Rowntree,515.5,France,Female,26.0,0,93143.39,1,1,0,1632.4624999999942,0,0,2,57.05698599508432
9870,15782231,Andrejew,515.5,France,Male,26.0,6,0.0,2,1,0,1632.4624999999942,0,0,3,0.0
9871,15580462,Corby,515.5,Spain,Male,26.0,1,112544.45,1,1,1,1632.4624999999942,0,0,3,68.94152239331709
9872,15736371,Kennedy,515.5,France,Female,26.0,3,123034.43,2,1,1,1632.4624999999942,0,0,4,75.36738516198714
9873,15648032,Young,515.5,Spain,Male,26.0,2,0.0,2,0,1,1632.4624999999942,0,1,3,0.0
9874,15610454,Poole,515.5,Germany,Female,26.0,9,119278.44,1,1,1,1632.4624999999942,0,0,3,73.06657273903714
9875,15671358,Fletcher,515.5,France,Male,26.0,4,0.0,2,1,0,1632.4624999999942,0,1,3,0.0
9876,15747130,Tsao,515.5,France,Male,26.0,7,0.0,2,0,1,653.58,0,0,3,0.0
9877,15578374,Gilroy,515.5,Spain,Male,26.0,7,169312.72,1,1,0,1632.4624999999942,0,0,2,103.71614661898856
9878,15572182,Onwuamaeze,505.0,Germany,Female,26.0,3,106506.77,3,1,0,1632.4624999999942,1,0,4,65.24301170777301
9879,15770041,Manna,515.5,Spain,Female,26.0,8,128412.61,1,0,1,1632.4624999999942,0,0,2,78.661904944218
9880,15669414,Pisano,486.0,Germany,Male,26.0,9,118356.89,2,1,0,1632.4624999999942,1,0,3,72.50205747452111
9881,15777054,Thorpe,515.5,Germany,Male,26.0,3,137479.13,1,1,0,1632.4624999999942,0,0,2,84.21579668751993
9882,15621021,Dwyer,515.5,Spain,Female,26.0,1,0.0,2,1,0,1632.4624999999942,0,0,3,0.0
9883,15785490,Okeke,515.5,France,Male,26.0,3,105229.72,1,1,1,1632.4624999999942,1,0,3,64.46072727551191
9884,15577695,Zito,515.5,France,Male,26.0,2,148088.11,1,1,0,1632.4624999999942,0,0,2,90.71455546452094
9885,15686974,Sergeyeva,515.5,France,Female,26.0,4,0.0,1,0,1,1632.4624999999942,1,0,2,0.0
9886,15574584,Fang,515.5,France,Male,26.0,8,126679.69,1,1,1,1632.4624999999942,0,0,3,77.60036754289942
9887,15719541,Flannagan,515.5,Spain,Male,26.0,2,90826.27,2,1,0,1632.4624999999942,0,0,3,55.63758432429555
9890,15711489,Azikiwe,515.5,Spain,Female,26.0,2,0.0,1,1,1,1632.4624999999942,0,1,3,0.0
9891,15670427,Chidi,515.5,Spain,Male,26.0,4,155187.3,1,1,0,1632.4624999999942,0,0,2,95.06331692152227
9892,15731755,Hull,515.5,France,Male,26.0,10,0.0,2,1,0,1632.4624999999942,0,1,3,0.0
9893,15796370,Shah,515.5,Spain,Male,26.0,5,155455.43,1,0,1,1632.4624999999942,0,0,2,95.22756571743642
9894,15598331,Morgan,515.5,France,Female,26.0,9,100480.53,1,1,0,1632.4624999999942,0,0,2,61.55150884017266
9895,15704795,Vagin,515.5,France,Female,26.0,6,0.0,2,1,1,1632.4624999999942,0,0,4,0.0
9896,15796764,Bruno,515.5,Germany,Female,26.0,3,127585.98,3,1,1,1632.4624999999942,1,0,5,78.15553496634713
9897,15589420,Osinachi,515.5,France,Female,26.0,2,101891.1,1,1,1,1632.4624999999942,0,0,3,62.41558381892409
9898,15810563,Ho,515.5,Spain,Female,26.0,8,0.0,2,1,1,1632.4624999999942,0,1,4,0.0
9899,15746569,Tsui,515.5,France,Male,26.0,4,0.0,1,1,0,1632.4624999999942,1,0,2,0.0
9900,15811594,Gordon,515.5,Spain,Female,26.0,3,128929.88,1,1,1,1632.4624999999942,0,0,3,78.97876980328826
9901,15645896,Duncan,515.5,Germany,Male,26.0,6,121681.91,2,0,1,1632.4624999999942,0,0,3,74.53886995872827
9902,15802909,Hu,515.5,Germany,Female,26.0,3,139603.22,1,1,1,1632.4624999999942,0,0,3,85.51695368193786
9903,15797665,Docherty,515.5,France,Female,26.0,7,0.0,2,1,0,1632.4624999999942,0,1,3,0.0
9904,15778959,Brookes,515.5,France,Female,26.0,10,0.0,2,0,1,1632.4624999999942,0,1,3,0.0
9905,15722532,Angelo,515.5,Spain,Female,26.0,10,91760.11,1,1,1,1632.4624999999942,0,0,3,56.20962809252912
9906,15784124,Emenike,515.5,Germany,Male,26.0,2,93925.3,1,1,0,1632.4624999999942,1,0,2,57.535961775538695
9907,15776518,Pugh,515.5,France,Female,26.0,4,175739.36,1,1,1,1632.4624999999942,0,0,3,107.65292311462017
9908,15611247,McKenzie,481.0,France,Female,26.0,10,0.0,2,1,0,1632.4624999999942,0,1,3,0.0
9909,15721469,Mach,492.0,Germany,Male,26.0,9,170295.04,2,0,0,1632.4624999999942,0,0,2,104.31788785347328
9910,15773338,Endrizzi,515.5,France,Male,26.0,2,101579.28,1,1,1,1632.4624999999942,0,0,3,62.22457177423699
9911,15784042,L?,515.5,France,Male,26.0,7,118793.6,1,1,1,1632.4624999999942,1,0,3,72.76957357366581
9912,15776229,MacPherson,515.5,France,Male,26.0,3,115282.3,1,0,0,1632.4624999999942,0,0,1,70.61865127070325
9913,15655903,Michael,515.5,Spain,Female,26.0,6,107980.37,1,1,1,1632.4624999999942,0,0,3,66.1456970680799
9914,15590177,Chiedozie,515.5,France,Female,26.0,1,133866.22,1,0,1,1632.4624999999942,0,0,2,82.0026309945867
9915,15568876,Hughes,496.0,France,Female,26.0,1,102723.35,2,1,0,1632.4624999999942,0,0,3,62.925396448616965
9916,15813140,Taylor,515.5,Spain,Male,26.0,5,0.0,2,0,1,1632.4624999999942,0,1,3,0.0
9917,15770516,Evdokimov,515.5,Spain,Female,26.0,7,193213.02,2,1,1,1632.4624999999942,0,0,4,118.35678920649062
9918,15755731,Davis,515.5,Germany,Male,26.0,8,117005.55,1,0,1,1632.4624999999942,1,0,2,71.67426510563055
9919,15574480,Ubanwa,515.5,Spain,Male,26.0,1,132862.59,1,0,0,1632.4624999999942,0,0,1,81.38783586146724
9920,15798084,Murray,515.5,France,Male,26.0,0,0.0,2,1,0,1632.4624999999942,0,1,3,0.0
9921,15673020,Smith,515.5,France,Female,26.0,3,204510.94,1,0,1,738.88,1,0,2,276.7850530532698
9922,15643575,Evseev,515.5,Germany,Male,26.0,1,65349.71,1,0,0,1632.4624999999942,0,0,1,40.031369786442404
9923,15596811,Mitchell,515.5,France,Male,26.0,8,139753.35,1,1,0,1632.4624999999942,0,0,2,85.60891904101963
9924,15786789,Ni,515.5,France,Female,26.0,6,0.0,2,1,1,1632.4624999999942,0,1,4,0.0
9925,15578865,Palerma,515.5,Germany,Female,26.0,5,107959.39,1,1,1,1632.4624999999942,1,0,3,66.1328453180397
9926,15605672,Yuan,515.5,France,Female,26.0,5,195926.39,1,1,1,1632.4624999999942,0,0,3,120.01892233359156
9927,15603674,Knight,515.5,France,Male,26.0,1,0.0,2,1,1,1632.4624999999942,0,1,4,0.0
9928,15759915,Rapuokwu,515.5,France,Female,26.0,6,87772.52,1,1,0,1632.4624999999942,0,0,2,53.76694411050809
9929,15686219,Wan,515.5,France,Male,26.0,4,71018.6,2,1,0,1632.4624999999942,0,0,3,43.50397022902533
9930,15696388,Artamonova,515.5,Germany,Male,26.0,4,111096.91,1,1,1,1632.4624999999942,0,0,3,68.05480064626317
9931,15713604,Rossi,425.0,Germany,Male,26.0,9,166776.6,2,0,1,1632.4624999999942,0,0,3,102.16259179001086
9932,15647800,Greco,515.5,France,Female,26.0,6,101266.51,1,1,0,1632.4624999999942,0,0,2,62.03297778662625
9934,15765375,Butusov,515.5,France,Female,26.0,8,0.0,1,0,0,1632.4624999999942,0,1,1,0.0
9935,15774586,West,515.5,Germany,Female,26.0,10,118588.83,1,1,1,1632.4624999999942,1,0,3,72.64413730790167
9936,15603454,Sanders,515.5,Germany,Male,26.0,5,160454.15,2,0,1,1632.4624999999942,0,0,3,98.28963911881624
9937,15653037,Parks,515.5,France,Male,26.0,1,0.0,1,0,1,1632.4624999999942,0,0,2,0.0
9938,15782475,Edith,515.5,France,Female,26.0,8,0.0,2,1,1,1632.4624999999942,0,1,4,0.0
9939,15593496,Korovin,515.5,Spain,Female,26.0,5,91132.18,1,0,0,1632.4624999999942,0,0,1,55.82497607142603
9940,15808971,Lajoie,515.5,Spain,Female,26.0,9,0.0,2,1,1,1632.4624999999942,0,1,4,0.0
9942,15676869,T'ien,515.5,Spain,Male,26.0,8,0.0,2,0,1,1632.4624999999942,0,1,3,0.0
9943,15683007,Torode,515.5,Germany,Female,25.0,5,113113.12,1,1,0,1632.4624999999942,0,0,2,69.28987342741435
9944,15659495,Fu,515.5,Spain,Male,23.0,2,0.0,1,1,1,1632.4624999999942,0,0,3,0.0
9945,15703923,Cameron,515.5,Germany,Male,26.0,7,190409.34,2,1,1,1632.4624999999942,0,0,4,116.63933474735296
9946,15674000,Cattaneo,515.5,France,Male,26.0,10,0.0,2,0,1,1632.4624999999942,0,1,3,0.0
9947,15618171,James,515.5,France,Female,26.0,9,0.0,2,0,1,1632.4624999999942,0,1,3,0.0
9948,15732202,Abramovich,515.5,France,Male,26.0,1,83503.11,2,1,1,1632.4624999999942,1,0,4,51.151625228757354
9949,15735078,Onwughara,515.5,Germany,Female,26.0,1,139687.66,2,1,1,1632.4624999999942,0,0,4,85.56867921927794
9950,15798615,Wan,515.5,France,Female,26.0,9,137301.87,1,1,0,1632.4624999999942,0,0,2,84.1072122636817
9951,15638494,Salinas,515.5,Germany,Female,26.0,10,129845.26,1,1,1,1632.4624999999942,0,0,3,79.53950550165806
9952,15763874,Ho,515.5,Spain,Male,26.0,8,0.0,2,1,1,1632.4624999999942,0,0,4,0.0
9953,15696355,Cleveland,515.5,Germany,Male,26.0,6,125489.4,1,1,0,1632.4624999999942,0,0,2,76.87122981385511
9954,15655952,Burke,515.5,France,Male,26.0,2,0.0,2,1,1,1632.4624999999942,0,0,4,0.0
9955,15739850,Trentino,515.5,France,Male,26.0,6,155417.61,1,0,1,1632.4624999999942,0,0,2,95.20439826336013
9956,15611338,Kashiwagi,515.5,Spain,Male,26.0,4,0.0,2,1,1,1632.4624999999942,0,0,4,0.0
9957,15707861,Nucci,515.5,France,Female,26.0,10,85216.61,1,1,0,1632.4624999999942,1,0,2,52.2012664915735
9958,15672237,Oluchi,515.5,France,Male,25.0,1,0.0,1,1,0,1632.4624999999942,0,1,2,0.0
9959,15657771,Ts'ui,515.5,France,Male,26.0,6,0.0,1,1,1,1632.4624999999942,0,0,3,0.0
9960,15677783,Graham,515.5,Spain,Male,26.0,4,113607.47,1,1,0,1632.4624999999942,0,0,2,69.59269814773718
9961,15681026,Lucciano,515.5,Germany,Female,26.0,9,104552.72,1,1,1,1632.4624999999942,1,0,3,64.04601637097353
9962,15566543,Aldridge,515.5,Spain,Male,26.0,9,0.0,2,1,0,1632.4624999999942,0,1,3,0.0
9963,15594612,Flynn,515.5,Spain,Male,26.0,9,0.0,1,0,0,1632.4624999999942,1,0,1,0.0
9964,15814664,Scott,515.5,Germany,Male,26.0,2,126524.11,1,1,0,1632.4624999999942,0,0,2,77.50506366915042
9965,15642785,Douglas,479.0,France,Male,26.0,5,117593.48,2,0,0,1632.4624999999942,0,0,2,72.03441426679045
9966,15690164,Shao,515.5,Germany,Female,26.0,4,83199.05,1,0,0,1632.4624999999942,0,0,1,50.96536673889924
9967,15590213,Ch'en,479.0,Spain,Male,26.0,4,125920.98,1,1,1,1632.4624999999942,0,0,3,77.1356034212121
9968,15603794,Pugliesi,515.5,France,Male,26.0,5,118469.38,1,1,1,1632.4624999999942,0,0,3,72.57096564239633
9969,15733491,McGregor,512.0,Germany,Female,26.0,8,153537.57,2,0,0,1632.4624999999942,0,0,2,94.05273934317054
9970,15806360,Hou,515.5,France,Male,26.0,6,0.0,1,0,1,1632.4624999999942,0,1,2,0.0
9971,15587133,Thompson,515.5,France,Male,26.0,7,151027.05,2,1,0,1632.4624999999942,0,0,3,92.51486634455648
9972,15721377,Chou,515.5,France,Female,26.0,3,144751.81,1,0,0,1632.4624999999942,0,0,1,88.67083317380983
9973,15747927,Ch'in,515.5,France,Male,26.0,4,155739.76,1,1,0,1632.4624999999942,0,0,2,95.40173817162757
9974,15806455,Miller,515.5,France,Male,26.0,7,0.0,2,1,1,1632.4624999999942,0,1,4,0.0
9975,15695474,Barker,515.5,France,Male,26.0,7,122531.86,1,1,0,1632.4624999999942,0,0,2,75.059525103946
9976,15666295,Smith,515.5,Germany,Male,26.0,1,113957.01,2,1,0,1632.4624999999942,1,0,3,69.80681638935069
9977,15656062,Azikiwe,515.5,France,Female,26.0,7,103377.81,1,1,0,1632.4624999999942,0,0,2,63.326299991577365
9978,15579969,Mancini,515.5,France,Female,26.0,9,0.0,2,1,1,1632.4624999999942,0,0,4,0.0
9979,15703563,P'eng,515.5,France,Male,26.0,9,93017.47,2,1,0,1632.4624999999942,0,0,3,56.97985099198318
9980,15692664,Diribe,515.5,France,Female,26.0,1,90022.85,1,0,1,1632.4624999999942,0,0,2,55.14543213090673
9981,15719276,T'ao,515.5,Spain,Male,26.0,6,74371.49,1,0,0,1632.4624999999942,0,0,1,45.55785508089789
9982,15672754,Burbidge,498.0,Germany,Male,26.0,3,152039.7,1,1,1,1632.4624999999942,1,0,3,93.13518687259312
9983,15768163,Griffin,515.5,Germany,Female,26.0,7,137145.12,1,1,0,1632.4624999999942,1,0,2,84.01119168127934
9984,15656710,Cocci,515.5,France,Male,26.0,4,0.0,1,0,0,1632.4624999999942,0,1,1,0.0
9985,15696175,Echezonachukwu,515.5,Germany,Male,26.0,7,90602.42,2,1,1,1632.4624999999942,0,0,4,55.5004601943385
9986,15586914,Nepean,515.5,France,Male,26.0,6,123841.49,2,1,0,1632.4624999999942,0,0,3,75.8617671156308
9987,15581736,Bartlett,515.5,Germany,Male,26.0,1,183579.54,2,0,1,1632.4624999999942,0,0,3,112.455593926354
9988,15588839,Mancini,515.5,Spain,Male,26.0,8,180307.73,2,1,1,1632.4624999999942,0,0,4,110.45137637158628
9989,15589329,Pirozzi,515.5,France,Male,26.0,4,0.0,2,1,0,1632.4624999999942,0,0,3,0.0
9990,15605622,McMillan,515.5,Spain,Male,26.0,4,0.0,2,1,1,1632.4624999999942,0,1,4,0.0
9991,15798964,Nkemakonam,515.5,Germany,Male,26.0,3,35016.6,1,1,0,1632.4624999999942,0,0,2,21.450171137162492
9992,15769959,Ajuluchukwu,515.5,France,Female,26.0,4,88381.21,1,1,0,1632.4624999999942,1,0,2,54.13981025597851
9993,15657105,Chukwualuka,515.5,Spain,Male,26.0,2,0.0,1,1,0,1632.4624999999942,0,1,2,0.0
9994,15569266,Rahman,515.5,France,Male,26.0,7,155060.41,1,1,0,1632.4624999999942,0,0,2,94.98558772406751
9995,15719294,Wood,515.5,France,Female,26.0,2,0.0,2,0,0,1632.4624999999942,0,1,2,0.0
9996,15606229,Obijiaku,515.5,France,Male,26.0,5,0.0,2,1,0,1632.4624999999942,0,0,3,0.0
9997,15569892,Johnstone,515.5,France,Male,26.0,10,57369.61,1,1,1,1632.4624999999942,0,0,3,35.142987970627324
9998,15584532,Liu,515.5,France,Female,26.0,7,0.0,1,0,1,1632.4624999999942,1,0,2,0.0
9999,15682355,Sabbatini,515.5,Germany,Male,26.0,3,75075.31,2,1,0,1632.4624999999942,1,0,3,45.98899515302818
10000,15628319,Walker,515.5,France,Female,26.0,4,130142.79,1,1,0,1632.4624999999942,0,0,2,79.72176389963045
