CustomerId,Product_Type,Enrollment_Date,Status
15634602,Credit Card,2022-05-04,Active
15634602,Insurance,2023-05-01,Active
15634602,Mutual Fund,2023-12-21,Active
15647311,Insurance,2022-01-24,Active
15647311,Mutual Fund,2022-12-09,Active
15647311,Credit Card,2023-08-18,Inactive
15619304,Insurance,2023-07-02,Active
15701354,Insurance,2023-01-09,Active
15737888,Credit Card,2022-06-21,Active
15737888,Insurance,2022-05-23,Active
15574012,Credit Card,2023-03-12,Active
15574012,Mutual Fund,2023-01-06,Active
15574012,Fixed Deposit,2022-02-09,Active
15592531,Credit Card,2023-07-05,Active
15592531,Mutual Fund,2022-07-25,Active
15656148,Credit Card,2022-02-02,Inactive
15792365,Fixed Deposit,2023-03-03,Active
15792365,Insurance,2022-06-05,Active
15792365,Credit Card,2023-11-06,Inactive
15592389,Insurance,2023-08-01,Active
15767821,Loan,2022-09-11,Active
15767821,Insurance,2023-03-03,Active
15737173,Insurance,2023-09-21,Active
15632264,Mutual Fund,2023-05-19,Active
15632264,Loan,2022-06-26,Active
15632264,Credit Card,2022-04-09,Inactive
15691483,Fixed Deposit,2023-03-04,Active
15600882,Loan,2022-04-24,Active
15600882,Fixed Deposit,2023-06-20,Active
15643966,Mutual Fund,2022-09-28,Active
15643966,Credit Card,2023-08-06,Active
15737452,Credit Card,2022-06-15,Active
15737452,Insurance,2022-08-05,Active
15788218,Loan,2023-02-05,Active
15788218,Credit Card,2023-01-20,Active
15661507,Credit Card,2022-07-25,Active
15568982,Loan,2022-11-19,Inactive
15568982,Fixed Deposit,2023-08-04,Active
15568982,Credit Card,2022-10-26,Active
15577657,Credit Card,2022-06-19,Active
15577657,Insurance,2022-01-28,Active
15577657,Fixed Deposit,2023-02-11,Active
15597945,Insurance,2023-11-20,Active
15597945,Credit Card,2022-08-13,Active
15597945,Mutual Fund,2022-04-12,Active
15699309,Credit Card,2022-11-12,Inactive
15725737,Insurance,2022-04-25,Active
15725737,Loan,2023-01-23,Active
15725737,Credit Card,2023-02-07,Active
15625047,Fixed Deposit,2023-02-17,Active
15738191,Fixed Deposit,2022-04-30,Active
15736816,Mutual Fund,2022-03-09,Active
15736816,Insurance,2022-07-04,Active
15700772,Mutual Fund,2022-07-09,Active
15728693,Credit Card,2023-03-23,Active
15656300,Credit Card,2023-05-30,Inactive
15589475,Credit Card,2023-11-04,Active
15589475,Fixed Deposit,2022-04-28,Inactive
15589475,Mutual Fund,2022-05-02,Active
15706552,Fixed Deposit,2023-03-10,Inactive
15706552,Loan,2023-05-29,Active
15706552,Credit Card,2023-05-12,Active
15750181,Fixed Deposit,2023-08-29,Active
15750181,Mutual Fund,2023-09-28,Active
15750181,Insurance,2022-06-17,Active
15659428,Credit Card,2023-10-22,Active
15732963,Insurance,2022-04-13,Active
15794171,Insurance,2023-10-27,Active
15794171,Loan,2022-12-08,Inactive
15788448,Mutual Fund,2023-12-18,Active
15729599,Fixed Deposit,2023-03-06,Inactive
15729599,Insurance,2022-06-19,Active
15717426,Loan,2023-09-27,Active
15717426,Fixed Deposit,2023-03-23,Active
15585768,Mutual Fund,2023-11-03,Inactive
15585768,Fixed Deposit,2022-12-12,Active
15619360,Loan,2023-01-22,Active
15738148,Insurance,2022-06-09,Active
15687946,Fixed Deposit,2023-06-21,Active
15687946,Insurance,2022-11-14,Active
15687946,Mutual Fund,2022-01-05,Active
15755196,Fixed Deposit,2023-02-21,Active
15684171,Credit Card,2022-03-20,Active
15754849,Fixed Deposit,2022-10-14,Active
15602280,Loan,2022-10-13,Active
15602280,Insurance,2023-04-01,Active
15602280,Mutual Fund,2023-06-02,Active
15771573,Mutual Fund,2023-08-09,Active
15771573,Insurance,2023-02-27,Inactive
15766205,Loan,2022-01-17,Active
15771873,Mutual Fund,2023-03-01,Active
15616550,Loan,2023-05-13,Active
15616550,Insurance,2023-03-13,Active
15768193,Mutual Fund,2023-05-24,Active
15683553,Insurance,2023-12-08,Active
15683553,Fixed Deposit,2023-09-12,Inactive
15683553,Mutual Fund,2023-07-31,Active
15702298,Fixed Deposit,2023-04-23,Active
15702298,Credit Card,2023-11-10,Active
15702298,Mutual Fund,2022-07-25,Active
15569590,Credit Card,2023-11-19,Active
15569590,Loan,2022-08-04,Active
15760861,Fixed Deposit,2022-08-19,Active
15760861,Loan,2023-12-23,Active
15630053,Loan,2022-09-10,Active
15630053,Insurance,2022-12-01,Inactive
15647091,Loan,2022-11-29,Active
15647091,Fixed Deposit,2022-06-27,Active
15647091,Mutual Fund,2022-08-09,Active
15623944,Loan,2023-03-07,Active
15804771,Credit Card,2023-07-08,Active
15804771,Fixed Deposit,2022-07-20,Active
15804771,Insurance,2022-02-14,Active
15651280,Insurance,2023-06-18,Inactive
15651280,Loan,2023-10-06,Inactive
15773469,Credit Card,2023-10-20,Active
15773469,Loan,2023-07-22,Active
15702014,Mutual Fund,2023-09-25,Active
15702014,Insurance,2022-01-31,Active
15751208,Mutual Fund,2022-02-18,Inactive
15751208,Insurance,2023-08-22,Inactive
15751208,Loan,2022-01-05,Active
15592461,Loan,2023-07-13,Inactive
15592461,Insurance,2022-10-07,Active
15592461,Mutual Fund,2023-03-20,Active
15789484,Credit Card,2022-09-17,Active
15789484,Loan,2022-03-16,Inactive
15789484,Mutual Fund,2023-10-05,Active
15696061,Loan,2022-06-15,Active
15696061,Insurance,2022-02-18,Active
15696061,Mutual Fund,2023-02-11,Active
15641582,Loan,2023-07-08,Inactive
15641582,Credit Card,2023-04-26,Inactive
15641582,Insurance,2023-11-07,Active
15638424,Credit Card,2022-12-07,Active
15755648,Fixed Deposit,2022-07-28,Active
15755648,Credit Card,2023-09-12,Inactive
15755648,Loan,2022-12-22,Inactive
15703793,Credit Card,2022-05-10,Active
15703793,Insurance,2022-03-27,Active
15703793,Fixed Deposit,2022-10-12,Active
15620344,Mutual Fund,2022-06-08,Active
15620344,Fixed Deposit,2023-10-19,Active
15620344,Credit Card,2022-07-07,Active
15812518,Mutual Fund,2022-10-06,Inactive
15779052,Mutual Fund,2023-05-18,Active
15779052,Fixed Deposit,2023-10-21,Active
15770811,Insurance,2022-09-05,Active
15780961,Loan,2023-02-09,Active
15780961,Credit Card,2023-08-08,Active
15780961,Mutual Fund,2022-10-08,Active
15614049,Mutual Fund,2022-02-02,Active
15614049,Credit Card,2022-03-27,Active
15662085,Loan,2022-06-26,Active
15662085,Credit Card,2022-07-01,Active
15662085,Mutual Fund,2023-10-29,Inactive
15575185,Credit Card,2023-05-28,Inactive
15803136,Credit Card,2022-07-30,Active
15706021,Loan,2022-08-02,Active
15706021,Fixed Deposit,2022-12-26,Active
15706021,Insurance,2022-01-26,Active
15663706,Fixed Deposit,2022-01-07,Active
15663706,Loan,2022-11-23,Active
15663706,Credit Card,2023-03-23,Inactive
15641732,Fixed Deposit,2023-06-27,Inactive
15641732,Credit Card,2023-03-09,Active
15701164,Mutual Fund,2022-06-10,Active
15701164,Credit Card,2023-06-06,Inactive
15738751,Mutual Fund,2022-05-29,Active
15738751,Loan,2023-07-24,Active
15805254,Fixed Deposit,2022-09-08,Active
15805254,Credit Card,2022-11-12,Inactive
15762418,Mutual Fund,2022-02-04,Active
15625759,Mutual Fund,2022-01-12,Active
15622897,Loan,2022-05-29,Active
15622897,Credit Card,2023-01-22,Active
15767954,Mutual Fund,2022-08-02,Inactive
15767954,Fixed Deposit,2023-07-05,Active
15757535,Fixed Deposit,2022-06-25,Active
15757535,Loan,2022-05-02,Active
15757535,Mutual Fund,2023-04-12,Active
15731511,Credit Card,2022-03-31,Inactive
15731511,Insurance,2023-01-09,Active
15809248,Insurance,2022-12-30,Active
15809248,Fixed Deposit,2023-08-11,Active
15809248,Mutual Fund,2023-10-22,Inactive
15640635,Insurance,2023-01-17,Active
15640635,Credit Card,2022-06-27,Active
15640635,Fixed Deposit,2022-11-28,Active
15676966,Credit Card,2023-09-09,Active
15676966,Loan,2022-08-20,Active
15699461,Mutual Fund,2022-10-31,Active
15738721,Mutual Fund,2023-04-11,Active
15738721,Loan,2022-04-27,Active
15738721,Insurance,2022-09-04,Active
15693683,Loan,2022-01-09,Active
15693683,Insurance,2022-12-24,Inactive
15693683,Credit Card,2022-04-24,Active
15604348,Loan,2023-10-19,Inactive
15604348,Insurance,2022-09-15,Active
15604348,Credit Card,2022-07-08,Inactive
15633059,Mutual Fund,2022-12-26,Active
15633059,Loan,2022-09-15,Active
15633059,Credit Card,2023-06-18,Active
15808582,Loan,2022-11-24,Active
15808582,Credit Card,2022-03-14,Active
15808582,Insurance,2023-04-30,Active
15743192,Fixed Deposit,2022-10-11,Active
15580146,Insurance,2022-11-27,Active
15580146,Credit Card,2022-04-07,Active
15580146,Mutual Fund,2022-05-01,Active
15776605,Insurance,2022-06-10,Active
15776605,Credit Card,2023-01-12,Active
15776605,Fixed Deposit,2022-07-29,Active
15804919,Credit Card,2022-02-05,Active
15613854,Insurance,2023-03-18,Active
15599195,Fixed Deposit,2022-09-19,Active
15812878,Insurance,2023-04-18,Active
15812878,Credit Card,2022-09-08,Active
15602312,Fixed Deposit,2022-07-23,Active
15744689,Credit Card,2022-11-22,Active
15744689,Mutual Fund,2022-04-02,Inactive
15744689,Loan,2022-12-10,Active
15803526,Fixed Deposit,2022-09-03,Active
15803526,Credit Card,2022-06-18,Active
15665790,Fixed Deposit,2023-11-27,Active
15665790,Loan,2023-11-10,Inactive
15665790,Credit Card,2023-10-26,Active
15715951,Mutual Fund,2022-04-05,Active
15715951,Credit Card,2022-09-27,Active
15591100,Insurance,2022-11-21,Inactive
15591100,Credit Card,2023-04-08,Inactive
15609618,Fixed Deposit,2023-06-05,Active
15609618,Loan,2023-11-19,Active
15609618,Credit Card,2022-03-10,Active
15675522,Fixed Deposit,2022-11-16,Active
15705512,Credit Card,2022-06-17,Active
15705512,Fixed Deposit,2023-06-04,Active
15705512,Loan,2023-10-04,Active
15698028,Insurance,2022-05-27,Active
15661670,Credit Card,2022-09-11,Active
15661670,Mutual Fund,2022-12-18,Active
15600781,Fixed Deposit,2023-08-08,Active
15682472,Loan,2023-05-18,Active
15682472,Fixed Deposit,2022-03-25,Active
15580203,Loan,2022-03-19,Inactive
15580203,Mutual Fund,2022-04-07,Active
15690673,Credit Card,2022-06-01,Active
15760085,Insurance,2022-11-17,Active
15779659,Mutual Fund,2022-07-19,Active
15779659,Loan,2022-07-02,Inactive
15779659,Fixed Deposit,2022-04-02,Active
15627360,Insurance,2022-11-13,Active
15627360,Credit Card,2022-07-14,Inactive
15627360,Loan,2022-05-28,Active
15671137,Mutual Fund,2022-01-13,Inactive
15671137,Loan,2022-07-31,Active
15671137,Fixed Deposit,2022-08-13,Active
15782688,Credit Card,2022-05-17,Active
15782688,Insurance,2022-02-08,Active
15575492,Insurance,2023-12-15,Active
15575492,Loan,2023-12-09,Active
15575492,Credit Card,2022-11-10,Active
15591607,Loan,2023-01-19,Inactive
15740404,Fixed Deposit,2022-11-12,Active
15740404,Mutual Fund,2023-11-16,Active
15740404,Credit Card,2022-11-04,Active
15718369,Credit Card,2023-07-26,Inactive
15718369,Insurance,2022-01-30,Active
15677871,Insurance,2022-06-08,Active
15677871,Credit Card,2022-01-15,Active
15642004,Fixed Deposit,2022-03-11,Active
15642004,Insurance,2023-12-02,Active
15642004,Credit Card,2023-06-05,Active
15712543,Fixed Deposit,2023-01-03,Active
15712543,Insurance,2023-10-20,Active
15584518,Mutual Fund,2022-04-10,Inactive
15584518,Loan,2023-09-18,Active
15584518,Insurance,2022-05-10,Active
15802381,Credit Card,2022-06-15,Active
15610156,Insurance,2023-03-03,Active
15594408,Mutual Fund,2022-02-13,Active
15640905,Loan,2023-07-20,Inactive
15640905,Mutual Fund,2023-10-26,Active
15698932,Mutual Fund,2023-07-10,Active
15698932,Credit Card,2023-11-29,Active
15724944,Insurance,2023-11-15,Inactive
15628145,Credit Card,2022-06-04,Active
15628145,Mutual Fund,2023-05-09,Active
15628145,Fixed Deposit,2022-11-22,Active
15713483,Fixed Deposit,2023-06-21,Active
15612350,Loan,2023-10-28,Active
15612350,Credit Card,2022-09-13,Inactive
15612350,Mutual Fund,2022-10-20,Active
15800703,Fixed Deposit,2023-08-17,Active
15800703,Loan,2023-05-16,Active
15800703,Credit Card,2022-04-07,Active
15705707,Credit Card,2022-09-03,Inactive
15754105,Fixed Deposit,2022-02-13,Active
15754105,Credit Card,2022-01-17,Active
15703264,Fixed Deposit,2023-10-17,Active
15794413,Credit Card,2023-08-31,Inactive
15794413,Fixed Deposit,2022-01-06,Active
15794413,Loan,2022-11-08,Inactive
15650237,Insurance,2023-06-03,Inactive
15650237,Fixed Deposit,2023-02-24,Inactive
15650237,Credit Card,2022-07-28,Inactive
15759618,Insurance,2023-03-09,Active
15811589,Insurance,2023-05-13,Active
15811589,Fixed Deposit,2022-09-12,Active
15689044,Fixed Deposit,2022-01-23,Active
15689044,Mutual Fund,2022-05-11,Active
15709368,Credit Card,2023-11-16,Active
15709368,Loan,2022-03-28,Active
15679145,Mutual Fund,2023-04-05,Active
15679145,Insurance,2022-06-05,Active
15655007,Fixed Deposit,2023-09-05,Active
15655007,Loan,2022-07-19,Inactive
15655007,Insurance,2022-04-01,Inactive
15623595,Mutual Fund,2022-07-04,Active
15623595,Insurance,2023-07-04,Active
15589975,Credit Card,2023-05-10,Inactive
15589975,Loan,2023-06-03,Active
15804017,Mutual Fund,2022-09-27,Active
15692132,Insurance,2023-07-26,Active
15641122,Credit Card,2022-05-16,Active
15641122,Fixed Deposit,2023-05-15,Active
15630910,Fixed Deposit,2022-03-04,Active
15630910,Loan,2023-11-19,Active
15630910,Mutual Fund,2022-04-16,Active
15680772,Mutual Fund,2023-04-26,Active
15680772,Credit Card,2022-11-09,Inactive
15658929,Credit Card,2023-11-13,Active
15658929,Loan,2022-11-20,Active
15658929,Mutual Fund,2022-01-21,Active
15585388,Fixed Deposit,2022-02-20,Active
15585388,Credit Card,2023-01-24,Active
15724623,Fixed Deposit,2023-09-10,Active
15724623,Loan,2023-03-06,Active
15724623,Credit Card,2023-03-24,Active
15588537,Loan,2023-06-02,Active
15588537,Fixed Deposit,2023-03-04,Active
15574692,Credit Card,2023-12-01,Active
15574692,Mutual Fund,2023-06-05,Active
15611325,Insurance,2023-07-24,Inactive
15587562,Fixed Deposit,2023-10-13,Active
15587562,Mutual Fund,2022-11-06,Active
15587562,Insurance,2022-12-18,Active
15613172,Fixed Deposit,2023-10-03,Active
15613172,Loan,2023-04-01,Active
15613172,Mutual Fund,2022-11-16,Active
15651022,Loan,2022-04-19,Active
15651022,Fixed Deposit,2022-07-01,Inactive
15651022,Insurance,2023-10-10,Active
15586310,Fixed Deposit,2022-09-17,Active
15625524,Mutual Fund,2022-09-05,Active
15755209,Insurance,2022-01-29,Active
15755209,Loan,2023-07-11,Active
15645248,Insurance,2022-11-06,Active
15790355,Mutual Fund,2023-12-08,Active
15762615,Mutual Fund,2023-11-29,Inactive
15762615,Fixed Deposit,2022-07-15,Inactive
15625426,Fixed Deposit,2022-05-16,Active
15625426,Loan,2023-10-17,Active
15716334,Mutual Fund,2022-09-25,Active
15789669,Credit Card,2022-10-09,Active
15621075,Mutual Fund,2022-05-06,Active
15621075,Insurance,2022-03-12,Active
15621075,Loan,2023-05-20,Active
15810845,Credit Card,2023-12-07,Active
15719377,Mutual Fund,2023-10-27,Active
15654506,Fixed Deposit,2022-08-20,Active
15771977,Credit Card,2023-04-14,Active
15771977,Insurance,2022-04-12,Active
15771977,Fixed Deposit,2022-01-29,Inactive
15708710,Credit Card,2023-11-15,Active
15708710,Mutual Fund,2023-09-30,Active
15708710,Loan,2023-12-02,Inactive
15726676,Mutual Fund,2023-09-22,Active
15726676,Fixed Deposit,2023-10-31,Active
15726676,Loan,2023-07-07,Active
15587421,Loan,2022-02-17,Active
15587421,Credit Card,2023-05-03,Active
15726931,Insurance,2023-05-11,Active
15726931,Loan,2022-02-12,Inactive
15771086,Credit Card,2022-08-24,Active
15771086,Loan,2023-01-08,Inactive
15756850,Loan,2022-11-01,Active
15756850,Credit Card,2022-12-16,Inactive
15756850,Fixed Deposit,2023-03-29,Active
15702741,Mutual Fund,2022-02-28,Active
15679200,Insurance,2023-09-23,Active
15679200,Mutual Fund,2023-05-19,Active
15594815,Credit Card,2022-06-24,Active
15594815,Mutual Fund,2023-10-02,Inactive
15635905,Fixed Deposit,2023-10-08,Active
15635905,Insurance,2023-08-12,Active
15777892,Fixed Deposit,2022-11-17,Active
15777892,Loan,2022-04-09,Active
15656176,Insurance,2022-01-29,Active
15656176,Mutual Fund,2023-08-15,Active
15811127,Mutual Fund,2022-03-06,Active
15604482,Fixed Deposit,2022-08-08,Inactive
15622911,Mutual Fund,2023-05-26,Active
15622911,Insurance,2022-05-01,Active
15622911,Credit Card,2023-01-19,Active
15600974,Fixed Deposit,2022-10-16,Active
15727868,Fixed Deposit,2023-03-30,Active
15727868,Mutual Fund,2022-03-14,Active
15627801,Mutual Fund,2023-10-29,Active
15773039,Mutual Fund,2023-09-11,Active
15755262,Loan,2023-03-15,Inactive
15679531,Credit Card,2023-12-20,Active
15679531,Fixed Deposit,2023-10-18,Active
15684181,Insurance,2022-04-25,Inactive
15684181,Fixed Deposit,2022-01-07,Active
15684181,Credit Card,2022-05-18,Active
15612087,Insurance,2022-09-05,Active
15752047,Insurance,2022-07-17,Inactive
15752047,Credit Card,2022-05-21,Active
15752047,Loan,2023-12-29,Active
15624592,Credit Card,2022-01-09,Active
15624592,Mutual Fund,2022-11-09,Active
15624592,Fixed Deposit,2022-10-12,Active
15573152,Insurance,2023-10-22,Inactive
15573152,Credit Card,2023-02-20,Active
15594917,Insurance,2023-11-17,Active
15594917,Fixed Deposit,2022-12-14,Active
15785542,Mutual Fund,2022-01-25,Active
15785542,Credit Card,2022-03-15,Active
15723488,Mutual Fund,2023-12-07,Active
15723488,Loan,2023-08-18,Inactive
15680920,Mutual Fund,2023-01-23,Active
15680920,Credit Card,2022-01-10,Active
15786308,Credit Card,2023-12-26,Active
15659366,Mutual Fund,2022-01-24,Active
15659366,Insurance,2022-09-30,Active
15659366,Credit Card,2022-07-15,Active
15774854,Insurance,2022-06-05,Active
15774854,Fixed Deposit,2023-04-25,Active
15725311,Fixed Deposit,2023-01-31,Active
15787155,Loan,2022-08-07,Inactive
15787155,Mutual Fund,2023-07-12,Active
15787155,Fixed Deposit,2022-09-29,Active
15727829,Insurance,2023-09-23,Inactive
15727829,Fixed Deposit,2023-08-08,Active
15733247,Insurance,2022-10-04,Active
15733247,Fixed Deposit,2023-10-28,Active
15568748,Fixed Deposit,2022-02-18,Active
15699029,Loan,2022-11-06,Active
15699029,Credit Card,2022-06-20,Active
15699029,Insurance,2023-07-23,Inactive
15774393,Credit Card,2022-05-18,Active
15774393,Fixed Deposit,2023-03-20,Inactive
15676895,Insurance,2023-09-09,Active
15637753,Fixed Deposit,2023-07-18,Active
15637753,Insurance,2022-03-20,Active
15605461,Fixed Deposit,2023-04-14,Active
15605461,Credit Card,2023-02-05,Active
15605461,Mutual Fund,2023-02-18,Active
15808473,Fixed Deposit,2023-11-08,Active
15808473,Insurance,2022-04-21,Active
15627000,Fixed Deposit,2023-04-28,Active
15627000,Mutual Fund,2022-01-28,Active
15627000,Insurance,2023-08-14,Active
15787174,Insurance,2023-08-09,Active
15787174,Loan,2023-10-08,Active
15723886,Credit Card,2022-07-08,Inactive
15723886,Insurance,2023-02-21,Active
15704769,Loan,2022-06-19,Inactive
15704769,Credit Card,2023-08-29,Inactive
15704769,Fixed Deposit,2023-02-12,Active
15772896,Credit Card,2022-06-12,Active
15711540,Mutual Fund,2023-08-20,Active
15711540,Fixed Deposit,2023-01-03,Active
15711540,Insurance,2022-02-06,Active
15764866,Loan,2022-05-29,Active
15764866,Credit Card,2022-04-10,Active
15764866,Fixed Deposit,2022-10-29,Active
15794056,Mutual Fund,2023-12-09,Active
15794056,Insurance,2023-07-14,Inactive
15794056,Credit Card,2023-03-09,Active
15795149,Credit Card,2022-06-01,Active
15795149,Fixed Deposit,2022-12-25,Active
15795149,Mutual Fund,2023-04-01,Active
15812009,Credit Card,2022-04-13,Inactive
15812009,Mutual Fund,2023-01-24,Active
15651001,Fixed Deposit,2023-10-10,Active
15813844,Loan,2023-09-26,Active
15596175,Fixed Deposit,2022-04-06,Active
15596175,Credit Card,2022-10-02,Active
15596175,Mutual Fund,2023-03-22,Inactive
15576269,Insurance,2022-02-06,Inactive
15576269,Loan,2022-12-19,Active
15797219,Credit Card,2022-11-10,Inactive
15685500,Loan,2022-08-23,Inactive
15685500,Credit Card,2023-07-15,Inactive
15685500,Insurance,2023-07-15,Inactive
15599792,Credit Card,2023-08-26,Active
15599792,Fixed Deposit,2023-09-19,Active
15657566,Credit Card,2022-09-06,Active
15657566,Mutual Fund,2022-12-17,Active
15657566,Insurance,2022-05-10,Active
15772423,Insurance,2023-06-25,Active
15628112,Insurance,2022-05-21,Inactive
15628112,Loan,2022-02-28,Active
15628112,Mutual Fund,2022-07-11,Inactive
15753754,Credit Card,2023-07-15,Active
15793726,Loan,2023-09-03,Inactive
15694717,Fixed Deposit,2023-11-06,Active
15694717,Insurance,2022-07-04,Active
15694717,Mutual Fund,2023-06-10,Active
15665834,Insurance,2023-03-29,Active
15765297,Mutual Fund,2022-08-30,Active
15765297,Loan,2023-10-24,Active
15636684,Insurance,2022-01-07,Active
15592979,Fixed Deposit,2023-01-27,Active
15592979,Mutual Fund,2022-05-04,Active
15750803,Insurance,2022-05-06,Active
15750803,Loan,2023-01-11,Active
15750803,Mutual Fund,2023-02-04,Active
15607178,Fixed Deposit,2022-09-28,Active
15607178,Credit Card,2023-06-28,Active
15607178,Insurance,2022-01-28,Active
15713853,Fixed Deposit,2022-10-26,Active
15673481,Fixed Deposit,2022-10-26,Active
15673481,Credit Card,2022-02-24,Active
15673481,Loan,2023-05-30,Inactive
15686776,Fixed Deposit,2022-09-04,Active
15673693,Fixed Deposit,2022-05-27,Inactive
15700696,Fixed Deposit,2022-08-24,Active
15700696,Loan,2023-06-01,Inactive
15700696,Insurance,2022-06-13,Active
15813163,Insurance,2023-05-19,Active
15813163,Mutual Fund,2022-08-15,Active
15813163,Credit Card,2023-11-26,Active
15653857,Credit Card,2023-05-07,Active
15777076,Fixed Deposit,2022-06-13,Active
15777076,Insurance,2023-05-14,Active
15717398,Loan,2023-04-17,Active
15717398,Mutual Fund,2023-01-19,Active
15799217,Mutual Fund,2023-12-04,Active
15787071,Loan,2022-02-12,Active
15787071,Credit Card,2023-01-16,Active
15787071,Fixed Deposit,2022-06-18,Active
15619955,Loan,2022-01-12,Active
15619955,Credit Card,2022-12-24,Active
15796505,Mutual Fund,2023-06-13,Active
15725166,Credit Card,2023-10-11,Active
15725166,Fixed Deposit,2022-09-04,Inactive
15725166,Loan,2023-12-17,Active
15800116,Fixed Deposit,2023-11-29,Active
15800116,Credit Card,2023-02-18,Active
15800116,Insurance,2023-01-05,Active
15758685,Fixed Deposit,2023-08-27,Active
15758685,Insurance,2022-09-07,Active
15694456,Fixed Deposit,2023-11-08,Active
15767339,Credit Card,2022-01-04,Active
15767339,Insurance,2022-06-11,Active
15683562,Credit Card,2023-03-05,Inactive
15683562,Mutual Fund,2022-11-25,Active
15683562,Insurance,2023-06-22,Active
15782210,Credit Card,2023-04-05,Active
15782210,Loan,2022-11-06,Active
15668893,Insurance,2022-02-03,Active
15668893,Credit Card,2023-05-16,Active
15668893,Loan,2022-04-21,Active
15669169,Credit Card,2022-11-11,Active
15643024,Insurance,2023-03-06,Inactive
15643024,Fixed Deposit,2023-08-22,Active
15643024,Loan,2023-09-23,Active
15699389,Insurance,2022-11-11,Active
15699389,Loan,2022-05-03,Active
15708608,Fixed Deposit,2023-07-25,Inactive
15708608,Insurance,2023-08-11,Active
15626144,Mutual Fund,2022-10-09,Active
15573112,Insurance,2023-06-16,Active
15573112,Credit Card,2022-07-30,Active
15790678,Fixed Deposit,2022-05-07,Active
15790678,Loan,2023-11-10,Active
15727556,Insurance,2023-05-14,Active
15727556,Credit Card,2023-05-12,Inactive
15727556,Fixed Deposit,2022-03-08,Active
15697307,Credit Card,2023-02-15,Inactive
15697307,Mutual Fund,2023-10-08,Active
15697307,Insurance,2022-09-13,Active
15652266,Mutual Fund,2023-07-05,Inactive
15607098,Fixed Deposit,2023-01-30,Active
15607098,Loan,2022-05-16,Inactive
15655774,Fixed Deposit,2023-08-17,Active
15655774,Insurance,2022-05-19,Active
15655774,Credit Card,2022-02-11,Active
15590241,Fixed Deposit,2022-11-17,Active
15590241,Credit Card,2023-07-26,Active
15785819,Mutual Fund,2022-06-22,Active
15723654,Loan,2022-10-16,Active
15723654,Mutual Fund,2023-05-05,Active
15723654,Credit Card,2022-01-08,Active
15774510,Mutual Fund,2023-07-14,Active
15684173,Insurance,2022-12-12,Active
15684173,Fixed Deposit,2023-01-08,Active
15684173,Credit Card,2023-09-09,Inactive
15650068,Mutual Fund,2023-03-13,Active
15811490,Fixed Deposit,2023-09-22,Active
15811490,Mutual Fund,2022-09-10,Active
15803976,Insurance,2023-09-21,Active
15803976,Credit Card,2023-12-28,Active
15803976,Fixed Deposit,2023-08-28,Active
15682541,Fixed Deposit,2022-01-10,Inactive
15682541,Mutual Fund,2023-11-07,Inactive
15682541,Insurance,2022-10-31,Active
15695699,Fixed Deposit,2022-07-21,Active
15695699,Loan,2023-03-13,Active
15624188,Insurance,2022-01-19,Active
15624188,Mutual Fund,2023-12-10,Active
15812191,Mutual Fund,2022-10-15,Active
15636673,Credit Card,2022-10-19,Active
15594898,Credit Card,2023-02-01,Inactive
15594898,Mutual Fund,2022-02-17,Active
15594898,Loan,2023-10-06,Active
15660211,Mutual Fund,2023-02-17,Active
15773972,Loan,2023-10-30,Active
15773972,Mutual Fund,2022-01-06,Active
15746726,Insurance,2023-06-10,Active
15746726,Fixed Deposit,2022-06-15,Active
15746726,Credit Card,2022-05-16,Active
15712287,Mutual Fund,2023-01-07,Active
15712287,Insurance,2022-07-22,Active
15702919,Credit Card,2022-04-14,Inactive
15702919,Loan,2023-05-27,Active
15702919,Insurance,2023-08-28,Active
15674398,Fixed Deposit,2023-02-05,Active
15797960,Loan,2022-03-02,Active
15797960,Insurance,2023-10-09,Active
15631868,Credit Card,2023-10-15,Inactive
15581539,Mutual Fund,2022-10-05,Active
15581539,Insurance,2022-07-13,Inactive
15581539,Fixed Deposit,2023-02-07,Active
15662736,Fixed Deposit,2023-05-04,Active
15666252,Loan,2023-06-06,Inactive
15666252,Mutual Fund,2022-01-02,Inactive
15677512,Fixed Deposit,2023-08-27,Active
15626114,Credit Card,2022-12-17,Active
15810834,Fixed Deposit,2022-11-17,Active
15678910,Insurance,2023-08-17,Active
15678910,Credit Card,2022-02-14,Inactive
15694408,Mutual Fund,2022-03-07,Active
15585215,Loan,2023-11-25,Inactive
15682757,Credit Card,2023-10-31,Active
15736601,Loan,2022-03-07,Inactive
15736601,Credit Card,2022-10-30,Active
15736601,Fixed Deposit,2023-07-26,Active
15601848,Mutual Fund,2022-03-23,Inactive
15601848,Fixed Deposit,2023-10-08,Active
15601848,Loan,2022-04-19,Inactive
15736008,Fixed Deposit,2022-03-25,Active
15736008,Credit Card,2023-07-10,Inactive
15736008,Loan,2023-01-12,Inactive
15669064,Fixed Deposit,2022-11-17,Active
15669064,Loan,2022-10-19,Active
15624528,Fixed Deposit,2022-03-02,Active
15598493,Fixed Deposit,2023-06-24,Active
15601274,Loan,2022-01-12,Active
15702669,Loan,2022-11-08,Active
15702669,Credit Card,2022-03-31,Active
15702669,Mutual Fund,2022-06-15,Inactive
15728669,Loan,2023-08-10,Active
15728669,Mutual Fund,2022-11-08,Active
15728669,Credit Card,2022-04-05,Inactive
15742668,Loan,2022-11-17,Active
15742668,Fixed Deposit,2023-08-05,Inactive
15697441,Mutual Fund,2022-04-09,Active
15697441,Credit Card,2023-06-13,Active
15740476,Mutual Fund,2023-05-01,Active
15740476,Insurance,2023-03-09,Active
15740476,Loan,2023-12-11,Active
15648064,Mutual Fund,2023-03-11,Active
15636624,Credit Card,2022-09-26,Active
15636624,Fixed Deposit,2023-08-21,Active
15636624,Insurance,2022-08-18,Active
15807923,Loan,2022-01-23,Inactive
15745844,Mutual Fund,2023-09-10,Active
15745844,Loan,2023-01-10,Active
15745844,Credit Card,2022-05-28,Active
15786170,Insurance,2023-05-11,Active
15786170,Fixed Deposit,2023-05-19,Inactive
15681081,Fixed Deposit,2023-07-03,Active
15681081,Insurance,2022-05-13,Active
15681081,Loan,2022-04-07,Active
15684484,Fixed Deposit,2023-04-02,Active
15684484,Loan,2022-06-14,Active
15684484,Credit Card,2023-06-08,Inactive
15785869,Credit Card,2022-04-30,Active
15785869,Loan,2023-09-11,Active
15785869,Insurance,2022-03-14,Active
15763859,Insurance,2023-08-06,Inactive
15763859,Fixed Deposit,2023-06-04,Inactive
15658935,Insurance,2023-11-17,Active
15658935,Credit Card,2022-06-28,Active
15747358,Fixed Deposit,2023-04-05,Active
15735203,Mutual Fund,2023-08-31,Active
15735203,Loan,2022-03-01,Active
15576256,Mutual Fund,2022-01-20,Inactive
15576256,Credit Card,2022-10-09,Active
15576256,Fixed Deposit,2022-02-27,Active
15659420,Loan,2022-06-28,Inactive
15659420,Mutual Fund,2023-09-08,Active
15593365,Credit Card,2022-06-08,Active
15777352,Fixed Deposit,2023-08-30,Active
15777352,Credit Card,2022-03-31,Active
15812007,Loan,2023-09-15,Active
15812007,Fixed Deposit,2022-01-30,Active
15812007,Insurance,2023-04-03,Active
15625461,Loan,2022-09-23,Active
15625461,Fixed Deposit,2022-12-13,Inactive
15739438,Loan,2022-11-26,Active
15739438,Credit Card,2023-12-09,Active
15739438,Mutual Fund,2023-04-23,Inactive
15611759,Fixed Deposit,2023-08-17,Active
15611759,Credit Card,2022-07-22,Active
15661629,Insurance,2022-05-05,Inactive
15661629,Loan,2022-02-10,Inactive
15633950,Fixed Deposit,2022-01-15,Inactive
15633950,Insurance,2023-06-23,Active
15592386,Mutual Fund,2023-12-05,Active
15803716,Mutual Fund,2022-12-04,Inactive
15803716,Fixed Deposit,2023-02-10,Inactive
15696674,Fixed Deposit,2022-10-13,Active
15696674,Mutual Fund,2022-04-16,Active
15696674,Insurance,2022-02-26,Inactive
15706365,Insurance,2022-11-17,Inactive
15745088,Credit Card,2022-08-20,Active
15745088,Insurance,2023-07-02,Active
15745088,Mutual Fund,2023-10-24,Inactive
15676715,Mutual Fund,2023-07-26,Inactive
15676715,Insurance,2023-05-10,Active
15613085,Loan,2023-12-16,Active
15633537,Loan,2023-07-24,Active
15633537,Mutual Fund,2023-08-17,Inactive
15633537,Fixed Deposit,2023-05-09,Inactive
15594720,Insurance,2022-01-23,Inactive
15594720,Credit Card,2022-08-23,Active
15594720,Mutual Fund,2022-05-14,Active
15684042,Fixed Deposit,2022-02-26,Active
15583303,Loan,2022-04-25,Active
15611579,Credit Card,2023-12-16,Active
15611579,Loan,2023-10-27,Active
15611579,Mutual Fund,2022-03-29,Active
15774696,Fixed Deposit,2022-03-22,Active
15774696,Credit Card,2023-01-08,Active
15694506,Insurance,2022-10-24,Active
15694506,Fixed Deposit,2023-04-02,Active
15688074,Loan,2022-08-25,Active
15759537,Mutual Fund,2023-10-12,Active
15759537,Credit Card,2022-03-25,Active
15758449,Credit Card,2022-11-03,Inactive
15583456,Credit Card,2023-10-03,Active
15583456,Loan,2023-04-18,Active
15583456,Insurance,2023-03-10,Active
15667871,Loan,2023-10-16,Active
15667871,Mutual Fund,2022-07-25,Active
15667871,Insurance,2023-10-25,Active
15677371,Insurance,2023-09-25,Inactive
15629677,Loan,2023-01-21,Active
15713578,Insurance,2023-09-02,Active
15713578,Mutual Fund,2022-05-31,Active
15713578,Loan,2023-02-11,Inactive
15591509,Insurance,2022-12-23,Inactive
15591509,Loan,2022-02-27,Active
15568240,Insurance,2023-05-18,Active
15622993,Mutual Fund,2022-11-16,Active
15689294,Fixed Deposit,2023-01-19,Inactive
15689294,Mutual Fund,2023-07-12,Active
15689294,Insurance,2023-10-17,Active
15720910,Fixed Deposit,2023-08-15,Active
15720910,Loan,2022-05-13,Active
15720910,Insurance,2022-03-27,Active
15721181,Loan,2022-07-05,Inactive
15721181,Fixed Deposit,2022-10-19,Active
15721181,Mutual Fund,2023-09-10,Active
15776433,Loan,2022-12-23,Inactive
15776433,Credit Card,2022-01-10,Inactive
15748936,Credit Card,2022-02-23,Active
15748936,Loan,2023-05-08,Inactive
15748936,Mutual Fund,2023-04-17,Active
15717225,Fixed Deposit,2023-02-02,Active
15717225,Insurance,2022-10-08,Inactive
15717225,Credit Card,2023-08-05,Inactive
15685226,Fixed Deposit,2022-04-20,Active
15685226,Mutual Fund,2023-06-25,Inactive
15685226,Credit Card,2023-01-16,Inactive
15785611,Credit Card,2022-05-28,Active
15785611,Fixed Deposit,2022-04-23,Active
15785611,Loan,2023-04-15,Active
15573456,Fixed Deposit,2022-04-21,Inactive
15573456,Credit Card,2023-01-07,Active
15573456,Mutual Fund,2023-09-22,Active
15684548,Insurance,2023-06-14,Active
15620505,Loan,2023-01-13,Active
15807432,Insurance,2023-01-29,Inactive
15584766,Fixed Deposit,2022-11-16,Active
15612187,Loan,2022-08-09,Active
15612187,Mutual Fund,2022-06-13,Active
15762218,Loan,2023-02-26,Active
15646372,Insurance,2022-01-28,Active
15646372,Mutual Fund,2022-11-08,Active
15646372,Credit Card,2023-10-10,Active
15690452,Loan,2023-09-24,Inactive
15747795,Insurance,2022-07-05,Active
15747795,Loan,2022-09-29,Active
15781589,Insurance,2023-06-16,Active
15732674,Loan,2023-04-30,Active
15732674,Mutual Fund,2023-10-08,Active
15732674,Fixed Deposit,2022-09-15,Active
15642291,Loan,2023-08-10,Active
15692761,Mutual Fund,2022-11-06,Inactive
15692761,Loan,2023-07-11,Inactive
15578045,Fixed Deposit,2022-09-26,Inactive
15745354,Mutual Fund,2023-03-03,Active
15701376,Fixed Deposit,2023-12-10,Active
15691625,Mutual Fund,2023-09-14,Active
15691625,Fixed Deposit,2022-02-19,Active
15691625,Credit Card,2023-11-28,Active
15566594,Insurance,2022-08-07,Active
15566594,Mutual Fund,2023-08-28,Active
15760431,Fixed Deposit,2022-12-15,Active
15760431,Credit Card,2022-03-01,Active
15760431,Loan,2022-05-20,Inactive
15686302,Credit Card,2023-01-07,Active
15801559,Fixed Deposit,2022-01-06,Active
15801559,Credit Card,2022-07-25,Active
15810432,Loan,2022-03-05,Inactive
15809616,Loan,2022-01-21,Active
15720559,Loan,2022-03-19,Active
15695632,Fixed Deposit,2023-11-07,Active
15659843,Fixed Deposit,2023-09-29,Active
15615624,Credit Card,2023-10-13,Inactive
15615624,Loan,2023-03-20,Inactive
15810418,Credit Card,2023-02-27,Active
15716186,Insurance,2023-05-29,Active
15716186,Loan,2022-06-11,Inactive
15674551,Insurance,2023-05-13,Active
15622834,Loan,2023-09-12,Inactive
15622834,Fixed Deposit,2023-08-20,Active
15622834,Credit Card,2022-10-27,Active
15566111,Fixed Deposit,2022-11-30,Inactive
15566111,Loan,2023-10-13,Active
15566111,Credit Card,2022-05-24,Active
15784597,Mutual Fund,2022-12-07,Active
15784597,Fixed Deposit,2023-04-14,Inactive
15784597,Credit Card,2022-05-26,Active
15652883,Insurance,2022-08-21,Active
15652883,Fixed Deposit,2023-04-29,Active
15652883,Credit Card,2022-09-06,Inactive
15806964,Loan,2022-09-25,Active
15806964,Fixed Deposit,2023-11-08,Active
15806964,Insurance,2022-07-07,Active
15576313,Fixed Deposit,2022-01-30,Active
15576313,Credit Card,2023-04-20,Active
15576313,Loan,2022-11-30,Active
15806467,Loan,2022-01-16,Active
15806467,Insurance,2023-08-11,Active
15597602,Mutual Fund,2022-11-01,Active
15597602,Credit Card,2023-06-19,Active
15743040,Mutual Fund,2022-12-19,Active
15743040,Insurance,2022-12-23,Active
15743040,Fixed Deposit,2022-05-31,Inactive
15705521,Mutual Fund,2023-12-29,Active
15595039,Insurance,2022-07-04,Inactive
15799384,Loan,2022-11-12,Active
15799384,Credit Card,2022-01-05,Active
15581197,Mutual Fund,2022-05-30,Active
15581197,Credit Card,2023-06-19,Inactive
15693737,Loan,2022-03-07,Inactive
15693737,Insurance,2022-11-17,Active
15624623,Loan,2023-04-28,Active
15624623,Credit Card,2022-08-10,Active
15624623,Fixed Deposit,2023-10-12,Inactive
15783501,Loan,2022-11-24,Active
15783501,Credit Card,2022-06-10,Active
15690134,Insurance,2022-09-22,Active
15690134,Loan,2022-03-02,Inactive
15690134,Fixed Deposit,2023-01-09,Inactive
15782735,Credit Card,2023-04-07,Active
15611088,Loan,2022-04-13,Inactive
15672145,Insurance,2023-02-18,Active
15732628,Fixed Deposit,2022-01-11,Active
15732628,Credit Card,2023-12-02,Active
15787470,Mutual Fund,2022-01-24,Active
15787470,Credit Card,2023-11-11,Inactive
15787470,Insurance,2023-02-05,Active
15803406,Fixed Deposit,2023-10-11,Active
15730460,Fixed Deposit,2023-08-29,Active
15730460,Mutual Fund,2023-04-21,Active
15730460,Credit Card,2023-12-26,Active
15644572,Credit Card,2023-01-05,Inactive
15644572,Mutual Fund,2023-08-17,Active
15694860,Loan,2023-10-29,Active
15694860,Insurance,2023-09-22,Active
15658169,Mutual Fund,2022-10-15,Active
15658169,Insurance,2023-07-21,Active
15658169,Fixed Deposit,2023-07-29,Active
15794396,Credit Card,2022-03-13,Active
15785798,Insurance,2022-12-30,Active
15785798,Mutual Fund,2022-04-01,Active
15710825,Insurance,2022-09-04,Inactive
15710825,Mutual Fund,2023-02-24,Active
15668444,Loan,2023-10-28,Active
15668444,Credit Card,2023-03-27,Active
15668444,Insurance,2022-06-10,Active
15726631,Loan,2022-02-10,Active
15726631,Mutual Fund,2023-06-17,Active
15733797,Credit Card,2022-06-27,Active
15733797,Fixed Deposit,2022-01-12,Active
15747960,Fixed Deposit,2023-08-02,Active
15634632,Credit Card,2022-11-12,Active
15634632,Insurance,2022-09-25,Active
15634632,Mutual Fund,2023-03-06,Inactive
15707362,Insurance,2022-11-17,Inactive
15662976,Mutual Fund,2022-05-02,Active
15662976,Fixed Deposit,2022-04-09,Inactive
15662976,Credit Card,2022-12-14,Active
15732778,Loan,2023-01-27,Active
15732778,Insurance,2022-09-22,Inactive
15718443,Mutual Fund,2023-11-15,Active
15670039,Mutual Fund,2022-07-22,Active
15670039,Insurance,2023-05-21,Inactive
15773792,Loan,2023-05-03,Active
15613786,Fixed Deposit,2023-04-07,Active
15613786,Credit Card,2022-02-22,Active
15613786,Mutual Fund,2022-10-11,Active
15726032,Fixed Deposit,2022-09-15,Active
15726032,Credit Card,2022-11-21,Inactive
15663252,Mutual Fund,2023-01-29,Active
15663252,Fixed Deposit,2023-06-25,Inactive
15593782,Fixed Deposit,2023-01-07,Active
15633283,Mutual Fund,2022-01-01,Active
15633283,Fixed Deposit,2022-04-30,Active
15749167,Insurance,2023-03-26,Active
15749167,Mutual Fund,2022-11-06,Active
15749167,Credit Card,2023-04-01,Active
15759298,Loan,2022-07-27,Active
15759298,Insurance,2022-10-09,Active
15759298,Fixed Deposit,2022-05-01,Inactive
15683625,Fixed Deposit,2022-12-15,Active
15683625,Credit Card,2022-02-01,Inactive
15683625,Insurance,2022-12-09,Active
15635367,Mutual Fund,2022-11-29,Active
15681705,Insurance,2023-12-16,Active
15603156,Fixed Deposit,2022-08-24,Inactive
15591986,Mutual Fund,2022-05-15,Active
15591986,Credit Card,2023-07-04,Active
15798888,Insurance,2022-10-30,Inactive
15798888,Mutual Fund,2023-09-06,Active
15809722,Loan,2023-06-12,Active
15677538,Insurance,2023-12-26,Inactive
15677538,Mutual Fund,2022-05-21,Inactive
15797736,Mutual Fund,2023-12-12,Active
15797736,Credit Card,2022-06-24,Active
15695585,Mutual Fund,2022-12-31,Active
15695585,Credit Card,2023-04-19,Active
15695585,Insurance,2022-05-12,Active
15744398,Mutual Fund,2023-03-11,Inactive
15750658,Fixed Deposit,2022-11-24,Active
15750658,Insurance,2023-10-25,Active
15578186,Fixed Deposit,2022-02-07,Active
15578186,Credit Card,2022-12-02,Active
15578186,Loan,2022-03-02,Active
15676519,Mutual Fund,2023-08-03,Active
15676519,Credit Card,2023-04-29,Active
15637954,Credit Card,2022-05-16,Active
15637954,Loan,2022-03-17,Active
15637954,Insurance,2023-02-06,Inactive
15758639,Insurance,2023-12-11,Active
15758639,Mutual Fund,2023-04-24,Active
15758639,Credit Card,2023-10-20,Active
15613772,Insurance,2023-08-03,Active
15731744,Insurance,2022-12-14,Active
15731744,Credit Card,2023-12-09,Active
15807709,Mutual Fund,2022-04-20,Active
15807709,Fixed Deposit,2022-12-01,Active
15714689,Fixed Deposit,2022-08-07,Active
15714689,Insurance,2023-11-09,Inactive
15714689,Credit Card,2022-01-28,Inactive
15699005,Insurance,2022-10-22,Active
15699005,Fixed Deposit,2023-09-08,Active
15624170,Fixed Deposit,2023-05-19,Inactive
15725679,Fixed Deposit,2023-06-13,Active
15725679,Loan,2022-12-09,Active
15585865,Mutual Fund,2023-10-08,Active
15804256,Credit Card,2022-08-26,Active
15662403,Insurance,2023-11-05,Active
15733616,Credit Card,2023-04-22,Active
15591995,Loan,2023-03-17,Active
15677020,Insurance,2022-04-22,Active
15677020,Loan,2022-08-08,Active
15727688,Credit Card,2022-02-18,Active
15715941,Loan,2023-04-19,Active
15715941,Insurance,2023-11-26,Inactive
15715941,Fixed Deposit,2022-05-05,Active
15714485,Fixed Deposit,2022-09-04,Active
15714485,Credit Card,2022-10-22,Active
15730059,Mutual Fund,2023-01-25,Active
15715527,Mutual Fund,2023-04-26,Inactive
15576623,Mutual Fund,2023-02-17,Active
15805565,Mutual Fund,2022-09-06,Active
15677307,Mutual Fund,2022-12-17,Inactive
15773890,Insurance,2023-12-08,Active
15773890,Loan,2023-05-06,Active
15598883,Credit Card,2023-10-15,Active
15598883,Mutual Fund,2023-07-06,Inactive
15598883,Insurance,2023-12-23,Active
15568506,Mutual Fund,2022-07-17,Active
15568506,Credit Card,2022-07-19,Active
15761043,Mutual Fund,2022-01-21,Inactive
15782236,Mutual Fund,2023-05-29,Active
15593601,Loan,2023-05-22,Active
15593601,Fixed Deposit,2023-05-17,Active
15593601,Mutual Fund,2022-01-11,Inactive
15682048,Fixed Deposit,2023-09-08,Active
15682048,Credit Card,2022-03-09,Active
15746902,Credit Card,2023-03-16,Active
15752081,Insurance,2023-03-22,Active
15781307,Loan,2022-04-03,Active
15775912,Credit Card,2022-04-07,Active
15775912,Mutual Fund,2023-05-28,Inactive
15745417,Insurance,2022-10-08,Inactive
15745417,Loan,2023-05-23,Active
15745417,Mutual Fund,2023-06-05,Inactive
15671256,Insurance,2022-04-08,Active
15671256,Fixed Deposit,2022-09-20,Active
15671256,Credit Card,2022-03-10,Active
15653547,Mutual Fund,2022-03-31,Active
15595766,Mutual Fund,2022-06-14,Active
15742358,Mutual Fund,2023-07-19,Active
15742358,Insurance,2023-11-23,Active
15763274,Fixed Deposit,2023-11-22,Active
15763274,Credit Card,2022-04-01,Active
15786063,Loan,2022-08-05,Active
15600258,Mutual Fund,2022-09-17,Active
15600258,Loan,2023-06-09,Active
15600258,Insurance,2022-12-17,Active
15573318,Loan,2022-12-24,Active
15653849,Fixed Deposit,2022-10-26,Inactive
15694272,Fixed Deposit,2022-04-18,Active
15694272,Loan,2022-05-09,Inactive
15694272,Credit Card,2023-02-20,Active
15736112,Loan,2023-05-13,Active
15736112,Mutual Fund,2023-04-30,Active
15749851,Insurance,2023-01-07,Active
15749851,Fixed Deposit,2022-12-01,Active
15749851,Mutual Fund,2023-09-18,Inactive
15663478,Mutual Fund,2023-10-30,Active
15663478,Loan,2022-12-02,Active
15663478,Insurance,2022-12-30,Active
15592300,Insurance,2022-02-22,Inactive
15592300,Credit Card,2023-01-21,Active
15592300,Fixed Deposit,2022-06-14,Active
15567832,Mutual Fund,2022-04-25,Active
15567832,Fixed Deposit,2022-03-19,Inactive
15776780,Loan,2022-04-11,Active
15776780,Fixed Deposit,2023-07-18,Active
15776780,Insurance,2023-09-13,Inactive
15592846,Insurance,2023-12-11,Active
15739803,Loan,2022-02-24,Active
15739803,Insurance,2023-09-25,Active
15739803,Fixed Deposit,2023-09-14,Active
15794142,Credit Card,2022-05-07,Inactive
15762729,Mutual Fund,2023-02-16,Active
15667896,Credit Card,2023-10-30,Inactive
15667896,Fixed Deposit,2022-03-19,Active
15667896,Insurance,2023-07-11,Active
15626578,Insurance,2022-09-23,Inactive
15626578,Fixed Deposit,2022-06-14,Active
15626578,Credit Card,2022-09-04,Active
15776223,Loan,2022-03-22,Active
15705953,Credit Card,2023-05-10,Active
15705953,Fixed Deposit,2023-08-06,Active
15802593,Fixed Deposit,2023-07-17,Active
15802593,Insurance,2022-02-26,Active
15802593,Mutual Fund,2023-03-13,Active
15615457,Mutual Fund,2023-08-28,Active
15615457,Loan,2022-06-26,Active
15708916,Credit Card,2023-06-28,Inactive
15708916,Mutual Fund,2023-05-19,Active
15720187,Loan,2022-12-07,Active
15720187,Fixed Deposit,2023-10-08,Active
15595440,Loan,2023-12-11,Active
15600651,Fixed Deposit,2023-06-30,Inactive
15600651,Insurance,2022-09-26,Inactive
15750141,Fixed Deposit,2023-11-10,Inactive
15750141,Insurance,2023-02-16,Active
15750141,Credit Card,2023-05-01,Active
15657284,Fixed Deposit,2022-02-20,Active
15657284,Insurance,2023-11-12,Active
15657284,Credit Card,2022-09-06,Active
15763063,Loan,2023-12-12,Inactive
15763063,Fixed Deposit,2022-03-22,Active
15709324,Fixed Deposit,2022-08-31,Inactive
15709324,Insurance,2022-05-09,Active
15711309,Credit Card,2023-05-21,Active
15711309,Fixed Deposit,2022-08-05,Active
15711309,Loan,2023-09-27,Inactive
15775318,Insurance,2023-04-20,Active
15775318,Loan,2023-09-25,Active
15705515,Mutual Fund,2022-03-18,Inactive
15634844,Mutual Fund,2022-06-25,Active
15634844,Credit Card,2023-03-29,Active
15717046,Loan,2022-05-26,Inactive
15717046,Mutual Fund,2023-09-05,Active
15571816,Credit Card,2023-09-01,Active
15571816,Mutual Fund,2022-10-30,Active
15670080,Loan,2023-10-09,Active
15800440,Mutual Fund,2022-01-05,Inactive
15665678,Fixed Deposit,2022-11-30,Inactive
15665678,Credit Card,2022-08-30,Active
15665678,Loan,2023-06-02,Active
15665956,Credit Card,2023-06-03,Active
15665956,Insurance,2022-01-24,Inactive
15665956,Mutual Fund,2023-08-03,Active
15788126,Credit Card,2023-09-15,Active
15788126,Fixed Deposit,2022-06-03,Active
15811773,Credit Card,2022-04-03,Active
15651674,Fixed Deposit,2022-09-01,Active
15689614,Loan,2023-04-24,Inactive
15689614,Insurance,2022-08-20,Active
15795564,Insurance,2022-06-03,Active
15795564,Mutual Fund,2023-02-13,Active
15706647,Mutual Fund,2023-01-05,Active
15706647,Insurance,2022-05-14,Active
15728505,Fixed Deposit,2023-05-04,Inactive
15728505,Loan,2023-09-10,Active
15728505,Insurance,2023-08-11,Inactive
15730076,Fixed Deposit,2023-01-17,Active
15730076,Insurance,2023-09-19,Active
15622003,Fixed Deposit,2022-01-20,Active
15607312,Mutual Fund,2022-09-26,Active
15607312,Fixed Deposit,2023-06-24,Active
15644753,Insurance,2023-07-15,Active
15644753,Loan,2022-06-10,Active
15644753,Credit Card,2022-05-28,Active
15653620,Fixed Deposit,2023-09-05,Active
15653620,Credit Card,2023-03-20,Active
15653620,Mutual Fund,2023-06-10,Inactive
15761986,Insurance,2023-12-11,Active
15761986,Loan,2022-10-09,Inactive
15761986,Credit Card,2023-09-03,Active
15633922,Insurance,2023-10-09,Active
15633922,Loan,2022-03-22,Active
15734674,Mutual Fund,2023-08-07,Inactive
15658032,Loan,2022-07-26,Active
15692671,Mutual Fund,2022-08-10,Active
15737741,Mutual Fund,2023-05-14,Active
15576352,Mutual Fund,2023-11-24,Inactive
15576352,Loan,2023-08-10,Active
15753719,Fixed Deposit,2023-06-21,Inactive
15803689,Fixed Deposit,2023-08-17,Active
15803689,Credit Card,2023-12-29,Active
15803689,Mutual Fund,2022-05-26,Inactive
15718057,Fixed Deposit,2023-07-02,Active
15718057,Mutual Fund,2023-07-19,Active
15718057,Credit Card,2023-08-30,Active
15722010,Fixed Deposit,2023-02-04,Active
15680998,Mutual Fund,2022-03-18,Active
15680998,Loan,2023-11-01,Active
15680998,Insurance,2023-01-12,Active
15614782,Insurance,2023-01-09,Active
15614782,Fixed Deposit,2022-09-03,Inactive
15591047,Loan,2022-07-30,Active
15591047,Insurance,2023-01-27,Active
15591047,Fixed Deposit,2023-07-04,Inactive
15788291,Loan,2023-03-10,Active
15788291,Insurance,2023-10-02,Active
15788291,Credit Card,2022-01-25,Active
15604044,Loan,2022-09-22,Active
15679587,Credit Card,2023-05-17,Active
15679587,Fixed Deposit,2022-11-04,Active
15679587,Loan,2023-07-27,Active
15775153,Fixed Deposit,2022-07-17,Active
15603925,Loan,2022-07-06,Active
15603925,Credit Card,2022-07-15,Active
15603925,Fixed Deposit,2022-12-13,Active
15680970,Credit Card,2023-05-15,Active
15697183,Loan,2022-06-10,Active
15697183,Fixed Deposit,2023-12-23,Inactive
15697183,Mutual Fund,2023-03-27,Active
15567446,Fixed Deposit,2022-12-15,Active
15567446,Credit Card,2022-11-29,Active
15637476,Mutual Fund,2023-10-26,Active
15714939,Mutual Fund,2022-06-16,Active
15683503,Insurance,2023-08-03,Inactive
15645569,Loan,2022-10-12,Active
15645569,Insurance,2022-02-26,Active
15782569,Credit Card,2022-03-03,Active
15782569,Loan,2022-04-05,Active
15592387,Loan,2022-08-23,Active
15592387,Mutual Fund,2022-03-29,Active
15592387,Insurance,2023-04-27,Inactive
15609286,Credit Card,2023-02-18,Active
15814035,Loan,2023-12-19,Inactive
15814035,Fixed Deposit,2022-03-18,Active
15814035,Mutual Fund,2022-04-04,Active
15661249,Loan,2023-07-20,Active
15661249,Credit Card,2022-09-16,Inactive
15629117,Credit Card,2022-08-10,Active
15629117,Insurance,2022-07-25,Active
15629117,Fixed Deposit,2023-11-29,Active
15607170,Mutual Fund,2023-01-06,Active
15586585,Insurance,2023-05-31,Active
15586585,Loan,2022-01-24,Active
15686611,Credit Card,2022-03-06,Active
15686611,Mutual Fund,2023-10-28,Inactive
15603203,Fixed Deposit,2023-10-26,Active
15603203,Loan,2022-02-05,Inactive
15619857,Fixed Deposit,2022-10-18,Active
15805062,Insurance,2023-10-05,Active
15805062,Mutual Fund,2022-12-12,Active
15660271,Credit Card,2023-03-27,Active
15660271,Fixed Deposit,2023-02-22,Active
15660271,Loan,2022-01-03,Active
15745295,Loan,2023-05-18,Active
15745295,Credit Card,2022-01-24,Active
15745295,Insurance,2023-02-23,Active
15719352,Credit Card,2023-05-06,Active
15766575,Insurance,2022-02-19,Inactive
15766575,Mutual Fund,2023-05-12,Active
15766575,Loan,2022-11-03,Active
15594594,Loan,2023-03-21,Active
15594594,Insurance,2022-08-06,Active
15594594,Mutual Fund,2023-05-06,Inactive
15646161,Mutual Fund,2023-03-31,Active
15646161,Fixed Deposit,2022-12-24,Active
15682585,Insurance,2023-05-23,Inactive
15682585,Credit Card,2023-01-22,Active
15682585,Mutual Fund,2022-07-16,Active
15603134,Mutual Fund,2022-12-30,Active
15603134,Loan,2023-04-24,Active
15603134,Fixed Deposit,2022-06-27,Active
15636444,Loan,2022-07-13,Active
15636444,Mutual Fund,2023-07-22,Active
15636444,Insurance,2023-09-25,Active
15773456,Insurance,2023-08-21,Inactive
15745307,Loan,2023-08-27,Active
15745307,Insurance,2022-07-23,Active
15745307,Mutual Fund,2023-01-21,Active
15604119,Insurance,2022-09-20,Active
15604119,Fixed Deposit,2022-03-07,Active
15626900,Credit Card,2022-07-17,Active
15626900,Fixed Deposit,2022-01-09,Active
15605447,Fixed Deposit,2022-08-17,Active
15605447,Mutual Fund,2023-04-16,Inactive
15605447,Loan,2022-02-26,Active
15589030,Fixed Deposit,2023-06-06,Active
15692463,Loan,2022-11-25,Active
15692463,Insurance,2023-05-11,Inactive
15712403,Fixed Deposit,2022-11-24,Active
15712403,Credit Card,2023-06-09,Active
15712403,Loan,2023-06-02,Active
15811762,Loan,2022-08-06,Active
15811762,Fixed Deposit,2022-04-13,Inactive
15718673,Credit Card,2023-11-04,Active
15718673,Insurance,2022-03-28,Active
15718673,Loan,2023-05-22,Active
15724282,Loan,2023-05-01,Active
15724282,Credit Card,2023-06-10,Active
15724282,Insurance,2023-07-16,Inactive
15738181,Credit Card,2022-09-20,Active
15738181,Fixed Deposit,2023-03-22,Active
15738181,Mutual Fund,2022-07-29,Active
15633648,Insurance,2023-03-11,Active
15633648,Credit Card,2022-09-10,Active
15603323,Fixed Deposit,2022-06-16,Active
15603323,Loan,2022-01-19,Active
15603323,Credit Card,2022-05-16,Active
15583725,Insurance,2023-11-28,Active
15583725,Mutual Fund,2023-03-19,Active
15588350,Fixed Deposit,2022-09-03,Inactive
15588350,Loan,2023-06-22,Active
15588350,Insurance,2023-06-04,Active
15798398,Fixed Deposit,2022-04-08,Inactive
15798398,Credit Card,2022-04-25,Active
15798398,Insurance,2023-02-16,Active
15784844,Credit Card,2022-02-14,Active
15580684,Fixed Deposit,2022-07-30,Active
15580684,Credit Card,2023-08-27,Active
15809663,Loan,2022-11-27,Active
15809663,Insurance,2023-07-08,Active
15640078,Fixed Deposit,2022-05-03,Active
15698786,Loan,2022-04-13,Inactive
15698786,Fixed Deposit,2022-07-29,Active
15569807,Credit Card,2022-10-05,Inactive
15569807,Fixed Deposit,2023-08-03,Inactive
15730830,Insurance,2023-06-26,Active
15730830,Mutual Fund,2022-12-19,Active
15730830,Credit Card,2023-08-14,Active
15805112,Credit Card,2023-09-03,Active
15633064,Credit Card,2022-05-24,Active
15633064,Mutual Fund,2022-01-10,Active
15633064,Insurance,2023-03-20,Inactive
15703119,Fixed Deposit,2023-01-27,Active
15703119,Insurance,2022-01-30,Active
15703119,Credit Card,2022-06-20,Active
15730447,Credit Card,2022-02-28,Active
15730447,Fixed Deposit,2022-08-16,Active
15730447,Mutual Fund,2022-10-22,Inactive
15813850,Loan,2022-06-14,Active
15813850,Insurance,2022-03-24,Active
15711889,Loan,2022-07-24,Active
15711889,Mutual Fund,2023-05-29,Inactive
15711889,Fixed Deposit,2023-10-23,Active
15664610,Loan,2023-10-11,Active
15664610,Fixed Deposit,2023-03-14,Active
15751710,Loan,2022-04-14,Active
15751710,Fixed Deposit,2022-06-21,Active
15692926,Mutual Fund,2023-12-22,Active
15692926,Credit Card,2022-08-06,Inactive
15692926,Fixed Deposit,2022-07-01,Inactive
15813741,Loan,2022-05-22,Active
15813741,Insurance,2022-04-09,Active
15813741,Mutual Fund,2023-12-11,Active
15698474,Loan,2022-11-06,Active
15568595,Fixed Deposit,2023-12-04,Active
15568595,Insurance,2023-09-09,Active
15603065,Insurance,2022-06-07,Active
15603065,Loan,2022-03-25,Active
15592937,Loan,2023-06-11,Active
15592937,Fixed Deposit,2023-03-31,Inactive
15699637,Mutual Fund,2023-08-03,Inactive
15699637,Fixed Deposit,2022-04-29,Active
15699637,Credit Card,2022-09-11,Active
15667215,Mutual Fund,2023-03-04,Active
15667215,Loan,2022-07-15,Active
15667215,Credit Card,2022-11-15,Active
15788659,Insurance,2022-08-29,Active
15763218,Loan,2023-12-29,Active
15763218,Credit Card,2022-10-31,Active
15763218,Fixed Deposit,2022-07-12,Active
15645772,Mutual Fund,2023-12-30,Inactive
15645772,Fixed Deposit,2022-11-18,Active
15645772,Insurance,2023-08-01,Active
15725511,Insurance,2022-06-10,Active
15725511,Mutual Fund,2022-05-08,Active
15725511,Loan,2022-03-01,Active
15575024,Credit Card,2023-11-10,Active
15575024,Fixed Deposit,2023-05-02,Active
15640825,Insurance,2022-09-18,Active
15662397,Credit Card,2023-07-10,Active
15662397,Fixed Deposit,2022-01-23,Inactive
15662397,Insurance,2022-05-19,Active
15576368,Mutual Fund,2023-05-08,Active
15674991,Insurance,2022-12-25,Inactive
15721024,Fixed Deposit,2023-05-05,Active
15721024,Mutual Fund,2022-01-28,Inactive
15745621,Fixed Deposit,2023-10-06,Active
15745621,Mutual Fund,2023-08-08,Inactive
15745621,Credit Card,2023-06-10,Inactive
15642394,Loan,2022-08-09,Active
15754605,Fixed Deposit,2022-10-23,Active
15754605,Loan,2022-07-24,Active
15607040,Insurance,2023-08-15,Active
15607040,Mutual Fund,2022-08-09,Inactive
15607040,Loan,2022-02-21,Active
15715142,Fixed Deposit,2022-11-12,Active
15715142,Loan,2022-12-01,Active
15715142,Insurance,2022-01-10,Active
15810978,Insurance,2023-09-24,Active
15810978,Mutual Fund,2022-01-29,Active
15810978,Fixed Deposit,2022-11-28,Inactive
15668886,Insurance,2022-05-01,Inactive
15780804,Fixed Deposit,2023-07-29,Active
15780804,Credit Card,2022-04-18,Active
15613880,Insurance,2022-12-26,Active
15775238,Credit Card,2023-05-20,Inactive
15786905,Credit Card,2022-04-22,Active
15786905,Loan,2023-02-18,Active
15786905,Mutual Fund,2023-03-26,Active
15747867,Fixed Deposit,2023-02-20,Active
15747867,Loan,2022-01-26,Active
15600337,Mutual Fund,2022-11-27,Inactive
15600337,Credit Card,2023-01-23,Inactive
15801277,Credit Card,2022-08-07,Active
15579334,Mutual Fund,2023-04-16,Active
15579334,Fixed Deposit,2022-04-10,Active
15802741,Loan,2022-04-26,Inactive
15720649,Credit Card,2023-09-29,Active
15589493,Loan,2023-05-06,Active
15589493,Mutual Fund,2022-06-05,Active
15589493,Insurance,2023-05-23,Active
15688251,Credit Card,2023-11-11,Active
15688251,Fixed Deposit,2022-12-18,Active
15688251,Insurance,2023-10-31,Active
15665238,Mutual Fund,2023-11-10,Active
15740900,Fixed Deposit,2023-03-13,Active
15740900,Mutual Fund,2023-02-18,Inactive
15740900,Credit Card,2022-07-18,Active
15681068,Fixed Deposit,2023-09-26,Active
15748625,Mutual Fund,2023-10-20,Active
15748625,Insurance,2022-01-26,Active
15748625,Credit Card,2022-05-14,Active
15727299,Mutual Fund,2023-05-06,Active
15727299,Fixed Deposit,2022-01-05,Active
15727299,Insurance,2023-07-04,Active
15620204,Mutual Fund,2022-06-21,Active
15620204,Fixed Deposit,2022-06-13,Inactive
15620204,Loan,2022-01-31,Inactive
15669516,Credit Card,2023-12-20,Inactive
15669516,Fixed Deposit,2023-08-18,Active
15736534,Credit Card,2022-03-20,Inactive
15803457,Mutual Fund,2023-02-07,Active
15659098,Mutual Fund,2022-03-09,Active
15659098,Insurance,2023-01-06,Active
15603436,Mutual Fund,2023-09-23,Inactive
15603436,Credit Card,2023-02-23,Active
15603436,Insurance,2023-08-10,Inactive
15566292,Credit Card,2022-09-05,Active
15566292,Insurance,2022-05-24,Active
15808621,Insurance,2023-06-25,Inactive
15808621,Fixed Deposit,2022-11-21,Active
15808621,Mutual Fund,2022-10-02,Active
15580148,Fixed Deposit,2022-04-15,Active
15580148,Insurance,2022-08-11,Inactive
15580148,Loan,2022-09-29,Active
15776231,Mutual Fund,2023-05-21,Inactive
15776231,Credit Card,2022-10-27,Active
15773809,Insurance,2022-03-14,Active
15649423,Insurance,2023-09-28,Inactive
15734886,Credit Card,2023-12-21,Active
15734886,Loan,2022-07-21,Active
15722548,Mutual Fund,2023-09-17,Active
15722548,Fixed Deposit,2022-06-02,Active
15722548,Insurance,2023-08-26,Active
15650288,Mutual Fund,2023-07-03,Active
15650288,Credit Card,2023-11-24,Active
15629448,Loan,2022-01-16,Active
15716164,Insurance,2023-11-12,Active
15716164,Fixed Deposit,2022-10-07,Active
15716164,Loan,2022-03-19,Active
15807609,Mutual Fund,2022-03-01,Inactive
15807609,Credit Card,2022-04-23,Active
15578977,Mutual Fund,2023-06-30,Active
15578977,Fixed Deposit,2022-11-20,Active
15578977,Insurance,2023-06-27,Active
15677369,Mutual Fund,2022-08-26,Active
15804072,Credit Card,2022-09-15,Active
15804072,Fixed Deposit,2022-03-04,Active
15696859,Fixed Deposit,2022-05-09,Active
15696859,Loan,2022-07-27,Inactive
15696859,Mutual Fund,2022-05-16,Active
15653780,Credit Card,2022-01-26,Active
15653780,Fixed Deposit,2023-12-06,Active
15653780,Mutual Fund,2023-08-25,Inactive
15721658,Credit Card,2022-11-10,Inactive
15721658,Insurance,2023-10-24,Active
15721658,Loan,2022-04-18,Active
15578761,Loan,2023-06-08,Active
15736879,Mutual Fund,2022-03-02,Active
15571973,Fixed Deposit,2022-10-26,Active
15571973,Insurance,2023-01-16,Active
15571973,Mutual Fund,2022-09-09,Active
15626742,Credit Card,2022-11-21,Inactive
15626742,Mutual Fund,2023-02-06,Active
15626742,Fixed Deposit,2022-04-15,Active
15672692,Mutual Fund,2022-07-23,Active
15673570,Mutual Fund,2022-12-30,Active
15673570,Loan,2022-02-16,Active
15673570,Credit Card,2023-03-08,Active
15767432,Loan,2023-09-15,Active
15767432,Insurance,2022-04-16,Inactive
15767432,Mutual Fund,2022-05-31,Active
15654238,Loan,2023-08-31,Inactive
15612525,Fixed Deposit,2023-04-25,Active
15812750,Fixed Deposit,2023-10-23,Active
15812750,Credit Card,2023-12-12,Inactive
15790757,Loan,2023-01-20,Active
15723873,Loan,2022-11-14,Active
15723873,Credit Card,2022-04-27,Active
15744607,Mutual Fund,2023-11-16,Active
15744607,Loan,2022-12-22,Active
15612966,Credit Card,2022-06-28,Active
15612966,Loan,2023-11-24,Inactive
15612966,Fixed Deposit,2023-03-31,Inactive
15784209,Mutual Fund,2022-02-06,Active
15784209,Insurance,2023-08-06,Active
15794278,Insurance,2023-01-15,Active
15794278,Fixed Deposit,2022-12-22,Active
15794278,Loan,2023-02-28,Inactive
15766741,Loan,2023-01-05,Active
15661036,Insurance,2023-05-03,Active
15661036,Loan,2023-06-07,Active
15705639,Loan,2022-03-04,Active
15637414,Credit Card,2022-11-16,Active
15637414,Fixed Deposit,2023-07-06,Active
15716835,Fixed Deposit,2022-03-13,Active
15716835,Insurance,2022-09-17,Active
15696231,Insurance,2022-08-09,Inactive
15696231,Fixed Deposit,2022-10-13,Active
15641675,Fixed Deposit,2023-01-22,Inactive
15641675,Credit Card,2022-12-04,Inactive
15670755,Insurance,2023-12-07,Active
15670755,Fixed Deposit,2022-03-21,Active
15640059,Fixed Deposit,2022-03-23,Inactive
15640059,Insurance,2023-12-19,Active
15787619,Credit Card,2022-09-28,Active
15787619,Fixed Deposit,2023-12-29,Active
15787619,Loan,2022-10-12,Active
15587535,Credit Card,2022-02-10,Active
15587535,Fixed Deposit,2023-11-19,Active
15587535,Insurance,2022-08-11,Active
15813034,Insurance,2022-05-28,Inactive
15813034,Credit Card,2023-05-09,Active
15813034,Loan,2022-12-31,Inactive
15698839,Fixed Deposit,2023-01-14,Active
15790314,Mutual Fund,2022-07-19,Active
15790314,Fixed Deposit,2022-05-08,Inactive
15634245,Mutual Fund,2022-10-28,Active
15634245,Loan,2022-02-14,Inactive
15634245,Insurance,2022-10-12,Active
15677305,Insurance,2022-10-09,Active
15661526,Loan,2023-05-03,Active
15685997,Mutual Fund,2022-03-06,Active
15685997,Credit Card,2022-08-20,Active
15660101,Credit Card,2023-10-23,Active
15660101,Insurance,2023-06-17,Active
15637979,Insurance,2023-09-13,Active
15637979,Mutual Fund,2023-10-30,Active
15815364,Insurance,2023-01-02,Active
15815364,Mutual Fund,2022-03-05,Active
15647099,Credit Card,2022-06-30,Active
15647099,Insurance,2022-08-02,Active
15647099,Fixed Deposit,2022-07-17,Active
15625944,Mutual Fund,2023-07-21,Active
15625944,Loan,2023-07-01,Active
15625944,Insurance,2023-04-21,Active
15583212,Insurance,2023-12-03,Active
15583212,Loan,2023-09-30,Active
15583212,Mutual Fund,2023-05-21,Active
15582741,Mutual Fund,2022-05-09,Active
15637876,Loan,2023-10-22,Active
15637876,Fixed Deposit,2023-02-27,Active
15622750,Credit Card,2022-11-25,Active
15672056,Loan,2022-02-01,Active
15672056,Mutual Fund,2023-04-09,Active
15672056,Fixed Deposit,2023-02-18,Active
15812351,Loan,2023-12-09,Active
15812351,Credit Card,2023-01-22,Active
15810864,Fixed Deposit,2022-05-07,Active
15810864,Loan,2022-09-06,Active
15810864,Insurance,2023-07-12,Active
15677921,Loan,2023-10-18,Active
15677921,Fixed Deposit,2022-04-19,Active
15677921,Credit Card,2022-10-05,Active
15724296,Mutual Fund,2023-08-02,Active
15724296,Fixed Deposit,2023-10-20,Active
15724296,Loan,2022-02-12,Inactive
15685329,Fixed Deposit,2022-02-14,Active
15685329,Insurance,2022-01-05,Inactive
15584091,Fixed Deposit,2023-04-26,Inactive
15584091,Mutual Fund,2022-12-06,Active
15584091,Insurance,2023-11-13,Active
15640442,Insurance,2022-07-11,Active
15640442,Fixed Deposit,2022-04-17,Active
15640442,Mutual Fund,2023-06-04,Active
15639314,Credit Card,2023-04-01,Active
15639314,Mutual Fund,2023-07-28,Active
15639314,Insurance,2022-06-05,Active
15685320,Mutual Fund,2022-04-10,Active
15685320,Loan,2023-06-02,Active
15789158,Credit Card,2022-02-03,Active
15752137,Mutual Fund,2022-11-23,Active
15752137,Fixed Deposit,2022-08-02,Active
15712551,Mutual Fund,2023-05-23,Inactive
15712551,Credit Card,2022-02-15,Active
15712551,Loan,2023-09-04,Active
15628936,Loan,2023-11-26,Active
15797227,Mutual Fund,2023-05-03,Inactive
15797227,Credit Card,2022-08-20,Active
15769974,Loan,2022-06-23,Active
15769974,Fixed Deposit,2023-08-22,Active
15737051,Fixed Deposit,2022-06-19,Active
15585595,Loan,2022-09-28,Active
15654060,Loan,2022-06-23,Active
15654060,Credit Card,2022-05-06,Active
15654060,Insurance,2022-06-24,Active
15745196,Mutual Fund,2022-03-20,Active
15745196,Insurance,2022-11-10,Active
15745196,Credit Card,2022-03-25,Active
15571221,Credit Card,2023-01-02,Inactive
15660155,Credit Card,2023-08-12,Active
15605284,Mutual Fund,2023-12-23,Active
15605284,Loan,2022-01-03,Active
15694366,Credit Card,2022-10-19,Active
15694366,Mutual Fund,2022-05-22,Active
15600739,Mutual Fund,2023-06-22,Active
15653253,Insurance,2022-01-06,Active
15763431,Mutual Fund,2023-09-14,Active
15643696,Fixed Deposit,2022-11-02,Active
15707473,Loan,2023-12-04,Active
15707473,Mutual Fund,2022-09-20,Active
15769504,Insurance,2022-07-03,Inactive
15776807,Mutual Fund,2022-08-01,Active
15776807,Loan,2023-03-27,Active
15686870,Insurance,2023-04-21,Active
15686870,Loan,2022-11-19,Active
15686870,Fixed Deposit,2023-04-13,Active
15668747,Credit Card,2022-06-20,Active
15766908,Mutual Fund,2023-06-25,Active
15766908,Fixed Deposit,2022-07-14,Active
15766908,Loan,2023-03-12,Active
15570134,Fixed Deposit,2022-11-29,Active
15570134,Insurance,2023-06-05,Inactive
15570134,Loan,2022-04-03,Inactive
15567367,Credit Card,2022-09-22,Active
15567367,Mutual Fund,2023-08-20,Active
15567367,Fixed Deposit,2023-11-12,Active
15747542,Insurance,2022-09-28,Inactive
15747542,Loan,2022-05-31,Inactive
15762238,Fixed Deposit,2023-05-05,Active
15762238,Mutual Fund,2023-01-12,Active
15762238,Credit Card,2022-12-17,Active
15681554,Insurance,2022-03-10,Inactive
15681554,Credit Card,2022-07-20,Active
15712825,Fixed Deposit,2022-05-15,Inactive
15640280,Loan,2022-01-21,Active
15640280,Credit Card,2023-07-26,Active
15640280,Mutual Fund,2023-09-07,Active
15756026,Fixed Deposit,2023-04-05,Active
15756026,Mutual Fund,2022-07-21,Inactive
15756026,Credit Card,2023-11-09,Active
15613319,Fixed Deposit,2022-05-11,Active
15798906,Loan,2023-10-10,Active
15708917,Insurance,2022-03-02,Active
15708917,Loan,2023-05-01,Active
15778463,Credit Card,2022-07-18,Active
15778463,Mutual Fund,2022-06-11,Active
15699430,Loan,2023-05-23,Active
15699430,Fixed Deposit,2022-07-25,Active
15649992,Fixed Deposit,2022-01-10,Active
15649992,Insurance,2023-11-19,Inactive
15649992,Credit Card,2022-06-16,Active
15578980,Credit Card,2023-10-23,Inactive
15578980,Mutual Fund,2023-06-22,Active
15775306,Credit Card,2023-08-07,Active
15775306,Fixed Deposit,2022-05-03,Active
15641655,Fixed Deposit,2022-10-11,Active
15619708,Credit Card,2022-05-03,Active
15734565,Insurance,2023-10-15,Active
15734565,Loan,2023-12-17,Active
15734565,Mutual Fund,2022-09-20,Active
15806438,Mutual Fund,2022-07-06,Active
15806438,Fixed Deposit,2023-02-19,Active
15591969,Mutual Fund,2023-11-30,Active
15591969,Loan,2022-07-27,Inactive
15591969,Credit Card,2023-07-26,Active
15747807,Insurance,2023-08-20,Active
15747807,Fixed Deposit,2022-02-05,Active
15596939,Fixed Deposit,2022-09-17,Active
15716155,Credit Card,2022-08-11,Active
15716155,Insurance,2022-09-28,Active
15765311,Insurance,2023-10-06,Active
15757811,Insurance,2022-09-11,Active
15757811,Loan,2023-09-20,Active
15603830,Loan,2023-12-23,Active
15603830,Fixed Deposit,2022-02-12,Active
15603830,Credit Card,2023-01-29,Active
15660602,Insurance,2022-12-31,Active
15660602,Fixed Deposit,2023-03-27,Active
15660535,Loan,2022-09-01,Active
15660535,Fixed Deposit,2022-01-13,Active
15660535,Insurance,2023-11-27,Active
15666633,Mutual Fund,2023-03-07,Active
15596914,Mutual Fund,2022-11-03,Active
15639788,Loan,2022-03-13,Active
15639788,Fixed Deposit,2023-05-28,Inactive
15639788,Credit Card,2023-11-06,Active
15695846,Loan,2022-02-15,Active
15726234,Loan,2023-07-30,Active
15797964,Insurance,2022-04-24,Active
15797964,Credit Card,2023-02-21,Active
15625881,Insurance,2023-12-27,Active
15780628,Fixed Deposit,2022-05-17,Active
15780628,Credit Card,2023-07-12,Active
15780628,Loan,2022-11-25,Active
15575883,Insurance,2023-12-31,Active
15575883,Fixed Deposit,2022-12-03,Inactive
15575883,Credit Card,2022-12-14,Inactive
15585036,Credit Card,2023-01-16,Active
15589488,Insurance,2022-03-11,Active
15589488,Fixed Deposit,2023-09-22,Active
15585888,Mutual Fund,2023-05-12,Active
15585888,Loan,2022-07-13,Active
15727915,Insurance,2022-04-12,Active
15707567,Fixed Deposit,2023-08-02,Active
15707567,Insurance,2022-09-18,Active
15737792,Mutual Fund,2023-06-24,Active
15737792,Insurance,2023-04-07,Active
15599433,Mutual Fund,2022-05-05,Inactive
15599433,Credit Card,2022-12-04,Inactive
15672012,Fixed Deposit,2023-02-07,Active
15806983,Fixed Deposit,2023-07-17,Active
15806983,Insurance,2023-01-30,Active
15592222,Mutual Fund,2022-07-11,Active
15592222,Loan,2023-01-05,Active
15608968,Loan,2023-12-10,Inactive
15586959,Insurance,2023-01-19,Active
15646558,Insurance,2022-06-19,Active
15646558,Fixed Deposit,2022-05-14,Inactive
15646558,Credit Card,2023-10-06,Active
15725811,Insurance,2023-07-26,Active
15725811,Credit Card,2022-10-04,Active
15572265,Insurance,2023-09-04,Active
15794048,Mutual Fund,2023-04-19,Inactive
15677610,Fixed Deposit,2022-03-04,Active
15745012,Mutual Fund,2022-11-05,Active
15745012,Insurance,2023-07-31,Active
15745012,Loan,2023-12-03,Active
15601589,Credit Card,2022-10-29,Active
15601589,Loan,2022-03-06,Inactive
15601589,Insurance,2023-03-19,Active
15686436,Loan,2023-12-09,Active
15693864,Mutual Fund,2023-11-25,Active
15693864,Insurance,2023-11-23,Active
15693864,Credit Card,2022-02-21,Inactive
15760550,Insurance,2023-05-25,Active
15686137,Insurance,2022-10-05,Active
15686137,Mutual Fund,2022-10-24,Inactive
15809087,Loan,2023-12-28,Active
15807663,Fixed Deposit,2022-04-13,Active
15807663,Loan,2023-11-01,Active
15809100,Fixed Deposit,2022-12-05,Active
15809100,Loan,2023-08-14,Active
15809100,Mutual Fund,2022-09-14,Active
15794916,Fixed Deposit,2022-05-18,Active
15794916,Insurance,2023-06-06,Active
15794916,Mutual Fund,2023-11-28,Inactive
15614215,Loan,2022-12-07,Inactive
15805449,Mutual Fund,2023-10-20,Active
15686983,Insurance,2022-01-06,Active
15686983,Credit Card,2023-04-06,Active
15808017,Loan,2022-05-05,Active
15808017,Insurance,2022-08-26,Active
15756804,Credit Card,2022-08-31,Active
15756804,Fixed Deposit,2023-07-25,Inactive
15756804,Loan,2023-03-29,Inactive
15646810,Credit Card,2022-06-01,Active
15646810,Mutual Fund,2022-10-31,Active
15646810,Fixed Deposit,2022-07-22,Inactive
15710424,Fixed Deposit,2023-09-29,Active
15710424,Insurance,2022-11-02,Inactive
15799422,Fixed Deposit,2023-01-20,Active
15799422,Mutual Fund,2023-04-21,Inactive
15692750,Insurance,2022-03-05,Active
15794549,Loan,2023-11-30,Inactive
15803764,Fixed Deposit,2023-01-31,Active
15803764,Credit Card,2023-06-09,Inactive
15674840,Mutual Fund,2022-10-28,Active
15674840,Credit Card,2023-12-27,Active
15653762,Loan,2022-11-27,Active
15653762,Credit Card,2022-03-04,Active
15653762,Fixed Deposit,2022-05-30,Active
15581229,Insurance,2023-11-17,Active
15800228,Loan,2022-11-07,Inactive
15800228,Mutual Fund,2023-01-11,Inactive
15800228,Credit Card,2023-04-12,Active
15656333,Fixed Deposit,2022-07-06,Active
15656333,Credit Card,2022-11-17,Active
15656333,Mutual Fund,2022-07-21,Active
15697497,Credit Card,2023-04-22,Active
15697497,Fixed Deposit,2022-07-05,Inactive
15585362,Mutual Fund,2023-11-06,Active
15571928,Credit Card,2022-05-04,Active
15785519,Fixed Deposit,2022-01-09,Active
15743007,Mutual Fund,2022-11-18,Active
15743007,Fixed Deposit,2022-04-21,Active
15777211,Loan,2022-09-19,Active
15777211,Mutual Fund,2022-04-09,Active
15777211,Insurance,2023-08-22,Active
15721935,Credit Card,2022-10-04,Inactive
15721935,Loan,2022-07-10,Active
15721935,Insurance,2023-11-29,Inactive
15591711,Mutual Fund,2023-11-22,Inactive
15591711,Loan,2022-05-01,Active
15591711,Insurance,2022-04-16,Active
15625021,Loan,2022-12-26,Active
15625021,Credit Card,2022-08-14,Active
15625021,Mutual Fund,2023-07-29,Active
15702968,Credit Card,2022-11-07,Active
15702968,Loan,2023-12-07,Active
15702968,Insurance,2022-07-05,Active
15600462,Insurance,2022-10-18,Active
15600462,Credit Card,2022-11-29,Active
15600462,Mutual Fund,2022-03-08,Active
15768104,Mutual Fund,2023-05-24,Active
15768104,Insurance,2022-05-05,Inactive
15768104,Loan,2023-05-01,Inactive
15780140,Loan,2022-08-05,Active
15780140,Fixed Deposit,2022-11-05,Active
15585255,Credit Card,2022-05-29,Active
15585255,Mutual Fund,2022-10-19,Active
15772781,Mutual Fund,2022-05-28,Inactive
15772781,Loan,2022-12-13,Active
15669987,Loan,2023-03-24,Active
15669987,Insurance,2023-03-31,Active
15697000,Credit Card,2022-07-28,Active
15733119,Mutual Fund,2023-09-20,Active
15733119,Fixed Deposit,2023-04-03,Active
15733119,Loan,2022-10-04,Active
15782390,Loan,2022-04-20,Active
15654700,Fixed Deposit,2023-06-16,Active
15632210,Insurance,2023-03-17,Active
15642041,Mutual Fund,2023-05-02,Active
15709737,Loan,2023-07-28,Active
15709737,Fixed Deposit,2022-01-04,Active
15709737,Insurance,2022-11-23,Active
15792388,Fixed Deposit,2023-02-05,Active
15786014,Loan,2023-05-08,Active
15786014,Fixed Deposit,2023-04-10,Active
15786014,Mutual Fund,2022-06-27,Inactive
15794580,Fixed Deposit,2022-06-27,Inactive
15794580,Loan,2022-07-27,Active
15675964,Fixed Deposit,2023-04-08,Active
15814275,Credit Card,2023-05-23,Active
15814275,Loan,2023-10-16,Active
15814275,Insurance,2022-05-14,Inactive
15724848,Loan,2022-09-09,Inactive
15724848,Insurance,2023-03-06,Active
15724848,Fixed Deposit,2022-12-27,Active
15754713,Loan,2022-08-23,Active
15754713,Credit Card,2022-02-17,Active
15693814,Fixed Deposit,2022-01-22,Active
15693814,Loan,2023-04-06,Inactive
15599660,Loan,2022-03-16,Active
15599660,Fixed Deposit,2022-06-04,Active
15599660,Mutual Fund,2022-08-28,Active
15746490,Fixed Deposit,2022-04-07,Active
15746490,Credit Card,2023-12-06,Inactive
15746490,Loan,2022-01-10,Active
15566091,Mutual Fund,2022-08-18,Inactive
15655961,Mutual Fund,2023-08-15,Active
15655961,Insurance,2023-06-04,Active
15710404,Fixed Deposit,2023-06-25,Inactive
15710404,Loan,2023-04-13,Active
15710404,Mutual Fund,2023-03-21,Active
15775625,Fixed Deposit,2022-02-10,Inactive
15775625,Credit Card,2022-11-01,Active
15775625,Mutual Fund,2022-06-16,Inactive
15792328,Loan,2022-05-19,Inactive
15792328,Fixed Deposit,2022-03-25,Active
15792328,Insurance,2022-11-24,Active
15719856,Mutual Fund,2023-12-10,Active
15719856,Insurance,2022-04-21,Active
15593773,Insurance,2022-10-13,Active
15733114,Loan,2023-06-02,Active
15733114,Fixed Deposit,2022-07-21,Active
15797748,Credit Card,2023-11-22,Inactive
15797748,Fixed Deposit,2022-01-08,Active
15797748,Insurance,2022-04-30,Active
15743411,Insurance,2022-03-28,Active
15743411,Credit Card,2023-10-26,Active
15743411,Fixed Deposit,2023-12-25,Active
15753337,Loan,2023-01-23,Active
15753337,Mutual Fund,2022-08-01,Active
15753337,Insurance,2023-10-19,Inactive
15601026,Loan,2022-02-08,Active
15601026,Insurance,2022-11-30,Active
15658485,Insurance,2022-10-31,Inactive
15636731,Fixed Deposit,2023-05-23,Active
15636731,Credit Card,2022-07-17,Inactive
15636731,Loan,2023-02-02,Active
15628303,Loan,2022-01-28,Active
15628303,Fixed Deposit,2022-06-15,Active
15628303,Credit Card,2022-09-17,Active
15633461,Loan,2022-12-04,Active
15633461,Mutual Fund,2022-05-17,Active
15677135,Credit Card,2023-01-25,Active
15590876,Insurance,2023-05-04,Active
15790782,Mutual Fund,2022-07-01,Active
15790782,Credit Card,2023-05-01,Active
15790782,Insurance,2022-08-13,Active
15700476,Insurance,2023-09-18,Active
15634141,Mutual Fund,2023-12-18,Active
15634141,Loan,2022-12-06,Active
15634141,Fixed Deposit,2023-09-14,Active
15737795,Credit Card,2023-07-12,Active
15790299,Mutual Fund,2022-04-18,Active
15675316,Fixed Deposit,2022-06-06,Active
15675316,Loan,2023-05-02,Active
15675316,Insurance,2023-11-03,Active
15613630,Loan,2023-03-10,Active
15613630,Insurance,2023-01-03,Active
15613630,Credit Card,2022-01-28,Active
15662100,Credit Card,2023-04-05,Active
15662100,Insurance,2023-09-25,Active
15662100,Loan,2023-09-18,Active
15668032,Loan,2023-01-01,Active
15668032,Mutual Fund,2023-12-03,Active
15668032,Credit Card,2023-10-19,Active
15599289,Mutual Fund,2022-10-23,Active
15599289,Loan,2023-02-25,Active
15599289,Insurance,2023-12-20,Inactive
15754084,Mutual Fund,2023-07-17,Active
15676521,Fixed Deposit,2022-12-31,Active
15676521,Loan,2023-10-24,Active
15676521,Insurance,2023-12-21,Active
15804586,Mutual Fund,2022-07-03,Active
15804586,Credit Card,2022-08-09,Inactive
15781465,Mutual Fund,2022-02-17,Active
15781465,Insurance,2022-02-20,Active
15781465,Loan,2023-03-29,Active
15729362,Mutual Fund,2022-01-09,Active
15729362,Loan,2023-04-25,Inactive
15709295,Credit Card,2022-08-04,Active
15709295,Loan,2022-08-21,Inactive
15709295,Fixed Deposit,2023-04-06,Active
15745324,Loan,2022-11-16,Active
15745324,Insurance,2022-12-21,Active
15745324,Mutual Fund,2022-10-09,Inactive
15741336,Insurance,2022-12-02,Active
15783659,Insurance,2022-03-13,Active
15783659,Mutual Fund,2022-02-20,Active
15620981,Insurance,2023-11-29,Active
15620981,Credit Card,2023-10-30,Active
15630328,Loan,2023-08-17,Active
15785899,Credit Card,2022-12-07,Active
15785899,Mutual Fund,2023-01-24,Inactive
15606149,Insurance,2022-05-03,Active
15606149,Mutual Fund,2022-10-14,Active
15671139,Credit Card,2023-03-13,Active
15671139,Insurance,2022-07-02,Active
15671139,Fixed Deposit,2023-11-18,Active
15660429,Loan,2022-11-23,Active
15571002,Mutual Fund,2022-03-29,Active
15631681,Mutual Fund,2023-04-24,Active
15631681,Fixed Deposit,2023-07-17,Active
15631681,Credit Card,2022-11-20,Active
15731522,Loan,2022-04-23,Active
15731522,Insurance,2023-03-03,Inactive
15619529,Insurance,2022-07-13,Active
15619529,Mutual Fund,2022-10-18,Active
15628034,Loan,2023-04-25,Active
15628034,Mutual Fund,2022-03-04,Active
15686164,Fixed Deposit,2022-05-15,Inactive
15686164,Credit Card,2022-03-27,Inactive
15582797,Loan,2023-03-13,Inactive
15753831,Loan,2022-01-08,Active
15753831,Credit Card,2022-02-18,Active
15753831,Mutual Fund,2023-08-10,Active
15731815,Credit Card,2022-07-31,Inactive
15731815,Fixed Deposit,2023-03-01,Active
15731815,Loan,2022-07-10,Active
15580956,Mutual Fund,2023-02-27,Active
15602084,Credit Card,2023-06-22,Inactive
15589805,Credit Card,2022-07-14,Active
15589805,Fixed Deposit,2022-04-24,Active
15720893,Mutual Fund,2022-06-10,Active
15720893,Fixed Deposit,2022-09-12,Active
15641009,Mutual Fund,2023-06-30,Active
15641009,Insurance,2022-01-15,Active
15605926,Insurance,2022-08-23,Active
15605926,Credit Card,2023-01-12,Inactive
15805955,Insurance,2023-12-01,Active
15805955,Credit Card,2023-12-05,Active
15805955,Loan,2023-01-07,Active
15801488,Insurance,2022-04-28,Active
15801488,Mutual Fund,2022-10-13,Active
15605918,Insurance,2023-11-27,Active
15605918,Mutual Fund,2022-06-18,Active
15605918,Loan,2022-01-14,Active
15779711,Insurance,2022-05-26,Active
15779711,Fixed Deposit,2022-09-28,Inactive
15705620,Insurance,2022-08-21,Active
15705620,Fixed Deposit,2023-12-10,Active
15705620,Credit Card,2022-12-07,Active
15685357,Fixed Deposit,2022-05-31,Active
15685357,Credit Card,2023-10-13,Inactive
15570060,Credit Card,2023-04-19,Active
15582616,Mutual Fund,2023-06-21,Active
15799515,Insurance,2023-05-03,Active
15799515,Credit Card,2023-05-26,Active
15799515,Fixed Deposit,2022-05-28,Active
15642937,Loan,2022-12-23,Active
15642937,Credit Card,2022-04-17,Active
15624729,Fixed Deposit,2023-04-18,Inactive
15624729,Insurance,2023-02-22,Active
15566156,Insurance,2023-09-11,Active
15792360,Mutual Fund,2023-06-16,Active
15792360,Fixed Deposit,2023-01-25,Active
15807008,Fixed Deposit,2022-07-30,Active
15807008,Credit Card,2022-10-11,Active
15704770,Mutual Fund,2023-05-07,Active
15704770,Fixed Deposit,2023-03-11,Active
15756475,Credit Card,2022-12-11,Active
15655339,Mutual Fund,2022-02-08,Inactive
15655339,Insurance,2023-12-14,Active
15613749,Fixed Deposit,2023-09-17,Active
15613749,Mutual Fund,2023-04-11,Active
15664521,Loan,2022-09-08,Active
15664521,Credit Card,2022-08-25,Inactive
15681206,Insurance,2022-07-13,Active
15681206,Credit Card,2022-09-25,Active
15745527,Insurance,2022-08-28,Active
15745527,Fixed Deposit,2022-09-17,Active
15806926,Fixed Deposit,2022-06-07,Active
15724563,Mutual Fund,2022-05-07,Active
15724563,Credit Card,2022-04-07,Active
15724563,Insurance,2022-05-21,Active
15782899,Credit Card,2023-10-30,Active
15782899,Mutual Fund,2022-10-11,Active
15623521,Fixed Deposit,2022-11-09,Inactive
15623521,Insurance,2023-08-28,Inactive
15623521,Mutual Fund,2023-03-08,Active
15810218,Credit Card,2022-04-05,Active
15810218,Fixed Deposit,2022-01-12,Inactive
15810218,Insurance,2023-03-11,Active
15645621,Mutual Fund,2022-10-05,Active
15645621,Fixed Deposit,2022-08-04,Active
15608114,Insurance,2023-01-09,Active
15608114,Mutual Fund,2022-12-07,Active
15659557,Credit Card,2023-10-27,Active
15659557,Mutual Fund,2023-12-18,Active
15787772,Loan,2022-08-14,Active
15787772,Credit Card,2022-01-09,Active
15691111,Fixed Deposit,2023-01-16,Active
15691111,Mutual Fund,2023-09-09,Active
15691111,Insurance,2022-01-23,Active
15592089,Credit Card,2023-12-05,Active
15592089,Mutual Fund,2023-11-13,Active
15592089,Insurance,2023-09-07,Active
15633897,Credit Card,2023-10-27,Active
15701301,Credit Card,2022-01-01,Active
15723685,Mutual Fund,2022-10-11,Active
15723685,Loan,2022-07-28,Inactive
15701602,Fixed Deposit,2023-11-15,Active
15701602,Credit Card,2022-05-11,Inactive
15701602,Insurance,2022-10-18,Active
15739189,Mutual Fund,2022-07-27,Active
15739189,Insurance,2023-10-29,Active
15573086,Insurance,2022-09-01,Active
15573086,Fixed Deposit,2023-08-27,Active
15573086,Credit Card,2022-08-13,Active
15569050,Fixed Deposit,2023-06-19,Active
15750765,Credit Card,2023-10-08,Active
15799811,Fixed Deposit,2023-09-02,Active
15799811,Loan,2023-08-23,Inactive
15799811,Insurance,2022-10-14,Inactive
15698442,Insurance,2023-11-22,Active
15698442,Credit Card,2022-06-30,Active
15698442,Loan,2023-08-24,Active
15655274,Fixed Deposit,2022-04-17,Active
15655274,Loan,2023-09-15,Active
15603594,Insurance,2022-03-18,Active
15603594,Loan,2023-06-12,Active
15585961,Loan,2022-07-12,Inactive
15585961,Mutual Fund,2023-11-23,Active
15585961,Insurance,2022-10-03,Active
15686936,Credit Card,2023-06-08,Active
15686936,Mutual Fund,2023-01-15,Active
15686936,Insurance,2023-02-19,Active
15770424,Fixed Deposit,2023-10-23,Active
15587451,Fixed Deposit,2022-12-30,Active
15587451,Credit Card,2023-12-08,Active
15587451,Mutual Fund,2023-12-25,Inactive
15602010,Insurance,2023-04-28,Inactive
15602010,Loan,2023-08-30,Active
15600583,Mutual Fund,2022-06-30,Active
15600583,Insurance,2022-06-27,Active
15600583,Loan,2022-08-28,Active
15654673,Credit Card,2022-06-08,Inactive
15654673,Mutual Fund,2022-02-21,Active
15654673,Insurance,2023-12-15,Active
15717164,Credit Card,2023-06-27,Active
15717164,Insurance,2022-11-01,Active
15717164,Loan,2022-08-22,Active
15765014,Fixed Deposit,2023-02-12,Active
15682639,Insurance,2023-06-14,Active
15682639,Fixed Deposit,2022-06-19,Active
15682639,Loan,2023-07-25,Active
15729279,Loan,2023-09-06,Active
15729279,Mutual Fund,2022-03-26,Active
15729279,Credit Card,2022-02-09,Active
15759805,Credit Card,2022-04-22,Active
15759805,Loan,2023-11-28,Active
15767864,Mutual Fund,2023-07-20,Active
15769948,Credit Card,2022-09-24,Active
15686345,Credit Card,2022-12-15,Active
15686345,Mutual Fund,2022-07-30,Inactive
15686345,Fixed Deposit,2022-02-07,Active
15688071,Credit Card,2022-06-22,Active
15688071,Fixed Deposit,2022-01-25,Inactive
15681174,Fixed Deposit,2022-02-26,Inactive
15667521,Fixed Deposit,2023-03-21,Inactive
15750243,Mutual Fund,2022-07-27,Active
15695475,Credit Card,2023-07-02,Active
15689176,Fixed Deposit,2022-11-02,Active
15689176,Credit Card,2023-01-29,Active
15652955,Mutual Fund,2022-02-16,Active
15652955,Loan,2022-07-19,Active
15652955,Insurance,2023-10-09,Active
15668958,Credit Card,2022-11-16,Active
15631054,Insurance,2023-03-05,Active
15581479,Fixed Deposit,2022-06-10,Active
15581479,Mutual Fund,2022-11-25,Active
15577478,Fixed Deposit,2023-03-26,Inactive
15780870,Credit Card,2022-08-23,Active
15780870,Fixed Deposit,2023-09-13,Active
15692317,Loan,2022-03-18,Active
15593969,Fixed Deposit,2022-08-09,Active
15593969,Insurance,2022-11-12,Active
15570417,Insurance,2023-04-14,Active
15570417,Fixed Deposit,2022-05-04,Active
15570417,Loan,2023-10-06,Active
15779059,Fixed Deposit,2022-08-03,Active
15785980,Insurance,2023-05-31,Active
15785980,Loan,2023-07-10,Active
15644200,Credit Card,2022-04-12,Active
15793949,Insurance,2023-10-14,Active
15793949,Credit Card,2023-03-10,Active
15793949,Mutual Fund,2023-01-12,Active
15645103,Insurance,2023-06-20,Active
15645103,Fixed Deposit,2022-01-25,Active
15705860,Insurance,2022-03-29,Active
15705860,Loan,2022-08-06,Inactive
15623828,Fixed Deposit,2023-09-01,Active
15623828,Loan,2022-01-25,Inactive
15623828,Insurance,2022-12-17,Inactive
15715003,Insurance,2022-04-18,Active
15623471,Credit Card,2023-09-25,Active
15623471,Insurance,2023-12-09,Active
15623471,Fixed Deposit,2023-01-30,Active
15798348,Insurance,2023-12-13,Inactive
15798348,Loan,2022-05-17,Active
15743016,Credit Card,2023-07-26,Active
15743016,Mutual Fund,2023-08-27,Active
15743016,Fixed Deposit,2023-02-28,Active
15769499,Credit Card,2023-11-01,Active
15798521,Loan,2023-08-12,Active
15706534,Credit Card,2023-06-21,Inactive
15706534,Fixed Deposit,2022-09-13,Active
15706534,Insurance,2023-03-03,Inactive
15706186,Mutual Fund,2022-12-28,Active
15706186,Fixed Deposit,2022-06-01,Active
15812197,Fixed Deposit,2023-10-04,Inactive
15812197,Insurance,2023-03-03,Active
15650933,Credit Card,2022-06-28,Active
15650933,Loan,2023-03-16,Active
15650933,Fixed Deposit,2023-11-01,Active
15692991,Insurance,2023-04-30,Inactive
15692991,Fixed Deposit,2023-03-16,Active
15631189,Mutual Fund,2022-02-28,Active
15631189,Insurance,2022-03-25,Inactive
15631189,Loan,2022-03-23,Active
15762198,Loan,2022-12-03,Active
15762198,Insurance,2022-04-13,Inactive
15762198,Mutual Fund,2023-04-13,Active
15699598,Insurance,2022-01-25,Active
15692744,Insurance,2022-12-04,Active
15688963,Insurance,2022-08-03,Active
15688963,Fixed Deposit,2023-11-20,Inactive
15599131,Fixed Deposit,2023-11-06,Inactive
15680303,Fixed Deposit,2022-05-22,Active
15680303,Credit Card,2023-05-22,Active
15628674,Loan,2023-07-11,Active
15628674,Credit Card,2023-07-28,Active
15628674,Insurance,2023-02-25,Active
15648075,Mutual Fund,2023-12-17,Active
15586970,Loan,2022-06-17,Active
15586970,Mutual Fund,2023-05-03,Inactive
15625698,Fixed Deposit,2022-10-09,Active
15790497,Mutual Fund,2023-05-15,Inactive
15682618,Credit Card,2023-09-29,Active
15762937,Insurance,2023-12-15,Inactive
15762937,Loan,2022-03-04,Active
15750929,Fixed Deposit,2023-01-18,Active
15729832,Fixed Deposit,2023-12-23,Active
15729832,Loan,2023-11-12,Active
15633650,Insurance,2023-09-20,Active
15748856,Mutual Fund,2022-08-09,Active
15748856,Loan,2022-03-24,Active
15589195,Loan,2022-08-06,Active
15699911,Loan,2022-07-19,Active
15663438,Fixed Deposit,2023-07-02,Active
15663438,Loan,2023-03-24,Active
15663438,Mutual Fund,2022-08-27,Inactive
15692583,Credit Card,2022-05-30,Active
15591257,Mutual Fund,2023-03-05,Inactive
15591257,Credit Card,2023-12-12,Active
15591257,Fixed Deposit,2022-02-01,Active
15646513,Insurance,2023-07-03,Active
15646513,Loan,2023-04-23,Active
15708063,Credit Card,2022-06-12,Active
15708063,Insurance,2023-09-29,Active
15708063,Mutual Fund,2023-03-07,Inactive
15696098,Mutual Fund,2023-08-26,Active
15696098,Credit Card,2023-07-06,Active
15645517,Mutual Fund,2023-10-01,Inactive
15645517,Insurance,2023-07-04,Active
15645517,Credit Card,2023-03-31,Active
15649744,Insurance,2023-05-15,Active
15649744,Credit Card,2022-01-17,Active
15649744,Fixed Deposit,2023-05-27,Active
15604304,Insurance,2023-10-03,Active
15604304,Fixed Deposit,2023-05-12,Active
15784092,Mutual Fund,2022-03-21,Active
15585198,Loan,2023-02-21,Active
15624347,Fixed Deposit,2023-08-31,Active
15624347,Credit Card,2022-06-11,Inactive
15624347,Mutual Fund,2022-06-20,Inactive
15621687,Loan,2022-06-09,Active
15621687,Fixed Deposit,2022-12-09,Active
15689081,Loan,2022-11-11,Active
15813168,Loan,2023-04-06,Inactive
15813168,Insurance,2022-07-05,Active
15604295,Insurance,2022-06-10,Active
15724127,Loan,2022-06-26,Active
15724127,Credit Card,2023-02-13,Active
15724127,Mutual Fund,2023-11-09,Active
15673055,Insurance,2022-03-11,Active
15768201,Credit Card,2023-02-14,Active
15768201,Loan,2022-04-18,Active
15768201,Mutual Fund,2023-03-16,Active
15782219,Mutual Fund,2023-02-01,Active
15782219,Credit Card,2022-01-14,Active
15782219,Fixed Deposit,2023-11-22,Inactive
15746410,Fixed Deposit,2023-02-12,Inactive
15780144,Credit Card,2023-03-27,Inactive
15590476,Loan,2023-09-08,Active
15590476,Credit Card,2023-12-26,Active
15624293,Insurance,2023-05-11,Active
15624293,Loan,2023-05-01,Inactive
15618182,Loan,2022-10-19,Active
15618182,Credit Card,2022-10-06,Active
15660316,Fixed Deposit,2022-04-12,Active
15660316,Mutual Fund,2022-02-22,Active
15678886,Credit Card,2022-07-05,Active
15616330,Mutual Fund,2023-02-18,Active
15616330,Insurance,2023-10-06,Inactive
15592229,Insurance,2023-03-07,Inactive
15592229,Loan,2022-08-17,Active
15798424,Fixed Deposit,2023-01-06,Active
15798424,Insurance,2022-12-30,Active
15798424,Credit Card,2023-08-22,Active
15714750,Insurance,2023-08-03,Active
15714750,Loan,2023-01-01,Active
15714750,Fixed Deposit,2022-05-17,Active
15648800,Mutual Fund,2022-01-09,Active
15626147,Loan,2023-09-30,Active
15626147,Insurance,2023-05-27,Active
15626147,Credit Card,2023-04-18,Active
15626608,Fixed Deposit,2022-11-16,Active
15626608,Mutual Fund,2023-02-07,Inactive
15723250,Insurance,2022-04-08,Active
15723250,Credit Card,2022-04-26,Active
15592583,Mutual Fund,2022-06-09,Active
15592583,Loan,2022-08-03,Active
15592583,Credit Card,2022-11-30,Inactive
15759381,Insurance,2023-08-19,Active
15759381,Loan,2023-03-08,Active
15585241,Insurance,2022-04-30,Active
15589358,Loan,2022-04-08,Inactive
15589358,Fixed Deposit,2022-12-31,Active
15672704,Insurance,2023-05-26,Inactive
15672704,Credit Card,2023-07-01,Active
15789955,Credit Card,2022-01-15,Active
15789955,Loan,2023-02-15,Active
15789955,Mutual Fund,2022-04-26,Active
15596800,Insurance,2023-05-20,Active
15596800,Credit Card,2022-04-14,Active
15596800,Loan,2023-10-29,Active
15627305,Fixed Deposit,2022-09-26,Active
15627305,Mutual Fund,2022-02-01,Active
15645316,Credit Card,2023-11-10,Active
15645316,Insurance,2023-07-11,Active
15593973,Credit Card,2022-07-04,Active
15593973,Fixed Deposit,2023-03-08,Active
15593973,Mutual Fund,2023-01-24,Active
15647301,Loan,2022-04-10,Active
15647301,Insurance,2022-08-13,Active
15647301,Fixed Deposit,2023-03-15,Active
15750258,Insurance,2023-01-16,Inactive
15750258,Loan,2023-04-03,Active
15685309,Insurance,2023-10-18,Active
15628205,Mutual Fund,2022-06-21,Active
15628205,Insurance,2022-05-14,Inactive
15628205,Fixed Deposit,2023-02-14,Active
15733974,Loan,2023-05-03,Active
15733974,Fixed Deposit,2022-03-14,Inactive
15762110,Loan,2023-06-13,Active
15762110,Credit Card,2023-06-22,Active
15706899,Fixed Deposit,2023-08-31,Active
15732660,Insurance,2023-03-18,Active
15656121,Fixed Deposit,2023-03-15,Active
15656121,Mutual Fund,2023-04-18,Active
15656121,Insurance,2022-08-02,Active
15614220,Credit Card,2022-04-01,Active
15645269,Insurance,2022-06-06,Active
15645269,Loan,2023-04-08,Active
15645269,Fixed Deposit,2023-09-24,Active
15698510,Fixed Deposit,2023-01-04,Inactive
15698510,Credit Card,2022-04-28,Active
15698510,Loan,2022-07-13,Active
15569247,Credit Card,2023-10-09,Active
15569247,Insurance,2023-07-25,Active
15566251,Loan,2023-11-25,Active
15566251,Insurance,2022-04-27,Active
15716134,Insurance,2023-03-11,Inactive
15716134,Mutual Fund,2022-07-22,Active
15716134,Loan,2022-02-05,Active
15763625,Loan,2022-05-26,Active
15763625,Mutual Fund,2023-04-10,Active
15763625,Credit Card,2023-11-09,Active
15605965,Fixed Deposit,2023-01-26,Active
15605965,Loan,2022-06-22,Active
15605965,Insurance,2023-03-26,Active
15694821,Loan,2023-10-08,Active
15601688,Fixed Deposit,2022-12-25,Active
15601688,Loan,2023-10-07,Active
15601688,Credit Card,2022-08-01,Inactive
15575581,Loan,2023-07-09,Active
15575581,Credit Card,2022-07-02,Active
15671209,Fixed Deposit,2022-02-24,Inactive
15671209,Mutual Fund,2022-09-30,Active
15616529,Credit Card,2022-08-22,Inactive
15773906,Fixed Deposit,2022-10-04,Inactive
15773906,Loan,2022-01-10,Active
15773906,Credit Card,2023-02-09,Active
15722993,Fixed Deposit,2023-02-08,Active
15752463,Mutual Fund,2022-04-03,Active
15752463,Insurance,2023-12-04,Active
15589754,Mutual Fund,2022-11-05,Active
15589754,Loan,2023-06-20,Active
15669899,Loan,2023-06-12,Active
15766887,Mutual Fund,2022-08-04,Active
15768006,Insurance,2023-10-28,Inactive
15768006,Fixed Deposit,2022-05-12,Active
15768006,Credit Card,2022-12-22,Active
15741295,Fixed Deposit,2023-10-22,Active
15811327,Loan,2023-07-09,Inactive
15690007,Fixed Deposit,2023-11-09,Active
15690007,Mutual Fund,2023-07-27,Inactive
15690664,Fixed Deposit,2022-02-15,Active
15690664,Credit Card,2022-09-07,Active
15719348,Fixed Deposit,2022-07-19,Active
15719348,Insurance,2023-11-14,Inactive
15719348,Credit Card,2022-10-28,Active
15781802,Loan,2023-02-01,Inactive
15781802,Credit Card,2023-04-24,Active
15752731,Insurance,2023-10-13,Active
15752731,Fixed Deposit,2022-02-08,Active
15600997,Insurance,2022-01-26,Active
15600997,Mutual Fund,2022-10-01,Active
15750776,Fixed Deposit,2023-03-16,Inactive
15750776,Insurance,2022-12-14,Inactive
15723907,Loan,2022-12-04,Inactive
15633419,Mutual Fund,2022-01-31,Active
15633419,Fixed Deposit,2022-07-27,Active
15633419,Loan,2022-09-06,Active
15702430,Insurance,2022-02-02,Inactive
15710456,Loan,2023-03-11,Active
15710456,Credit Card,2023-01-06,Active
15710456,Mutual Fund,2023-07-28,Active
15650351,Mutual Fund,2023-04-05,Active
15590820,Insurance,2023-06-16,Active
15640454,Mutual Fund,2023-04-15,Active
15640454,Loan,2022-07-27,Active
15697789,Loan,2022-09-07,Active
15697789,Mutual Fund,2022-12-21,Active
15808182,Insurance,2023-12-17,Inactive
15588670,Loan,2023-10-14,Active
15588670,Credit Card,2023-01-18,Active
15588670,Insurance,2023-03-20,Active
15721292,Credit Card,2022-06-08,Active
15604217,Loan,2022-12-02,Active
15604217,Insurance,2022-07-03,Inactive
15651369,Credit Card,2023-09-17,Inactive
15651369,Insurance,2023-07-20,Active
15782454,Credit Card,2022-07-30,Active
15782454,Fixed Deposit,2023-10-28,Active
15814032,Credit Card,2023-02-02,Active
15814032,Fixed Deposit,2023-09-21,Active
15570326,Fixed Deposit,2022-09-27,Inactive
15570326,Loan,2022-07-30,Active
15570326,Credit Card,2023-12-05,Active
15624428,Loan,2022-10-12,Active
15755638,Insurance,2023-04-11,Active
15600992,Credit Card,2023-10-25,Active
15600992,Insurance,2023-05-13,Active
15755649,Insurance,2022-11-14,Inactive
15755649,Mutual Fund,2023-09-15,Active
15795228,Fixed Deposit,2023-01-06,Active
15795228,Mutual Fund,2022-01-12,Inactive
15795228,Loan,2022-10-24,Active
15589257,Loan,2023-11-29,Active
15719302,Fixed Deposit,2023-07-10,Active
15639882,Insurance,2023-05-30,Inactive
15639882,Loan,2023-12-15,Active
15639882,Mutual Fund,2022-05-09,Active
15791279,Loan,2022-05-21,Active
15791279,Fixed Deposit,2023-04-21,Active
15636935,Mutual Fund,2023-11-29,Active
15636935,Fixed Deposit,2022-07-29,Active
15686909,Mutual Fund,2023-02-15,Active
15686909,Fixed Deposit,2022-09-21,Active
15686909,Insurance,2023-07-07,Active
15589572,Credit Card,2022-07-09,Active
15779947,Insurance,2023-02-25,Active
15573769,Mutual Fund,2022-01-22,Active
15573769,Fixed Deposit,2023-01-25,Active
15573769,Loan,2023-09-23,Active
15578866,Fixed Deposit,2022-01-01,Active
15578866,Mutual Fund,2023-12-31,Inactive
15578866,Insurance,2023-12-28,Active
15739131,Fixed Deposit,2022-08-27,Active
15739131,Mutual Fund,2022-07-06,Active
15813444,Fixed Deposit,2023-07-25,Inactive
15678058,Loan,2022-05-02,Inactive
15678058,Credit Card,2023-07-19,Active
15769169,Mutual Fund,2022-05-06,Inactive
15769169,Credit Card,2022-06-08,Active
15804602,Mutual Fund,2022-10-26,Active
15804602,Loan,2022-02-03,Active
15804602,Insurance,2023-08-28,Inactive
15651052,Insurance,2022-01-04,Active
15724334,Insurance,2023-06-24,Active
15569451,Credit Card,2022-02-04,Active
15569451,Mutual Fund,2022-11-25,Active
15650098,Credit Card,2023-05-16,Active
15650098,Fixed Deposit,2023-04-14,Active
15650098,Loan,2023-08-27,Active
15724307,Insurance,2022-10-08,Active
15724307,Credit Card,2023-09-02,Active
15599268,Insurance,2022-09-23,Active
15599268,Mutual Fund,2023-07-09,Active
15594864,Mutual Fund,2022-06-12,Active
15616451,Insurance,2022-04-23,Active
15616451,Loan,2022-09-15,Active
15715667,Fixed Deposit,2022-04-21,Active
15715667,Credit Card,2022-08-17,Active
15658969,Loan,2022-04-06,Active
15738174,Loan,2023-01-08,Active
15738174,Insurance,2022-08-20,Active
15813590,Credit Card,2022-09-13,Inactive
15624229,Fixed Deposit,2022-06-14,Active
15674148,Mutual Fund,2023-08-21,Active
15625080,Mutual Fund,2023-05-10,Active
15625080,Insurance,2022-08-25,Active
15625080,Credit Card,2022-12-01,Inactive
15682528,Credit Card,2022-09-17,Active
15682528,Insurance,2022-07-14,Active
15696900,Credit Card,2022-02-21,Active
15696900,Fixed Deposit,2022-10-13,Active
15696900,Mutual Fund,2022-11-11,Active
15730038,Credit Card,2023-01-17,Active
15730038,Loan,2023-04-28,Active
15730038,Fixed Deposit,2022-03-24,Active
15812272,Fixed Deposit,2023-02-26,Inactive
15812272,Mutual Fund,2022-04-17,Active
15812272,Insurance,2022-11-09,Active
15654654,Fixed Deposit,2022-09-28,Active
15654654,Credit Card,2022-10-07,Inactive
15654654,Loan,2022-11-26,Active
15697625,Insurance,2022-09-29,Active
15616280,Loan,2023-10-18,Active
15654229,Credit Card,2022-01-04,Active
15628298,Loan,2022-04-15,Active
15628298,Fixed Deposit,2023-02-25,Active
15733387,Credit Card,2023-07-27,Active
15733387,Mutual Fund,2023-05-09,Active
15775572,Mutual Fund,2023-10-11,Active
15775572,Loan,2023-01-17,Active
15613844,Insurance,2023-04-06,Inactive
15578515,Credit Card,2023-08-06,Active
15607598,Loan,2023-06-16,Active
15742480,Credit Card,2023-07-16,Inactive
15749482,Insurance,2022-12-05,Active
15749482,Fixed Deposit,2022-02-23,Active
15749482,Credit Card,2023-07-04,Inactive
15607537,Mutual Fund,2022-04-05,Active
15607537,Loan,2022-08-04,Inactive
15607537,Credit Card,2022-05-05,Active
15575410,Fixed Deposit,2022-10-15,Inactive
15575410,Insurance,2023-08-28,Inactive
15575410,Loan,2023-04-27,Active
15684865,Insurance,2022-12-08,Active
15600700,Loan,2022-05-27,Active
15600700,Credit Card,2022-08-31,Active
15600700,Fixed Deposit,2022-01-11,Inactive
15774155,Loan,2022-08-04,Inactive
15634267,Mutual Fund,2022-08-10,Active
15634267,Credit Card,2022-03-31,Active
15634267,Insurance,2022-10-28,Active
15619626,Loan,2023-12-15,Active
15619626,Insurance,2022-06-10,Active
15660422,Fixed Deposit,2022-08-09,Active
15660422,Insurance,2022-07-10,Inactive
15617934,Credit Card,2022-03-11,Active
15617934,Loan,2023-03-20,Active
15760774,Insurance,2023-06-06,Inactive
15760774,Credit Card,2023-06-16,Active
15760774,Mutual Fund,2022-04-19,Active
15813132,Mutual Fund,2022-01-12,Active
15813132,Loan,2023-10-22,Active
15593331,Insurance,2022-01-20,Active
15593331,Loan,2023-12-16,Active
15616709,Loan,2022-02-22,Inactive
15658052,Insurance,2023-10-13,Active
15658052,Credit Card,2023-01-10,Active
15658052,Loan,2023-10-19,Active
15721189,Credit Card,2022-06-03,Active
15721189,Fixed Deposit,2023-08-18,Inactive
15721189,Mutual Fund,2023-12-18,Active
15711288,Credit Card,2023-04-20,Active
15711288,Loan,2022-07-15,Active
15711288,Insurance,2023-11-12,Inactive
15770030,Loan,2023-07-10,Active
15803681,Credit Card,2022-07-17,Active
15803681,Mutual Fund,2023-10-26,Active
15803681,Insurance,2023-07-10,Active
15702789,Insurance,2022-04-30,Active
15702789,Mutual Fund,2023-03-18,Active
15814930,Fixed Deposit,2023-05-27,Active
15814930,Insurance,2023-03-13,Inactive
15814930,Credit Card,2023-03-08,Active
15658306,Credit Card,2023-05-11,Active
15699523,Loan,2023-02-18,Active
15699523,Mutual Fund,2023-01-20,Active
15699523,Fixed Deposit,2022-08-16,Active
15610383,Mutual Fund,2022-08-28,Active
15615032,Mutual Fund,2022-07-08,Inactive
15615032,Insurance,2023-12-11,Inactive
15781989,Insurance,2022-09-01,Active
15781989,Credit Card,2023-10-16,Active
15781989,Loan,2023-08-09,Inactive
15647402,Insurance,2022-04-29,Inactive
15647402,Loan,2023-11-15,Active
15647402,Fixed Deposit,2023-02-05,Inactive
15740494,Credit Card,2022-08-11,Active
15701265,Loan,2022-10-24,Inactive
15743532,Fixed Deposit,2023-09-13,Active
15743532,Mutual Fund,2022-04-14,Active
15743532,Insurance,2022-07-03,Active
15794870,Fixed Deposit,2022-10-07,Active
15747591,Mutual Fund,2022-07-30,Active
15747591,Insurance,2022-09-09,Active
15747591,Fixed Deposit,2022-05-21,Active
15726557,Fixed Deposit,2022-11-15,Active
15726557,Credit Card,2023-07-16,Active
15726557,Insurance,2023-07-28,Active
15732199,Credit Card,2023-01-04,Active
15732199,Mutual Fund,2022-02-01,Active
15662291,Credit Card,2022-08-03,Active
15662291,Insurance,2022-04-10,Active
15662291,Fixed Deposit,2022-05-13,Active
15749050,Insurance,2023-06-06,Active
15749050,Credit Card,2023-05-18,Active
15749050,Mutual Fund,2023-02-15,Active
15781586,Insurance,2022-05-27,Inactive
15781586,Loan,2022-02-11,Active
15617078,Credit Card,2022-12-09,Inactive
15617078,Loan,2022-11-23,Inactive
15617078,Fixed Deposit,2022-05-16,Active
15723339,Credit Card,2023-08-20,Active
15671322,Credit Card,2023-04-14,Inactive
15671322,Insurance,2022-01-05,Active
15671322,Loan,2023-08-12,Active
15793854,Mutual Fund,2023-02-13,Active
15793854,Fixed Deposit,2022-12-02,Active
15756539,Insurance,2023-03-28,Active
15756539,Loan,2023-03-12,Inactive
15612064,Fixed Deposit,2022-02-13,Active
15612064,Mutual Fund,2023-07-13,Inactive
15612064,Credit Card,2023-10-30,Active
15625916,Loan,2022-12-15,Active
15625916,Fixed Deposit,2023-01-08,Active
15625916,Mutual Fund,2023-06-04,Inactive
15683195,Loan,2022-07-07,Active
15683195,Fixed Deposit,2023-03-27,Active
15683195,Insurance,2023-05-14,Active
15690182,Credit Card,2023-06-08,Active
15721719,Loan,2023-05-06,Active
15641690,Credit Card,2022-12-02,Inactive
15641690,Loan,2023-04-11,Active
15641690,Insurance,2023-02-16,Active
15634896,Insurance,2023-11-10,Inactive
15671590,Insurance,2022-04-15,Inactive
15779182,Credit Card,2022-10-23,Inactive
15778287,Mutual Fund,2023-03-20,Active
15609510,Credit Card,2022-03-13,Active
15742229,Credit Card,2022-03-11,Active
15742229,Mutual Fund,2023-03-22,Active
15742229,Fixed Deposit,2022-03-27,Inactive
15658532,Mutual Fund,2022-03-07,Active
15658532,Credit Card,2022-06-05,Active
15658532,Loan,2022-10-03,Active
15590993,Fixed Deposit,2023-11-09,Active
15565701,Mutual Fund,2023-06-19,Active
15565701,Insurance,2023-11-01,Active
15597239,Fixed Deposit,2022-04-09,Active
15688880,Mutual Fund,2022-08-23,Active
15688880,Insurance,2023-10-19,Active
15688880,Credit Card,2022-09-06,Active
15813917,Mutual Fund,2023-07-24,Active
15813917,Loan,2022-07-20,Active
15813917,Insurance,2022-11-30,Active
15679611,Fixed Deposit,2022-11-12,Active
15679611,Insurance,2022-10-31,Active
15636589,Loan,2022-01-27,Active
15687752,Credit Card,2022-03-23,Active
15584363,Mutual Fund,2022-06-09,Active
15737748,Insurance,2023-10-02,Inactive
15737748,Fixed Deposit,2023-10-01,Active
15803365,Fixed Deposit,2022-07-29,Active
15793247,Loan,2022-11-19,Active
15793247,Mutual Fund,2023-04-23,Active
15793247,Fixed Deposit,2023-11-02,Active
15572360,Mutual Fund,2023-11-12,Active
15795166,Credit Card,2022-11-14,Active
15795166,Loan,2022-08-21,Inactive
15795166,Insurance,2023-09-16,Active
15724620,Loan,2022-09-15,Active
15800856,Fixed Deposit,2023-07-21,Active
15800856,Mutual Fund,2023-02-18,Inactive
15671097,Mutual Fund,2022-08-23,Inactive
15683930,Fixed Deposit,2022-04-27,Active
15683930,Credit Card,2023-03-08,Active
15749004,Fixed Deposit,2023-08-01,Active
15749004,Mutual Fund,2022-09-06,Active
15800434,Loan,2023-11-06,Active
15709117,Insurance,2022-12-10,Active
15638806,Insurance,2023-05-22,Active
15638806,Credit Card,2022-09-22,Active
15638806,Loan,2022-06-13,Active
15662294,Insurance,2022-05-28,Inactive
15662294,Fixed Deposit,2022-01-31,Active
15662294,Mutual Fund,2023-10-22,Active
15690079,Insurance,2023-05-04,Active
15690079,Loan,2023-08-29,Active
15690079,Fixed Deposit,2022-12-08,Inactive
15759317,Loan,2022-10-24,Active
15750497,Fixed Deposit,2022-11-02,Active
15750497,Insurance,2022-06-25,Active
15596181,Credit Card,2022-10-22,Active
15596181,Mutual Fund,2022-09-26,Active
15596181,Insurance,2022-06-06,Active
15576602,Credit Card,2022-05-22,Inactive
15576602,Insurance,2023-10-26,Inactive
15644833,Credit Card,2022-03-25,Active
15644833,Fixed Deposit,2023-12-12,Active
15644833,Mutual Fund,2022-09-18,Inactive
15734634,Mutual Fund,2022-07-18,Active
15734634,Credit Card,2023-10-30,Active
15808689,Insurance,2022-05-14,Inactive
15808689,Loan,2023-10-02,Active
15808689,Fixed Deposit,2023-10-04,Active
15720702,Insurance,2022-09-26,Active
15720702,Fixed Deposit,2022-04-17,Active
15720702,Mutual Fund,2023-07-05,Active
15665077,Credit Card,2023-08-16,Inactive
15763612,Mutual Fund,2023-03-18,Active
15763612,Insurance,2023-04-15,Active
15763612,Fixed Deposit,2022-11-08,Active
15596493,Loan,2023-04-11,Active
15596493,Fixed Deposit,2023-05-23,Active
15596493,Insurance,2023-09-10,Inactive
15704483,Insurance,2022-07-19,Active
15598846,Fixed Deposit,2022-11-21,Active
15629244,Mutual Fund,2023-02-08,Active
15629244,Insurance,2023-11-25,Active
15765537,Credit Card,2023-09-21,Inactive
15765537,Loan,2023-01-25,Inactive
15765537,Mutual Fund,2023-02-16,Active
15729975,Credit Card,2022-09-12,Active
15682773,Loan,2023-12-17,Active
15688007,Insurance,2022-06-06,Active
15574331,Fixed Deposit,2022-04-24,Active
15574331,Insurance,2023-10-29,Active
15645572,Mutual Fund,2022-09-07,Active
15645572,Credit Card,2022-08-11,Inactive
15742854,Mutual Fund,2022-06-02,Inactive
15575417,Credit Card,2023-09-08,Active
15575417,Insurance,2023-04-15,Inactive
15796721,Mutual Fund,2022-02-03,Active
15734942,Credit Card,2023-07-19,Active
15734942,Mutual Fund,2023-09-20,Active
15664772,Fixed Deposit,2022-09-03,Inactive
15664772,Loan,2022-12-08,Active
15664772,Mutual Fund,2023-10-13,Active
15576683,Credit Card,2023-06-06,Active
15576683,Loan,2023-04-21,Active
15682563,Insurance,2022-08-11,Active
15650889,Loan,2022-01-08,Inactive
15612108,Insurance,2023-11-20,Active
15761132,Loan,2022-05-20,Inactive
15761132,Fixed Deposit,2022-04-22,Active
15645511,Mutual Fund,2023-10-30,Active
15645511,Loan,2022-05-10,Inactive
15645511,Fixed Deposit,2023-03-27,Active
15609824,Loan,2022-09-11,Active
15609824,Credit Card,2023-11-12,Active
15609824,Mutual Fund,2023-01-13,Active
15640268,Fixed Deposit,2022-07-22,Active
15640268,Credit Card,2023-12-23,Active
15640268,Loan,2022-08-11,Inactive
15645778,Insurance,2022-02-09,Inactive
15691104,Loan,2022-03-19,Active
15691104,Insurance,2022-04-05,Inactive
15714567,Credit Card,2023-07-01,Active
15714567,Loan,2023-10-27,Active
15714567,Fixed Deposit,2023-03-04,Active
15777826,Credit Card,2022-11-19,Active
15668445,Fixed Deposit,2022-07-22,Inactive
15668445,Loan,2022-02-24,Active
15668445,Insurance,2023-06-29,Active
15576162,Mutual Fund,2023-12-26,Active
15778135,Insurance,2022-11-29,Active
15778135,Credit Card,2022-02-22,Active
15778135,Loan,2022-06-14,Active
15613141,Credit Card,2022-09-19,Inactive
15635435,Loan,2023-08-17,Active
15635435,Mutual Fund,2022-06-25,Inactive
15635435,Fixed Deposit,2023-01-19,Inactive
15596552,Mutual Fund,2023-12-12,Active
15623644,Fixed Deposit,2022-06-11,Active
15623644,Insurance,2023-10-01,Inactive
15683403,Mutual Fund,2022-10-06,Active
15683403,Fixed Deposit,2023-10-04,Inactive
15683403,Credit Card,2022-09-07,Active
15615029,Fixed Deposit,2023-12-04,Active
15615029,Credit Card,2023-02-21,Active
15769005,Insurance,2022-07-12,Active
15769005,Loan,2023-12-07,Active
15746326,Insurance,2022-07-19,Inactive
15746326,Mutual Fund,2022-12-10,Active
15746326,Credit Card,2022-04-08,Active
15722364,Fixed Deposit,2023-11-04,Inactive
15704954,Mutual Fund,2022-01-01,Active
15694409,Mutual Fund,2023-12-13,Active
15694409,Credit Card,2022-12-18,Active
15754068,Fixed Deposit,2022-02-22,Active
15754068,Mutual Fund,2023-11-28,Active
15683841,Fixed Deposit,2022-12-01,Active
15789095,Loan,2022-08-21,Active
15719958,Insurance,2022-05-30,Active
15719958,Loan,2022-10-31,Inactive
15719958,Mutual Fund,2023-06-04,Active
15689514,Mutual Fund,2022-03-06,Active
15621353,Fixed Deposit,2023-04-25,Active
15621353,Insurance,2022-01-31,Active
15627232,Fixed Deposit,2023-06-25,Active
15627232,Insurance,2022-01-11,Active
15745843,Loan,2023-07-11,Active
15745843,Mutual Fund,2022-08-19,Active
15722902,Insurance,2022-06-17,Inactive
15791767,Mutual Fund,2022-12-27,Active
15791767,Fixed Deposit,2022-06-03,Active
15791767,Insurance,2023-08-30,Active
15792722,Loan,2023-10-21,Active
15723006,Credit Card,2023-08-01,Inactive
15771942,Insurance,2022-11-22,Active
15774738,Fixed Deposit,2023-06-22,Active
15774738,Mutual Fund,2023-03-07,Active
15574004,Insurance,2022-08-04,Active
15574004,Credit Card,2022-09-11,Inactive
15574004,Fixed Deposit,2023-10-23,Active
15587233,Mutual Fund,2023-08-14,Active
15587233,Credit Card,2023-03-08,Inactive
15587233,Insurance,2023-02-03,Active
15808228,Insurance,2023-01-06,Active
15808228,Mutual Fund,2023-02-03,Active
15808228,Credit Card,2022-08-03,Active
15682834,Insurance,2023-03-04,Active
15682834,Mutual Fund,2023-01-11,Active
15682834,Loan,2022-05-06,Active
15571752,Loan,2023-10-07,Active
15571752,Fixed Deposit,2022-06-19,Active
15743067,Fixed Deposit,2023-08-22,Active
15714466,Mutual Fund,2023-04-20,Active
15714466,Loan,2023-07-24,Active
15714466,Credit Card,2023-08-07,Active
15617982,Fixed Deposit,2022-06-21,Inactive
15617982,Insurance,2023-10-29,Active
15696637,Credit Card,2022-08-19,Active
15696637,Insurance,2023-10-08,Inactive
15696637,Loan,2022-05-16,Inactive
15690647,Insurance,2022-05-19,Active
15672756,Insurance,2022-07-29,Active
15672756,Credit Card,2023-11-02,Active
15704586,Mutual Fund,2023-03-07,Active
15704586,Loan,2022-11-05,Active
15674526,Credit Card,2023-10-05,Active
15674526,Fixed Deposit,2023-04-06,Active
15674526,Insurance,2022-05-07,Active
15775295,Mutual Fund,2023-03-01,Active
15775295,Fixed Deposit,2023-08-18,Active
15684196,Loan,2023-03-06,Active
15727281,Credit Card,2022-06-14,Active
15727281,Loan,2022-10-05,Inactive
15787835,Credit Card,2023-09-16,Active
15787835,Insurance,2023-12-20,Active
15787835,Loan,2023-09-10,Active
15730540,Credit Card,2022-02-27,Active
15646276,Credit Card,2022-01-03,Active
15646276,Loan,2023-05-01,Active
15646276,Mutual Fund,2022-11-30,Active
15582180,Loan,2022-04-20,Active
15582180,Mutual Fund,2022-02-18,Active
15697095,Credit Card,2022-01-19,Active
15748797,Insurance,2022-01-23,Active
15748797,Credit Card,2023-06-12,Active
15754796,Fixed Deposit,2022-12-10,Inactive
15754796,Mutual Fund,2022-09-01,Active
15754796,Insurance,2022-10-01,Active
15628947,Loan,2023-04-08,Active
15775546,Insurance,2022-06-23,Active
15775546,Fixed Deposit,2022-01-16,Active
15775546,Mutual Fund,2023-04-18,Active
15670481,Loan,2023-11-02,Inactive
15619029,Loan,2022-11-08,Active
15613282,Credit Card,2022-12-09,Active
15721487,Credit Card,2023-04-21,Inactive
15721487,Loan,2022-08-01,Inactive
15721487,Fixed Deposit,2023-12-29,Active
15797276,Credit Card,2022-04-17,Active
15612494,Mutual Fund,2023-07-02,Inactive
15612494,Insurance,2022-01-07,Active
15612494,Credit Card,2022-02-12,Active
15629617,Credit Card,2023-12-05,Active
15629617,Mutual Fund,2023-04-19,Inactive
15629617,Fixed Deposit,2023-03-17,Active
15600821,Insurance,2022-07-28,Active
15600821,Fixed Deposit,2022-01-22,Active
15600821,Credit Card,2023-05-25,Active
15579062,Loan,2022-06-09,Active
15814268,Credit Card,2023-10-05,Active
15814268,Insurance,2022-05-24,Active
15710164,Mutual Fund,2023-04-07,Active
15710164,Fixed Deposit,2022-03-21,Active
15710164,Credit Card,2023-10-13,Active
15693904,Loan,2022-04-16,Inactive
15588986,Mutual Fund,2023-02-27,Active
15588986,Credit Card,2023-03-14,Active
15797733,Insurance,2023-08-06,Active
15797733,Mutual Fund,2023-12-02,Active
15797733,Loan,2022-01-20,Inactive
15620507,Fixed Deposit,2022-01-19,Active
15685150,Insurance,2022-07-28,Inactive
15685150,Loan,2022-08-04,Active
15667651,Insurance,2023-04-09,Active
15667651,Credit Card,2022-04-20,Active
15667651,Mutual Fund,2023-08-02,Active
15774166,Fixed Deposit,2023-01-19,Active
15774166,Loan,2023-05-05,Active
15649280,Loan,2022-08-25,Inactive
15705657,Insurance,2022-08-13,Active
15705657,Mutual Fund,2022-03-24,Active
15705657,Loan,2023-10-11,Active
15753969,Credit Card,2023-06-12,Active
15742378,Loan,2023-04-15,Active
15742378,Mutual Fund,2023-07-16,Inactive
15742378,Fixed Deposit,2022-08-13,Active
15794874,Insurance,2023-06-25,Active
15794874,Mutual Fund,2022-06-16,Inactive
15794874,Loan,2022-12-19,Active
15589221,Credit Card,2023-06-21,Active
15596671,Fixed Deposit,2022-05-26,Active
15583668,Mutual Fund,2022-09-17,Active
15583668,Credit Card,2022-03-10,Active
15710206,Credit Card,2022-05-21,Active
15710206,Insurance,2023-07-04,Active
15710206,Loan,2022-11-15,Active
15799966,Mutual Fund,2023-01-10,Active
15799966,Credit Card,2023-03-02,Active
15794560,Mutual Fund,2023-12-26,Active
15626485,Loan,2023-05-27,Active
15626485,Insurance,2023-01-11,Active
15703143,Credit Card,2023-11-25,Active
15809772,Fixed Deposit,2022-01-02,Active
15809772,Credit Card,2023-06-08,Inactive
15809772,Insurance,2022-07-20,Active
15687959,Mutual Fund,2022-09-03,Active
15585282,Credit Card,2023-07-07,Active
15585282,Fixed Deposit,2022-10-16,Inactive
15714993,Insurance,2023-01-24,Active
15596021,Credit Card,2023-02-20,Active
15596021,Fixed Deposit,2023-05-27,Active
15596021,Insurance,2022-01-08,Active
15646615,Credit Card,2022-10-10,Active
15646615,Mutual Fund,2022-05-21,Active
15646615,Loan,2023-02-03,Active
15742632,Fixed Deposit,2023-10-04,Inactive
15574068,Credit Card,2022-11-16,Inactive
15806967,Fixed Deposit,2023-12-14,Active
15796334,Loan,2023-11-25,Active
15796334,Insurance,2022-06-08,Active
15688713,Insurance,2023-04-17,Inactive
15688713,Credit Card,2023-01-19,Active
15796179,Credit Card,2022-02-02,Active
15796179,Loan,2023-12-21,Active
15598751,Insurance,2022-09-01,Active
15598751,Loan,2022-04-08,Active
15598751,Fixed Deposit,2022-10-10,Active
15703019,Mutual Fund,2022-05-11,Active
15703019,Loan,2023-04-06,Active
15646302,Mutual Fund,2022-09-05,Active
15646302,Loan,2022-07-03,Active
15646302,Insurance,2023-10-21,Active
15680855,Loan,2023-10-12,Active
15680855,Insurance,2022-06-11,Active
15697311,Credit Card,2023-12-05,Active
15697311,Insurance,2022-12-28,Inactive
15585367,Loan,2022-04-30,Active
15585367,Insurance,2023-08-11,Active
15585367,Credit Card,2022-10-09,Active
15726556,Fixed Deposit,2022-10-12,Inactive
15726556,Credit Card,2023-02-20,Active
15676242,Loan,2023-06-05,Active
15684198,Credit Card,2022-03-05,Active
15684198,Fixed Deposit,2023-11-15,Active
15684198,Loan,2023-09-26,Inactive
15774882,Credit Card,2022-12-02,Active
15774882,Mutual Fund,2023-08-28,Active
15774882,Loan,2023-07-20,Active
15714227,Fixed Deposit,2023-06-24,Inactive
15714227,Loan,2022-09-11,Active
15714227,Mutual Fund,2022-07-21,Active
15608653,Insurance,2022-07-02,Active
15784280,Insurance,2023-02-02,Active
15784280,Credit Card,2023-06-13,Active
15784280,Loan,2023-08-15,Active
15789546,Loan,2023-06-16,Active
15590320,Insurance,2022-05-05,Active
15678385,Insurance,2022-09-23,Inactive
15678385,Credit Card,2022-06-25,Inactive
15678385,Mutual Fund,2022-12-09,Active
15571778,Loan,2022-04-03,Active
15657085,Mutual Fund,2023-09-26,Inactive
15657085,Credit Card,2022-12-05,Active
15640627,Loan,2022-07-10,Active
15640627,Credit Card,2022-07-03,Inactive
15566211,Insurance,2023-02-11,Active
15669293,Mutual Fund,2023-02-19,Active
15669293,Fixed Deposit,2022-11-01,Active
15595067,Loan,2022-02-21,Inactive
15595067,Insurance,2023-09-05,Active
15753566,Credit Card,2022-07-27,Inactive
15753566,Insurance,2023-11-22,Active
15753566,Loan,2022-02-08,Inactive
15650391,Insurance,2022-06-20,Active
15650391,Credit Card,2022-12-16,Active
15681843,Loan,2023-09-23,Active
15681843,Insurance,2023-05-24,Active
15681843,Fixed Deposit,2022-07-28,Active
15814846,Mutual Fund,2023-09-16,Inactive
15670374,Loan,2022-06-27,Inactive
15670374,Credit Card,2022-09-28,Active
15670374,Insurance,2023-03-25,Active
15762332,Loan,2023-11-28,Active
15700223,Fixed Deposit,2023-07-05,Active
15700223,Mutual Fund,2022-11-17,Active
15700223,Credit Card,2022-06-17,Inactive
15729956,Loan,2022-08-22,Inactive
15729956,Credit Card,2022-06-27,Inactive
15729956,Insurance,2022-03-21,Active
15594862,Loan,2022-02-23,Active
15594862,Mutual Fund,2022-03-31,Active
15598782,Loan,2023-04-29,Inactive
15598782,Insurance,2022-01-31,Active
15598782,Mutual Fund,2023-12-06,Active
15745080,Credit Card,2023-09-24,Active
15745080,Mutual Fund,2022-02-23,Active
15703399,Credit Card,2023-03-30,Inactive
15703399,Fixed Deposit,2023-08-21,Active
15732175,Insurance,2022-06-08,Active
15732175,Credit Card,2023-11-14,Active
15732175,Loan,2022-12-06,Active
15630725,Insurance,2023-08-27,Inactive
15630725,Loan,2022-11-26,Active
15640260,Loan,2023-05-04,Active
15640260,Insurance,2023-08-11,Inactive
15640260,Credit Card,2022-11-12,Active
15716822,Insurance,2023-07-03,Active
15583748,Credit Card,2023-12-21,Active
15583748,Mutual Fund,2023-10-21,Active
15583748,Loan,2022-06-13,Active
15605968,Insurance,2023-06-17,Inactive
15790683,Credit Card,2022-07-10,Active
15790683,Mutual Fund,2023-08-23,Active
15607713,Loan,2023-04-13,Inactive
15700212,Insurance,2022-11-23,Active
15700212,Mutual Fund,2022-03-05,Active
15700212,Loan,2022-01-30,Active
15626710,Mutual Fund,2023-08-10,Active
15716491,Mutual Fund,2023-01-25,Active
15716491,Fixed Deposit,2023-01-04,Active
15625824,Loan,2022-06-09,Inactive
15625824,Mutual Fund,2022-05-05,Active
15617705,Mutual Fund,2023-11-29,Active
15761976,Credit Card,2022-08-06,Active
15761976,Insurance,2023-06-15,Inactive
15761976,Fixed Deposit,2023-08-25,Active
15634891,Fixed Deposit,2022-08-05,Inactive
15634891,Credit Card,2023-09-03,Active
15744517,Fixed Deposit,2022-04-12,Inactive
15744517,Loan,2022-03-14,Active
15744517,Mutual Fund,2022-04-03,Inactive
15686963,Insurance,2023-11-16,Inactive
15686963,Loan,2022-04-07,Active
15686963,Fixed Deposit,2023-02-10,Active
15808189,Fixed Deposit,2022-10-09,Active
15580845,Loan,2022-10-01,Active
15580845,Mutual Fund,2022-05-24,Inactive
15799156,Credit Card,2023-10-07,Active
15694296,Loan,2022-05-05,Active
15694296,Insurance,2023-09-02,Active
15694296,Fixed Deposit,2022-09-04,Active
15677049,Fixed Deposit,2022-08-12,Active
15677049,Insurance,2023-11-20,Active
15677049,Loan,2023-09-08,Active
15583595,Insurance,2022-03-14,Inactive
15583595,Mutual Fund,2023-10-24,Active
15590146,Fixed Deposit,2023-08-05,Active
15801548,Credit Card,2023-12-26,Inactive
15801548,Fixed Deposit,2022-09-25,Active
15801548,Loan,2023-11-17,Active
15660833,Insurance,2023-07-02,Inactive
15660833,Credit Card,2023-11-10,Active
15762277,Insurance,2022-05-12,Inactive
15791302,Loan,2023-11-01,Active
15798975,Insurance,2023-09-11,Inactive
15599956,Loan,2023-11-15,Active
15577274,Fixed Deposit,2023-07-10,Active
15577274,Mutual Fund,2023-07-18,Active
15577274,Loan,2022-12-12,Active
15701200,Fixed Deposit,2023-09-04,Active
15638149,Insurance,2023-03-21,Active
15638149,Credit Card,2023-07-10,Active
15638149,Fixed Deposit,2023-07-19,Inactive
15786199,Loan,2023-01-25,Active
15786199,Mutual Fund,2023-01-18,Active
15786199,Fixed Deposit,2022-08-06,Active
15701765,Credit Card,2022-03-26,Inactive
15586974,Insurance,2023-03-16,Active
15729040,Fixed Deposit,2022-01-24,Active
15788676,Insurance,2022-03-25,Inactive
15788676,Loan,2022-05-09,Inactive
15602497,Fixed Deposit,2022-04-09,Active
15602497,Mutual Fund,2023-08-10,Active
15602497,Credit Card,2022-04-11,Active
15701333,Credit Card,2023-06-29,Inactive
15812071,Credit Card,2022-04-01,Active
15812071,Loan,2022-02-01,Active
15812071,Insurance,2022-05-25,Active
15634375,Credit Card,2023-11-28,Active
15738267,Fixed Deposit,2023-09-26,Active
15738267,Mutual Fund,2023-11-03,Active
15786800,Insurance,2023-10-29,Inactive
15786800,Fixed Deposit,2023-07-08,Inactive
15591130,Mutual Fund,2023-09-27,Active
15591130,Fixed Deposit,2022-11-26,Active
15720662,Fixed Deposit,2022-11-29,Active
15720662,Credit Card,2022-06-02,Active
15751531,Loan,2023-09-18,Active
15653595,Mutual Fund,2023-03-16,Active
15568360,Fixed Deposit,2023-01-07,Active
15568360,Mutual Fund,2023-07-01,Active
15568360,Insurance,2022-06-21,Active
15781210,Loan,2023-12-29,Inactive
15781210,Mutual Fund,2022-06-25,Active
15781210,Fixed Deposit,2023-02-16,Inactive
15668058,Loan,2022-12-07,Inactive
15597131,Insurance,2022-07-21,Active
15697283,Credit Card,2022-05-06,Active
15640953,Fixed Deposit,2022-10-05,Active
15640953,Insurance,2022-06-12,Active
15715031,Mutual Fund,2022-01-04,Active
15715031,Fixed Deposit,2023-06-01,Inactive
15589660,Insurance,2023-11-12,Active
15769818,Loan,2022-10-26,Active
15769818,Fixed Deposit,2022-04-18,Active
15782736,Credit Card,2023-11-25,Active
15614818,Loan,2023-06-06,Active
15614818,Insurance,2022-01-03,Active
15614818,Credit Card,2022-09-02,Active
15794014,Insurance,2022-02-21,Inactive
15732448,Credit Card,2022-07-20,Active
15732448,Loan,2023-02-28,Active
15732448,Fixed Deposit,2022-11-08,Active
15723411,Mutual Fund,2022-08-22,Active
15723411,Loan,2022-09-18,Active
15723411,Insurance,2022-10-26,Active
15797686,Loan,2023-10-14,Active
15605950,Mutual Fund,2022-08-20,Active
15605950,Credit Card,2022-08-16,Inactive
15605950,Fixed Deposit,2023-04-25,Active
15812497,Fixed Deposit,2023-01-09,Inactive
15690678,Mutual Fund,2023-06-07,Active
15690678,Credit Card,2023-01-25,Active
15747677,Insurance,2023-07-02,Active
15618926,Insurance,2022-03-21,Inactive
15618926,Fixed Deposit,2023-06-01,Inactive
15618926,Credit Card,2022-11-01,Active
15673908,Loan,2022-10-19,Inactive
15673908,Mutual Fund,2022-10-12,Active
15727944,Credit Card,2022-09-28,Active
15807294,Fixed Deposit,2023-07-25,Active
15618581,Mutual Fund,2022-06-17,Active
15618581,Insurance,2023-06-30,Inactive
15618581,Loan,2022-11-28,Inactive
15584364,Fixed Deposit,2023-03-14,Active
15584364,Loan,2022-10-21,Active
15599552,Mutual Fund,2023-04-18,Active
15599552,Loan,2023-06-07,Active
15599552,Credit Card,2023-04-30,Inactive
15749177,Fixed Deposit,2022-10-04,Active
15749177,Loan,2023-04-29,Active
15718779,Insurance,2023-07-24,Inactive
15718779,Fixed Deposit,2023-07-31,Active
15568106,Mutual Fund,2022-03-26,Inactive
15568106,Insurance,2023-01-19,Active
15779481,Credit Card,2023-01-26,Active
15779481,Insurance,2023-08-07,Active
15709994,Fixed Deposit,2023-09-18,Active
15709994,Loan,2023-04-25,Active
15772777,Credit Card,2022-08-13,Active
15772777,Insurance,2022-07-31,Active
15772777,Mutual Fund,2023-05-15,Inactive
15706815,Mutual Fund,2023-08-01,Inactive
15706815,Fixed Deposit,2023-08-01,Active
15618018,Loan,2023-06-03,Active
15671032,Credit Card,2023-11-18,Active
15671032,Insurance,2023-11-08,Active
15671032,Fixed Deposit,2023-03-25,Active
15634281,Fixed Deposit,2023-01-08,Active
15634281,Loan,2022-06-10,Active
15766374,Insurance,2022-04-13,Active
15600991,Mutual Fund,2023-04-02,Active
15600991,Insurance,2023-09-25,Active
15600991,Fixed Deposit,2023-11-12,Inactive
15777576,Insurance,2023-08-06,Inactive
15777576,Mutual Fund,2022-12-12,Inactive
15742613,Fixed Deposit,2023-05-30,Active
15742613,Credit Card,2022-06-25,Active
15649523,Credit Card,2023-10-05,Active
15649523,Insurance,2022-10-03,Inactive
15649523,Mutual Fund,2023-03-28,Active
15651063,Mutual Fund,2023-12-23,Active
15683124,Loan,2023-08-03,Active
15683124,Fixed Deposit,2023-02-15,Active
15618314,Insurance,2022-04-18,Active
15618314,Credit Card,2023-01-25,Active
15670823,Loan,2023-12-11,Inactive
15670823,Fixed Deposit,2023-06-01,Active
15607133,Mutual Fund,2022-06-02,Active
15615012,Insurance,2022-12-19,Active
15615012,Fixed Deposit,2023-08-07,Inactive
15725141,Loan,2022-09-15,Inactive
15725141,Credit Card,2023-08-26,Active
15725141,Mutual Fund,2023-04-14,Active
15623560,Loan,2022-01-15,Active
15693018,Fixed Deposit,2023-01-04,Active
15693018,Loan,2022-05-20,Active
15636756,Loan,2023-05-10,Active
15647474,Fixed Deposit,2022-11-13,Active
15647474,Loan,2023-04-05,Active
15647474,Insurance,2022-10-01,Active
15576714,Loan,2022-01-18,Active
15576714,Mutual Fund,2022-04-10,Active
15576714,Credit Card,2023-12-15,Inactive
15585047,Fixed Deposit,2023-08-13,Active
15743976,Credit Card,2022-08-17,Active
15743976,Mutual Fund,2023-02-15,Active
15793881,Mutual Fund,2022-07-10,Inactive
15793881,Loan,2023-10-24,Active
15576517,Fixed Deposit,2023-04-12,Active
15631072,Fixed Deposit,2022-02-23,Active
15631072,Credit Card,2022-05-27,Active
15631072,Insurance,2023-05-03,Active
15730394,Loan,2023-10-15,Active
15730394,Mutual Fund,2023-06-24,Inactive
15730394,Insurance,2023-06-11,Inactive
15631460,Loan,2022-03-12,Active
15692002,Loan,2022-05-09,Active
15692002,Mutual Fund,2022-08-17,Active
15692002,Fixed Deposit,2023-03-12,Active
15595282,Loan,2022-03-06,Active
15789548,Loan,2022-12-29,Inactive
15789548,Mutual Fund,2023-12-05,Active
15789548,Credit Card,2022-03-06,Active
15758035,Credit Card,2023-02-10,Active
15758035,Mutual Fund,2022-05-03,Active
15617518,Credit Card,2022-05-11,Active
15617518,Fixed Deposit,2022-06-27,Inactive
15651802,Credit Card,2023-08-08,Active
15631813,Loan,2023-09-02,Active
15631813,Insurance,2023-08-03,Active
15631813,Fixed Deposit,2023-10-30,Inactive
15729668,Loan,2022-08-18,Active
15729668,Credit Card,2022-02-21,Active
15729668,Fixed Deposit,2022-01-09,Active
15741728,Insurance,2023-07-01,Active
15741728,Fixed Deposit,2023-09-08,Active
15576676,Fixed Deposit,2022-10-11,Inactive
15711378,Fixed Deposit,2023-01-08,Inactive
15711378,Credit Card,2023-02-17,Inactive
15765520,Loan,2022-01-15,Inactive
15765520,Credit Card,2023-02-10,Active
15656726,Insurance,2022-03-07,Active
15656726,Credit Card,2022-10-30,Active
15647842,Loan,2023-04-11,Active
15647842,Fixed Deposit,2022-12-04,Active
15647842,Credit Card,2023-03-23,Active
15719309,Mutual Fund,2023-08-29,Active
15748718,Credit Card,2023-10-31,Active
15748718,Insurance,2023-03-26,Active
15594404,Mutual Fund,2023-09-12,Inactive
15751158,Loan,2023-12-15,Active
15593470,Fixed Deposit,2022-03-18,Active
15593470,Loan,2023-06-20,Active
15593470,Mutual Fund,2023-11-27,Active
15695129,Mutual Fund,2022-08-11,Active
15695129,Credit Card,2022-04-20,Active
15640865,Loan,2023-08-20,Active
15714080,Credit Card,2022-09-19,Active
15714080,Loan,2022-10-21,Active
15714080,Fixed Deposit,2022-10-29,Inactive
15648721,Fixed Deposit,2023-02-12,Active
15801466,Fixed Deposit,2023-01-23,Active
15750248,Credit Card,2023-12-24,Active
15750248,Loan,2023-06-05,Active
15758726,Mutual Fund,2022-04-13,Active
15758726,Insurance,2022-11-12,Active
15758726,Credit Card,2023-06-10,Active
15781553,Mutual Fund,2022-02-23,Active
15781553,Credit Card,2023-02-26,Active
15781553,Loan,2023-02-02,Active
15649121,Mutual Fund,2023-09-17,Active
15674811,Fixed Deposit,2023-12-13,Active
15674811,Insurance,2022-03-24,Active
15646037,Fixed Deposit,2023-08-14,Active
15722578,Mutual Fund,2023-11-25,Inactive
15722578,Loan,2023-10-09,Inactive
15722578,Credit Card,2022-04-07,Active
15665695,Mutual Fund,2022-11-16,Inactive
15801062,Insurance,2022-12-18,Active
15662955,Credit Card,2022-04-09,Active
15662955,Fixed Deposit,2023-04-28,Inactive
15770309,Credit Card,2023-03-13,Active
15657386,Loan,2023-08-31,Active
15657386,Fixed Deposit,2022-07-21,Active
15657386,Mutual Fund,2022-01-04,Active
15777797,Insurance,2023-08-03,Active
15783955,Credit Card,2023-09-26,Active
15804516,Mutual Fund,2022-01-17,Active
15681758,Insurance,2022-07-15,Active
15681758,Fixed Deposit,2022-06-05,Active
15681758,Mutual Fund,2022-12-23,Active
15630321,Loan,2022-04-19,Active
15588248,Loan,2023-06-10,Active
15588248,Insurance,2023-03-27,Active
15588248,Fixed Deposit,2023-12-03,Active
15591932,Fixed Deposit,2023-10-19,Inactive
15810347,Insurance,2023-08-12,Active
15595303,Loan,2022-03-30,Inactive
15595303,Credit Card,2022-06-25,Active
15634950,Fixed Deposit,2023-10-29,Active
15634950,Loan,2022-03-10,Active
15685372,Fixed Deposit,2023-07-13,Inactive
15745827,Mutual Fund,2023-07-17,Active
15745827,Insurance,2022-10-22,Active
15745827,Credit Card,2023-07-30,Active
15755868,Credit Card,2022-01-27,Active
15755868,Insurance,2023-10-02,Active
15735222,Credit Card,2022-02-21,Active
15604804,Mutual Fund,2022-07-15,Active
15604804,Fixed Deposit,2022-02-02,Inactive
15604804,Insurance,2023-06-13,Active
15718944,Fixed Deposit,2023-01-16,Active
15718944,Mutual Fund,2022-06-02,Inactive
15718944,Insurance,2023-11-06,Active
15678626,Credit Card,2022-06-13,Inactive
15678626,Mutual Fund,2022-09-05,Active
15571550,Insurance,2023-04-05,Active
15571550,Loan,2023-03-23,Active
15571550,Fixed Deposit,2022-05-27,Active
15723053,Credit Card,2023-07-28,Active
15723053,Loan,2023-09-05,Inactive
15661528,Fixed Deposit,2022-05-24,Active
15754177,Fixed Deposit,2023-03-04,Inactive
15754177,Loan,2023-07-02,Active
15683544,Insurance,2023-09-05,Active
15683544,Fixed Deposit,2022-05-23,Inactive
15708048,Credit Card,2023-03-22,Active
15701109,Insurance,2023-07-19,Active
15600110,Fixed Deposit,2023-11-04,Active
15600110,Credit Card,2023-01-14,Inactive
15600110,Insurance,2022-03-20,Active
15651533,Mutual Fund,2022-06-02,Active
15777904,Insurance,2022-11-15,Active
15777904,Loan,2023-11-30,Active
15655574,Credit Card,2023-07-04,Active
15655574,Insurance,2022-12-30,Inactive
15655574,Mutual Fund,2023-03-09,Inactive
15569423,Loan,2023-02-08,Inactive
15718106,Mutual Fund,2022-01-10,Inactive
15718106,Credit Card,2023-01-09,Active
15585067,Mutual Fund,2022-01-07,Active
15675501,Credit Card,2022-12-02,Active
15675501,Loan,2022-04-20,Active
15633233,Insurance,2022-04-06,Active
15633233,Fixed Deposit,2022-01-23,Inactive
15633233,Mutual Fund,2022-07-26,Active
15667134,Loan,2023-06-06,Inactive
15667134,Credit Card,2022-06-12,Active
15667134,Mutual Fund,2023-03-05,Active
15659105,Loan,2022-03-25,Active
15575409,Fixed Deposit,2023-12-30,Inactive
15575409,Mutual Fund,2023-03-05,Active
15752342,Loan,2022-03-09,Active
15752342,Mutual Fund,2023-02-13,Active
15752342,Insurance,2022-07-16,Inactive
15654851,Loan,2022-01-14,Inactive
15741429,Mutual Fund,2023-03-10,Active
15741429,Fixed Deposit,2023-09-23,Active
15741429,Credit Card,2022-06-23,Active
15682356,Fixed Deposit,2022-04-22,Active
15806447,Mutual Fund,2022-10-24,Active
15800229,Mutual Fund,2022-11-25,Active
15800229,Fixed Deposit,2022-07-30,Active
15663441,Mutual Fund,2023-10-06,Active
15663441,Credit Card,2023-09-14,Inactive
15791991,Insurance,2023-04-03,Inactive
15775082,Fixed Deposit,2022-06-15,Inactive
15579706,Insurance,2023-01-26,Active
15579706,Credit Card,2022-04-04,Active
15579706,Mutual Fund,2023-06-18,Active
15718247,Mutual Fund,2023-08-03,Inactive
15755722,Credit Card,2022-11-15,Active
15582259,Loan,2022-07-26,Active
15716994,Mutual Fund,2023-04-14,Inactive
15586880,Loan,2023-03-06,Inactive
15586880,Mutual Fund,2022-03-05,Active
15713854,Credit Card,2023-03-30,Inactive
15713854,Insurance,2023-06-26,Active
15780835,Loan,2023-11-04,Active
15675896,Mutual Fund,2023-07-06,Active
15658459,Loan,2022-07-19,Active
15658057,Loan,2022-05-18,Active
15658057,Fixed Deposit,2023-05-09,Inactive
15801767,Credit Card,2023-09-18,Inactive
15801767,Insurance,2022-09-12,Active
15801767,Fixed Deposit,2022-12-05,Active
15569178,Mutual Fund,2023-06-11,Active
15569178,Credit Card,2023-12-27,Inactive
15731478,Loan,2022-12-09,Active
15731478,Mutual Fund,2022-08-13,Active
15731478,Credit Card,2022-01-12,Active
15811236,Fixed Deposit,2022-12-19,Active
15746749,Loan,2022-08-01,Active
15746749,Insurance,2023-06-01,Inactive
15662758,Credit Card,2022-10-30,Inactive
15662758,Loan,2022-09-09,Active
15709387,Credit Card,2023-07-23,Active
15709387,Insurance,2022-09-22,Active
15709387,Fixed Deposit,2023-03-01,Active
15572093,Fixed Deposit,2022-01-23,Active
15572093,Credit Card,2023-11-04,Active
15572093,Insurance,2022-09-05,Active
15713826,Credit Card,2023-11-09,Active
15570205,Loan,2022-11-22,Active
15570205,Fixed Deposit,2023-11-02,Active
15589348,Insurance,2023-10-18,Active
15804610,Insurance,2023-03-01,Inactive
15804610,Mutual Fund,2022-03-19,Active
15804610,Loan,2023-03-18,Inactive
15700854,Insurance,2023-12-14,Active
15700854,Credit Card,2022-07-15,Active
15758836,Insurance,2023-12-25,Active
15758836,Credit Card,2023-10-12,Active
15758836,Loan,2022-08-10,Active
15772933,Insurance,2022-01-14,Inactive
15772933,Mutual Fund,2022-08-03,Active
15809006,Insurance,2022-01-06,Inactive
15809006,Fixed Deposit,2022-01-09,Active
15809006,Credit Card,2023-03-27,Active
15689612,Fixed Deposit,2023-12-10,Active
15689612,Credit Card,2023-08-16,Active
15689612,Mutual Fund,2023-07-23,Active
15744614,Mutual Fund,2022-01-07,Active
15704250,Insurance,2022-08-08,Inactive
15700255,Fixed Deposit,2022-01-21,Active
15700255,Credit Card,2023-08-14,Active
15669410,Mutual Fund,2023-04-17,Inactive
15807595,Loan,2022-08-27,Active
15807595,Mutual Fund,2022-11-02,Active
15807595,Credit Card,2022-07-09,Active
15664523,Fixed Deposit,2022-11-18,Active
15664523,Credit Card,2023-02-24,Inactive
15642833,Mutual Fund,2022-05-22,Active
15642833,Fixed Deposit,2023-01-12,Active
15605279,Credit Card,2022-07-09,Active
15605279,Fixed Deposit,2023-10-01,Inactive
15605279,Mutual Fund,2022-10-02,Inactive
15713644,Mutual Fund,2023-01-17,Active
15750466,Insurance,2023-04-24,Active
15750466,Fixed Deposit,2023-09-26,Active
15739054,Credit Card,2022-11-07,Active
15739054,Insurance,2022-07-03,Active
15739054,Fixed Deposit,2023-06-13,Active
15612771,Fixed Deposit,2023-12-16,Active
15612771,Loan,2023-04-22,Active
15788483,Fixed Deposit,2023-03-30,Inactive
15732832,Insurance,2022-05-09,Inactive
15732832,Loan,2022-01-27,Active
15732832,Fixed Deposit,2022-11-24,Active
15772892,Fixed Deposit,2022-04-11,Active
15713843,Loan,2023-02-11,Active
15567993,Insurance,2023-06-04,Active
15567993,Credit Card,2023-12-23,Active
15617603,Fixed Deposit,2023-12-24,Inactive
15744983,Fixed Deposit,2022-02-01,Active
15744983,Loan,2022-08-04,Active
15630419,Mutual Fund,2022-10-19,Active
15630419,Credit Card,2022-10-02,Inactive
15738828,Credit Card,2022-07-20,Active
15778025,Mutual Fund,2023-04-08,Inactive
15799479,Insurance,2023-04-19,Active
15799479,Fixed Deposit,2023-08-01,Active
15684269,Insurance,2023-06-21,Inactive
15684269,Mutual Fund,2022-08-04,Active
15762745,Fixed Deposit,2023-10-17,Active
15762745,Credit Card,2023-08-13,Active
15762745,Mutual Fund,2022-12-05,Inactive
15746970,Insurance,2023-09-15,Active
15746970,Fixed Deposit,2022-09-12,Inactive
15746970,Credit Card,2023-06-19,Active
15725024,Mutual Fund,2022-05-10,Active
15725024,Fixed Deposit,2022-07-10,Active
15592116,Fixed Deposit,2022-06-29,Active
15624391,Insurance,2023-05-13,Inactive
15567422,Credit Card,2022-04-09,Active
15612627,Insurance,2022-09-16,Active
15612627,Mutual Fund,2022-02-05,Active
15574879,Mutual Fund,2023-01-23,Active
15574879,Credit Card,2022-01-11,Active
15574879,Fixed Deposit,2022-12-19,Inactive
15745107,Credit Card,2023-02-16,Inactive
15734491,Credit Card,2022-04-16,Active
15675320,Credit Card,2023-07-30,Active
15675320,Loan,2023-01-09,Active
15643824,Credit Card,2022-07-07,Active
15643824,Mutual Fund,2023-06-14,Active
15643824,Insurance,2022-02-25,Inactive
15643438,Mutual Fund,2022-06-23,Active
15643438,Fixed Deposit,2023-06-08,Active
15643438,Insurance,2022-07-19,Active
15721730,Loan,2023-04-17,Active
15721730,Credit Card,2023-08-01,Active
15680727,Mutual Fund,2022-11-24,Active
15680727,Credit Card,2023-10-19,Inactive
15680727,Insurance,2022-01-02,Active
15752508,Insurance,2022-08-18,Active
15752508,Fixed Deposit,2022-05-04,Active
15808846,Insurance,2022-01-09,Active
15727251,Credit Card,2022-09-15,Active
15727251,Fixed Deposit,2022-02-10,Active
15727251,Mutual Fund,2022-01-13,Active
15663489,Credit Card,2022-12-11,Active
15683677,Credit Card,2022-10-21,Active
15683677,Loan,2022-07-10,Active
15596414,Insurance,2022-06-02,Active
15730639,Mutual Fund,2023-04-20,Inactive
15730639,Insurance,2023-06-26,Active
15672132,Insurance,2023-06-10,Active
15742638,Fixed Deposit,2022-05-20,Active
15742638,Insurance,2023-08-25,Active
15742638,Credit Card,2022-12-07,Inactive
15578603,Loan,2022-06-27,Active
15578603,Credit Card,2022-06-19,Active
15578603,Mutual Fund,2023-07-21,Active
15726088,Credit Card,2022-07-28,Active
15682533,Insurance,2022-03-01,Active
15682533,Credit Card,2022-04-05,Active
15682533,Fixed Deposit,2022-12-31,Active
15772995,Fixed Deposit,2022-03-06,Active
15772995,Loan,2022-05-19,Active
15772995,Insurance,2022-08-11,Active
15765694,Loan,2022-04-02,Active
15659486,Insurance,2022-08-17,Inactive
15659486,Credit Card,2022-05-19,Active
15568963,Fixed Deposit,2023-07-24,Active
15568963,Credit Card,2023-02-10,Active
15568963,Mutual Fund,2023-12-12,Inactive
15703820,Mutual Fund,2022-10-06,Inactive
15569410,Fixed Deposit,2023-12-01,Inactive
15632256,Credit Card,2023-02-03,Active
15632256,Fixed Deposit,2023-06-12,Active
15632256,Mutual Fund,2022-05-17,Inactive
15724466,Mutual Fund,2022-10-26,Inactive
15724466,Loan,2022-11-09,Active
15724466,Insurance,2023-11-12,Inactive
15777639,Fixed Deposit,2023-05-19,Inactive
15777639,Mutual Fund,2022-08-18,Inactive
15802501,Mutual Fund,2022-05-12,Active
15802501,Loan,2022-09-16,Active
15778410,Insurance,2023-07-01,Active
15778410,Credit Card,2023-10-22,Active
15670702,Loan,2023-01-03,Active
15704763,Loan,2022-07-09,Active
15704763,Mutual Fund,2022-11-01,Active
15645544,Mutual Fund,2023-06-29,Active
15645544,Insurance,2022-02-13,Active
15757646,Insurance,2023-06-18,Active
15701121,Fixed Deposit,2023-03-24,Active
15796313,Credit Card,2022-12-05,Active
15796313,Insurance,2022-02-24,Active
15796313,Fixed Deposit,2023-07-19,Active
15815660,Credit Card,2022-10-15,Active
15815660,Mutual Fund,2022-05-28,Active
15602844,Mutual Fund,2022-02-21,Active
15602844,Loan,2022-09-20,Active
15636238,Fixed Deposit,2023-06-26,Active
15636238,Credit Card,2022-06-09,Active
15770101,Mutual Fund,2022-05-16,Active
15770101,Insurance,2023-06-17,Active
15770101,Credit Card,2022-12-29,Active
15645543,Loan,2022-05-15,Active
15596397,Fixed Deposit,2022-06-10,Active
15770525,Credit Card,2023-04-02,Active
15684267,Fixed Deposit,2022-03-26,Active
15689980,Credit Card,2023-01-18,Active
15689980,Insurance,2023-12-25,Inactive
15689980,Mutual Fund,2022-02-18,Active
15633260,Fixed Deposit,2023-02-13,Active
15633260,Insurance,2022-09-15,Inactive
15633260,Mutual Fund,2023-03-12,Inactive
15756471,Loan,2022-12-10,Active
15756471,Insurance,2023-01-14,Active
15721303,Mutual Fund,2023-08-29,Inactive
15721303,Credit Card,2022-07-20,Inactive
15721303,Insurance,2022-11-18,Active
15802256,Loan,2023-12-04,Inactive
15725664,Loan,2023-06-17,Active
15725664,Insurance,2023-06-13,Inactive
15725664,Credit Card,2022-12-22,Active
15674851,Insurance,2023-06-17,Active
15674851,Credit Card,2022-04-10,Active
15701946,Fixed Deposit,2023-07-28,Inactive
15701946,Mutual Fund,2022-05-27,Inactive
15748947,Mutual Fund,2023-09-07,Active
15673342,Fixed Deposit,2023-06-04,Inactive
15673342,Credit Card,2022-12-26,Active
15673342,Loan,2022-10-03,Active
15601008,Loan,2022-11-27,Inactive
15771636,Mutual Fund,2022-07-10,Inactive
15771636,Credit Card,2023-10-30,Active
15642002,Insurance,2023-05-15,Active
15693381,Credit Card,2022-02-03,Active
15693381,Mutual Fund,2023-10-02,Active
15693381,Loan,2022-08-23,Inactive
15607691,Mutual Fund,2022-03-02,Active
15607691,Loan,2023-10-22,Active
15607691,Credit Card,2022-09-20,Active
15589380,Credit Card,2022-07-15,Active
15589380,Loan,2023-01-27,Inactive
15589380,Mutual Fund,2022-03-03,Active
15603846,Loan,2023-04-20,Active
15603846,Credit Card,2022-01-29,Active
15603846,Fixed Deposit,2022-01-11,Active
15753549,Insurance,2023-01-29,Active
15753549,Fixed Deposit,2022-08-04,Active
15725355,Credit Card,2023-04-27,Inactive
15725355,Insurance,2022-11-04,Active
15725355,Fixed Deposit,2022-09-09,Active
15773017,Insurance,2022-05-12,Active
15625641,Mutual Fund,2022-09-08,Active
15625641,Fixed Deposit,2023-11-25,Active
15776467,Loan,2022-09-27,Active
15746451,Loan,2022-05-18,Active
15777922,Mutual Fund,2022-06-25,Active
15777922,Insurance,2023-04-24,Active
15606841,Mutual Fund,2022-11-09,Inactive
15606841,Fixed Deposit,2023-03-02,Inactive
15757648,Fixed Deposit,2022-12-06,Active
15757648,Loan,2023-08-20,Active
15677173,Mutual Fund,2022-11-27,Active
15764170,Insurance,2022-04-26,Inactive
15610446,Fixed Deposit,2022-07-30,Active
15610446,Loan,2022-09-12,Active
15612776,Mutual Fund,2023-02-01,Inactive
15612776,Loan,2023-01-09,Active
15794122,Loan,2023-10-02,Inactive
15774931,Credit Card,2022-02-05,Active
15774931,Insurance,2022-11-15,Active
15779247,Insurance,2022-02-27,Inactive
15779247,Loan,2023-03-13,Active
15707078,Fixed Deposit,2023-07-19,Inactive
15605263,Credit Card,2022-04-15,Active
15605263,Mutual Fund,2023-12-07,Inactive
15607381,Loan,2023-06-02,Inactive
15683471,Fixed Deposit,2023-11-23,Active
15683471,Loan,2023-01-06,Active
15605037,Fixed Deposit,2023-10-05,Active
15605037,Mutual Fund,2023-08-10,Active
15576085,Insurance,2022-09-07,Active
15770435,Mutual Fund,2022-11-01,Active
15770435,Credit Card,2023-02-25,Active
15770435,Insurance,2022-08-24,Active
15592994,Insurance,2022-07-24,Active
15592994,Credit Card,2023-10-07,Active
15624068,Mutual Fund,2023-09-19,Active
15624068,Fixed Deposit,2022-03-14,Active
15595221,Loan,2022-04-18,Active
15595221,Fixed Deposit,2022-09-23,Active
15595221,Mutual Fund,2023-03-18,Active
15637131,Mutual Fund,2023-03-17,Inactive
15613471,Mutual Fund,2023-02-25,Active
15613471,Insurance,2023-01-30,Inactive
15613471,Fixed Deposit,2022-07-26,Active
15583499,Loan,2022-05-21,Active
15583499,Mutual Fund,2023-03-11,Active
15752816,Loan,2022-12-25,Active
15752816,Fixed Deposit,2023-05-17,Active
15752816,Mutual Fund,2023-09-14,Active
15804075,Mutual Fund,2022-08-05,Active
15800517,Mutual Fund,2022-02-01,Inactive
15800517,Fixed Deposit,2022-06-03,Active
15800517,Insurance,2023-12-23,Active
15712319,Credit Card,2023-03-14,Active
15712319,Mutual Fund,2023-03-16,Inactive
15712319,Fixed Deposit,2023-02-24,Active
15797389,Mutual Fund,2023-04-26,Active
15797389,Insurance,2023-10-09,Inactive
15797389,Fixed Deposit,2023-07-17,Active
15621432,Insurance,2022-02-22,Active
15621432,Credit Card,2023-09-29,Inactive
15621432,Mutual Fund,2023-11-22,Inactive
15779390,Loan,2023-07-28,Active
15711219,Insurance,2023-06-02,Active
15711219,Mutual Fund,2023-12-04,Active
15711219,Loan,2023-03-12,Active
15770498,Fixed Deposit,2022-02-03,Active
15770498,Loan,2023-10-21,Active
15678727,Credit Card,2023-05-20,Inactive
15678727,Insurance,2022-06-11,Inactive
15573893,Insurance,2023-08-30,Active
15740104,Mutual Fund,2023-09-01,Active
15740104,Insurance,2023-06-26,Active
15740104,Loan,2023-04-27,Active
15792649,Credit Card,2023-06-21,Active
15605275,Mutual Fund,2022-07-27,Inactive
15572467,Fixed Deposit,2023-07-03,Inactive
15738219,Loan,2022-03-25,Active
15738219,Mutual Fund,2022-02-18,Inactive
15600710,Fixed Deposit,2022-05-09,Active
15600710,Credit Card,2022-05-20,Active
15600710,Loan,2022-06-18,Active
15804394,Insurance,2023-04-07,Active
15804394,Credit Card,2022-05-05,Inactive
15804394,Mutual Fund,2023-07-11,Active
15694188,Credit Card,2023-10-28,Active
15694188,Loan,2022-08-05,Active
15694188,Fixed Deposit,2022-09-10,Active
15583718,Loan,2023-01-30,Active
15802478,Insurance,2023-01-08,Active
15802478,Credit Card,2022-03-24,Active
15619343,Credit Card,2023-05-13,Inactive
15758813,Fixed Deposit,2023-11-26,Active
15761374,Loan,2022-08-23,Active
15569209,Credit Card,2023-04-08,Active
15569209,Fixed Deposit,2022-01-27,Inactive
15788539,Insurance,2022-04-19,Active
15788539,Loan,2023-09-09,Active
15747222,Insurance,2022-03-21,Active
15747222,Fixed Deposit,2023-01-30,Active
15769346,Loan,2022-05-01,Active
15699634,Credit Card,2022-05-07,Active
15699634,Mutual Fund,2022-11-05,Active
15589076,Fixed Deposit,2022-10-19,Active
15589076,Loan,2023-05-28,Active
15589076,Mutual Fund,2022-09-03,Active
15812338,Credit Card,2022-08-02,Inactive
15812338,Loan,2023-07-07,Active
15812338,Mutual Fund,2022-05-07,Active
15758845,Mutual Fund,2023-09-01,Active
15758845,Credit Card,2022-09-12,Inactive
15758845,Fixed Deposit,2022-10-06,Inactive
15685844,Credit Card,2022-02-06,Inactive
15685844,Insurance,2022-08-29,Inactive
15583090,Insurance,2023-03-19,Active
15583090,Mutual Fund,2022-08-21,Active
15583090,Fixed Deposit,2022-02-04,Active
15587581,Mutual Fund,2023-09-11,Active
15633640,Loan,2022-08-30,Active
15633640,Fixed Deposit,2023-04-27,Active
15633640,Credit Card,2022-01-13,Active
15573741,Credit Card,2023-04-07,Active
15633574,Credit Card,2023-07-18,Active
15711455,Loan,2022-05-04,Active
15570601,Loan,2023-08-06,Active
15570601,Credit Card,2022-04-16,Active
15690925,Insurance,2022-07-22,Active
15690925,Credit Card,2022-01-07,Active
15709338,Loan,2023-03-05,Active
15780746,Insurance,2022-02-15,Active
15780746,Fixed Deposit,2022-01-17,Inactive
15681956,Insurance,2022-07-18,Active
15681956,Fixed Deposit,2022-07-30,Active
15681956,Mutual Fund,2023-11-25,Active
15778190,Fixed Deposit,2023-10-11,Inactive
15786852,Fixed Deposit,2023-01-24,Active
15786852,Mutual Fund,2023-12-23,Inactive
15786852,Loan,2023-05-13,Active
15726494,Credit Card,2022-08-10,Active
15726494,Loan,2023-04-16,Active
15726494,Insurance,2022-04-08,Inactive
15641183,Fixed Deposit,2022-11-14,Active
15805312,Insurance,2023-03-16,Active
15805312,Fixed Deposit,2023-11-20,Active
15805312,Mutual Fund,2022-03-29,Active
15636572,Insurance,2023-10-17,Active
15632575,Loan,2022-02-17,Active
15632575,Mutual Fund,2023-10-09,Active
15740164,Mutual Fund,2023-04-16,Active
15574947,Insurance,2022-08-12,Active
15597909,Mutual Fund,2023-02-19,Active
15597909,Credit Card,2023-03-30,Inactive
15597909,Loan,2023-01-10,Active
15782574,Credit Card,2022-10-04,Active
15782574,Loan,2023-12-22,Active
15734999,Insurance,2022-07-13,Active
15706593,Credit Card,2023-10-01,Active
15706593,Fixed Deposit,2023-11-30,Active
15706593,Insurance,2023-06-20,Active
15766686,Loan,2023-11-03,Active
15766686,Fixed Deposit,2023-03-02,Active
15590268,Loan,2022-04-08,Active
15763055,Insurance,2022-08-30,Active
15763055,Loan,2023-11-25,Active
15763055,Credit Card,2023-07-28,Active
15664754,Insurance,2023-07-16,Active
15643630,Fixed Deposit,2023-10-18,Inactive
15643630,Credit Card,2023-08-10,Active
15641043,Mutual Fund,2023-04-26,Active
15641043,Loan,2022-06-07,Active
15768095,Mutual Fund,2022-09-11,Active
15768095,Loan,2022-08-17,Active
15768095,Fixed Deposit,2022-05-08,Active
15811314,Fixed Deposit,2023-01-12,Inactive
15811314,Mutual Fund,2022-05-04,Active
15811314,Credit Card,2023-05-02,Active
15669922,Mutual Fund,2022-12-24,Active
15707114,Loan,2022-08-08,Inactive
15707114,Insurance,2023-10-12,Active
15707114,Fixed Deposit,2022-10-12,Active
15670602,Credit Card,2023-07-08,Active
15670602,Insurance,2023-12-15,Active
15670602,Loan,2023-10-07,Active
15713479,Fixed Deposit,2023-05-14,Active
15713479,Insurance,2022-05-14,Active
15713479,Credit Card,2023-03-30,Active
15663830,Loan,2023-05-05,Inactive
15566958,Mutual Fund,2022-08-20,Active
15566958,Fixed Deposit,2023-05-24,Active
15566958,Loan,2023-04-23,Active
15680918,Insurance,2023-12-07,Active
15680918,Mutual Fund,2023-04-02,Inactive
15663921,Credit Card,2022-08-22,Active
15663921,Loan,2022-04-02,Active
15716324,Credit Card,2023-07-07,Active
15796969,Fixed Deposit,2023-01-08,Inactive
15796969,Loan,2022-12-20,Inactive
15574783,Fixed Deposit,2023-07-11,Active
15574783,Mutual Fund,2022-04-13,Active
15773487,Insurance,2022-03-31,Active
15773487,Credit Card,2023-03-24,Active
15773487,Loan,2023-01-14,Active
15802486,Insurance,2023-11-22,Active
15802486,Mutual Fund,2023-06-07,Active
15802486,Fixed Deposit,2022-11-17,Active
15783398,Credit Card,2022-09-14,Active
15783398,Fixed Deposit,2022-08-11,Active
15783398,Insurance,2022-07-18,Active
15649418,Credit Card,2022-07-28,Active
15604588,Credit Card,2023-01-25,Inactive
15604588,Insurance,2023-11-01,Active
15604588,Fixed Deposit,2022-03-13,Active
15735428,Mutual Fund,2022-04-20,Active
15735428,Credit Card,2022-09-20,Inactive
15735428,Fixed Deposit,2023-08-10,Active
15629078,Fixed Deposit,2022-10-24,Active
15629078,Mutual Fund,2022-12-29,Active
15629078,Insurance,2022-05-06,Inactive
15806880,Mutual Fund,2023-07-21,Active
15754999,Insurance,2022-05-12,Active
15754999,Loan,2023-04-20,Active
15754999,Mutual Fund,2022-08-22,Active
15781034,Credit Card,2023-09-13,Active
15781034,Fixed Deposit,2023-09-24,Active
15781034,Mutual Fund,2022-12-05,Active
15622017,Loan,2023-11-11,Active
15622017,Fixed Deposit,2022-06-06,Inactive
15705885,Loan,2022-09-12,Active
15705885,Credit Card,2022-08-26,Active
15677382,Fixed Deposit,2022-03-10,Active
15677382,Credit Card,2022-02-20,Active
15677382,Insurance,2023-01-31,Inactive
15566843,Fixed Deposit,2022-03-02,Active
15566843,Insurance,2023-09-20,Active
15566843,Loan,2023-12-16,Active
15608387,Mutual Fund,2022-08-24,Inactive
15810786,Fixed Deposit,2023-08-08,Active
15810786,Insurance,2022-08-06,Inactive
15810786,Loan,2023-10-06,Active
15626983,Mutual Fund,2022-07-04,Active
15626983,Insurance,2022-12-22,Inactive
15773605,Insurance,2022-06-26,Active
15811261,Mutual Fund,2022-05-11,Active
15811261,Fixed Deposit,2023-02-02,Active
15811261,Credit Card,2023-10-21,Active
15590606,Credit Card,2022-07-02,Inactive
15590606,Mutual Fund,2023-12-31,Active
15590606,Fixed Deposit,2022-06-15,Active
15576644,Insurance,2022-12-28,Active
15750264,Fixed Deposit,2022-05-20,Active
15750264,Credit Card,2023-02-13,Active
15750264,Loan,2023-09-08,Active
15741554,Mutual Fund,2023-06-24,Active
15741554,Fixed Deposit,2022-10-01,Inactive
15769051,Loan,2023-02-01,Inactive
15769051,Credit Card,2022-05-07,Inactive
15812198,Mutual Fund,2022-05-27,Active
15812198,Insurance,2023-11-16,Active
15812198,Fixed Deposit,2023-01-30,Active
15699772,Fixed Deposit,2023-07-22,Inactive
15744105,Mutual Fund,2023-10-21,Inactive
15739858,Insurance,2022-11-18,Active
15723720,Insurance,2023-12-01,Active
15638355,Loan,2023-05-18,Active
15638355,Credit Card,2022-11-06,Active
15638355,Mutual Fund,2023-12-25,Active
15805637,Insurance,2023-03-15,Inactive
15805637,Mutual Fund,2022-11-03,Active
15805637,Credit Card,2023-07-05,Active
15629575,Mutual Fund,2022-11-23,Active
15629575,Fixed Deposit,2022-12-03,Active
15586243,Credit Card,2022-07-19,Active
15586243,Loan,2023-05-31,Active
15757931,Insurance,2023-01-29,Active
15716023,Loan,2023-12-13,Active
15716023,Fixed Deposit,2023-01-24,Active
15716023,Insurance,2022-12-19,Inactive
15647782,Insurance,2022-06-25,Active
15716609,Fixed Deposit,2022-12-19,Active
15623791,Credit Card,2022-12-17,Active
15623791,Fixed Deposit,2022-12-24,Inactive
15627262,Loan,2022-09-22,Active
15652693,Loan,2022-09-27,Active
15586993,Loan,2023-03-10,Inactive
15815560,Fixed Deposit,2022-01-24,Active
15815560,Mutual Fund,2023-04-02,Active
15584930,Insurance,2022-06-23,Active
15584930,Fixed Deposit,2022-06-12,Inactive
15584930,Mutual Fund,2022-11-01,Active
15799031,Insurance,2022-05-13,Active
15799031,Credit Card,2023-06-23,Active
15810457,Mutual Fund,2022-06-30,Active
15810457,Fixed Deposit,2023-07-18,Inactive
15697879,Insurance,2022-08-08,Inactive
15594902,Insurance,2022-02-26,Inactive
15799710,Credit Card,2022-08-27,Inactive
15799710,Fixed Deposit,2023-10-17,Active
15799710,Mutual Fund,2023-11-10,Active
15659651,Insurance,2023-11-26,Inactive
15645956,Mutual Fund,2022-02-24,Active
15651713,Credit Card,2022-03-23,Active
15737265,Mutual Fund,2022-11-07,Active
15737265,Insurance,2023-12-27,Inactive
15737265,Credit Card,2022-04-08,Active
15687310,Loan,2022-06-26,Active
15687310,Mutual Fund,2023-09-18,Active
15687310,Fixed Deposit,2022-06-30,Active
15607347,Mutual Fund,2022-02-27,Active
15607347,Insurance,2023-08-30,Active
15607347,Loan,2023-08-16,Active
15698321,Mutual Fund,2023-05-24,Inactive
15657812,Fixed Deposit,2023-01-14,Active
15569187,Loan,2023-12-10,Inactive
15569187,Mutual Fund,2022-04-18,Active
15569187,Fixed Deposit,2022-07-23,Active
15681562,Insurance,2023-12-05,Inactive
15681562,Loan,2023-01-21,Inactive
15681562,Fixed Deposit,2022-06-28,Active
15615456,Credit Card,2023-12-05,Active
15615456,Mutual Fund,2022-05-04,Inactive
15589793,Mutual Fund,2023-12-01,Active
15589793,Loan,2023-06-19,Active
15589793,Credit Card,2023-04-04,Active
15781884,Loan,2023-06-04,Inactive
15781884,Insurance,2023-09-18,Active
15781884,Mutual Fund,2023-08-18,Active
15675190,Credit Card,2022-01-17,Active
15675190,Insurance,2022-02-19,Active
15675190,Loan,2022-02-22,Inactive
15600734,Credit Card,2022-12-27,Active
15779176,Fixed Deposit,2023-09-15,Inactive
15779176,Insurance,2022-03-14,Active
15605286,Credit Card,2022-12-23,Active
15674922,Loan,2022-03-14,Active
15674922,Mutual Fund,2023-04-29,Active
15674922,Insurance,2022-08-15,Active
15737506,Loan,2022-05-31,Active
15780514,Credit Card,2023-06-18,Active
15780514,Fixed Deposit,2022-09-12,Active
15780514,Insurance,2022-09-14,Inactive
15623647,Credit Card,2022-04-05,Inactive
15668472,Credit Card,2023-03-19,Active
15668472,Fixed Deposit,2023-10-12,Active
15692416,Insurance,2023-08-14,Inactive
15771139,Insurance,2022-09-13,Inactive
15771139,Mutual Fund,2023-05-27,Active
15738318,Credit Card,2022-09-21,Active
15738318,Loan,2023-12-13,Active
15772243,Fixed Deposit,2023-02-13,Active
15772243,Loan,2022-03-31,Inactive
15772243,Insurance,2023-04-27,Active
15638463,Mutual Fund,2023-05-15,Active
15598088,Mutual Fund,2022-03-09,Active
15598088,Fixed Deposit,2022-10-21,Active
15693468,Mutual Fund,2023-09-24,Active
15693468,Insurance,2022-07-04,Active
15693468,Loan,2023-09-15,Active
15671930,Loan,2022-12-05,Active
15671930,Credit Card,2022-04-29,Active
15762268,Loan,2023-05-11,Active
15780954,Mutual Fund,2022-11-10,Active
15780954,Fixed Deposit,2022-10-28,Active
15780954,Loan,2022-04-29,Active
15700174,Fixed Deposit,2023-07-27,Active
15700174,Mutual Fund,2023-01-05,Active
15635728,Fixed Deposit,2022-03-23,Active
15635728,Loan,2023-01-08,Active
15679283,Credit Card,2023-12-16,Inactive
15591386,Loan,2023-04-08,Inactive
15591386,Insurance,2023-05-28,Active
15591386,Mutual Fund,2023-06-12,Active
15694192,Insurance,2023-12-25,Inactive
15694192,Credit Card,2022-07-13,Active
15585901,Loan,2023-06-24,Active
15585901,Insurance,2022-10-13,Inactive
15792329,Loan,2022-04-29,Inactive
15792329,Credit Card,2022-02-19,Active
15792329,Fixed Deposit,2023-01-18,Active
15635597,Fixed Deposit,2022-08-31,Active
15635597,Credit Card,2022-04-01,Inactive
15635597,Mutual Fund,2023-02-18,Active
15775880,Loan,2023-03-04,Active
15775880,Insurance,2023-05-27,Active
15775880,Credit Card,2022-05-30,Inactive
15630913,Fixed Deposit,2023-01-18,Active
15630913,Insurance,2023-10-17,Active
15756680,Fixed Deposit,2023-03-15,Active
15756680,Insurance,2023-11-13,Active
15587913,Loan,2022-08-13,Active
15587913,Insurance,2023-02-21,Active
15737605,Loan,2022-11-17,Active
15737605,Mutual Fund,2023-05-19,Inactive
15737605,Credit Card,2023-12-02,Active
15627876,Mutual Fund,2023-02-04,Inactive
15772601,Credit Card,2022-01-30,Active
15758606,Insurance,2023-01-09,Active
15657107,Fixed Deposit,2023-11-23,Active
15657107,Loan,2023-09-21,Active
15657107,Insurance,2022-10-01,Active
15622454,Fixed Deposit,2022-03-28,Active
15622454,Loan,2022-12-01,Inactive
15622454,Mutual Fund,2023-09-17,Inactive
15775803,Insurance,2023-05-24,Inactive
15775803,Loan,2023-05-26,Active
15570859,Loan,2023-01-16,Active
15570859,Insurance,2022-10-22,Active
15748381,Mutual Fund,2022-07-16,Active
15748381,Fixed Deposit,2022-08-28,Inactive
15748381,Insurance,2023-11-03,Active
15787189,Insurance,2023-08-26,Active
15666055,Insurance,2023-10-28,Active
15617648,Fixed Deposit,2022-10-17,Active
15617648,Insurance,2023-10-10,Active
15755678,Mutual Fund,2022-09-28,Active
15755678,Credit Card,2022-01-08,Active
15755678,Loan,2023-08-31,Active
15624781,Fixed Deposit,2023-08-04,Inactive
15624781,Insurance,2023-12-19,Inactive
15624781,Loan,2022-01-13,Active
15779497,Fixed Deposit,2023-09-11,Active
15779497,Mutual Fund,2023-09-06,Active
15779497,Loan,2022-12-06,Active
15567399,Mutual Fund,2022-08-09,Active
15567399,Credit Card,2022-09-15,Active
15567399,Fixed Deposit,2023-07-30,Inactive
15613656,Fixed Deposit,2023-12-13,Active
15613656,Mutual Fund,2022-07-04,Active
15734311,Fixed Deposit,2022-01-04,Active
15734311,Loan,2022-12-22,Active
15657214,Insurance,2023-12-28,Active
15657214,Credit Card,2023-06-27,Active
15799350,Loan,2022-06-13,Active
15799350,Mutual Fund,2022-08-15,Active
15729970,Credit Card,2022-09-14,Active
15729970,Insurance,2022-06-06,Active
15725835,Mutual Fund,2022-09-07,Active
15725835,Fixed Deposit,2023-06-19,Active
15725835,Insurance,2022-03-16,Active
15745543,Credit Card,2023-07-21,Active
15745543,Fixed Deposit,2023-10-11,Active
15727384,Credit Card,2022-08-12,Active
15727384,Fixed Deposit,2023-06-16,Active
15666916,Fixed Deposit,2023-11-10,Active
15732917,Mutual Fund,2023-12-09,Active
15612050,Loan,2023-09-04,Active
15612050,Insurance,2023-10-01,Active
15726267,Loan,2022-02-23,Active
15780124,Mutual Fund,2022-05-04,Active
15780124,Loan,2022-10-04,Active
15780124,Credit Card,2022-09-03,Active
15742238,Mutual Fund,2023-01-16,Active
15679024,Fixed Deposit,2022-07-28,Active
15679024,Loan,2022-02-10,Inactive
15679024,Mutual Fund,2022-09-16,Active
15715297,Mutual Fund,2022-02-22,Inactive
15715297,Loan,2023-09-04,Inactive
15715297,Fixed Deposit,2023-01-20,Active
15633612,Credit Card,2023-10-12,Active
15602929,Credit Card,2022-11-04,Active
15696703,Mutual Fund,2022-03-15,Active
15696703,Loan,2022-01-13,Active
15696703,Fixed Deposit,2022-01-17,Active
15756668,Mutual Fund,2022-03-10,Active
15565779,Loan,2023-11-11,Active
15565779,Fixed Deposit,2022-05-16,Active
15795519,Insurance,2022-02-20,Active
15795519,Fixed Deposit,2023-06-03,Active
15795519,Mutual Fund,2023-04-17,Active
15761477,Mutual Fund,2023-05-31,Active
15761477,Insurance,2023-09-10,Active
15731890,Fixed Deposit,2023-11-08,Active
15633043,Mutual Fund,2022-10-09,Active
15633043,Fixed Deposit,2023-05-13,Active
15633043,Credit Card,2023-12-14,Inactive
15752953,Mutual Fund,2022-05-24,Active
15752953,Loan,2022-01-21,Active
15603088,Mutual Fund,2023-01-27,Active
15606613,Insurance,2023-08-02,Active
15606613,Loan,2022-08-15,Active
15635939,Fixed Deposit,2023-12-25,Inactive
15666043,Insurance,2023-04-10,Active
15666043,Fixed Deposit,2022-03-31,Inactive
15746190,Mutual Fund,2022-08-18,Active
15746190,Credit Card,2023-06-12,Active
15746190,Insurance,2023-09-17,Active
15591357,Insurance,2023-01-08,Active
15591357,Mutual Fund,2023-02-01,Active
15591357,Loan,2022-06-24,Active
15658716,Insurance,2023-07-01,Active
15658716,Fixed Deposit,2023-06-09,Active
15679909,Credit Card,2022-12-08,Active
15679909,Mutual Fund,2022-07-17,Inactive
15679909,Loan,2022-02-14,Active
15634262,Mutual Fund,2022-09-09,Active
15634262,Insurance,2023-08-20,Active
15799825,Insurance,2022-12-22,Active
15799825,Fixed Deposit,2022-04-17,Inactive
15756875,Fixed Deposit,2023-12-18,Active
15756875,Loan,2022-08-18,Inactive
15756875,Mutual Fund,2023-02-28,Active
15678146,Mutual Fund,2023-02-12,Active
15678146,Credit Card,2023-11-09,Active
15710743,Credit Card,2022-10-09,Inactive
15710743,Insurance,2022-12-13,Inactive
15595831,Mutual Fund,2023-12-06,Active
15595831,Fixed Deposit,2022-10-07,Active
15626684,Mutual Fund,2022-07-16,Active
15709846,Loan,2022-10-19,Active
15709846,Mutual Fund,2023-11-10,Active
15709846,Credit Card,2023-03-20,Inactive
15635459,Credit Card,2022-05-13,Active
15635459,Fixed Deposit,2022-12-03,Active
15642544,Fixed Deposit,2023-12-19,Active
15566494,Insurance,2023-09-08,Active
15566494,Fixed Deposit,2022-12-31,Active
15655238,Mutual Fund,2022-08-03,Active
15655238,Fixed Deposit,2022-05-06,Inactive
15733429,Loan,2022-03-02,Active
15814536,Fixed Deposit,2022-09-02,Active
15814536,Insurance,2023-11-07,Active
15771702,Mutual Fund,2023-09-15,Active
15723008,Loan,2022-12-20,Inactive
15797160,Credit Card,2023-03-04,Active
15797160,Mutual Fund,2022-02-03,Active
15792222,Mutual Fund,2022-03-30,Active
15792222,Credit Card,2022-01-29,Inactive
15792222,Loan,2022-06-25,Active
15644765,Loan,2023-03-12,Active
15644765,Mutual Fund,2022-08-30,Active
15644765,Credit Card,2022-02-22,Inactive
15610686,Credit Card,2022-03-17,Active
15730868,Mutual Fund,2023-04-10,Active
15705991,Loan,2023-09-19,Active
15705991,Fixed Deposit,2022-01-08,Active
15705991,Insurance,2023-12-12,Inactive
15577078,Insurance,2023-08-03,Active
15577078,Fixed Deposit,2023-08-14,Active
15679550,Insurance,2022-12-02,Active
15679550,Credit Card,2023-01-08,Active
15679550,Mutual Fund,2022-02-21,Active
15787655,Insurance,2022-12-11,Inactive
15787655,Fixed Deposit,2023-12-04,Active
15787655,Loan,2023-08-12,Active
15668081,Loan,2022-07-30,Active
15668081,Mutual Fund,2023-02-19,Active
15747980,Mutual Fund,2022-08-17,Inactive
15747980,Loan,2022-11-05,Active
15747980,Fixed Deposit,2023-07-22,Active
15710295,Loan,2023-03-08,Active
15710295,Credit Card,2023-07-08,Active
15710295,Insurance,2022-11-15,Active
15724443,Loan,2022-09-18,Inactive
15724443,Mutual Fund,2023-07-05,Active
15724443,Insurance,2022-01-03,Active
15571305,Loan,2023-10-04,Active
15571305,Insurance,2022-02-27,Inactive
15569503,Credit Card,2022-12-04,Active
15569503,Mutual Fund,2022-06-27,Active
15569503,Loan,2022-07-28,Active
15581840,Credit Card,2023-09-29,Active
15581840,Insurance,2023-05-21,Active
15772262,Mutual Fund,2022-01-03,Active
15767794,Loan,2023-04-17,Active
15767794,Credit Card,2023-02-09,Inactive
15629338,Loan,2022-09-23,Active
15629338,Insurance,2022-09-06,Active
15629338,Fixed Deposit,2023-01-21,Active
15790379,Credit Card,2023-10-23,Active
15790379,Loan,2022-09-07,Inactive
15750684,Fixed Deposit,2022-02-12,Active
15750684,Credit Card,2022-02-23,Active
15750684,Loan,2022-12-29,Active
15697214,Loan,2023-11-16,Active
15711015,Insurance,2022-12-06,Inactive
15711015,Fixed Deposit,2023-08-23,Active
15711015,Loan,2023-11-13,Active
15573309,Mutual Fund,2023-07-04,Active
15805303,Insurance,2023-05-19,Active
15805303,Loan,2022-07-14,Inactive
15805303,Credit Card,2023-08-21,Active
15741385,Credit Card,2022-04-15,Inactive
15741385,Mutual Fund,2023-10-12,Active
15741385,Loan,2022-02-02,Active
15780254,Insurance,2022-11-21,Active
15744843,Mutual Fund,2022-12-21,Active
15815626,Fixed Deposit,2022-08-16,Active
15815626,Credit Card,2023-09-22,Active
15784736,Mutual Fund,2023-08-04,Active
15813412,Credit Card,2023-06-04,Inactive
15813412,Loan,2022-09-13,Active
15809143,Loan,2023-12-26,Active
15809143,Credit Card,2023-04-14,Active
15809143,Fixed Deposit,2023-11-13,Active
15617617,Loan,2022-07-16,Inactive
15617617,Mutual Fund,2023-10-28,Active
15617617,Fixed Deposit,2022-07-01,Active
15779738,Insurance,2022-10-26,Active
15668669,Insurance,2022-06-29,Active
15687477,Mutual Fund,2022-05-16,Active
15687477,Fixed Deposit,2022-02-12,Active
15687477,Credit Card,2022-09-13,Active
15578908,Mutual Fund,2023-04-16,Active
15578908,Fixed Deposit,2023-03-20,Inactive
15578908,Loan,2022-03-10,Active
15687658,Loan,2023-08-13,Active
15687658,Insurance,2022-08-25,Active
15615020,Insurance,2023-09-06,Active
15608886,Credit Card,2023-09-05,Active
15608886,Loan,2022-02-05,Active
15608886,Fixed Deposit,2022-02-04,Active
15602551,Fixed Deposit,2023-06-09,Active
15602551,Mutual Fund,2023-04-14,Active
15672945,Fixed Deposit,2022-02-17,Active
15672945,Credit Card,2022-08-13,Inactive
15672945,Insurance,2023-10-18,Active
15757408,Fixed Deposit,2022-11-25,Active
15757408,Mutual Fund,2022-06-04,Active
15757408,Loan,2022-11-18,Active
15806132,Insurance,2022-11-28,Active
15806132,Fixed Deposit,2022-04-28,Inactive
15813022,Credit Card,2022-04-22,Active
15813022,Fixed Deposit,2023-06-30,Active
15813022,Mutual Fund,2023-12-10,Active
15673578,Mutual Fund,2023-02-13,Inactive
15673578,Credit Card,2023-03-13,Active
15757916,Fixed Deposit,2022-05-24,Active
15757916,Loan,2023-01-04,Active
15757916,Credit Card,2022-02-16,Active
15689168,Mutual Fund,2023-03-14,Active
15689168,Insurance,2022-04-11,Active
15689168,Loan,2023-03-07,Active
15769216,Fixed Deposit,2022-04-12,Active
15769216,Insurance,2022-04-17,Inactive
15769216,Credit Card,2023-11-30,Active
15593295,Mutual Fund,2022-04-12,Active
15593295,Credit Card,2023-09-24,Active
15804814,Insurance,2023-11-09,Active
15778934,Fixed Deposit,2022-01-18,Active
15802351,Credit Card,2022-11-23,Active
15630241,Fixed Deposit,2022-01-10,Inactive
15630241,Insurance,2022-07-14,Active
15719561,Mutual Fund,2022-12-06,Active
15719561,Credit Card,2022-12-30,Active
15719561,Fixed Deposit,2023-01-15,Inactive
15615096,Fixed Deposit,2023-04-16,Inactive
15615096,Insurance,2022-04-13,Active
15659931,Fixed Deposit,2022-01-01,Active
15659931,Credit Card,2023-04-04,Active
15714586,Fixed Deposit,2022-08-18,Active
15634949,Fixed Deposit,2022-08-19,Active
15634949,Credit Card,2023-08-21,Active
15634949,Mutual Fund,2023-06-20,Active
15589224,Mutual Fund,2023-08-17,Active
15589224,Credit Card,2022-06-22,Active
15795990,Fixed Deposit,2022-07-06,Active
15603216,Credit Card,2023-12-08,Active
15631201,Insurance,2023-10-14,Active
15686255,Credit Card,2022-07-01,Active
15686255,Loan,2023-09-29,Active
15686255,Fixed Deposit,2022-01-24,Active
15746594,Loan,2023-04-02,Active
15718893,Fixed Deposit,2022-07-24,Active
15718893,Insurance,2023-10-02,Inactive
15671609,Credit Card,2023-11-20,Inactive
15652540,Insurance,2022-11-23,Active
15652540,Loan,2022-08-02,Inactive
15652540,Fixed Deposit,2022-10-27,Active
15774857,Credit Card,2022-10-12,Active
15791836,Fixed Deposit,2023-06-19,Active
15791836,Insurance,2022-10-30,Active
15651554,Mutual Fund,2023-04-01,Active
15651554,Insurance,2023-02-22,Active
15651554,Credit Card,2022-08-02,Inactive
15583576,Credit Card,2022-10-11,Inactive
15732740,Mutual Fund,2022-09-24,Active
15732740,Credit Card,2023-10-18,Active
15732740,Insurance,2023-01-18,Active
15723320,Insurance,2023-06-12,Active
15603851,Credit Card,2022-10-28,Active
15777923,Mutual Fund,2022-07-23,Inactive
15735719,Insurance,2023-12-31,Active
15735719,Loan,2023-05-30,Active
15735719,Credit Card,2023-06-10,Inactive
15703482,Credit Card,2023-09-30,Active
15703482,Insurance,2023-02-04,Active
15703482,Mutual Fund,2022-08-24,Active
15605835,Credit Card,2022-03-13,Active
15605835,Loan,2023-11-06,Active
15664881,Credit Card,2023-07-19,Active
15664881,Fixed Deposit,2022-02-02,Inactive
15664881,Mutual Fund,2022-02-01,Active
15757568,Loan,2023-07-27,Active
15757568,Mutual Fund,2022-10-07,Active
15757568,Fixed Deposit,2023-06-16,Active
15792660,Loan,2023-03-26,Active
15792660,Credit Card,2022-09-15,Active
15792660,Insurance,2023-09-12,Active
15599722,Mutual Fund,2023-11-24,Active
15599722,Fixed Deposit,2023-05-04,Active
15726354,Fixed Deposit,2023-08-30,Active
15726354,Mutual Fund,2023-04-22,Active
15726354,Insurance,2022-03-21,Active
15610355,Credit Card,2022-10-23,Active
15610355,Loan,2022-06-20,Active
15704284,Credit Card,2022-05-22,Active
15704284,Fixed Deposit,2022-08-01,Active
15621893,Fixed Deposit,2022-10-08,Active
15621893,Mutual Fund,2023-01-10,Active
15588219,Credit Card,2022-04-11,Active
15588219,Mutual Fund,2023-10-18,Active
15588219,Fixed Deposit,2023-03-24,Active
15688619,Credit Card,2023-05-11,Active
15765518,Credit Card,2023-01-09,Active
15765518,Loan,2022-03-17,Active
15616931,Mutual Fund,2022-05-26,Active
15758372,Fixed Deposit,2022-07-12,Inactive
15758372,Credit Card,2022-03-19,Active
15758372,Mutual Fund,2023-12-10,Active
15782591,Credit Card,2023-09-14,Active
15782591,Fixed Deposit,2023-08-12,Active
15612109,Fixed Deposit,2023-10-17,Active
15612109,Credit Card,2022-02-20,Active
15613712,Insurance,2022-05-21,Active
15613712,Fixed Deposit,2022-06-05,Active
15639322,Fixed Deposit,2023-09-15,Active
15639322,Loan,2023-10-15,Active
15594349,Credit Card,2022-09-23,Active
15594349,Insurance,2023-01-12,Active
15574167,Fixed Deposit,2023-04-22,Active
15574167,Loan,2023-04-05,Inactive
15574167,Insurance,2022-11-24,Active
15811842,Fixed Deposit,2022-03-01,Inactive
15648794,Fixed Deposit,2022-03-08,Active
15648794,Mutual Fund,2023-11-25,Active
15648794,Insurance,2023-11-13,Active
15771211,Fixed Deposit,2023-08-05,Active
15588614,Credit Card,2022-04-09,Active
15588614,Fixed Deposit,2022-01-11,Inactive
15630698,Fixed Deposit,2022-06-05,Active
15630698,Loan,2023-10-19,Inactive
15694200,Credit Card,2023-09-14,Active
15694200,Mutual Fund,2023-05-20,Active
15721426,Fixed Deposit,2023-01-18,Active
15721426,Loan,2022-06-14,Inactive
15725997,Mutual Fund,2023-01-19,Active
15725997,Credit Card,2022-02-28,Active
15725997,Loan,2022-05-09,Active
15762138,Insurance,2023-10-06,Inactive
15750649,Loan,2023-08-02,Inactive
15685706,Mutual Fund,2023-07-17,Active
15641835,Fixed Deposit,2023-12-19,Active
15641835,Mutual Fund,2023-11-04,Active
15586821,Credit Card,2023-12-20,Active
15586821,Insurance,2023-03-27,Active
15569678,Insurance,2023-11-07,Active
15569678,Mutual Fund,2022-08-19,Active
15569678,Credit Card,2023-12-14,Active
15793842,Loan,2022-05-24,Inactive
15667554,Credit Card,2023-08-04,Active
15794479,Insurance,2022-11-06,Active
15794479,Credit Card,2022-01-22,Inactive
15585041,Fixed Deposit,2022-11-17,Active
15780650,Insurance,2023-06-13,Active
15780846,Insurance,2023-04-03,Active
15780846,Credit Card,2023-10-23,Active
15780846,Mutual Fund,2023-07-03,Active
15805260,Fixed Deposit,2022-05-14,Active
15805260,Credit Card,2023-10-22,Active
15805260,Loan,2022-05-16,Active
15621629,Insurance,2023-06-11,Active
15621629,Mutual Fund,2022-10-02,Active
15662151,Insurance,2023-07-03,Inactive
15662151,Credit Card,2022-11-24,Active
15747174,Insurance,2022-02-20,Active
15651585,Loan,2022-02-18,Active
15649738,Mutual Fund,2022-07-28,Active
15649738,Insurance,2023-09-21,Inactive
15649738,Credit Card,2022-02-06,Active
15633108,Mutual Fund,2023-01-04,Active
15633108,Fixed Deposit,2023-02-26,Active
15769254,Loan,2023-08-04,Active
15769254,Credit Card,2023-02-15,Active
15704746,Mutual Fund,2022-07-12,Active
15637644,Fixed Deposit,2023-07-07,Inactive
15637644,Loan,2023-04-14,Active
15609562,Fixed Deposit,2023-07-24,Active
15787459,Fixed Deposit,2022-01-15,Inactive
15787459,Credit Card,2022-12-16,Active
15787459,Insurance,2023-05-03,Active
15762902,Loan,2023-06-01,Inactive
15738605,Insurance,2023-08-31,Active
15738605,Mutual Fund,2022-05-02,Active
15738605,Loan,2023-01-24,Active
15724889,Insurance,2022-01-20,Active
15724889,Mutual Fund,2023-01-05,Active
15724889,Loan,2023-02-23,Active
15730735,Insurance,2022-07-21,Active
15689147,Fixed Deposit,2023-11-25,Active
15689147,Mutual Fund,2023-09-19,Active
15689147,Insurance,2023-07-05,Active
15730397,Loan,2023-01-07,Active
15762169,Mutual Fund,2022-01-05,Active
15762169,Credit Card,2023-06-18,Active
15762169,Insurance,2023-11-26,Active
15589320,Mutual Fund,2023-04-12,Active
15799211,Credit Card,2023-09-14,Active
15799211,Loan,2023-04-06,Active
15799211,Insurance,2023-11-29,Active
15798310,Loan,2022-12-24,Active
15798310,Fixed Deposit,2022-11-14,Inactive
15609998,Credit Card,2023-03-09,Active
15609998,Mutual Fund,2022-05-14,Active
15583548,Credit Card,2022-03-25,Active
15583548,Fixed Deposit,2022-09-08,Active
15761763,Credit Card,2023-03-07,Inactive
15764409,Credit Card,2023-04-18,Inactive
15764409,Mutual Fund,2023-05-15,Active
15764409,Loan,2023-07-17,Active
15710161,Loan,2023-11-27,Active
15735246,Mutual Fund,2022-01-01,Inactive
15735246,Credit Card,2022-02-17,Inactive
15791700,Credit Card,2022-11-08,Active
15791700,Fixed Deposit,2023-04-28,Inactive
15670753,Insurance,2022-04-01,Active
15670753,Credit Card,2023-03-19,Active
15573876,Mutual Fund,2023-12-29,Inactive
15573876,Credit Card,2022-10-18,Active
15770174,Fixed Deposit,2023-10-03,Active
15641114,Credit Card,2023-04-02,Inactive
15641114,Mutual Fund,2022-09-09,Active
15641114,Fixed Deposit,2023-05-02,Active
15682435,Loan,2023-11-04,Active
15751788,Credit Card,2023-12-11,Active
15751788,Insurance,2023-10-20,Inactive
15751788,Fixed Deposit,2023-04-08,Inactive
15672598,Credit Card,2022-12-18,Active
15672598,Insurance,2022-07-19,Active
15672598,Fixed Deposit,2023-11-10,Inactive
15762803,Fixed Deposit,2022-09-18,Active
15762803,Credit Card,2023-05-28,Active
15812982,Credit Card,2023-02-08,Active
15812982,Mutual Fund,2023-09-05,Active
15812982,Loan,2022-10-17,Active
15597901,Credit Card,2022-02-27,Inactive
15597901,Loan,2022-04-14,Inactive
15597901,Fixed Deposit,2023-03-14,Inactive
15731507,Insurance,2022-12-10,Active
15731507,Loan,2023-08-10,Active
15731507,Mutual Fund,2022-08-05,Inactive
15809826,Loan,2023-07-29,Inactive
15809826,Credit Card,2023-05-15,Active
15764237,Insurance,2023-01-26,Active
15764237,Credit Card,2022-04-06,Active
15764237,Mutual Fund,2023-07-30,Inactive
15769917,Credit Card,2023-05-19,Active
15769917,Mutual Fund,2022-04-30,Active
15769917,Loan,2023-02-19,Active
15641850,Insurance,2022-01-05,Active
15641850,Fixed Deposit,2023-08-19,Active
15641850,Mutual Fund,2022-09-13,Active
15770974,Fixed Deposit,2023-05-01,Active
15770974,Loan,2022-12-15,Active
15803749,Mutual Fund,2023-08-18,Active
15803749,Insurance,2023-12-18,Active
15684999,Loan,2022-12-16,Active
15770225,Credit Card,2023-03-07,Inactive
15627484,Fixed Deposit,2023-04-04,Active
15610337,Loan,2023-10-31,Active
15610337,Credit Card,2023-11-18,Active
15610337,Mutual Fund,2022-06-29,Active
15752488,Insurance,2022-08-30,Active
15752488,Fixed Deposit,2022-01-04,Active
15752488,Credit Card,2023-05-29,Active
15610056,Credit Card,2022-12-21,Active
15610056,Mutual Fund,2022-04-08,Active
15610056,Fixed Deposit,2023-08-26,Active
15806049,Credit Card,2023-01-15,Active
15806049,Fixed Deposit,2023-08-06,Inactive
15736069,Credit Card,2022-09-06,Active
15736069,Mutual Fund,2023-04-08,Active
15736069,Loan,2023-08-21,Active
15763662,Insurance,2023-05-03,Active
15763662,Credit Card,2022-11-26,Active
15763662,Mutual Fund,2022-02-26,Active
15615575,Mutual Fund,2022-08-10,Active
15691723,Loan,2023-11-04,Inactive
15691723,Fixed Deposit,2022-05-12,Active
15774098,Fixed Deposit,2022-03-09,Active
15774098,Insurance,2022-10-12,Inactive
15774098,Credit Card,2023-07-03,Inactive
15750808,Fixed Deposit,2022-02-16,Active
15750808,Loan,2023-09-29,Active
15750808,Mutual Fund,2023-02-16,Active
15744368,Mutual Fund,2022-10-17,Active
15744368,Insurance,2023-03-01,Active
15610594,Mutual Fund,2022-11-19,Active
15610594,Insurance,2022-05-22,Active
15610594,Credit Card,2023-11-23,Active
15756125,Credit Card,2022-07-20,Active
15623277,Loan,2022-11-16,Active
15623277,Mutual Fund,2023-01-07,Active
15795954,Insurance,2023-06-15,Inactive
15795954,Loan,2023-11-06,Active
15671969,Credit Card,2023-01-01,Active
15791268,Insurance,2023-09-26,Inactive
15713655,Insurance,2022-08-24,Active
15713655,Fixed Deposit,2023-04-05,Inactive
15633930,Credit Card,2022-07-12,Active
15633930,Loan,2023-02-12,Active
15633930,Fixed Deposit,2022-01-03,Active
15712849,Credit Card,2022-01-31,Active
15712849,Loan,2022-08-18,Active
15712849,Fixed Deposit,2022-04-18,Active
15639077,Fixed Deposit,2022-11-14,Active
15639077,Mutual Fund,2023-07-22,Active
15639077,Loan,2022-03-21,Active
15808784,Loan,2023-12-16,Active
15808784,Mutual Fund,2023-04-01,Active
15648577,Insurance,2022-12-29,Inactive
15648577,Credit Card,2023-03-02,Inactive
15648577,Fixed Deposit,2022-02-17,Inactive
15670345,Fixed Deposit,2023-12-04,Active
15670345,Mutual Fund,2022-06-01,Inactive
15633112,Fixed Deposit,2022-10-13,Active
15633112,Insurance,2022-07-26,Inactive
15714397,Credit Card,2022-01-17,Inactive
15714397,Loan,2023-01-11,Inactive
15780038,Insurance,2022-10-15,Active
15780038,Loan,2023-05-08,Active
15756305,Mutual Fund,2022-09-30,Inactive
15756305,Fixed Deposit,2022-02-09,Active
15756305,Credit Card,2022-09-21,Active
15578799,Insurance,2022-11-21,Active
15578799,Fixed Deposit,2022-10-23,Active
15578799,Credit Card,2022-10-21,Active
15800326,Mutual Fund,2022-09-20,Active
15785485,Loan,2022-05-23,Inactive
15785485,Insurance,2023-04-08,Active
15783958,Fixed Deposit,2023-08-04,Active
15783958,Insurance,2022-05-16,Active
15727546,Loan,2023-09-22,Active
15727546,Mutual Fund,2023-10-27,Active
15739576,Fixed Deposit,2022-11-22,Active
15631333,Loan,2022-03-31,Active
15631333,Insurance,2022-10-06,Inactive
15604782,Mutual Fund,2023-07-04,Inactive
15604782,Credit Card,2022-09-13,Active
15589643,Loan,2023-08-19,Active
15589643,Insurance,2022-04-23,Active
15585533,Loan,2023-06-29,Active
15585533,Mutual Fund,2022-10-03,Inactive
15681506,Loan,2023-02-21,Inactive
15630551,Fixed Deposit,2023-12-30,Active
15698349,Credit Card,2023-06-26,Active
15776631,Credit Card,2022-05-28,Inactive
15762216,Fixed Deposit,2022-02-12,Active
15623927,Credit Card,2022-07-15,Active
15623927,Insurance,2023-01-19,Active
15623927,Mutual Fund,2022-02-12,Inactive
15681402,Credit Card,2022-07-20,Inactive
15586264,Fixed Deposit,2022-09-22,Active
15586264,Mutual Fund,2022-01-08,Active
15594685,Insurance,2023-07-18,Active
15812945,Insurance,2023-02-03,Active
15812945,Fixed Deposit,2022-08-14,Inactive
15734628,Loan,2023-09-13,Inactive
15734628,Insurance,2023-04-20,Active
15734628,Credit Card,2023-10-01,Active
15629323,Fixed Deposit,2022-02-10,Active
15629323,Credit Card,2022-07-07,Active
15666823,Loan,2023-07-18,Active
15666823,Credit Card,2023-10-13,Inactive
15777553,Fixed Deposit,2022-06-27,Active
15613097,Loan,2023-07-22,Active
15622217,Loan,2023-12-23,Active
15703588,Mutual Fund,2023-08-05,Active
15570835,Loan,2022-11-13,Inactive
15570835,Fixed Deposit,2023-01-31,Active
15679299,Loan,2022-02-27,Active
15808044,Mutual Fund,2023-06-25,Inactive
15808044,Loan,2022-10-15,Active
15579208,Loan,2022-05-02,Active
15579208,Mutual Fund,2023-02-26,Active
15579208,Credit Card,2023-01-16,Active
15684951,Loan,2023-04-16,Inactive
15684951,Mutual Fund,2023-09-24,Active
15684951,Credit Card,2023-06-21,Active
15667620,Loan,2023-02-12,Active
15667620,Credit Card,2023-06-04,Active
15667620,Insurance,2023-01-24,Inactive
15582960,Credit Card,2023-12-31,Active
15582960,Loan,2023-10-28,Active
15582960,Insurance,2022-08-08,Active
15590730,Loan,2022-11-08,Inactive
15763747,Credit Card,2023-02-08,Active
15778320,Mutual Fund,2022-04-22,Active
15778320,Insurance,2023-01-22,Active
15642787,Mutual Fund,2023-02-28,Inactive
15642787,Credit Card,2023-08-05,Inactive
15642787,Loan,2023-01-08,Inactive
15624633,Loan,2023-12-27,Active
15624633,Mutual Fund,2022-01-18,Active
15624633,Fixed Deposit,2023-01-10,Active
15766765,Loan,2023-06-17,Inactive
15766765,Mutual Fund,2023-11-09,Active
15766765,Fixed Deposit,2023-11-22,Inactive
15783615,Credit Card,2022-07-06,Inactive
15783615,Loan,2022-01-03,Active
15640161,Mutual Fund,2023-12-15,Active
15640161,Fixed Deposit,2023-03-04,Active
15619889,Fixed Deposit,2023-08-30,Active
15619889,Credit Card,2022-11-28,Active
15619889,Loan,2023-10-24,Inactive
15579166,Loan,2022-12-01,Inactive
15579166,Mutual Fund,2023-06-07,Active
15579166,Credit Card,2022-11-17,Active
15789097,Mutual Fund,2022-02-24,Active
15674880,Credit Card,2022-11-16,Active
15674880,Fixed Deposit,2022-01-17,Active
15674880,Loan,2023-12-15,Inactive
15778157,Mutual Fund,2022-09-04,Active
15779064,Loan,2023-06-28,Active
15779064,Insurance,2023-05-02,Active
15801265,Insurance,2023-07-07,Inactive
15589204,Credit Card,2023-12-19,Active
15589204,Loan,2022-12-18,Active
15664543,Insurance,2022-01-08,Active
15664543,Loan,2022-07-25,Active
15664543,Fixed Deposit,2022-08-09,Active
15582714,Loan,2022-10-29,Inactive
15797595,Insurance,2022-09-07,Active
15614034,Loan,2022-05-14,Active
15763171,Mutual Fund,2022-03-11,Inactive
15763171,Credit Card,2023-07-27,Inactive
15647266,Fixed Deposit,2022-06-30,Inactive
15757577,Loan,2023-04-24,Active
15736656,Fixed Deposit,2022-01-28,Active
15736656,Loan,2022-10-08,Active
15736656,Insurance,2023-03-19,Active
15635078,Fixed Deposit,2022-04-18,Active
15680141,Fixed Deposit,2022-10-11,Active
15576945,Mutual Fund,2023-03-03,Inactive
15602034,Fixed Deposit,2023-12-24,Active
15602034,Insurance,2022-06-05,Active
15602034,Mutual Fund,2022-11-24,Active
15732020,Insurance,2022-02-03,Active
15611029,Insurance,2023-05-29,Active
15621210,Mutual Fund,2023-04-01,Inactive
15621210,Insurance,2022-03-12,Active
15621210,Loan,2023-10-21,Active
15569222,Credit Card,2022-01-20,Active
15569222,Loan,2022-06-25,Active
15569222,Insurance,2022-10-08,Inactive
15664639,Fixed Deposit,2023-05-29,Inactive
15664639,Loan,2023-09-02,Active
15724223,Mutual Fund,2023-09-03,Active
15724223,Credit Card,2023-09-29,Inactive
15644621,Insurance,2023-01-07,Active
15644621,Mutual Fund,2022-09-22,Active
15644621,Credit Card,2022-12-29,Active
15756056,Loan,2023-12-29,Active
15756056,Mutual Fund,2023-09-29,Active
15700353,Credit Card,2022-08-19,Active
15624388,Fixed Deposit,2023-05-27,Active
15624388,Credit Card,2023-02-24,Inactive
15624388,Insurance,2022-08-21,Inactive
15627212,Loan,2022-02-16,Inactive
15627212,Insurance,2022-02-27,Inactive
15627212,Mutual Fund,2023-07-18,Active
15648005,Insurance,2023-12-30,Active
15681446,Insurance,2022-05-02,Active
15681446,Credit Card,2023-01-02,Inactive
15681446,Fixed Deposit,2023-09-15,Active
15775888,Loan,2022-10-10,Active
15775888,Credit Card,2023-11-19,Active
15749019,Insurance,2023-09-25,Active
15709928,Loan,2022-02-23,Active
15709928,Insurance,2022-10-23,Active
15784676,Mutual Fund,2022-12-16,Active
15784676,Credit Card,2022-05-10,Active
15748116,Credit Card,2023-03-08,Active
15612193,Fixed Deposit,2023-06-05,Active
15762984,Mutual Fund,2023-04-22,Active
15762984,Fixed Deposit,2022-03-11,Active
15762984,Loan,2022-01-06,Active
15613713,Insurance,2023-09-20,Active
15613713,Mutual Fund,2023-05-20,Active
15613713,Loan,2023-07-01,Active
15664204,Fixed Deposit,2022-04-29,Active
15664204,Insurance,2022-06-22,Inactive
15664204,Credit Card,2023-08-14,Active
15639415,Mutual Fund,2022-06-09,Active
15639415,Credit Card,2023-02-23,Inactive
15806332,Insurance,2023-01-05,Active
15614929,Mutual Fund,2022-05-11,Active
15695492,Mutual Fund,2023-06-25,Inactive
15695492,Fixed Deposit,2022-08-16,Active
15635972,Insurance,2022-02-19,Active
15635972,Mutual Fund,2022-03-12,Active
15616380,Credit Card,2023-11-09,Active
15581440,Insurance,2023-07-27,Active
15654390,Fixed Deposit,2022-07-09,Inactive
15654390,Credit Card,2023-01-06,Active
15654390,Insurance,2023-05-08,Active
15660688,Mutual Fund,2023-12-25,Active
15806307,Mutual Fund,2022-12-28,Active
15647975,Credit Card,2022-03-09,Inactive
15647975,Loan,2022-07-07,Active
15647975,Insurance,2022-02-28,Inactive
15595728,Insurance,2022-05-25,Active
15595728,Credit Card,2023-07-17,Active
15595728,Loan,2022-06-28,Active
15735388,Credit Card,2022-01-05,Active
15735388,Fixed Deposit,2022-09-11,Active
15788535,Mutual Fund,2023-06-12,Active
15788535,Loan,2023-10-05,Active
15788535,Credit Card,2023-01-27,Active
15765902,Insurance,2022-10-20,Active
15765902,Mutual Fund,2022-12-21,Active
15642345,Fixed Deposit,2022-10-18,Active
15641250,Fixed Deposit,2023-10-04,Active
15706163,Fixed Deposit,2022-08-20,Active
15706163,Mutual Fund,2022-12-15,Active
15706163,Insurance,2023-07-08,Active
15746708,Credit Card,2022-03-15,Inactive
15746708,Insurance,2022-09-28,Active
15775203,Mutual Fund,2022-01-16,Active
15775203,Insurance,2023-01-13,Active
15787907,Loan,2022-12-02,Active
15646764,Mutual Fund,2023-01-15,Active
15678284,Mutual Fund,2022-09-18,Inactive
15678284,Loan,2022-04-21,Inactive
15726791,Insurance,2023-09-03,Active
15726791,Loan,2023-07-07,Inactive
15726791,Mutual Fund,2023-02-13,Active
15813144,Mutual Fund,2022-03-05,Active
15669342,Loan,2022-12-08,Active
15669342,Mutual Fund,2022-09-14,Active
15669342,Insurance,2023-08-05,Active
15710366,Mutual Fund,2022-02-01,Active
15710366,Insurance,2023-08-30,Active
15614934,Credit Card,2022-05-03,Active
15588701,Insurance,2022-02-13,Active
15588701,Mutual Fund,2023-09-27,Active
15665438,Mutual Fund,2023-05-25,Active
15644896,Mutual Fund,2023-05-14,Active
15670205,Loan,2023-11-15,Active
15635776,Insurance,2022-03-07,Active
15635776,Mutual Fund,2023-10-30,Inactive
15791053,Fixed Deposit,2022-11-21,Inactive
15791053,Credit Card,2023-04-06,Inactive
15791053,Mutual Fund,2023-06-12,Active
15644005,Mutual Fund,2023-05-24,Active
15644005,Insurance,2022-04-08,Active
15644005,Loan,2023-10-17,Active
15796343,Loan,2023-07-13,Active
15751057,Credit Card,2022-07-06,Active
15623430,Loan,2022-07-25,Active
15623430,Insurance,2023-10-18,Active
15623430,Fixed Deposit,2023-09-21,Active
15682600,Insurance,2022-08-19,Active
15769312,Credit Card,2022-12-04,Active
15769312,Mutual Fund,2023-04-30,Active
15769312,Loan,2023-02-12,Active
15708212,Fixed Deposit,2022-01-09,Active
15708212,Mutual Fund,2023-02-04,Active
15708212,Credit Card,2022-04-17,Active
15650258,Credit Card,2023-04-15,Active
15650258,Fixed Deposit,2022-07-07,Active
15604345,Fixed Deposit,2022-07-15,Active
15578297,Fixed Deposit,2023-11-18,Active
15578297,Insurance,2022-09-11,Active
15578297,Mutual Fund,2022-03-27,Inactive
15671789,Mutual Fund,2022-02-25,Inactive
15726186,Mutual Fund,2023-04-15,Active
15726186,Fixed Deposit,2023-03-29,Active
15726186,Loan,2023-05-30,Active
15764618,Insurance,2023-06-11,Active
15764618,Credit Card,2022-10-02,Active
15730738,Fixed Deposit,2022-11-10,Active
15730738,Loan,2022-03-04,Active
15730738,Mutual Fund,2022-05-02,Active
15637650,Mutual Fund,2022-01-25,Active
15637650,Insurance,2023-04-22,Inactive
15606267,Mutual Fund,2023-04-07,Active
15606267,Insurance,2022-05-22,Active
15606267,Credit Card,2022-05-31,Active
15625904,Mutual Fund,2022-09-22,Active
15625904,Credit Card,2022-11-30,Inactive
15654463,Insurance,2022-02-03,Active
15654463,Credit Card,2022-06-27,Active
15774151,Mutual Fund,2023-03-30,Active
15774151,Fixed Deposit,2022-01-16,Active
15693259,Insurance,2022-04-26,Active
15693259,Credit Card,2023-07-12,Active
15693259,Fixed Deposit,2023-04-10,Active
15642468,Loan,2022-11-05,Active
15642468,Insurance,2022-08-24,Active
15642468,Fixed Deposit,2022-12-04,Inactive
15758531,Insurance,2022-05-30,Active
15728352,Loan,2022-10-30,Active
15728352,Fixed Deposit,2022-08-06,Active
15728352,Insurance,2023-11-27,Active
15637240,Mutual Fund,2023-09-01,Active
15595588,Insurance,2023-03-17,Active
15778395,Credit Card,2023-06-05,Active
15778395,Insurance,2022-11-12,Active
15778395,Loan,2022-11-12,Active
15711825,Fixed Deposit,2022-04-12,Active
15599251,Fixed Deposit,2023-09-11,Active
15599251,Insurance,2023-04-01,Active
15570004,Mutual Fund,2023-06-04,Inactive
15570004,Loan,2022-01-24,Active
15656912,Mutual Fund,2022-10-11,Active
15656912,Loan,2022-07-23,Inactive
15657342,Fixed Deposit,2022-02-12,Inactive
15716284,Loan,2023-09-17,Active
15716284,Fixed Deposit,2022-05-30,Active
15716284,Credit Card,2023-01-14,Active
15672374,Insurance,2022-11-24,Active
15672374,Mutual Fund,2022-09-09,Active
15672374,Loan,2022-01-16,Inactive
15732476,Loan,2022-05-01,Active
15732476,Insurance,2022-02-02,Active
15732476,Credit Card,2023-05-09,Inactive
15747724,Credit Card,2022-07-26,Active
15747724,Loan,2023-01-14,Active
15747724,Mutual Fund,2022-09-28,Active
15633877,Loan,2022-05-22,Active
15672516,Credit Card,2022-06-11,Active
15672516,Fixed Deposit,2022-01-26,Active
15672516,Insurance,2022-12-11,Active
15607827,Credit Card,2023-01-05,Active
15751336,Credit Card,2023-11-28,Active
15751336,Insurance,2022-10-21,Active
15751336,Loan,2023-03-14,Inactive
15646539,Credit Card,2022-05-13,Active
15756901,Mutual Fund,2022-09-11,Active
15809286,Credit Card,2023-12-17,Active
15759021,Credit Card,2023-11-24,Active
15759021,Insurance,2022-03-22,Active
15759021,Fixed Deposit,2022-10-25,Active
15725039,Fixed Deposit,2022-06-21,Active
15725039,Mutual Fund,2022-10-03,Active
15579130,Insurance,2023-09-23,Active
15754112,Insurance,2023-12-21,Active
15754112,Fixed Deposit,2022-06-16,Inactive
15735522,Credit Card,2022-07-13,Active
15735522,Insurance,2023-04-02,Active
15613326,Insurance,2023-12-21,Active
15739502,Loan,2022-07-04,Active
15739502,Mutual Fund,2023-01-27,Active
15670914,Mutual Fund,2023-07-29,Active
15670914,Fixed Deposit,2023-06-06,Inactive
15670914,Credit Card,2022-01-06,Active
15604073,Loan,2023-07-12,Active
15604073,Insurance,2022-01-26,Active
15604073,Fixed Deposit,2022-09-01,Active
15806027,Insurance,2022-12-14,Active
15574886,Insurance,2023-08-12,Active
15707120,Fixed Deposit,2023-07-19,Active
15707120,Loan,2023-11-03,Active
15707120,Insurance,2022-09-16,Active
15800845,Mutual Fund,2023-03-21,Active
15603914,Loan,2022-02-23,Active
15603914,Mutual Fund,2022-05-24,Active
15722765,Mutual Fund,2022-06-24,Active
15722765,Insurance,2022-07-14,Active
15783305,Fixed Deposit,2023-03-22,Active
15574842,Fixed Deposit,2022-10-31,Active
15574842,Insurance,2023-01-23,Active
15607837,Loan,2022-09-14,Inactive
15714877,Credit Card,2023-04-17,Active
15714877,Fixed Deposit,2023-03-14,Inactive
15714877,Loan,2022-02-01,Active
15782941,Mutual Fund,2022-11-22,Active
15782941,Credit Card,2022-11-27,Active
15630167,Insurance,2023-07-10,Active
15630167,Loan,2023-02-22,Active
15630167,Fixed Deposit,2023-01-21,Active
15759038,Insurance,2022-05-19,Active
15759038,Mutual Fund,2023-01-21,Active
15759038,Fixed Deposit,2022-12-11,Active
15661821,Fixed Deposit,2022-03-25,Active
15661821,Insurance,2023-09-08,Active
15728006,Insurance,2022-10-01,Active
15728006,Mutual Fund,2023-08-25,Active
15712176,Mutual Fund,2022-10-11,Active
15712176,Credit Card,2022-02-18,Inactive
15712176,Fixed Deposit,2022-05-26,Active
15689351,Loan,2022-01-18,Active
15782247,Loan,2023-09-30,Active
15782247,Credit Card,2023-11-19,Active
15769064,Insurance,2022-07-06,Active
15769064,Fixed Deposit,2022-09-20,Inactive
15769064,Mutual Fund,2022-06-08,Active
15718153,Insurance,2022-01-19,Inactive
15718153,Credit Card,2023-04-02,Active
15718153,Mutual Fund,2022-02-10,Active
15613189,Loan,2023-09-24,Active
15661734,Insurance,2023-01-20,Inactive
15661734,Mutual Fund,2023-07-29,Active
15661734,Credit Card,2022-09-12,Active
15592645,Mutual Fund,2023-01-05,Active
15592645,Fixed Deposit,2022-01-01,Active
15592645,Credit Card,2022-09-17,Active
15768387,Mutual Fund,2022-06-06,Active
15792525,Loan,2023-03-17,Active
15586976,Loan,2022-09-04,Active
15790659,Fixed Deposit,2022-05-27,Active
15790659,Mutual Fund,2022-09-24,Inactive
15691446,Loan,2022-06-27,Active
15691446,Mutual Fund,2022-09-17,Inactive
15772632,Mutual Fund,2023-08-12,Active
15706587,Credit Card,2022-05-08,Inactive
15706587,Insurance,2023-02-01,Active
15572461,Loan,2022-12-13,Active
15572461,Credit Card,2022-01-09,Inactive
15572461,Mutual Fund,2022-09-11,Active
15654409,Mutual Fund,2023-08-22,Inactive
15568025,Credit Card,2022-04-23,Active
15568025,Mutual Fund,2023-12-24,Active
15715769,Loan,2023-03-23,Active
15667458,Fixed Deposit,2023-01-14,Inactive
15667458,Insurance,2023-12-10,Active
15667458,Loan,2022-03-10,Active
15567980,Insurance,2023-11-15,Active
15567980,Fixed Deposit,2022-02-16,Active
15567980,Mutual Fund,2023-04-26,Inactive
15679294,Credit Card,2022-09-06,Active
15606507,Fixed Deposit,2023-03-19,Inactive
15606507,Credit Card,2023-12-18,Active
15606507,Loan,2023-09-04,Inactive
15578825,Fixed Deposit,2023-03-08,Active
15578825,Insurance,2023-07-24,Active
15578825,Loan,2022-03-23,Active
15619935,Insurance,2023-12-18,Active
15619935,Loan,2023-07-12,Active
15636089,Loan,2023-05-22,Inactive
15636089,Credit Card,2022-09-05,Inactive
15636089,Fixed Deposit,2022-08-12,Inactive
15727490,Fixed Deposit,2022-12-13,Active
15727490,Insurance,2022-01-18,Active
15727490,Credit Card,2023-10-07,Inactive
15591766,Loan,2023-03-14,Inactive
15591766,Mutual Fund,2023-01-02,Active
15641629,Loan,2023-07-08,Active
15813303,Credit Card,2022-07-16,Inactive
15813303,Insurance,2023-05-08,Active
15756920,Insurance,2023-06-09,Active
15756920,Mutual Fund,2022-04-30,Active
15726403,Fixed Deposit,2022-08-09,Active
15592765,Mutual Fund,2023-05-15,Inactive
15704442,Mutual Fund,2022-04-13,Active
15641136,Credit Card,2022-03-07,Inactive
15641136,Insurance,2023-05-01,Active
15641136,Loan,2022-03-13,Active
15725818,Mutual Fund,2022-05-17,Active
15612071,Credit Card,2023-03-23,Active
15612071,Loan,2023-05-01,Active
15719809,Loan,2023-11-25,Active
15719809,Fixed Deposit,2023-12-13,Active
15719809,Mutual Fund,2023-04-30,Active
15716518,Loan,2022-11-09,Active
15716518,Mutual Fund,2022-08-17,Active
15742210,Credit Card,2023-11-16,Active
15630617,Loan,2022-11-24,Inactive
15720838,Loan,2023-05-03,Inactive
15720838,Mutual Fund,2022-05-10,Active
15595537,Credit Card,2023-08-01,Active
15595537,Fixed Deposit,2023-10-26,Active
15595537,Mutual Fund,2022-04-15,Active
15623196,Insurance,2023-04-29,Active
15623196,Mutual Fund,2022-09-22,Active
15623196,Loan,2022-02-24,Active
15679249,Insurance,2023-07-23,Active
15679249,Fixed Deposit,2022-11-01,Active
15679249,Loan,2022-08-21,Active
15693199,Fixed Deposit,2023-01-21,Active
15693199,Insurance,2022-11-30,Active
15693199,Mutual Fund,2023-02-17,Active
15661219,Credit Card,2022-11-28,Active
15661219,Insurance,2022-08-17,Active
15617136,Fixed Deposit,2022-10-13,Inactive
15760294,Mutual Fund,2022-05-23,Inactive
15652808,Fixed Deposit,2023-06-04,Inactive
15652808,Insurance,2023-09-15,Active
15652808,Mutual Fund,2022-05-11,Active
15657139,Credit Card,2022-07-10,Inactive
15657139,Insurance,2022-05-30,Active
15657139,Loan,2023-05-30,Active
15803790,Fixed Deposit,2023-09-01,Active
15803790,Credit Card,2022-12-19,Active
15803790,Insurance,2023-06-09,Active
15764105,Loan,2023-12-07,Active
15764105,Fixed Deposit,2022-07-17,Active
15672610,Fixed Deposit,2023-09-27,Inactive
15672610,Mutual Fund,2022-08-28,Active
15672610,Loan,2023-11-15,Inactive
15766896,Mutual Fund,2023-01-13,Active
15766896,Insurance,2022-12-13,Active
15766896,Fixed Deposit,2022-06-18,Inactive
15587735,Fixed Deposit,2023-02-15,Active
15659501,Mutual Fund,2022-08-22,Inactive
15659501,Credit Card,2023-01-31,Active
15745001,Insurance,2022-09-18,Active
15745001,Fixed Deposit,2022-04-12,Active
15651140,Loan,2022-11-15,Inactive
15651140,Credit Card,2022-09-19,Active
15651140,Insurance,2022-05-19,Active
15571148,Loan,2022-10-30,Active
15571148,Fixed Deposit,2023-09-05,Inactive
15571148,Insurance,2022-03-27,Active
15776824,Mutual Fund,2022-07-03,Active
15633141,Loan,2022-12-19,Active
15764174,Insurance,2022-04-09,Active
15764174,Credit Card,2022-06-19,Inactive
15778155,Insurance,2022-10-25,Active
15778155,Loan,2022-10-23,Active
15778155,Mutual Fund,2023-11-07,Active
15715920,Loan,2023-11-19,Active
15671917,Mutual Fund,2023-08-24,Inactive
15671917,Insurance,2022-10-31,Inactive
15666548,Loan,2023-05-06,Active
15625623,Mutual Fund,2023-02-16,Active
15625623,Insurance,2022-08-30,Active
15625623,Fixed Deposit,2022-03-12,Active
15748123,Loan,2023-07-10,Active
15748123,Insurance,2022-01-09,Inactive
15748123,Mutual Fund,2023-06-27,Inactive
15648735,Mutual Fund,2022-01-05,Inactive
15648735,Credit Card,2022-03-10,Active
15648735,Fixed Deposit,2022-06-29,Active
15634974,Fixed Deposit,2023-04-10,Active
15634974,Insurance,2022-11-07,Active
15634974,Mutual Fund,2023-11-29,Active
15713378,Credit Card,2023-10-21,Active
15713378,Insurance,2022-06-25,Inactive
15713378,Fixed Deposit,2022-03-07,Active
15753370,Insurance,2023-01-05,Active
15753370,Mutual Fund,2022-06-08,Active
15782659,Mutual Fund,2023-02-03,Active
15782659,Loan,2023-03-23,Active
15782659,Credit Card,2022-06-18,Active
15583364,Loan,2022-09-08,Active
15625942,Credit Card,2023-06-09,Active
15720284,Mutual Fund,2022-05-03,Active
15679642,Fixed Deposit,2023-09-01,Active
15628007,Mutual Fund,2023-05-22,Active
15628007,Insurance,2023-03-04,Active
15661974,Mutual Fund,2022-05-25,Active
15689341,Fixed Deposit,2023-11-05,Active
15689341,Mutual Fund,2023-05-19,Inactive
15607993,Fixed Deposit,2022-05-06,Active
15693267,Credit Card,2022-12-20,Active
15693267,Loan,2023-03-08,Active
15769522,Fixed Deposit,2022-02-14,Active
15769522,Credit Card,2022-11-14,Active
15769522,Mutual Fund,2022-05-07,Active
15755825,Fixed Deposit,2023-08-08,Inactive
15755825,Loan,2023-09-02,Active
15755825,Mutual Fund,2023-09-07,Active
15598175,Fixed Deposit,2022-07-30,Active
15598175,Insurance,2022-03-09,Active
15598175,Mutual Fund,2023-08-26,Active
15744327,Mutual Fund,2022-08-03,Active
15798666,Fixed Deposit,2023-09-07,Active
15798666,Mutual Fund,2022-07-10,Active
15577064,Insurance,2023-04-10,Inactive
15759436,Insurance,2023-11-02,Active
15759436,Loan,2022-10-26,Active
15690231,Credit Card,2022-03-16,Active
15690231,Loan,2023-05-25,Active
15690231,Mutual Fund,2023-10-07,Active
15751561,Insurance,2023-11-01,Active
15739068,Fixed Deposit,2022-02-04,Active
15739068,Loan,2023-03-02,Active
15758056,Insurance,2023-09-12,Active
15758056,Fixed Deposit,2022-12-10,Active
15758056,Mutual Fund,2022-03-06,Active
15742269,Fixed Deposit,2022-10-11,Active
15742269,Insurance,2023-08-03,Inactive
15726490,Insurance,2022-03-01,Inactive
15726490,Mutual Fund,2023-10-06,Active
15726490,Credit Card,2023-11-24,Inactive
15738411,Insurance,2023-01-07,Inactive
15738411,Mutual Fund,2023-09-30,Active
15738411,Credit Card,2023-12-29,Active
15727919,Fixed Deposit,2023-09-15,Active
15709396,Fixed Deposit,2022-06-16,Inactive
15654106,Loan,2023-09-15,Active
15621653,Fixed Deposit,2023-11-05,Active
15621653,Credit Card,2022-03-06,Inactive
15621653,Loan,2022-12-03,Active
15598086,Loan,2023-12-30,Active
15598086,Insurance,2022-06-13,Inactive
15598086,Fixed Deposit,2022-10-21,Active
15752300,Loan,2023-08-17,Active
15752300,Insurance,2023-11-11,Active
15752300,Credit Card,2023-07-22,Active
15658693,Mutual Fund,2022-09-01,Active
15658693,Insurance,2022-10-15,Active
15631838,Mutual Fund,2022-02-08,Active
15803804,Mutual Fund,2022-03-19,Inactive
15578809,Credit Card,2023-01-20,Active
15578809,Fixed Deposit,2023-04-03,Inactive
15752026,Insurance,2023-04-16,Active
15752026,Mutual Fund,2022-07-25,Active
15723706,Insurance,2023-02-05,Active
15723706,Loan,2022-07-08,Active
15752838,Credit Card,2022-09-16,Active
15752838,Mutual Fund,2023-05-23,Active
15569571,Mutual Fund,2022-04-05,Active
15569571,Insurance,2022-10-16,Active
15769703,Credit Card,2022-09-10,Active
15769703,Loan,2022-03-02,Active
15769703,Fixed Deposit,2022-01-10,Active
15679770,Credit Card,2022-10-09,Active
15679770,Fixed Deposit,2022-10-30,Active
15791102,Loan,2022-03-05,Active
15655192,Mutual Fund,2022-01-02,Active
15655192,Fixed Deposit,2023-07-29,Active
15655192,Insurance,2022-01-30,Active
15709487,Credit Card,2023-11-25,Inactive
15709487,Insurance,2023-12-26,Active
15709487,Fixed Deposit,2023-10-22,Inactive
15687130,Fixed Deposit,2023-02-13,Active
15687130,Insurance,2022-10-11,Inactive
15755178,Insurance,2022-08-14,Active
15755178,Fixed Deposit,2023-11-30,Active
15755178,Credit Card,2023-01-21,Active
15634772,Credit Card,2022-06-01,Active
15634772,Insurance,2023-11-20,Active
15634772,Fixed Deposit,2023-08-23,Active
15617197,Mutual Fund,2023-02-11,Active
15617197,Credit Card,2023-11-16,Active
15617197,Loan,2023-07-22,Active
15631240,Mutual Fund,2022-12-07,Active
15784301,Credit Card,2022-08-11,Active
15784301,Fixed Deposit,2022-05-12,Active
15784301,Loan,2023-07-29,Active
15631310,Loan,2023-05-23,Inactive
15756560,Fixed Deposit,2022-04-22,Inactive
15756560,Loan,2023-08-15,Active
15732270,Insurance,2022-03-09,Active
15732270,Mutual Fund,2022-05-31,Active
15739357,Insurance,2022-03-18,Active
15771540,Loan,2023-07-22,Active
15771540,Fixed Deposit,2023-10-26,Inactive
15567486,Loan,2022-12-13,Inactive
15567486,Insurance,2023-03-18,Inactive
15714634,Mutual Fund,2022-03-09,Inactive
15714634,Loan,2022-04-13,Active
15714634,Fixed Deposit,2022-06-10,Active
15727021,Loan,2022-09-22,Inactive
15727021,Fixed Deposit,2023-02-16,Active
15650670,Insurance,2023-01-12,Inactive
15650670,Loan,2022-02-14,Active
15650670,Fixed Deposit,2022-11-12,Active
15711834,Fixed Deposit,2023-07-13,Active
15729763,Credit Card,2022-11-06,Inactive
15646566,Insurance,2022-10-07,Active
15646566,Fixed Deposit,2023-11-11,Active
15645463,Insurance,2022-03-18,Active
15672144,Fixed Deposit,2023-05-05,Active
15596088,Insurance,2023-09-07,Active
15614878,Loan,2023-04-04,Active
15614878,Insurance,2022-08-06,Active
15614878,Mutual Fund,2022-07-03,Active
15635240,Insurance,2023-06-07,Active
15635240,Credit Card,2022-11-29,Active
15635240,Loan,2023-04-14,Active
15775905,Loan,2023-03-02,Active
15775905,Fixed Deposit,2023-04-19,Active
15700657,Mutual Fund,2022-06-20,Inactive
15700657,Fixed Deposit,2023-04-20,Active
15611905,Mutual Fund,2022-11-04,Active
15611905,Loan,2022-11-22,Active
15652527,Mutual Fund,2022-06-05,Active
15785865,Insurance,2023-08-17,Active
15785865,Credit Card,2023-06-20,Active
15645942,Credit Card,2023-09-03,Active
15688691,Insurance,2022-01-19,Inactive
15688691,Fixed Deposit,2022-02-24,Active
15688691,Loan,2022-11-09,Active
15592736,Mutual Fund,2023-01-26,Active
15592736,Credit Card,2022-02-26,Active
15592736,Fixed Deposit,2022-10-13,Active
15673529,Credit Card,2023-05-07,Inactive
15673529,Loan,2023-05-04,Active
15724145,Mutual Fund,2022-09-24,Active
15724145,Fixed Deposit,2022-06-12,Active
15724145,Loan,2023-06-25,Inactive
15704629,Mutual Fund,2022-11-09,Active
15597896,Fixed Deposit,2023-04-06,Inactive
15731790,Credit Card,2023-11-24,Active
15634719,Fixed Deposit,2022-03-28,Active
15634719,Loan,2023-12-22,Active
15634719,Credit Card,2023-01-25,Active
15703205,Fixed Deposit,2023-08-27,Active
15567333,Credit Card,2022-09-28,Active
15754537,Mutual Fund,2023-11-27,Active
15754537,Credit Card,2022-07-19,Active
15612030,Fixed Deposit,2023-12-20,Active
15612030,Mutual Fund,2023-11-04,Active
15573242,Loan,2022-05-16,Active
15573242,Insurance,2023-08-08,Active
15573242,Mutual Fund,2023-01-05,Active
15601892,Mutual Fund,2022-09-10,Active
15601892,Insurance,2022-07-17,Active
15601892,Fixed Deposit,2022-04-01,Active
15663885,Loan,2022-07-20,Inactive
15701096,Insurance,2023-11-06,Active
15701096,Mutual Fund,2022-05-16,Active
15710450,Fixed Deposit,2023-06-22,Active
15710450,Mutual Fund,2023-12-06,Active
15790846,Fixed Deposit,2023-09-08,Inactive
15658956,Loan,2023-01-05,Active
15658956,Insurance,2023-12-06,Active
15755223,Insurance,2022-05-16,Active
15787318,Credit Card,2023-07-03,Active
15737310,Fixed Deposit,2023-05-28,Active
15763665,Mutual Fund,2023-11-11,Active
15763665,Loan,2023-05-09,Inactive
15668818,Insurance,2022-12-24,Inactive
15765812,Insurance,2022-11-13,Active
15765812,Credit Card,2023-01-26,Active
15704844,Insurance,2022-02-09,Active
15704844,Mutual Fund,2023-01-30,Active
15744582,Loan,2022-07-18,Active
15744582,Credit Card,2022-11-09,Active
15744582,Insurance,2022-03-03,Active
15616700,Credit Card,2022-03-18,Active
15616700,Mutual Fund,2022-03-19,Active
15683521,Loan,2023-08-16,Active
15683521,Fixed Deposit,2023-08-12,Inactive
15683521,Insurance,2022-12-30,Active
15583049,Fixed Deposit,2022-02-28,Active
15643752,Mutual Fund,2022-10-12,Active
15620398,Fixed Deposit,2022-03-31,Inactive
15620398,Loan,2022-09-25,Inactive
15715707,Mutual Fund,2023-04-22,Active
15715707,Loan,2023-02-16,Active
15715707,Insurance,2023-05-29,Active
15814209,Mutual Fund,2023-08-06,Active
15814209,Insurance,2022-11-06,Inactive
15814209,Loan,2023-01-14,Active
15733768,Fixed Deposit,2023-04-11,Active
15733768,Mutual Fund,2022-07-27,Active
15755242,Loan,2023-04-17,Inactive
15755242,Fixed Deposit,2023-05-13,Active
15755242,Insurance,2022-05-26,Active
15729412,Credit Card,2023-02-07,Active
15729412,Mutual Fund,2023-08-25,Active
15729412,Loan,2023-04-25,Active
15746564,Credit Card,2022-09-08,Active
15588446,Fixed Deposit,2023-08-07,Active
15588446,Credit Card,2023-06-25,Active
15588446,Loan,2022-12-22,Active
15665221,Credit Card,2023-02-23,Active
15665221,Loan,2022-12-20,Active
15640846,Insurance,2023-06-10,Active
15700209,Credit Card,2023-06-13,Active
15658360,Insurance,2023-10-08,Active
15602735,Fixed Deposit,2023-07-12,Active
15602735,Loan,2022-06-09,Active
15724834,Insurance,2023-12-07,Inactive
15724834,Mutual Fund,2023-10-09,Active
15724834,Credit Card,2023-04-27,Inactive
15800062,Loan,2022-08-15,Active
15800062,Credit Card,2022-06-26,Active
15685300,Credit Card,2023-08-08,Active
15685300,Loan,2022-12-24,Active
15760102,Fixed Deposit,2022-08-31,Active
15760102,Mutual Fund,2023-11-04,Active
15760102,Loan,2022-02-06,Active
15787026,Credit Card,2023-12-17,Active
15653696,Fixed Deposit,2023-08-04,Active
15653696,Mutual Fund,2022-04-07,Active
15788946,Fixed Deposit,2023-12-28,Active
15600724,Loan,2022-11-04,Active
15574324,Credit Card,2022-07-14,Active
15574324,Fixed Deposit,2022-02-25,Active
15707144,Credit Card,2022-08-21,Inactive
15707144,Mutual Fund,2023-06-20,Inactive
15707144,Fixed Deposit,2022-04-30,Active
15775891,Insurance,2023-04-20,Active
15775891,Loan,2023-04-20,Active
15775891,Credit Card,2022-03-04,Active
15711789,Fixed Deposit,2023-04-09,Inactive
15711789,Mutual Fund,2023-09-20,Active
15711789,Insurance,2022-07-27,Active
15600879,Loan,2022-08-15,Active
15600879,Fixed Deposit,2022-03-23,Active
15681196,Fixed Deposit,2022-07-24,Active
15681196,Loan,2022-08-18,Active
15716000,Mutual Fund,2023-03-31,Active
15716000,Credit Card,2022-11-03,Active
15766776,Insurance,2022-01-24,Active
15766776,Mutual Fund,2023-12-04,Active
15766776,Fixed Deposit,2023-01-22,Active
15680278,Insurance,2023-03-08,Active
15688637,Insurance,2023-06-02,Active
15688637,Mutual Fund,2022-07-31,Active
15591179,Fixed Deposit,2023-08-20,Active
15591179,Loan,2022-06-02,Active
15677435,Insurance,2022-04-07,Active
15677435,Mutual Fund,2023-12-19,Active
15698619,Credit Card,2023-08-26,Active
15698619,Mutual Fund,2022-12-16,Active
15698619,Insurance,2023-02-17,Active
15581036,Mutual Fund,2022-06-22,Inactive
15581036,Loan,2022-05-28,Inactive
15581036,Fixed Deposit,2023-08-15,Active
15622117,Credit Card,2023-06-30,Inactive
15622117,Insurance,2023-12-26,Active
15622117,Loan,2023-01-15,Inactive
15599301,Credit Card,2022-03-21,Active
15599301,Mutual Fund,2022-01-03,Inactive
15581548,Mutual Fund,2022-02-13,Active
15586870,Loan,2023-09-23,Active
15586870,Insurance,2023-11-17,Active
15735263,Loan,2022-11-26,Active
15735263,Credit Card,2022-07-21,Inactive
15735263,Fixed Deposit,2023-10-30,Inactive
15765322,Mutual Fund,2022-04-06,Active
15582944,Insurance,2022-11-06,Active
15582944,Credit Card,2023-02-04,Active
15687162,Credit Card,2022-04-09,Inactive
15687162,Insurance,2022-01-01,Active
15687162,Mutual Fund,2023-06-14,Active
15644962,Insurance,2023-02-08,Active
15644962,Loan,2022-08-14,Active
15612615,Mutual Fund,2022-08-14,Active
15612615,Credit Card,2022-05-08,Active
15813439,Credit Card,2023-01-27,Active
15813439,Loan,2023-10-30,Active
15604544,Loan,2022-12-10,Active
15761348,Insurance,2023-07-10,Inactive
15761348,Credit Card,2023-03-19,Active
15785078,Insurance,2023-11-30,Inactive
15785078,Fixed Deposit,2022-01-29,Active
15759874,Loan,2022-03-27,Active
15643658,Mutual Fund,2023-01-10,Active
15643658,Loan,2023-08-26,Active
15643658,Fixed Deposit,2022-06-29,Active
15713267,Loan,2022-06-06,Active
15713267,Mutual Fund,2022-05-18,Active
15713267,Insurance,2023-02-08,Active
15737782,Insurance,2023-12-12,Active
15737782,Mutual Fund,2023-11-15,Active
15815490,Loan,2022-01-27,Active
15679410,Mutual Fund,2023-12-07,Active
15756241,Insurance,2022-11-26,Active
15756241,Mutual Fund,2023-12-08,Active
15688409,Insurance,2022-12-07,Active
15688409,Credit Card,2022-07-11,Active
15688409,Loan,2023-10-27,Active
15742272,Fixed Deposit,2023-03-26,Active
15742272,Insurance,2023-05-23,Active
15742272,Credit Card,2022-09-22,Active
15717898,Fixed Deposit,2022-11-29,Active
15769582,Fixed Deposit,2023-09-17,Active
15769582,Loan,2023-06-10,Active
15769582,Insurance,2023-12-17,Active
15635660,Loan,2022-10-22,Active
15635660,Credit Card,2022-03-23,Active
15635660,Insurance,2022-09-08,Active
15576723,Insurance,2022-08-08,Active
15591577,Mutual Fund,2022-01-03,Active
15591577,Fixed Deposit,2023-10-03,Active
15582325,Mutual Fund,2022-01-24,Active
15582325,Fixed Deposit,2023-03-11,Inactive
15693947,Mutual Fund,2022-06-12,Active
15693947,Fixed Deposit,2023-04-24,Active
15693947,Credit Card,2023-10-19,Active
15760446,Loan,2022-03-20,Active
15611105,Loan,2022-02-05,Active
15611105,Fixed Deposit,2022-03-19,Active
15611105,Mutual Fund,2022-02-17,Active
15630920,Fixed Deposit,2023-03-31,Active
15630920,Credit Card,2023-12-15,Active
15574910,Insurance,2023-12-23,Active
15574910,Mutual Fund,2022-02-27,Active
15574910,Loan,2023-06-08,Active
15756472,Fixed Deposit,2022-07-26,Active
15756472,Loan,2023-04-04,Active
15756472,Insurance,2023-11-16,Active
15682890,Fixed Deposit,2022-10-16,Active
15641994,Fixed Deposit,2023-08-02,Active
15733297,Credit Card,2023-02-20,Active
15767793,Mutual Fund,2023-09-14,Active
15725698,Mutual Fund,2023-01-18,Active
15725698,Insurance,2022-06-24,Active
15813532,Credit Card,2022-05-27,Active
15576760,Mutual Fund,2023-08-29,Active
15732102,Mutual Fund,2022-11-02,Active
15739046,Loan,2022-06-15,Inactive
15739046,Insurance,2022-02-14,Active
15739046,Credit Card,2023-01-05,Active
15631927,Mutual Fund,2023-05-17,Active
15631927,Fixed Deposit,2023-10-27,Active
15631927,Credit Card,2022-12-10,Inactive
15672115,Mutual Fund,2023-11-13,Active
15618765,Insurance,2023-04-19,Active
15618765,Loan,2023-03-03,Active
15618765,Mutual Fund,2022-08-06,Active
15679148,Fixed Deposit,2022-06-29,Inactive
15679148,Insurance,2023-02-02,Active
15728474,Loan,2022-09-06,Active
15636999,Loan,2023-02-10,Active
15754261,Loan,2022-01-19,Active
15754261,Insurance,2022-09-27,Active
15754261,Fixed Deposit,2022-10-07,Active
15629150,Loan,2022-06-24,Active
15736274,Mutual Fund,2022-06-13,Inactive
15736274,Loan,2022-03-06,Active
15736274,Credit Card,2022-10-07,Active
15627697,Insurance,2023-04-08,Active
15721585,Credit Card,2022-01-25,Active
15721585,Loan,2023-03-14,Active
15721585,Insurance,2022-11-16,Active
15639946,Fixed Deposit,2023-01-31,Active
15639946,Insurance,2022-10-22,Active
15792176,Insurance,2023-03-15,Active
15792176,Credit Card,2022-07-23,Active
15699450,Loan,2022-10-27,Active
15729954,Insurance,2022-03-04,Active
15729954,Mutual Fund,2023-10-17,Active
15729954,Fixed Deposit,2022-09-07,Active
15600103,Insurance,2023-02-06,Active
15600103,Loan,2022-02-14,Active
15786200,Insurance,2023-06-15,Inactive
15797010,Fixed Deposit,2022-04-21,Active
15670172,Insurance,2022-01-28,Active
15670172,Fixed Deposit,2022-05-23,Inactive
15627352,Insurance,2023-04-04,Active
15627352,Loan,2023-04-17,Active
15627352,Fixed Deposit,2022-05-28,Active
15622494,Credit Card,2022-06-22,Active
15622494,Mutual Fund,2023-12-05,Inactive
15622494,Loan,2022-10-19,Active
15585835,Insurance,2023-03-22,Active
15595071,Loan,2023-10-01,Active
15595071,Credit Card,2022-11-04,Active
15595071,Mutual Fund,2023-08-14,Active
15628203,Loan,2022-10-31,Active
15628203,Insurance,2023-04-26,Active
15667190,Insurance,2022-07-19,Active
15780212,Insurance,2023-03-21,Inactive
15766869,Mutual Fund,2022-11-04,Active
15766869,Fixed Deposit,2022-10-04,Active
15766869,Insurance,2022-04-11,Active
15775741,Mutual Fund,2022-08-01,Active
15775741,Fixed Deposit,2023-08-18,Active
15775741,Credit Card,2023-09-07,Active
15628170,Insurance,2022-11-02,Active
15628170,Loan,2023-09-18,Active
15701318,Credit Card,2022-04-01,Active
15701318,Loan,2022-09-21,Inactive
15710928,Mutual Fund,2022-08-23,Active
15710928,Credit Card,2022-04-30,Active
15710928,Fixed Deposit,2023-06-29,Active
15682547,Loan,2022-03-01,Active
15682547,Fixed Deposit,2023-07-15,Active
15682547,Insurance,2022-05-01,Inactive
15631170,Credit Card,2023-09-10,Active
15631170,Loan,2022-12-20,Inactive
15648702,Mutual Fund,2023-05-20,Active
15648702,Fixed Deposit,2023-11-08,Active
15648702,Insurance,2022-01-15,Active
15783444,Loan,2023-11-05,Inactive
15783444,Insurance,2023-07-11,Active
15783444,Fixed Deposit,2022-06-05,Active
15809178,Insurance,2022-10-24,Inactive
15809178,Fixed Deposit,2022-12-22,Inactive
15806688,Mutual Fund,2023-12-17,Inactive
15576824,Loan,2023-10-14,Active
15675422,Credit Card,2023-07-21,Active
15681550,Credit Card,2023-06-14,Active
15681550,Fixed Deposit,2023-05-17,Active
15681550,Mutual Fund,2022-02-02,Active
15812628,Loan,2022-12-08,Inactive
15812628,Mutual Fund,2023-11-23,Active
15597951,Mutual Fund,2022-08-27,Active
15597951,Credit Card,2022-04-22,Inactive
15597951,Insurance,2023-11-15,Active
15807045,Credit Card,2023-06-18,Active
15581748,Mutual Fund,2022-05-14,Inactive
15770420,Fixed Deposit,2022-12-16,Active
15770420,Mutual Fund,2023-11-21,Active
15770420,Credit Card,2023-03-11,Active
15608230,Fixed Deposit,2022-03-24,Active
15608230,Credit Card,2023-04-04,Active
15730339,Insurance,2022-03-12,Inactive
15730339,Loan,2022-09-07,Active
15712584,Credit Card,2022-04-01,Inactive
15592816,Fixed Deposit,2022-09-27,Active
15592816,Mutual Fund,2023-01-25,Active
15592816,Credit Card,2023-11-09,Inactive
15641480,Loan,2022-12-05,Active
15641480,Insurance,2023-02-25,Active
15641480,Mutual Fund,2022-07-21,Active
15708505,Credit Card,2022-11-07,Active
15708505,Insurance,2023-03-30,Active
15791131,Mutual Fund,2023-11-06,Active
15618225,Loan,2022-02-14,Active
15618225,Mutual Fund,2022-11-12,Inactive
15644724,Mutual Fund,2023-02-11,Inactive
15644724,Loan,2022-04-05,Active
15662098,Fixed Deposit,2023-09-27,Active
15723894,Insurance,2023-06-21,Active
15787699,Credit Card,2022-04-11,Active
15787699,Mutual Fund,2022-03-26,Active
15687738,Mutual Fund,2022-09-07,Active
15687738,Credit Card,2022-09-23,Active
15687738,Insurance,2023-09-08,Active
15576126,Loan,2023-05-01,Active
15658889,Fixed Deposit,2023-03-23,Active
15658889,Mutual Fund,2023-11-07,Active
15667046,Loan,2023-06-24,Active
15667046,Mutual Fund,2023-11-26,Active
15667046,Insurance,2023-01-16,Active
15669957,Mutual Fund,2022-05-03,Active
15669957,Insurance,2023-04-24,Active
15669957,Credit Card,2022-09-01,Active
15655794,Mutual Fund,2023-02-22,Active
15655794,Insurance,2022-04-04,Active
15655794,Fixed Deposit,2022-09-18,Active
15599829,Insurance,2022-10-25,Active
15753332,Credit Card,2022-10-07,Inactive
15671124,Mutual Fund,2023-02-11,Active
15671124,Credit Card,2023-04-11,Active
15671124,Insurance,2022-04-05,Active
15767474,Insurance,2022-04-14,Inactive
15767474,Credit Card,2022-03-16,Inactive
15720671,Credit Card,2023-10-25,Active
15720671,Mutual Fund,2023-07-05,Active
15720671,Loan,2022-04-24,Active
15626787,Credit Card,2022-04-03,Active
15626787,Loan,2023-02-17,Active
15774491,Mutual Fund,2023-02-12,Active
15579647,Credit Card,2023-12-08,Active
15625522,Fixed Deposit,2022-04-06,Inactive
15765806,Insurance,2023-08-17,Inactive
15765806,Loan,2023-08-13,Inactive
15765806,Fixed Deposit,2023-11-13,Active
15566708,Credit Card,2022-01-08,Active
15566708,Insurance,2023-10-07,Inactive
15668347,Loan,2023-06-03,Inactive
15668347,Fixed Deposit,2022-12-02,Active
15575214,Fixed Deposit,2023-05-13,Active
15575214,Mutual Fund,2022-06-13,Active
15591123,Mutual Fund,2023-02-09,Active
15573280,Credit Card,2022-11-08,Inactive
15573280,Fixed Deposit,2022-08-17,Active
15589018,Credit Card,2022-09-23,Inactive
15589018,Fixed Deposit,2023-11-23,Active
15654495,Mutual Fund,2023-07-08,Active
15654495,Credit Card,2023-08-13,Active
15654495,Loan,2022-01-17,Active
15597265,Credit Card,2022-02-06,Active
15597265,Insurance,2022-05-29,Active
15597265,Loan,2023-10-17,Active
15733876,Credit Card,2022-04-24,Active
15677217,Fixed Deposit,2023-11-23,Inactive
15677217,Insurance,2022-04-08,Inactive
15747265,Insurance,2022-01-10,Active
15713379,Mutual Fund,2022-05-30,Active
15713379,Fixed Deposit,2022-02-08,Active
15730433,Insurance,2022-02-09,Active
15730433,Credit Card,2022-10-19,Active
15693347,Mutual Fund,2022-09-17,Active
15693347,Insurance,2022-08-04,Inactive
15693347,Fixed Deposit,2022-08-03,Active
15715465,Loan,2022-12-18,Active
15715465,Mutual Fund,2023-07-07,Active
15715465,Fixed Deposit,2023-01-19,Active
15680736,Fixed Deposit,2023-08-07,Active
15610765,Loan,2023-03-21,Active
15610765,Insurance,2023-07-12,Active
15610765,Mutual Fund,2023-09-11,Active
15650034,Insurance,2023-07-21,Active
15782468,Loan,2022-07-23,Active
15685109,Fixed Deposit,2023-02-08,Active
15685109,Insurance,2023-12-24,Active
15776233,Fixed Deposit,2023-01-20,Active
15776233,Credit Card,2023-06-06,Active
15776233,Loan,2023-05-30,Active
15761141,Insurance,2022-03-07,Inactive
15761141,Fixed Deposit,2023-05-09,Active
15761141,Mutual Fund,2023-04-24,Inactive
15781702,Credit Card,2023-02-03,Active
15781702,Insurance,2023-04-03,Active
15781702,Mutual Fund,2023-04-21,Active
15790235,Mutual Fund,2022-08-08,Inactive
15790235,Insurance,2023-05-16,Active
15641416,Mutual Fund,2022-09-08,Active
15775234,Credit Card,2022-02-23,Active
15659475,Fixed Deposit,2022-04-20,Active
15642202,Insurance,2022-01-10,Active
15771417,Insurance,2022-11-13,Active
15771417,Loan,2023-05-23,Active
15585100,Fixed Deposit,2023-07-15,Active
15585100,Credit Card,2022-09-28,Active
15585100,Insurance,2023-05-08,Active
15700487,Loan,2023-03-01,Inactive
15700487,Mutual Fund,2023-04-27,Inactive
15700487,Credit Card,2023-03-28,Active
15726589,Insurance,2023-07-21,Inactive
15726589,Fixed Deposit,2022-11-27,Active
15726589,Loan,2023-02-24,Active
15747503,Insurance,2023-12-05,Active
15747503,Loan,2022-04-08,Active
15747503,Fixed Deposit,2023-11-11,Inactive
15595883,Loan,2023-06-30,Active
15595883,Credit Card,2022-07-16,Inactive
15663826,Insurance,2023-11-11,Active
15663826,Credit Card,2022-11-22,Active
15742820,Loan,2022-10-14,Active
15742820,Mutual Fund,2022-08-13,Inactive
15742820,Fixed Deposit,2023-06-02,Active
15624793,Loan,2022-08-03,Active
15624793,Credit Card,2023-12-27,Active
15597930,Loan,2022-10-11,Active
15665110,Insurance,2022-06-25,Active
15665110,Loan,2022-04-30,Active
15665110,Mutual Fund,2022-12-15,Active
15770719,Insurance,2023-04-02,Active
15731327,Loan,2023-03-12,Inactive
15731327,Fixed Deposit,2023-06-27,Active
15576044,Mutual Fund,2023-04-07,Active
15775662,Loan,2022-10-07,Active
15646817,Insurance,2022-07-23,Active
15646817,Credit Card,2023-10-08,Active
15646817,Fixed Deposit,2022-04-18,Active
15596060,Credit Card,2022-02-01,Active
15723299,Mutual Fund,2022-11-08,Active
15636982,Credit Card,2023-08-23,Active
15636982,Fixed Deposit,2022-10-01,Inactive
15751175,Mutual Fund,2023-10-26,Active
15751175,Fixed Deposit,2023-11-30,Active
15618936,Mutual Fund,2022-05-23,Active
15787529,Mutual Fund,2023-09-02,Active
15780128,Credit Card,2022-07-27,Inactive
15780128,Loan,2022-09-05,Inactive
15780128,Insurance,2022-12-17,Active
15615991,Insurance,2023-04-13,Active
15615991,Credit Card,2022-05-05,Active
15615991,Loan,2023-05-30,Active
15757001,Loan,2022-06-22,Inactive
15757001,Fixed Deposit,2022-08-08,Inactive
15595388,Fixed Deposit,2022-02-17,Active
15595388,Insurance,2022-03-23,Active
15595388,Credit Card,2022-07-24,Inactive
15699550,Fixed Deposit,2023-03-29,Active
15581620,Fixed Deposit,2022-10-28,Active
15600934,Mutual Fund,2023-08-14,Inactive
15738672,Mutual Fund,2022-08-16,Active
15738672,Credit Card,2022-10-23,Active
15721307,Credit Card,2023-11-06,Active
15619280,Fixed Deposit,2023-10-07,Active
15619280,Mutual Fund,2022-06-26,Active
15619280,Insurance,2023-02-09,Active
15768244,Insurance,2022-02-15,Active
15806837,Loan,2023-03-20,Active
15806837,Insurance,2023-06-03,Active
15806837,Mutual Fund,2023-08-05,Active
15643496,Fixed Deposit,2022-07-27,Inactive
15813916,Loan,2022-07-09,Active
15813916,Insurance,2023-12-28,Active
15626385,Fixed Deposit,2022-06-28,Active
15603582,Insurance,2022-04-02,Active
15764351,Mutual Fund,2023-04-20,Active
15764351,Insurance,2022-07-07,Active
15764351,Loan,2023-05-15,Inactive
15667938,Credit Card,2023-05-06,Active
15576360,Mutual Fund,2022-08-17,Active
15576360,Fixed Deposit,2022-05-19,Active
15628813,Insurance,2023-06-22,Active
15628813,Mutual Fund,2023-11-15,Active
15584190,Fixed Deposit,2022-04-19,Active
15584190,Loan,2023-04-20,Active
15716449,Loan,2022-01-05,Active
15716449,Mutual Fund,2023-09-03,Active
15759913,Credit Card,2023-10-08,Active
15759913,Fixed Deposit,2023-09-03,Active
15759913,Mutual Fund,2022-06-01,Active
15701555,Mutual Fund,2022-06-30,Active
15701555,Insurance,2022-06-15,Active
15758482,Insurance,2023-07-11,Active
15758171,Fixed Deposit,2022-12-14,Active
15680346,Loan,2023-10-22,Active
15680346,Fixed Deposit,2022-03-20,Active
15649124,Fixed Deposit,2022-03-31,Active
15812917,Insurance,2022-09-13,Active
15812917,Loan,2023-05-07,Active
15768455,Credit Card,2022-05-18,Active
15768455,Fixed Deposit,2023-03-19,Active
15703059,Loan,2022-06-16,Active
15703059,Credit Card,2023-05-24,Inactive
15646196,Insurance,2022-01-12,Active
15585451,Fixed Deposit,2022-09-22,Active
15585451,Insurance,2023-05-19,Inactive
15714057,Loan,2022-01-15,Active
15714057,Credit Card,2022-03-08,Active
15714057,Insurance,2022-02-03,Active
15748473,Insurance,2022-07-26,Active
15748473,Credit Card,2022-09-30,Active
15785782,Fixed Deposit,2022-10-23,Active
15693233,Credit Card,2022-06-14,Active
15693233,Loan,2023-03-26,Active
15693233,Fixed Deposit,2023-02-10,Inactive
15757521,Mutual Fund,2023-01-16,Active
15757521,Fixed Deposit,2022-02-28,Active
15812513,Credit Card,2023-11-29,Active
15812513,Insurance,2023-07-19,Active
15812513,Loan,2023-03-31,Active
15674950,Insurance,2022-02-13,Active
15678572,Credit Card,2022-06-18,Active
15678572,Loan,2022-03-14,Active
15678572,Fixed Deposit,2023-04-17,Active
15713608,Insurance,2023-03-25,Active
15579262,Insurance,2023-05-16,Active
15579262,Credit Card,2023-05-07,Active
15579262,Fixed Deposit,2022-01-30,Active
15610426,Insurance,2022-02-12,Active
15610426,Loan,2022-08-06,Active
15610426,Mutual Fund,2023-02-08,Inactive
15776454,Insurance,2022-05-01,Active
15771483,Insurance,2022-11-16,Active
15771483,Fixed Deposit,2022-04-10,Active
15648489,Loan,2023-01-03,Active
15648489,Insurance,2022-07-07,Active
15648489,Credit Card,2022-09-26,Inactive
15646609,Fixed Deposit,2022-09-20,Active
15646609,Loan,2022-11-24,Active
15693203,Fixed Deposit,2023-05-08,Active
15813067,Mutual Fund,2022-08-19,Active
15813067,Credit Card,2023-01-14,Active
15769829,Insurance,2023-06-21,Active
15769829,Mutual Fund,2022-01-27,Active
15662434,Insurance,2022-04-12,Active
15773503,Insurance,2022-02-27,Inactive
15773503,Loan,2023-05-11,Inactive
15705890,Insurance,2023-10-09,Inactive
15705890,Credit Card,2022-09-30,Active
15711398,Mutual Fund,2023-01-25,Inactive
15752375,Credit Card,2023-04-03,Active
15752375,Mutual Fund,2022-11-24,Active
15659175,Insurance,2022-05-14,Active
15659175,Fixed Deposit,2022-03-21,Active
15659175,Credit Card,2022-06-13,Active
15597033,Fixed Deposit,2022-05-20,Active
15597033,Insurance,2022-02-06,Active
15590228,Mutual Fund,2023-05-11,Active
15590228,Insurance,2022-04-17,Active
15590228,Loan,2023-10-12,Inactive
15631848,Mutual Fund,2022-10-23,Inactive
15654211,Insurance,2023-02-15,Active
15654211,Loan,2023-04-17,Active
15654211,Credit Card,2023-07-18,Active
15707968,Insurance,2022-12-15,Active
15594084,Mutual Fund,2022-02-01,Active
15594084,Loan,2022-04-01,Active
15594084,Fixed Deposit,2022-11-08,Active
15651093,Mutual Fund,2022-10-19,Active
15798824,Mutual Fund,2023-09-10,Active
15798824,Credit Card,2022-11-11,Active
15798824,Loan,2023-08-25,Active
15671591,Mutual Fund,2022-10-30,Active
15671591,Insurance,2022-03-22,Active
15707189,Mutual Fund,2022-09-26,Active
15733581,Insurance,2023-07-02,Active
15733581,Fixed Deposit,2022-09-30,Active
15641640,Credit Card,2023-02-18,Inactive
15641640,Loan,2022-03-16,Active
15641640,Insurance,2023-04-04,Inactive
15585284,Fixed Deposit,2022-02-09,Inactive
15585284,Credit Card,2023-04-30,Active
15617866,Loan,2023-09-22,Active
15617866,Fixed Deposit,2022-01-05,Active
15617866,Credit Card,2022-07-12,Active
15667751,Fixed Deposit,2022-08-11,Active
15667751,Credit Card,2023-01-17,Active
15667751,Insurance,2022-11-05,Inactive
15669411,Fixed Deposit,2023-02-28,Active
15789425,Mutual Fund,2022-10-24,Active
15570943,Loan,2022-10-15,Active
15685829,Fixed Deposit,2022-06-17,Active
15685829,Mutual Fund,2022-09-21,Active
15721917,Mutual Fund,2023-03-02,Active
15721917,Credit Card,2023-08-04,Active
15776047,Credit Card,2023-06-23,Active
15716024,Insurance,2022-03-23,Inactive
15716024,Mutual Fund,2023-12-17,Active
15716024,Credit Card,2022-02-15,Active
15675328,Insurance,2023-06-27,Active
15604314,Mutual Fund,2022-03-03,Active
15604314,Credit Card,2023-04-27,Active
15604314,Fixed Deposit,2023-01-26,Active
15658339,Mutual Fund,2023-09-12,Active
15658339,Credit Card,2022-02-20,Inactive
15658339,Insurance,2022-05-22,Active
15630402,Fixed Deposit,2023-07-28,Active
15689616,Mutual Fund,2022-03-14,Active
15774224,Credit Card,2022-11-14,Inactive
15701291,Insurance,2022-02-19,Active
15701291,Mutual Fund,2023-01-22,Active
15719606,Fixed Deposit,2022-10-03,Inactive
15719606,Credit Card,2023-07-08,Active
15644119,Fixed Deposit,2023-02-14,Active
15644119,Mutual Fund,2023-04-16,Active
15644119,Loan,2022-11-27,Active
15646859,Fixed Deposit,2023-09-16,Active
15646859,Credit Card,2023-03-12,Active
15606836,Fixed Deposit,2022-01-19,Inactive
15606836,Insurance,2023-06-24,Active
15606836,Loan,2022-08-06,Active
15664150,Fixed Deposit,2023-03-12,Active
15664150,Insurance,2022-08-26,Active
15664150,Credit Card,2022-06-07,Active
15624510,Insurance,2022-04-07,Inactive
15624510,Loan,2023-12-02,Active
15624510,Mutual Fund,2022-03-21,Active
15810944,Fixed Deposit,2023-08-13,Active
15810944,Loan,2022-06-19,Active
15668575,Insurance,2023-11-06,Active
15668575,Fixed Deposit,2022-07-22,Active
15668575,Credit Card,2022-05-15,Active
15603246,Fixed Deposit,2022-03-09,Active
15804002,Loan,2023-06-21,Active
15804002,Fixed Deposit,2022-01-10,Active
15728773,Fixed Deposit,2022-04-28,Active
15728773,Mutual Fund,2022-01-28,Active
15728773,Loan,2023-12-18,Active
15598044,Fixed Deposit,2023-12-28,Active
15598044,Credit Card,2023-07-17,Active
15694829,Credit Card,2022-05-21,Inactive
15600575,Mutual Fund,2022-04-10,Active
15600575,Credit Card,2023-11-17,Active
15600575,Insurance,2023-01-22,Active
15727311,Credit Card,2022-02-18,Active
15727311,Loan,2022-08-12,Inactive
15727311,Insurance,2023-09-10,Active
15570769,Loan,2022-08-30,Active
15606274,Fixed Deposit,2022-05-22,Active
15606274,Credit Card,2023-03-13,Active
15606274,Insurance,2023-01-14,Active
15746139,Fixed Deposit,2023-11-07,Active
15746139,Loan,2022-11-25,Active
15704987,Credit Card,2023-10-03,Inactive
15704987,Insurance,2023-06-29,Active
15628972,Insurance,2023-04-11,Active
15628972,Credit Card,2022-05-31,Active
15628972,Fixed Deposit,2023-01-03,Active
15697686,Loan,2023-08-12,Active
15697686,Credit Card,2022-02-13,Inactive
15733883,Loan,2023-04-10,Active
15733883,Credit Card,2023-11-25,Active
15617482,Insurance,2022-08-22,Inactive
15617482,Loan,2023-12-13,Active
15617482,Credit Card,2022-10-29,Active
15704583,Loan,2023-09-15,Active
15621083,Mutual Fund,2022-02-15,Inactive
15621083,Insurance,2022-05-15,Active
15621083,Fixed Deposit,2022-02-22,Active
15649487,Credit Card,2022-01-19,Active
15649487,Fixed Deposit,2022-06-20,Active
15736760,Credit Card,2023-02-14,Active
15714658,Credit Card,2022-05-16,Active
15714658,Mutual Fund,2022-11-24,Active
15714658,Fixed Deposit,2023-10-03,Inactive
15599081,Mutual Fund,2022-02-11,Active
15705113,Credit Card,2023-01-04,Active
15705113,Insurance,2022-04-26,Active
15631159,Insurance,2022-11-27,Active
15631159,Credit Card,2023-08-10,Inactive
15792818,Fixed Deposit,2023-03-30,Active
15792818,Mutual Fund,2022-04-17,Active
15633531,Credit Card,2023-02-19,Active
15633531,Mutual Fund,2022-09-25,Active
15633531,Fixed Deposit,2022-12-15,Inactive
15744529,Mutual Fund,2023-05-03,Inactive
15744529,Fixed Deposit,2023-04-03,Active
15744529,Credit Card,2023-05-30,Active
15669656,Insurance,2022-10-01,Inactive
15669656,Fixed Deposit,2023-07-26,Inactive
15669656,Mutual Fund,2022-12-09,Active
15581198,Insurance,2023-07-02,Inactive
15581198,Loan,2022-03-17,Active
15581198,Fixed Deposit,2022-12-03,Active
15729054,Mutual Fund,2023-11-18,Inactive
15729054,Loan,2023-04-06,Inactive
15573452,Insurance,2023-09-08,Active
15573452,Fixed Deposit,2023-09-20,Active
15573452,Loan,2023-01-31,Inactive
15776733,Credit Card,2022-08-26,Active
15776733,Mutual Fund,2022-05-16,Active
15724858,Insurance,2023-11-23,Active
15724858,Credit Card,2023-09-15,Active
15713144,Fixed Deposit,2022-09-14,Inactive
15713144,Insurance,2023-05-05,Active
15713144,Loan,2023-11-23,Inactive
15690188,Fixed Deposit,2022-12-01,Inactive
15690188,Loan,2023-07-12,Active
15689425,Loan,2023-06-25,Inactive
15671766,Fixed Deposit,2023-06-13,Active
15671766,Credit Card,2022-02-07,Active
15671766,Mutual Fund,2023-07-05,Active
15782806,Fixed Deposit,2023-06-12,Active
15782806,Insurance,2022-09-26,Active
15782806,Credit Card,2022-06-16,Active
15764419,Loan,2023-05-04,Inactive
15591915,Loan,2022-01-07,Active
15591915,Mutual Fund,2023-08-25,Inactive
15591915,Credit Card,2022-05-01,Active
15772798,Fixed Deposit,2023-03-07,Active
15772798,Mutual Fund,2022-03-10,Inactive
15772798,Loan,2022-04-15,Active
15792008,Mutual Fund,2022-08-08,Active
15792008,Insurance,2023-03-05,Inactive
15715541,Loan,2023-04-17,Active
15639277,Credit Card,2023-02-26,Active
15639277,Insurance,2022-06-05,Active
15639277,Mutual Fund,2022-11-03,Active
15798850,Fixed Deposit,2022-02-07,Active
15798850,Loan,2023-08-31,Active
15798850,Insurance,2023-12-11,Active
15776348,Credit Card,2022-12-21,Active
15776348,Mutual Fund,2022-03-14,Active
15776348,Loan,2023-10-14,Inactive
15727696,Loan,2023-08-29,Active
15727696,Fixed Deposit,2023-04-22,Active
15793813,Loan,2022-06-17,Inactive
15793813,Insurance,2023-09-10,Active
15793813,Credit Card,2023-12-26,Inactive
15694395,Insurance,2023-10-02,Active
15694395,Fixed Deposit,2023-11-17,Active
15764195,Fixed Deposit,2022-03-12,Active
15744919,Mutual Fund,2023-05-04,Inactive
15744919,Insurance,2022-03-04,Inactive
15671655,Mutual Fund,2022-06-14,Active
15671655,Credit Card,2022-06-11,Active
15654901,Credit Card,2022-09-23,Active
15654901,Insurance,2023-10-12,Active
15649136,Mutual Fund,2022-05-05,Active
15775562,Insurance,2022-03-02,Active
15807481,Loan,2022-12-04,Active
15642885,Fixed Deposit,2023-05-12,Active
15642885,Insurance,2022-01-04,Active
15789109,Mutual Fund,2023-06-16,Active
15814004,Mutual Fund,2023-11-10,Active
15814004,Loan,2022-11-28,Inactive
15673619,Mutual Fund,2023-01-18,Active
15673619,Insurance,2022-09-01,Active
15673619,Credit Card,2022-04-20,Inactive
15595135,Insurance,2023-09-15,Active
15595135,Credit Card,2023-10-25,Active
15595135,Fixed Deposit,2022-09-01,Inactive
15583681,Insurance,2023-12-17,Active
15583681,Mutual Fund,2022-09-15,Active
15583681,Loan,2023-06-13,Active
15605000,Insurance,2023-04-04,Active
15718071,Insurance,2022-05-08,Active
15718071,Loan,2023-01-04,Active
15679760,Insurance,2022-03-09,Active
15679760,Credit Card,2023-11-07,Inactive
15679760,Loan,2022-03-26,Active
15654574,Credit Card,2023-10-11,Active
15654574,Fixed Deposit,2023-01-20,Active
15577178,Loan,2022-09-08,Inactive
15577178,Fixed Deposit,2022-08-12,Active
15577178,Credit Card,2023-11-08,Active
15595324,Insurance,2023-03-09,Active
15595324,Credit Card,2023-04-18,Active
15756932,Insurance,2023-11-28,Active
15726358,Mutual Fund,2023-09-25,Inactive
15726358,Loan,2022-10-19,Active
15726358,Credit Card,2023-02-12,Active
15595228,Loan,2023-02-13,Active
15595228,Insurance,2022-10-07,Inactive
15595228,Credit Card,2022-11-01,Active
15782530,Insurance,2023-04-23,Active
15782530,Fixed Deposit,2023-09-20,Active
15782530,Credit Card,2023-02-28,Active
15592877,Loan,2023-06-10,Active
15592877,Mutual Fund,2023-03-29,Active
15651983,Loan,2023-10-29,Active
15746737,Credit Card,2022-08-10,Active
15746737,Insurance,2022-02-17,Active
15774179,Loan,2023-04-01,Inactive
15774179,Fixed Deposit,2022-08-18,Active
15774179,Insurance,2023-04-26,Active
15667265,Credit Card,2023-07-03,Active
15667265,Loan,2023-02-20,Active
15655123,Mutual Fund,2022-08-11,Active
15595917,Mutual Fund,2022-02-23,Active
15668385,Fixed Deposit,2023-05-27,Active
15668385,Insurance,2023-07-29,Active
15668385,Loan,2022-01-30,Active
15709476,Credit Card,2023-10-18,Active
15709476,Loan,2023-09-24,Active
15709476,Fixed Deposit,2023-03-22,Active
15711218,Insurance,2022-09-12,Active
15711218,Loan,2022-06-06,Inactive
15798659,Credit Card,2022-04-05,Active
15798659,Fixed Deposit,2022-01-16,Active
15798659,Mutual Fund,2023-03-27,Active
15663939,Insurance,2022-05-26,Active
15663939,Loan,2022-08-29,Active
15694946,Fixed Deposit,2022-10-27,Active
15694946,Mutual Fund,2023-04-09,Active
15631912,Insurance,2022-06-12,Active
15631912,Mutual Fund,2023-07-26,Active
15768816,Loan,2023-06-07,Inactive
15768816,Insurance,2023-08-31,Active
15768816,Fixed Deposit,2022-05-11,Active
15682268,Mutual Fund,2023-11-30,Inactive
15682268,Loan,2023-10-20,Active
15682268,Credit Card,2023-06-16,Active
15684801,Insurance,2023-10-20,Inactive
15636428,Loan,2023-09-29,Active
15809823,Insurance,2022-01-24,Inactive
15809823,Credit Card,2022-10-01,Active
15809823,Mutual Fund,2023-06-23,Inactive
15699284,Credit Card,2023-09-01,Active
15699284,Fixed Deposit,2023-05-10,Active
15699284,Mutual Fund,2023-06-11,Active
15786993,Loan,2022-12-03,Active
15786993,Fixed Deposit,2023-10-10,Active
15709441,Mutual Fund,2022-06-29,Active
15710257,Loan,2022-01-29,Inactive
15582492,Credit Card,2023-10-28,Active
15575694,Insurance,2023-09-13,Active
15575694,Mutual Fund,2023-11-14,Active
15575694,Loan,2023-09-14,Active
15756820,Mutual Fund,2023-01-04,Active
15766289,Credit Card,2022-06-24,Active
15766289,Loan,2023-12-02,Inactive
15593014,Insurance,2023-10-29,Active
15593014,Fixed Deposit,2023-02-18,Active
15584545,Credit Card,2023-12-28,Active
15584545,Loan,2023-09-24,Active
15584545,Mutual Fund,2023-02-23,Active
15675949,Fixed Deposit,2023-06-06,Active
15675949,Loan,2023-06-09,Active
15672091,Mutual Fund,2023-05-21,Active
15672091,Loan,2023-09-19,Active
15672091,Insurance,2023-03-03,Active
15801658,Mutual Fund,2023-03-14,Active
15801658,Insurance,2023-10-03,Active
15706185,Loan,2023-12-21,Active
15789863,Fixed Deposit,2022-11-23,Active
15720943,Mutual Fund,2022-02-18,Active
15720943,Fixed Deposit,2023-04-21,Inactive
15697997,Loan,2022-02-14,Active
15697997,Credit Card,2022-04-10,Active
15697997,Fixed Deposit,2022-09-24,Active
15665416,Mutual Fund,2023-08-04,Inactive
15660200,Mutual Fund,2023-12-28,Inactive
15660200,Loan,2022-12-09,Inactive
15660200,Insurance,2023-08-03,Active
15619653,Credit Card,2023-06-08,Active
15619653,Loan,2022-09-17,Inactive
15619653,Insurance,2023-07-31,Inactive
15773447,Loan,2022-04-19,Inactive
15739160,Credit Card,2022-07-28,Active
15739160,Fixed Deposit,2022-06-06,Active
15689237,Loan,2022-09-22,Active
15689237,Insurance,2023-08-22,Active
15679297,Credit Card,2023-08-02,Active
15679297,Insurance,2023-10-16,Active
15679297,Loan,2022-10-20,Inactive
15591433,Credit Card,2023-10-01,Inactive
15591433,Mutual Fund,2023-01-08,Inactive
15642725,Mutual Fund,2022-10-06,Inactive
15701962,Mutual Fund,2023-05-22,Active
15811613,Mutual Fund,2023-02-28,Active
15811613,Fixed Deposit,2022-12-02,Active
15811613,Insurance,2023-04-19,Active
15741049,Loan,2022-05-17,Active
15741049,Insurance,2022-06-25,Active
15741049,Fixed Deposit,2023-01-10,Active
15724423,Mutual Fund,2022-02-02,Inactive
15724423,Credit Card,2022-03-27,Active
15724423,Insurance,2022-06-04,Active
15574305,Fixed Deposit,2022-06-23,Active
15678168,Mutual Fund,2023-10-23,Active
15678168,Fixed Deposit,2023-05-24,Active
15678168,Insurance,2022-04-03,Active
15697020,Insurance,2022-12-14,Inactive
15697020,Credit Card,2023-01-26,Active
15610801,Credit Card,2023-03-08,Inactive
15610801,Mutual Fund,2022-04-01,Active
15745232,Loan,2023-01-09,Active
15745232,Credit Card,2023-11-13,Inactive
15722758,Mutual Fund,2022-06-04,Active
15792102,Loan,2022-06-27,Inactive
15792102,Mutual Fund,2022-01-21,Active
15675185,Credit Card,2023-06-25,Inactive
15675185,Fixed Deposit,2023-12-23,Active
15801247,Insurance,2023-06-04,Active
15801247,Credit Card,2023-12-08,Active
15801247,Loan,2023-09-19,Active
15725660,Credit Card,2023-02-07,Active
15638963,Loan,2023-09-02,Inactive
15638963,Fixed Deposit,2022-03-04,Active
15638963,Insurance,2023-03-13,Active
15800061,Credit Card,2022-04-21,Active
15800061,Fixed Deposit,2022-04-21,Active
15578006,Insurance,2022-06-03,Active
15578006,Fixed Deposit,2023-12-21,Inactive
15578006,Loan,2023-01-26,Active
15668504,Insurance,2023-10-12,Active
15668504,Fixed Deposit,2023-08-14,Active
15668504,Mutual Fund,2022-12-07,Active
15687491,Mutual Fund,2022-02-26,Active
15687491,Loan,2022-09-18,Active
15610403,Loan,2023-02-26,Inactive
15610403,Fixed Deposit,2022-11-13,Active
15741094,Insurance,2022-06-09,Active
15807909,Mutual Fund,2023-03-29,Active
15666141,Loan,2023-04-19,Active
15666141,Credit Card,2023-05-31,Active
15666141,Fixed Deposit,2022-01-12,Active
15617134,Insurance,2023-03-15,Active
15783029,Loan,2022-03-25,Active
15622833,Insurance,2023-04-12,Active
15746422,Loan,2023-03-08,Active
15746422,Mutual Fund,2022-07-20,Active
15746422,Credit Card,2022-08-07,Active
15750839,Insurance,2022-09-20,Active
15750839,Mutual Fund,2023-09-08,Active
15750839,Fixed Deposit,2023-01-21,Active
15749130,Insurance,2023-05-12,Active
15749130,Fixed Deposit,2023-10-09,Inactive
15749130,Mutual Fund,2022-06-06,Active
15779862,Insurance,2023-09-16,Active
15779862,Fixed Deposit,2023-05-21,Inactive
15779862,Mutual Fund,2022-07-14,Active
15767871,Mutual Fund,2022-09-10,Active
15679651,Insurance,2022-01-29,Active
15679651,Credit Card,2023-05-11,Active
15679651,Mutual Fund,2022-06-13,Active
15576219,Loan,2023-08-24,Active
15576219,Fixed Deposit,2022-01-27,Inactive
15576219,Mutual Fund,2022-02-10,Active
15699247,Fixed Deposit,2022-10-23,Active
15699247,Mutual Fund,2022-01-07,Active
15619087,Mutual Fund,2022-06-10,Inactive
15619087,Insurance,2023-03-02,Active
15619087,Loan,2022-10-05,Inactive
15605327,Loan,2022-03-14,Active
15605327,Fixed Deposit,2023-12-06,Active
15605327,Credit Card,2023-11-24,Active
15610140,Credit Card,2022-11-11,Active
15610140,Insurance,2023-04-30,Inactive
15610140,Loan,2022-12-20,Active
15791174,Insurance,2022-01-18,Active
15791174,Loan,2022-08-01,Active
15791174,Mutual Fund,2022-04-02,Active
15602373,Insurance,2022-08-10,Active
15602373,Credit Card,2023-01-29,Inactive
15762605,Credit Card,2022-04-20,Active
15598840,Insurance,2023-12-22,Active
15744279,Credit Card,2023-09-04,Active
15670619,Loan,2023-08-01,Active
15670619,Credit Card,2022-09-08,Active
15670619,Insurance,2023-05-09,Active
15599533,Credit Card,2023-05-17,Active
15599533,Loan,2023-10-14,Active
15599533,Insurance,2023-02-22,Active
15757837,Insurance,2023-10-20,Active
15757837,Fixed Deposit,2022-08-11,Active
15757837,Mutual Fund,2023-09-01,Active
15697574,Fixed Deposit,2022-04-05,Active
15697574,Insurance,2022-02-09,Active
15578738,Fixed Deposit,2023-05-09,Active
15762228,Fixed Deposit,2023-04-10,Active
15762228,Credit Card,2023-12-30,Inactive
15762228,Insurance,2022-07-14,Active
15614827,Credit Card,2022-11-29,Active
15614827,Loan,2022-05-02,Active
15789815,Insurance,2023-12-05,Active
15789815,Fixed Deposit,2023-12-28,Active
15789815,Credit Card,2023-06-24,Active
15579781,Credit Card,2022-05-07,Active
15579781,Fixed Deposit,2023-02-02,Active
15579781,Insurance,2022-01-25,Active
15587013,Insurance,2022-10-15,Inactive
15587013,Fixed Deposit,2023-01-28,Active
15570932,Loan,2023-09-10,Active
15794661,Loan,2023-01-09,Active
15581654,Mutual Fund,2023-07-18,Active
15644296,Insurance,2023-07-15,Active
15644296,Credit Card,2023-11-13,Active
15644296,Mutual Fund,2022-02-25,Active
15614420,Insurance,2022-02-01,Active
15614420,Mutual Fund,2022-11-06,Inactive
15614420,Fixed Deposit,2022-05-29,Active
15609653,Credit Card,2023-11-27,Active
15609653,Loan,2023-02-26,Inactive
15594577,Loan,2023-08-25,Active
15594577,Mutual Fund,2022-10-28,Active
15584114,Credit Card,2023-01-04,Active
15584114,Insurance,2023-11-19,Active
15673367,Mutual Fund,2022-11-02,Active
15673367,Loan,2022-05-28,Active
15685576,Insurance,2023-07-31,Inactive
15685576,Credit Card,2022-12-23,Active
15774727,Mutual Fund,2022-02-22,Active
15774727,Credit Card,2023-07-27,Inactive
15774727,Insurance,2022-05-15,Active
15694288,Credit Card,2022-04-27,Active
15694288,Loan,2022-03-08,Inactive
15603319,Credit Card,2023-12-02,Active
15603319,Mutual Fund,2022-03-12,Active
15603319,Loan,2022-10-06,Active
15759066,Credit Card,2023-10-30,Active
15759066,Loan,2023-02-05,Active
15759066,Fixed Deposit,2022-11-09,Active
15814816,Credit Card,2022-11-13,Active
15724402,Fixed Deposit,2023-11-22,Inactive
15724402,Insurance,2022-04-09,Active
15571059,Mutual Fund,2023-06-18,Active
15674206,Insurance,2023-07-07,Active
15674206,Fixed Deposit,2023-11-02,Active
15674206,Mutual Fund,2022-06-13,Inactive
15715160,Credit Card,2022-01-05,Active
15715160,Mutual Fund,2023-05-05,Active
15715160,Loan,2022-06-21,Active
15730448,Insurance,2022-10-27,Inactive
15730448,Credit Card,2023-12-24,Inactive
15730448,Loan,2023-07-27,Active
15662067,Loan,2022-04-11,Active
15662067,Mutual Fund,2022-05-04,Active
15779581,Insurance,2023-09-07,Active
15779581,Mutual Fund,2023-06-10,Active
15779581,Credit Card,2023-08-24,Inactive
15662901,Credit Card,2023-10-03,Active
15662901,Fixed Deposit,2022-04-01,Active
15662901,Insurance,2023-01-01,Active
15689751,Insurance,2022-06-27,Active
15667742,Fixed Deposit,2023-11-20,Active
15738448,Insurance,2023-05-11,Active
15738448,Fixed Deposit,2023-09-21,Active
15738448,Loan,2023-01-25,Active
15680243,Loan,2023-01-13,Active
15745083,Mutual Fund,2023-10-21,Active
15708228,Mutual Fund,2022-12-07,Active
15708228,Loan,2023-03-19,Active
15708228,Credit Card,2023-05-19,Inactive
15628523,Insurance,2022-06-08,Active
15708196,Insurance,2023-10-26,Inactive
15735549,Credit Card,2022-02-11,Active
15809347,Loan,2022-08-02,Active
15660866,Insurance,2023-02-21,Active
15766609,Insurance,2022-08-26,Inactive
15766609,Credit Card,2023-02-19,Active
15654230,Mutual Fund,2023-10-19,Active
15654230,Credit Card,2023-06-14,Active
15654230,Loan,2023-04-16,Inactive
15794566,Mutual Fund,2022-06-06,Active
15794566,Insurance,2022-06-25,Active
15794566,Loan,2023-09-02,Active
15800890,Fixed Deposit,2023-05-30,Inactive
15800890,Mutual Fund,2022-12-28,Active
15697424,Credit Card,2022-11-19,Inactive
15697424,Fixed Deposit,2023-07-24,Active
15724536,Mutual Fund,2023-08-04,Active
15735878,Insurance,2022-01-25,Active
15735878,Credit Card,2023-09-12,Active
15707596,Insurance,2023-06-27,Active
15707596,Loan,2022-12-25,Active
15707596,Credit Card,2022-02-26,Active
15657163,Credit Card,2022-03-04,Inactive
15657163,Insurance,2023-05-19,Inactive
15622478,Credit Card,2023-05-26,Inactive
15779529,Credit Card,2022-05-03,Active
15636023,Insurance,2022-10-28,Active
15636023,Credit Card,2023-07-10,Active
15636023,Loan,2022-04-11,Active
15582066,Loan,2022-04-29,Active
15666675,Loan,2023-06-26,Active
15732987,Mutual Fund,2022-04-28,Active
15789432,Insurance,2022-02-01,Inactive
15789432,Credit Card,2022-03-03,Active
15663161,Fixed Deposit,2023-10-07,Active
15663161,Insurance,2023-12-13,Active
15663161,Credit Card,2023-08-30,Active
15694879,Credit Card,2023-10-25,Active
15694879,Fixed Deposit,2022-06-28,Active
15694879,Mutual Fund,2023-05-26,Active
15593715,Mutual Fund,2022-02-16,Active
15575002,Mutual Fund,2023-12-26,Active
15575002,Loan,2023-01-18,Active
15575002,Insurance,2023-11-27,Active
15622171,Credit Card,2022-05-10,Active
15622171,Fixed Deposit,2022-03-15,Active
15622171,Mutual Fund,2022-11-06,Active
15795224,Loan,2022-01-29,Inactive
15795224,Fixed Deposit,2022-03-20,Active
15795224,Insurance,2022-05-13,Active
15685346,Mutual Fund,2023-02-01,Inactive
15685346,Loan,2023-02-01,Active
15691808,Loan,2023-09-04,Active
15721007,Loan,2023-10-06,Active
15721007,Credit Card,2022-08-22,Active
15794253,Mutual Fund,2023-05-28,Active
15794253,Insurance,2022-08-04,Active
15694453,Mutual Fund,2022-10-17,Active
15813113,Insurance,2022-05-12,Active
15813113,Mutual Fund,2023-09-12,Active
15813113,Credit Card,2022-02-28,Active
15614187,Credit Card,2023-12-04,Active
15619407,Fixed Deposit,2022-06-20,Active
15619407,Mutual Fund,2023-03-30,Inactive
15646227,Loan,2022-02-27,Active
15646227,Insurance,2022-03-03,Active
15660541,Insurance,2022-06-04,Active
15660541,Credit Card,2022-07-15,Inactive
15753874,Loan,2023-12-09,Active
15753874,Credit Card,2022-02-27,Active
15753874,Fixed Deposit,2023-06-19,Active
15617877,Loan,2022-02-21,Active
15772073,Mutual Fund,2023-09-24,Active
15772073,Insurance,2023-10-31,Active
15772073,Fixed Deposit,2022-05-24,Active
15701537,Credit Card,2022-09-21,Inactive
15701537,Insurance,2022-07-23,Inactive
15736228,Credit Card,2022-12-03,Active
15736228,Mutual Fund,2022-10-30,Active
15736228,Fixed Deposit,2023-06-17,Inactive
15780572,Mutual Fund,2022-08-01,Inactive
15769596,Fixed Deposit,2023-05-02,Active
15769596,Loan,2022-03-28,Active
15769596,Mutual Fund,2022-12-08,Inactive
15586996,Insurance,2022-06-20,Active
15586996,Credit Card,2022-04-03,Active
15722061,Insurance,2023-07-19,Active
15638003,Credit Card,2022-12-26,Active
15638003,Fixed Deposit,2022-03-01,Active
15775590,Mutual Fund,2023-06-30,Inactive
15775590,Loan,2023-09-28,Active
15775590,Insurance,2022-07-14,Active
15730688,Credit Card,2023-05-02,Active
15753102,Loan,2023-03-02,Inactive
15810075,Insurance,2022-11-12,Active
15810075,Mutual Fund,2023-11-07,Active
15810075,Loan,2022-08-18,Active
15723373,Mutual Fund,2022-02-12,Active
15795298,Loan,2022-06-18,Active
15584320,Fixed Deposit,2022-10-15,Active
15584320,Mutual Fund,2023-01-12,Active
15584320,Loan,2022-01-13,Active
15724161,Credit Card,2023-10-31,Inactive
15750056,Loan,2022-08-14,Active
15750056,Fixed Deposit,2023-01-18,Active
15750056,Credit Card,2023-12-02,Active
15609637,Fixed Deposit,2023-10-31,Active
15609637,Loan,2023-04-11,Active
15609637,Insurance,2022-07-22,Active
15794493,Mutual Fund,2022-11-24,Inactive
15569641,Credit Card,2022-12-02,Inactive
15569641,Insurance,2022-03-23,Inactive
15815236,Credit Card,2023-05-03,Active
15815236,Mutual Fund,2022-08-10,Inactive
15815236,Loan,2022-10-15,Active
15811177,Mutual Fund,2022-03-13,Active
15680587,Fixed Deposit,2023-08-17,Active
15680587,Loan,2022-11-15,Active
15672821,Insurance,2023-02-28,Inactive
15672821,Loan,2023-10-29,Active
15767681,Fixed Deposit,2023-07-21,Inactive
15767681,Credit Card,2022-10-14,Active
15600379,Loan,2023-06-15,Active
15600379,Credit Card,2022-11-27,Inactive
15600379,Fixed Deposit,2023-10-10,Active
15801336,Insurance,2023-09-18,Active
15721592,Fixed Deposit,2023-09-13,Active
15721592,Insurance,2023-03-16,Active
15721592,Credit Card,2022-01-03,Active
15581282,Mutual Fund,2022-04-04,Active
15581282,Fixed Deposit,2023-11-11,Active
15581282,Credit Card,2022-09-14,Inactive
15746203,Fixed Deposit,2022-01-10,Active
15746203,Mutual Fund,2023-08-23,Active
15746203,Insurance,2023-08-13,Active
15583137,Fixed Deposit,2023-03-15,Active
15680752,Fixed Deposit,2022-02-16,Inactive
15680752,Mutual Fund,2023-08-30,Inactive
15680752,Insurance,2022-12-13,Active
15688172,Insurance,2022-09-01,Inactive
15688172,Mutual Fund,2022-06-26,Active
15688172,Fixed Deposit,2023-07-02,Active
15791373,Loan,2022-12-19,Active
15589449,Credit Card,2023-12-15,Inactive
15589449,Loan,2022-10-05,Active
15692819,Mutual Fund,2023-11-22,Active
15692819,Fixed Deposit,2022-09-20,Active
15727467,Loan,2023-02-05,Inactive
15727467,Fixed Deposit,2023-10-25,Active
15727467,Insurance,2023-07-19,Inactive
15734312,Mutual Fund,2023-11-06,Active
15734312,Loan,2022-10-04,Active
15764604,Credit Card,2022-10-09,Active
15613014,Credit Card,2022-02-02,Active
15759684,Fixed Deposit,2022-09-23,Active
15759684,Insurance,2022-05-11,Active
15759684,Credit Card,2022-05-02,Active
15609669,Insurance,2023-09-05,Active
15685536,Fixed Deposit,2022-09-07,Active
15750447,Credit Card,2023-06-26,Inactive
15663249,Loan,2023-02-15,Active
15663249,Credit Card,2022-08-28,Inactive
15638646,Credit Card,2023-07-20,Active
15638646,Loan,2023-01-14,Active
15638646,Insurance,2023-10-11,Active
15734161,Credit Card,2023-06-22,Active
15631070,Mutual Fund,2022-06-16,Active
15631070,Insurance,2022-08-04,Inactive
15761950,Insurance,2022-11-27,Active
15761950,Loan,2022-07-11,Active
15761950,Credit Card,2022-03-27,Active
15649668,Insurance,2023-06-23,Active
15649668,Credit Card,2022-06-12,Active
15649668,Fixed Deposit,2022-03-22,Active
15713912,Credit Card,2022-11-10,Active
15586757,Fixed Deposit,2023-11-28,Active
15596522,Credit Card,2023-05-11,Inactive
15596522,Fixed Deposit,2022-09-08,Active
15625395,Credit Card,2022-03-16,Active
15625395,Loan,2023-09-28,Inactive
15625395,Insurance,2023-04-28,Active
15760570,Fixed Deposit,2022-03-23,Active
15760570,Mutual Fund,2023-09-16,Active
15566689,Insurance,2022-07-19,Inactive
15566689,Loan,2023-09-28,Active
15725794,Fixed Deposit,2022-09-16,Inactive
15725794,Loan,2023-02-10,Active
15725794,Credit Card,2023-03-15,Active
15673539,Insurance,2023-02-02,Active
15673539,Mutual Fund,2023-10-10,Active
15673539,Fixed Deposit,2023-05-07,Active
15705298,Insurance,2023-12-04,Active
15675791,Fixed Deposit,2022-02-17,Active
15675791,Insurance,2023-03-09,Active
15675791,Mutual Fund,2022-06-20,Active
15747043,Insurance,2023-07-12,Active
15736397,Insurance,2023-02-24,Active
15678201,Fixed Deposit,2022-06-17,Active
15720745,Insurance,2023-09-19,Inactive
15637593,Credit Card,2023-09-02,Active
15637593,Insurance,2023-09-08,Active
15637593,Mutual Fund,2023-08-26,Active
15598070,Fixed Deposit,2023-12-30,Inactive
15787550,Loan,2022-01-21,Active
15787550,Credit Card,2023-09-05,Active
15787550,Fixed Deposit,2023-12-26,Active
15603942,Insurance,2023-02-03,Inactive
15603942,Loan,2023-05-04,Active
15733973,Credit Card,2022-09-26,Active
15733973,Mutual Fund,2022-11-13,Inactive
15733973,Fixed Deposit,2023-08-07,Inactive
15596761,Loan,2022-04-25,Active
15596761,Credit Card,2022-04-27,Active
15652400,Mutual Fund,2023-01-08,Inactive
15717893,Insurance,2023-12-25,Active
15717893,Loan,2022-06-07,Active
15622585,Credit Card,2023-01-13,Active
15733964,Insurance,2022-02-04,Inactive
15733964,Credit Card,2023-05-06,Active
15733964,Loan,2022-01-29,Active
15753861,Insurance,2023-11-22,Active
15753861,Fixed Deposit,2023-12-14,Active
15747097,Insurance,2023-06-28,Active
15594762,Insurance,2022-10-19,Active
15594762,Credit Card,2022-11-20,Active
15667417,Credit Card,2023-09-22,Active
15667417,Insurance,2022-06-30,Active
15667417,Loan,2023-08-20,Active
15684861,Credit Card,2022-06-13,Inactive
15684861,Insurance,2022-03-11,Active
15684861,Mutual Fund,2022-12-01,Active
15742204,Fixed Deposit,2023-08-16,Active
15623502,Insurance,2022-03-04,Active
15774872,Credit Card,2023-01-14,Active
15774872,Fixed Deposit,2023-10-16,Inactive
15611191,Mutual Fund,2022-12-06,Active
15611191,Insurance,2023-11-25,Active
15674331,Loan,2022-03-31,Active
15674331,Fixed Deposit,2022-03-26,Active
15619465,Credit Card,2022-07-30,Active
15619465,Fixed Deposit,2023-07-03,Active
15619465,Loan,2023-05-31,Active
15575247,Fixed Deposit,2023-08-29,Active
15575247,Mutual Fund,2022-10-22,Active
15575247,Insurance,2023-03-15,Active
15695679,Mutual Fund,2022-01-11,Active
15713463,Fixed Deposit,2022-08-06,Active
15785170,Insurance,2022-09-04,Active
15796351,Mutual Fund,2023-10-02,Inactive
15796351,Insurance,2023-05-15,Inactive
15796351,Fixed Deposit,2023-06-01,Active
15639576,Credit Card,2022-06-25,Inactive
15639576,Fixed Deposit,2022-10-01,Inactive
15639576,Loan,2023-05-31,Active
15693264,Credit Card,2023-05-06,Active
15693264,Insurance,2022-01-30,Inactive
15693264,Mutual Fund,2023-10-03,Active
15589715,Fixed Deposit,2022-08-09,Active
15769902,Credit Card,2023-06-19,Inactive
15587177,Loan,2023-08-25,Active
15587177,Mutual Fund,2022-10-27,Active
15587177,Fixed Deposit,2023-06-22,Active
15814553,Mutual Fund,2022-06-09,Active
15814553,Insurance,2022-11-24,Active
15601550,Insurance,2022-02-09,Active
15664907,Fixed Deposit,2022-07-03,Active
15664907,Mutual Fund,2022-08-26,Active
15612465,Fixed Deposit,2022-01-17,Inactive
15810800,Loan,2022-07-11,Active
15665760,Insurance,2022-02-16,Inactive
15588080,Fixed Deposit,2022-07-06,Inactive
15588080,Mutual Fund,2022-10-14,Active
15776844,Fixed Deposit,2022-04-24,Active
15717560,Insurance,2023-11-25,Active
15629739,Loan,2023-08-19,Active
15629739,Fixed Deposit,2023-03-03,Active
15729908,Loan,2023-01-16,Inactive
15729908,Insurance,2023-06-13,Inactive
15716781,Mutual Fund,2023-05-25,Active
15716781,Fixed Deposit,2023-02-21,Active
15716781,Loan,2023-12-23,Active
15646936,Fixed Deposit,2022-10-05,Active
15768151,Fixed Deposit,2023-08-03,Active
15579212,Insurance,2022-11-29,Active
15721835,Fixed Deposit,2022-10-22,Inactive
15721835,Loan,2023-03-04,Active
15800515,Loan,2023-12-30,Active
15800515,Fixed Deposit,2022-12-10,Active
15591279,Loan,2023-01-27,Inactive
15591279,Mutual Fund,2022-05-11,Active
15591279,Credit Card,2023-12-16,Inactive
15587419,Mutual Fund,2023-10-18,Active
15587419,Insurance,2022-06-04,Active
15587419,Loan,2022-04-27,Active
15750335,Mutual Fund,2023-07-02,Active
15699619,Mutual Fund,2023-07-29,Active
15606472,Mutual Fund,2023-03-07,Active
15606472,Fixed Deposit,2022-04-08,Active
15778368,Mutual Fund,2022-03-02,Active
15778368,Loan,2022-08-18,Active
15778368,Fixed Deposit,2022-12-07,Active
15671387,Mutual Fund,2023-12-17,Active
15671387,Fixed Deposit,2022-02-09,Active
15671387,Loan,2022-01-01,Active
15573926,Credit Card,2022-11-18,Active
15573926,Fixed Deposit,2023-03-30,Active
15573926,Loan,2022-11-12,Active
15709183,Loan,2023-12-15,Active
15709183,Fixed Deposit,2022-05-20,Active
15709183,Credit Card,2022-12-21,Active
15577514,Mutual Fund,2023-10-02,Active
15577514,Loan,2022-03-30,Active
15778830,Insurance,2023-05-16,Inactive
15778830,Credit Card,2022-11-26,Active
15768072,Credit Card,2022-04-02,Inactive
15768072,Mutual Fund,2023-05-22,Active
15768293,Mutual Fund,2023-11-12,Active
15768293,Loan,2023-11-15,Active
15768293,Credit Card,2022-04-06,Active
15654456,Credit Card,2023-01-11,Active
15807525,Fixed Deposit,2023-09-02,Active
15574372,Loan,2023-05-21,Active
15574372,Fixed Deposit,2022-11-23,Inactive
15574372,Insurance,2023-02-15,Active
15671249,Credit Card,2023-07-18,Active
15671249,Fixed Deposit,2022-12-03,Active
15671249,Insurance,2023-08-17,Active
15779744,Loan,2023-10-01,Active
15624755,Loan,2022-09-18,Active
15624755,Credit Card,2023-08-19,Active
15624755,Fixed Deposit,2023-05-07,Active
15611430,Mutual Fund,2022-07-23,Active
15611430,Fixed Deposit,2022-10-25,Active
15774744,Loan,2022-06-21,Active
15774744,Fixed Deposit,2022-06-24,Active
15629885,Credit Card,2022-06-05,Inactive
15708791,Insurance,2022-06-30,Active
15793890,Insurance,2023-02-19,Inactive
15793890,Fixed Deposit,2022-10-14,Inactive
15793890,Mutual Fund,2023-03-05,Active
15646091,Insurance,2023-10-22,Active
15646091,Credit Card,2022-12-06,Active
15596984,Fixed Deposit,2022-03-18,Active
15800215,Mutual Fund,2023-09-25,Active
15800215,Loan,2022-07-22,Inactive
15800215,Fixed Deposit,2022-02-02,Active
15577806,Insurance,2022-09-27,Active
15577806,Fixed Deposit,2022-01-31,Active
15577806,Loan,2023-08-04,Active
15749381,Insurance,2023-10-07,Active
15749381,Fixed Deposit,2023-08-25,Inactive
15683758,Insurance,2023-01-15,Active
15683758,Fixed Deposit,2023-08-31,Active
15670615,Credit Card,2023-10-18,Inactive
15715622,Mutual Fund,2023-08-20,Active
15715622,Credit Card,2023-03-21,Active
15715622,Fixed Deposit,2022-05-18,Active
15707634,Credit Card,2023-04-04,Active
15806901,Loan,2023-07-17,Active
15806901,Fixed Deposit,2022-06-25,Active
15806901,Mutual Fund,2022-02-14,Active
15775335,Insurance,2022-03-06,Inactive
15724150,Fixed Deposit,2022-03-04,Active
15627220,Fixed Deposit,2023-02-07,Active
15627220,Credit Card,2022-07-25,Active
15672330,Fixed Deposit,2022-09-26,Active
15672330,Loan,2022-10-06,Active
15668521,Fixed Deposit,2023-03-09,Active
15807837,Insurance,2022-09-25,Active
15592570,Credit Card,2022-04-13,Active
15592570,Fixed Deposit,2023-04-06,Inactive
15748589,Credit Card,2023-04-28,Active
15748589,Insurance,2023-07-27,Active
15635893,Fixed Deposit,2023-09-16,Active
15757632,Insurance,2023-09-12,Active
15757632,Loan,2023-06-02,Inactive
15757632,Fixed Deposit,2022-10-05,Active
15691863,Mutual Fund,2023-10-21,Active
15706071,Fixed Deposit,2022-01-29,Active
15706071,Mutual Fund,2023-12-21,Active
15706071,Loan,2022-05-07,Active
15654296,Loan,2023-06-20,Inactive
15755018,Credit Card,2023-11-05,Active
15755018,Insurance,2022-03-24,Active
15755018,Mutual Fund,2022-04-26,Active
15594041,Credit Card,2023-06-01,Active
15594041,Insurance,2023-06-21,Active
15670587,Insurance,2023-05-31,Active
15724527,Credit Card,2022-10-27,Active
15801904,Insurance,2023-01-19,Active
15801904,Credit Card,2022-08-13,Active
15658195,Loan,2023-08-27,Active
15658195,Fixed Deposit,2022-05-24,Inactive
15658195,Mutual Fund,2022-08-15,Active
15630113,Loan,2022-03-26,Active
15630113,Credit Card,2022-06-09,Inactive
15630113,Insurance,2023-02-06,Active
15784320,Mutual Fund,2022-01-17,Active
15784320,Credit Card,2023-03-10,Active
15784320,Insurance,2022-10-27,Active
15676513,Credit Card,2023-01-18,Active
15574072,Credit Card,2023-11-24,Inactive
15574072,Insurance,2022-07-17,Inactive
15574072,Mutual Fund,2023-07-24,Active
15633854,Mutual Fund,2023-05-18,Active
15618566,Credit Card,2022-02-16,Active
15733014,Credit Card,2023-02-14,Active
15753343,Mutual Fund,2023-05-08,Active
15746076,Credit Card,2022-08-04,Active
15746076,Mutual Fund,2022-07-23,Active
15746076,Fixed Deposit,2023-11-24,Active
15608226,Mutual Fund,2023-10-01,Active
15608226,Fixed Deposit,2023-10-17,Active
15608226,Loan,2023-03-07,Active
15605684,Credit Card,2022-03-26,Inactive
15605684,Insurance,2022-12-02,Inactive
15638988,Mutual Fund,2023-01-02,Active
15638988,Credit Card,2022-10-30,Active
15638988,Fixed Deposit,2023-10-19,Active
15628767,Loan,2022-02-08,Active
15628767,Mutual Fund,2023-03-21,Active
15737977,Loan,2022-05-07,Active
15737977,Credit Card,2023-01-04,Active
15737977,Mutual Fund,2022-06-29,Active
15758116,Credit Card,2023-10-16,Active
15758116,Mutual Fund,2023-03-19,Active
15575119,Loan,2023-01-30,Active
15625126,Fixed Deposit,2022-01-23,Active
15567114,Fixed Deposit,2022-04-12,Active
15567114,Insurance,2022-07-06,Active
15672242,Insurance,2023-09-08,Active
15672242,Loan,2023-06-29,Active
15681327,Loan,2023-05-10,Active
15681327,Mutual Fund,2022-11-19,Active
15681327,Credit Card,2023-03-07,Inactive
15802585,Fixed Deposit,2022-01-07,Active
15740630,Insurance,2023-03-30,Active
15740630,Loan,2023-02-20,Active
15815420,Loan,2023-10-04,Active
15815420,Fixed Deposit,2023-11-12,Active
15711468,Loan,2022-11-20,Active
15799626,Loan,2023-04-15,Active
15799626,Credit Card,2022-01-14,Active
15659325,Insurance,2022-02-13,Active
15659325,Fixed Deposit,2022-01-06,Inactive
15651352,Loan,2022-04-18,Active
15651352,Insurance,2022-11-13,Active
15651352,Fixed Deposit,2022-06-24,Inactive
15684925,Loan,2023-01-21,Active
15684925,Mutual Fund,2022-03-27,Active
15657439,Loan,2023-06-13,Active
15657439,Fixed Deposit,2023-02-10,Active
15657439,Mutual Fund,2023-03-09,Inactive
15574122,Insurance,2022-12-16,Active
15720508,Insurance,2022-02-09,Inactive
15720508,Fixed Deposit,2022-08-12,Inactive
15720508,Credit Card,2023-11-30,Active
15599078,Mutual Fund,2023-03-11,Active
15599078,Insurance,2022-06-03,Active
15599078,Credit Card,2023-04-05,Active
15702300,Insurance,2022-12-31,Active
15702300,Credit Card,2023-10-23,Inactive
15702300,Loan,2022-12-05,Active
15660735,Insurance,2022-02-14,Active
15660735,Credit Card,2022-03-25,Active
15671390,Insurance,2023-12-16,Active
15671390,Fixed Deposit,2022-05-02,Active
15647385,Credit Card,2022-02-17,Active
15739223,Loan,2023-12-14,Active
15739223,Fixed Deposit,2022-01-17,Active
15739223,Insurance,2022-08-29,Active
15631305,Credit Card,2022-11-19,Active
15631305,Mutual Fund,2022-10-29,Active
15809263,Mutual Fund,2023-01-24,Active
15809263,Insurance,2022-03-11,Active
15640866,Fixed Deposit,2022-08-31,Inactive
15775663,Loan,2022-04-16,Active
15775663,Mutual Fund,2022-01-30,Active
15775663,Insurance,2022-12-11,Active
15631800,Fixed Deposit,2022-07-28,Active
15631800,Credit Card,2023-03-06,Active
15631800,Mutual Fund,2023-07-28,Active
15654292,Insurance,2023-06-10,Active
15654292,Fixed Deposit,2022-02-19,Inactive
15654292,Loan,2022-01-12,Active
15648320,Credit Card,2022-10-17,Active
15648320,Insurance,2023-06-19,Active
15726747,Loan,2022-09-30,Inactive
15726747,Mutual Fund,2022-06-08,Active
15726747,Insurance,2022-06-15,Active
15694510,Fixed Deposit,2022-02-21,Active
15572291,Credit Card,2023-02-11,Active
15603465,Fixed Deposit,2023-05-16,Active
15685628,Fixed Deposit,2023-09-14,Inactive
15685628,Mutual Fund,2022-07-08,Active
15792729,Fixed Deposit,2023-08-05,Active
15792729,Mutual Fund,2022-08-04,Active
15792729,Insurance,2022-04-23,Active
15767414,Loan,2023-12-19,Active
15568044,Insurance,2023-04-23,Active
15568044,Credit Card,2022-12-25,Active
15568044,Mutual Fund,2022-10-31,Active
15751333,Mutual Fund,2023-05-07,Active
15751333,Loan,2022-09-24,Active
15623062,Insurance,2022-11-08,Active
15713621,Insurance,2023-07-17,Active
15713621,Mutual Fund,2023-07-30,Active
15713621,Loan,2023-04-03,Active
15670668,Insurance,2022-02-19,Active
15670668,Fixed Deposit,2022-09-10,Active
15750638,Credit Card,2023-07-16,Active
15750638,Fixed Deposit,2022-05-15,Inactive
15747878,Credit Card,2022-05-23,Active
15726796,Fixed Deposit,2023-01-23,Active
15754952,Insurance,2023-12-18,Active
15754952,Fixed Deposit,2022-12-30,Inactive
15754952,Credit Card,2023-06-18,Active
15652192,Fixed Deposit,2023-04-27,Active
15681924,Insurance,2023-08-06,Active
15763544,Insurance,2023-08-16,Inactive
15764431,Loan,2023-11-09,Active
15684010,Fixed Deposit,2023-08-24,Active
15648881,Loan,2022-07-30,Active
15648881,Fixed Deposit,2023-10-27,Active
15648881,Credit Card,2022-03-07,Active
15733303,Credit Card,2022-04-10,Active
15733303,Loan,2022-10-04,Active
15643294,Insurance,2023-03-30,Active
15643294,Credit Card,2023-06-29,Inactive
15749905,Loan,2022-06-04,Active
15749905,Mutual Fund,2023-07-24,Active
15749905,Credit Card,2022-12-25,Active
15625175,Loan,2023-12-22,Inactive
15643967,Insurance,2023-01-15,Active
15578251,Insurance,2023-01-03,Active
15578251,Loan,2022-12-03,Inactive
15578251,Fixed Deposit,2023-05-23,Active
15772573,Insurance,2022-08-17,Active
15733234,Insurance,2023-01-18,Active
15733234,Credit Card,2022-10-11,Inactive
15721582,Mutual Fund,2023-03-06,Inactive
15721582,Insurance,2023-09-16,Inactive
15721582,Fixed Deposit,2023-03-24,Inactive
15628219,Insurance,2022-12-17,Inactive
15628219,Loan,2022-06-09,Active
15628219,Credit Card,2022-09-22,Active
15571302,Loan,2022-06-16,Active
15571302,Credit Card,2022-12-23,Active
15571302,Mutual Fund,2022-07-23,Active
15637178,Loan,2022-02-02,Active
15601184,Loan,2022-05-22,Active
15629511,Mutual Fund,2022-03-01,Active
15629511,Loan,2023-05-03,Inactive
15570629,Credit Card,2022-01-28,Active
15665766,Insurance,2023-08-31,Active
15665766,Fixed Deposit,2022-08-10,Active
15665766,Credit Card,2023-09-11,Inactive
15693732,Fixed Deposit,2022-03-14,Inactive
15693732,Loan,2023-03-06,Inactive
15765982,Mutual Fund,2022-12-11,Active
15765982,Fixed Deposit,2023-07-27,Active
15765982,Loan,2022-04-01,Active
15582016,Insurance,2022-04-23,Active
15798024,Insurance,2023-12-27,Active
15798024,Credit Card,2023-06-14,Inactive
15798024,Mutual Fund,2022-03-06,Active
15588622,Mutual Fund,2023-11-25,Active
15588622,Insurance,2023-04-28,Inactive
15724863,Fixed Deposit,2022-01-02,Active
15618213,Loan,2023-04-22,Inactive
15780411,Loan,2022-02-04,Inactive
15725429,Loan,2022-04-26,Active
15725429,Mutual Fund,2023-05-24,Active
15600626,Loan,2022-05-31,Active
15668460,Insurance,2022-01-14,Active
15668460,Fixed Deposit,2022-09-26,Inactive
15576263,Credit Card,2022-07-10,Active
15576263,Mutual Fund,2023-01-05,Active
15576263,Loan,2023-06-20,Active
15720354,Loan,2023-11-13,Active
15691624,Insurance,2023-09-15,Active
15793196,Insurance,2022-10-08,Inactive
15633352,Credit Card,2022-09-26,Active
15633352,Loan,2023-08-31,Inactive
15633352,Mutual Fund,2022-02-28,Active
15750874,Loan,2022-10-28,Active
15750874,Fixed Deposit,2023-06-01,Active
15750874,Credit Card,2022-10-23,Active
15588923,Insurance,2022-05-17,Active
15588923,Loan,2023-04-24,Active
15715745,Loan,2023-04-19,Inactive
15715745,Fixed Deposit,2023-06-16,Active
15611800,Fixed Deposit,2022-08-14,Active
15611800,Insurance,2023-05-01,Active
15611800,Mutual Fund,2023-07-06,Active
15576928,Credit Card,2023-04-12,Inactive
15793693,Loan,2022-05-03,Active
15793693,Mutual Fund,2023-07-04,Active
15581252,Loan,2022-12-30,Active
15581252,Mutual Fund,2022-08-22,Inactive
15581252,Fixed Deposit,2022-04-16,Active
15797760,Insurance,2022-03-01,Active
15797760,Loan,2022-05-26,Active
15790564,Insurance,2022-09-27,Active
15790564,Credit Card,2023-06-21,Inactive
15790564,Loan,2022-09-05,Inactive
15593736,Mutual Fund,2023-08-22,Active
15593736,Loan,2023-08-22,Active
15593736,Credit Card,2022-06-19,Active
15595937,Credit Card,2023-10-19,Active
15595937,Mutual Fund,2023-03-08,Active
15815628,Credit Card,2022-12-25,Active
15815628,Mutual Fund,2023-06-24,Active
15782802,Credit Card,2022-11-08,Active
15782802,Insurance,2022-12-30,Active
15627412,Mutual Fund,2023-06-12,Active
15627412,Insurance,2022-05-26,Active
15627412,Fixed Deposit,2022-02-26,Inactive
15734609,Loan,2023-07-09,Active
15734609,Mutual Fund,2023-06-20,Active
15734609,Credit Card,2023-10-10,Active
15710689,Insurance,2022-09-19,Active
15565806,Insurance,2023-07-04,Active
15815530,Insurance,2023-05-08,Active
15632272,Insurance,2022-04-15,Inactive
15632272,Fixed Deposit,2022-09-29,Active
15632272,Mutual Fund,2023-10-03,Active
15684103,Credit Card,2023-11-09,Active
15684103,Insurance,2023-10-22,Active
15654519,Mutual Fund,2022-04-08,Active
15654519,Fixed Deposit,2023-11-29,Active
15767722,Mutual Fund,2022-02-27,Inactive
15654346,Credit Card,2022-03-24,Inactive
15654346,Fixed Deposit,2023-02-02,Active
15654346,Insurance,2022-10-07,Active
15660147,Loan,2022-05-16,Active
15660147,Mutual Fund,2023-05-21,Active
15660147,Fixed Deposit,2022-09-09,Active
15814998,Credit Card,2023-01-31,Inactive
15802207,Mutual Fund,2022-09-09,Active
15802207,Insurance,2022-01-03,Active
15658668,Insurance,2023-10-19,Active
15715079,Loan,2022-08-13,Inactive
15570360,Credit Card,2022-01-12,Active
15570360,Insurance,2022-06-10,Active
15674678,Insurance,2023-10-17,Active
15674678,Mutual Fund,2023-07-12,Active
15780925,Fixed Deposit,2022-10-31,Active
15780925,Loan,2022-03-05,Inactive
15780925,Mutual Fund,2022-09-07,Active
15688193,Insurance,2022-01-16,Active
15778219,Fixed Deposit,2022-02-24,Active
15778219,Loan,2023-06-03,Active
15696514,Mutual Fund,2023-03-30,Active
15696514,Insurance,2022-01-01,Inactive
15696514,Credit Card,2023-06-11,Inactive
15712303,Mutual Fund,2022-02-08,Inactive
15712303,Loan,2023-10-05,Active
15712303,Insurance,2023-10-13,Active
15719090,Fixed Deposit,2023-10-29,Active
15735632,Insurance,2023-08-10,Inactive
15735632,Loan,2022-07-23,Active
15619436,Credit Card,2023-12-17,Inactive
15619436,Fixed Deposit,2022-08-24,Inactive
15722404,Insurance,2022-05-31,Active
15662063,Credit Card,2023-05-02,Inactive
15745605,Loan,2022-06-29,Inactive
15636658,Credit Card,2022-01-13,Active
15784130,Credit Card,2022-05-14,Active
15784130,Insurance,2022-01-23,Active
15784130,Fixed Deposit,2023-02-10,Inactive
15606755,Mutual Fund,2022-04-13,Inactive
15606755,Credit Card,2022-09-18,Inactive
15606755,Fixed Deposit,2022-12-25,Active
15801699,Insurance,2022-02-09,Active
15801699,Mutual Fund,2023-07-18,Inactive
15801699,Credit Card,2022-01-31,Active
15784097,Mutual Fund,2023-05-17,Active
15764654,Insurance,2023-04-18,Active
15764654,Fixed Deposit,2023-11-27,Active
15612092,Credit Card,2023-03-24,Active
15610903,Fixed Deposit,2022-10-17,Active
15705777,Credit Card,2023-07-23,Active
15705777,Fixed Deposit,2022-03-28,Active
15705777,Mutual Fund,2022-08-03,Active
15661936,Credit Card,2022-06-05,Active
15661936,Fixed Deposit,2023-11-10,Active
15661936,Insurance,2022-07-06,Active
15700864,Insurance,2023-09-11,Inactive
15700864,Loan,2022-01-28,Inactive
15700864,Mutual Fund,2023-12-17,Active
15722965,Mutual Fund,2023-03-16,Active
15722965,Fixed Deposit,2022-05-05,Inactive
15722965,Loan,2022-01-13,Active
15737521,Insurance,2022-05-04,Active
15737521,Mutual Fund,2022-10-24,Inactive
15814465,Mutual Fund,2023-07-28,Active
15580988,Mutual Fund,2023-09-21,Active
15580988,Fixed Deposit,2023-07-05,Inactive
15580988,Loan,2023-01-16,Inactive
15789974,Fixed Deposit,2023-03-16,Active
15713370,Fixed Deposit,2023-05-16,Active
15748673,Fixed Deposit,2023-09-07,Active
15748673,Insurance,2022-04-20,Inactive
15754919,Insurance,2022-09-07,Active
15754919,Credit Card,2022-05-25,Active
15641662,Insurance,2023-07-25,Active
15641662,Credit Card,2022-11-22,Active
15813422,Insurance,2022-10-31,Active
15713596,Fixed Deposit,2023-04-30,Active
15791216,Insurance,2022-05-25,Active
15689031,Loan,2023-11-28,Active
15689031,Credit Card,2023-10-01,Inactive
15763704,Insurance,2022-02-13,Active
15763704,Credit Card,2023-04-27,Active
15631339,Credit Card,2023-10-16,Active
15631339,Insurance,2022-04-03,Active
15631339,Fixed Deposit,2023-05-19,Active
15771509,Credit Card,2022-04-26,Active
15771509,Insurance,2023-10-01,Active
15769586,Insurance,2023-12-01,Active
15769586,Credit Card,2023-03-12,Active
15656096,Insurance,2022-05-22,Active
15656096,Credit Card,2022-04-30,Inactive
15656096,Mutual Fund,2022-11-11,Inactive
15585280,Loan,2023-06-10,Active
15585280,Mutual Fund,2022-02-22,Active
15743582,Insurance,2023-07-25,Active
15761692,Loan,2022-02-20,Inactive
15761692,Insurance,2022-04-07,Inactive
15761692,Fixed Deposit,2022-03-21,Active
15627840,Fixed Deposit,2022-06-17,Active
15778861,Mutual Fund,2023-05-06,Active
15770554,Mutual Fund,2023-10-17,Active
15806956,Credit Card,2022-06-28,Active
15806956,Insurance,2023-04-25,Active
15806956,Fixed Deposit,2022-07-21,Active
15701908,Credit Card,2022-09-23,Active
15701908,Insurance,2022-11-03,Active
15736990,Insurance,2023-01-23,Active
15736990,Credit Card,2023-12-29,Active
15736990,Fixed Deposit,2022-10-28,Active
15743714,Credit Card,2023-05-29,Inactive
15743714,Insurance,2023-11-05,Inactive
15743714,Loan,2022-09-22,Active
15807993,Loan,2023-03-10,Active
15807993,Mutual Fund,2022-09-11,Active
15807993,Fixed Deposit,2023-07-06,Inactive
15644686,Loan,2023-01-10,Active
15644686,Insurance,2022-03-27,Active
15644686,Fixed Deposit,2022-11-13,Active
15677377,Loan,2023-07-25,Active
15626412,Credit Card,2023-09-27,Active
15626412,Mutual Fund,2023-02-12,Active
15626412,Insurance,2022-03-31,Inactive
15643679,Fixed Deposit,2022-08-30,Active
15643679,Insurance,2022-07-29,Inactive
15728456,Loan,2022-11-29,Active
15728456,Mutual Fund,2022-03-19,Active
15630661,Mutual Fund,2022-01-01,Active
15630661,Fixed Deposit,2023-11-04,Active
15734044,Loan,2023-11-28,Active
15705001,Fixed Deposit,2023-09-28,Active
15705001,Credit Card,2023-07-11,Inactive
15705001,Mutual Fund,2022-08-14,Active
15809817,Insurance,2022-07-03,Active
15809137,Credit Card,2022-01-11,Active
15751593,Credit Card,2022-04-20,Active
15751593,Fixed Deposit,2023-10-29,Active
15626491,Credit Card,2023-07-11,Active
15626491,Fixed Deposit,2023-03-30,Inactive
15765461,Insurance,2022-03-01,Active
15568120,Loan,2023-10-09,Active
15568120,Mutual Fund,2023-12-30,Active
15787161,Fixed Deposit,2022-03-19,Inactive
15812324,Fixed Deposit,2022-06-17,Active
15812324,Credit Card,2023-06-03,Active
15588944,Loan,2022-02-21,Active
15588944,Insurance,2023-01-26,Active
15694253,Credit Card,2023-09-26,Active
15694253,Mutual Fund,2023-04-06,Active
15694253,Fixed Deposit,2022-09-03,Active
15759566,Insurance,2022-04-05,Inactive
15759566,Loan,2023-10-09,Active
15675675,Mutual Fund,2022-07-21,Active
15675675,Loan,2023-08-02,Active
15675675,Credit Card,2023-03-19,Active
15802060,Fixed Deposit,2022-07-14,Inactive
15802060,Insurance,2023-04-22,Active
15802060,Loan,2022-11-07,Active
15660505,Loan,2022-09-03,Active
15660505,Mutual Fund,2023-01-20,Active
15660505,Fixed Deposit,2023-11-01,Active
15782630,Mutual Fund,2022-03-01,Active
15782630,Loan,2022-03-13,Active
15700710,Loan,2022-12-03,Active
15742834,Credit Card,2023-04-03,Inactive
15806511,Loan,2023-12-19,Active
15806511,Insurance,2023-02-14,Inactive
15608166,Mutual Fund,2023-08-09,Active
15608166,Insurance,2022-10-04,Active
15614230,Credit Card,2022-09-27,Active
15614230,Mutual Fund,2022-05-19,Active
15729958,Credit Card,2023-10-27,Active
15800814,Loan,2023-12-08,Inactive
15800814,Fixed Deposit,2023-02-12,Active
15674727,Credit Card,2022-01-22,Inactive
15657779,Credit Card,2022-10-12,Active
15657779,Mutual Fund,2022-01-24,Active
15801395,Fixed Deposit,2022-06-13,Inactive
15757911,Credit Card,2022-10-10,Inactive
15757911,Insurance,2022-02-02,Active
15757911,Fixed Deposit,2023-11-08,Active
15665340,Mutual Fund,2022-12-03,Active
15665340,Loan,2022-09-13,Active
15787151,Mutual Fund,2023-04-06,Inactive
15787151,Credit Card,2023-12-06,Active
15757821,Insurance,2023-04-22,Active
15600688,Credit Card,2022-04-26,Active
15600688,Insurance,2022-03-14,Active
15594878,Fixed Deposit,2022-04-11,Inactive
15594878,Credit Card,2023-04-22,Active
15569248,Fixed Deposit,2023-03-30,Active
15569248,Insurance,2022-04-21,Inactive
15569248,Credit Card,2022-07-14,Active
15812706,Insurance,2023-11-23,Active
15645045,Loan,2023-10-01,Active
15645045,Insurance,2023-03-07,Active
15645045,Mutual Fund,2022-09-19,Active
15766746,Mutual Fund,2022-07-28,Inactive
15700383,Mutual Fund,2023-12-14,Inactive
15700383,Fixed Deposit,2023-04-22,Inactive
15700383,Credit Card,2023-04-03,Inactive
15632551,Mutual Fund,2023-01-07,Active
15632551,Fixed Deposit,2023-04-15,Active
15795129,Insurance,2022-02-11,Active
15795129,Fixed Deposit,2022-04-02,Active
15795129,Mutual Fund,2022-10-23,Active
15650545,Credit Card,2023-07-25,Active
15650545,Insurance,2022-05-06,Active
15612769,Fixed Deposit,2023-11-29,Active
15612769,Mutual Fund,2023-10-21,Active
15710853,Mutual Fund,2023-04-28,Active
15710853,Loan,2022-12-16,Active
15623712,Mutual Fund,2022-11-30,Active
15623712,Credit Card,2022-07-11,Active
15653251,Fixed Deposit,2023-04-17,Active
15755077,Insurance,2023-04-06,Active
15755077,Loan,2023-11-25,Active
15808557,Credit Card,2023-07-24,Active
15614687,Credit Card,2023-03-08,Active
15626882,Insurance,2023-07-30,Active
15626882,Credit Card,2023-09-07,Active
15626882,Fixed Deposit,2022-06-14,Active
15748034,Loan,2022-06-04,Active
15748034,Fixed Deposit,2023-04-17,Active
15632324,Credit Card,2023-02-10,Active
15632324,Loan,2023-07-14,Active
15761023,Mutual Fund,2023-12-04,Active
15761023,Loan,2023-01-14,Inactive
15761453,Fixed Deposit,2022-01-12,Inactive
15761453,Credit Card,2022-11-16,Inactive
15761453,Loan,2023-09-01,Active
15646726,Loan,2022-07-18,Active
15637169,Credit Card,2023-06-24,Active
15636024,Credit Card,2022-05-31,Active
15801218,Fixed Deposit,2022-11-18,Active
15801218,Loan,2022-07-09,Active
15801218,Insurance,2022-11-29,Active
15642655,Mutual Fund,2023-01-28,Active
15690130,Credit Card,2023-09-04,Active
15690130,Fixed Deposit,2023-04-26,Inactive
15690130,Loan,2023-01-05,Active
15653753,Mutual Fund,2022-05-07,Inactive
15653753,Loan,2023-11-26,Active
15641359,Mutual Fund,2022-11-20,Inactive
15776827,Insurance,2023-01-11,Active
15776827,Loan,2023-04-06,Active
15776827,Credit Card,2023-02-15,Active
15647725,Mutual Fund,2023-01-04,Active
15647725,Fixed Deposit,2023-03-26,Active
15648455,Loan,2022-10-20,Active
15580629,Mutual Fund,2023-08-02,Active
15580629,Loan,2023-05-22,Inactive
15580629,Credit Card,2023-03-18,Inactive
15730161,Insurance,2023-11-16,Active
15730161,Fixed Deposit,2023-06-03,Active
15730161,Mutual Fund,2022-08-19,Active
15626612,Credit Card,2023-08-02,Active
15626612,Fixed Deposit,2022-12-16,Active
15662865,Fixed Deposit,2023-08-15,Active
15662865,Loan,2022-11-14,Active
15662865,Credit Card,2022-06-18,Active
15629094,Mutual Fund,2023-05-28,Active
15629094,Insurance,2023-02-23,Active
15629094,Credit Card,2023-06-20,Inactive
15651823,Loan,2022-11-17,Active
15651823,Insurance,2022-04-12,Inactive
15651823,Fixed Deposit,2022-09-19,Inactive
15594827,Credit Card,2023-09-02,Active
15786392,Credit Card,2023-01-29,Inactive
15786392,Fixed Deposit,2022-08-30,Active
15727353,Fixed Deposit,2023-11-27,Active
15727353,Insurance,2022-09-26,Active
15733777,Fixed Deposit,2023-07-02,Active
15733777,Loan,2023-12-03,Inactive
15614302,Fixed Deposit,2023-06-27,Active
15614302,Mutual Fund,2022-08-10,Inactive
15723263,Credit Card,2022-12-19,Active
15687270,Loan,2022-03-30,Active
15803121,Insurance,2023-03-22,Active
15598700,Credit Card,2022-01-31,Active
15598700,Mutual Fund,2022-11-16,Active
15598700,Insurance,2023-02-15,Inactive
15741875,Fixed Deposit,2022-12-20,Active
15741875,Loan,2022-02-19,Active
15631709,Loan,2023-03-14,Active
15631709,Insurance,2022-10-23,Active
15672970,Credit Card,2022-01-26,Active
15761670,Fixed Deposit,2022-07-19,Active
15761670,Insurance,2022-04-24,Active
15706005,Credit Card,2022-10-07,Active
15706005,Fixed Deposit,2022-06-11,Active
15790336,Loan,2023-12-02,Active
15754267,Insurance,2022-03-18,Inactive
15791988,Insurance,2023-09-13,Inactive
15791988,Fixed Deposit,2022-07-01,Active
15683375,Credit Card,2022-03-22,Inactive
15625151,Credit Card,2023-01-25,Active
15625151,Fixed Deposit,2023-06-30,Inactive
15625151,Loan,2023-01-07,Active
15635285,Fixed Deposit,2022-06-25,Active
15635285,Insurance,2023-08-26,Active
15635285,Mutual Fund,2023-11-16,Active
15574296,Mutual Fund,2023-04-06,Active
15711618,Insurance,2023-01-08,Active
15711618,Loan,2023-09-06,Active
15670943,Mutual Fund,2022-05-14,Active
15634359,Loan,2023-09-15,Active
15634359,Insurance,2022-12-18,Inactive
15586629,Fixed Deposit,2022-06-21,Active
15586629,Insurance,2023-06-18,Active
15588461,Fixed Deposit,2023-10-07,Active
15773221,Mutual Fund,2022-03-20,Active
15664227,Mutual Fund,2023-03-02,Active
15741745,Credit Card,2022-12-27,Active
15741745,Mutual Fund,2023-08-09,Active
15652626,Fixed Deposit,2022-09-10,Active
15599410,Insurance,2022-04-24,Active
15599410,Fixed Deposit,2023-06-20,Active
15599410,Loan,2023-04-30,Active
15571958,Insurance,2022-07-25,Active
15571958,Credit Card,2023-10-01,Inactive
15785406,Mutual Fund,2022-07-25,Inactive
15785406,Loan,2023-09-12,Active
15687884,Fixed Deposit,2022-05-21,Active
15621685,Insurance,2023-04-15,Inactive
15628886,Loan,2023-11-07,Active
15699325,Mutual Fund,2022-07-26,Active
15578369,Loan,2022-06-28,Active
15578369,Fixed Deposit,2023-09-10,Active
15654156,Credit Card,2023-10-03,Active
15654156,Fixed Deposit,2023-07-03,Active
15654156,Insurance,2022-06-22,Active
15707199,Credit Card,2022-11-15,Active
15671630,Fixed Deposit,2022-08-17,Active
15632079,Insurance,2022-01-01,Active
15632079,Loan,2023-02-28,Active
15767921,Insurance,2023-12-27,Active
15573599,Loan,2022-04-28,Active
15573599,Mutual Fund,2022-12-04,Active
15573599,Credit Card,2022-08-27,Active
15747208,Credit Card,2023-04-08,Inactive
15582762,Loan,2023-02-27,Active
15582762,Mutual Fund,2023-06-13,Active
15772528,Fixed Deposit,2022-12-29,Inactive
15755798,Fixed Deposit,2022-10-04,Active
15755798,Mutual Fund,2022-02-23,Active
15755798,Loan,2023-04-09,Inactive
15788683,Credit Card,2022-03-24,Active
15788683,Fixed Deposit,2022-12-15,Active
15616922,Loan,2023-08-09,Active
15616922,Mutual Fund,2022-10-18,Active
15616922,Insurance,2023-04-13,Active
15771855,Fixed Deposit,2022-10-23,Active
15771855,Loan,2023-02-21,Inactive
15601873,Fixed Deposit,2022-07-19,Active
15657868,Loan,2022-11-17,Active
15657868,Fixed Deposit,2023-12-06,Active
15657868,Mutual Fund,2022-05-22,Inactive
15711716,Loan,2023-10-02,Active
15734246,Loan,2023-09-15,Active
15734246,Credit Card,2023-01-29,Active
15792151,Fixed Deposit,2022-09-01,Active
15792151,Credit Card,2023-10-15,Inactive
15792151,Loan,2023-11-16,Active
15770159,Insurance,2023-06-19,Active
15770159,Credit Card,2022-02-26,Active
15747649,Fixed Deposit,2022-10-17,Active
15747649,Insurance,2023-08-05,Active
15639357,Mutual Fund,2022-05-08,Active
15738907,Loan,2023-07-20,Active
15738907,Fixed Deposit,2022-01-05,Inactive
15663446,Fixed Deposit,2023-04-20,Inactive
15750867,Credit Card,2022-12-23,Active
15750867,Loan,2023-06-05,Active
15715939,Credit Card,2023-08-31,Active
15715939,Fixed Deposit,2023-07-20,Active
15715939,Loan,2022-10-28,Active
15763806,Loan,2022-08-16,Active
15637993,Fixed Deposit,2022-09-26,Active
15637993,Mutual Fund,2022-01-15,Active
15637993,Credit Card,2023-05-19,Active
15720338,Mutual Fund,2023-10-24,Active
15720338,Credit Card,2022-06-25,Active
15720338,Loan,2023-06-21,Inactive
15627162,Insurance,2022-02-02,Active
15596710,Loan,2022-02-10,Active
15596710,Insurance,2022-09-23,Active
15781678,Credit Card,2022-06-17,Active
15781678,Mutual Fund,2022-02-28,Active
15634968,Mutual Fund,2022-04-27,Active
15634968,Loan,2023-01-02,Active
15634968,Insurance,2022-06-17,Active
15609475,Credit Card,2023-01-23,Active
15573319,Mutual Fund,2022-01-16,Active
15573319,Loan,2023-12-11,Active
15573319,Credit Card,2023-02-22,Active
15738291,Mutual Fund,2023-01-06,Active
15738291,Fixed Deposit,2022-12-22,Active
15782456,Mutual Fund,2022-06-28,Inactive
15782456,Loan,2023-08-24,Inactive
15782456,Credit Card,2023-02-12,Active
15794841,Mutual Fund,2023-11-07,Active
15794841,Loan,2023-07-12,Inactive
15794841,Credit Card,2023-02-13,Inactive
15684696,Fixed Deposit,2022-06-01,Active
15684696,Mutual Fund,2022-09-29,Inactive
15684696,Insurance,2022-12-18,Active
15629846,Insurance,2022-04-06,Active
15629846,Fixed Deposit,2023-09-06,Inactive
15674442,Credit Card,2023-10-04,Active
15674442,Fixed Deposit,2023-01-25,Active
15571689,Mutual Fund,2022-12-03,Active
15571689,Loan,2023-08-27,Active
15730469,Insurance,2022-12-23,Active
15730469,Credit Card,2022-12-25,Active
15809320,Insurance,2022-10-25,Active
15684367,Insurance,2023-02-28,Active
15684367,Loan,2023-09-23,Active
15793049,Loan,2022-06-02,Active
15793049,Fixed Deposit,2023-12-07,Active
15793049,Credit Card,2023-04-19,Active
15603665,Mutual Fund,2022-08-21,Active
15613623,Insurance,2022-05-30,Active
15613623,Fixed Deposit,2023-05-08,Active
15569572,Fixed Deposit,2023-10-20,Active
15569572,Insurance,2023-04-20,Active
15569572,Mutual Fund,2023-07-15,Active
15698791,Insurance,2022-11-14,Active
15698791,Credit Card,2023-06-21,Active
15626233,Credit Card,2022-11-03,Inactive
15626233,Insurance,2023-06-22,Inactive
15626233,Fixed Deposit,2023-05-27,Active
15607263,Mutual Fund,2022-04-02,Active
15607263,Insurance,2022-12-05,Active
15610900,Fixed Deposit,2022-03-07,Active
15610900,Insurance,2023-03-13,Active
15624775,Mutual Fund,2022-04-15,Active
15624775,Insurance,2022-04-24,Active
15624775,Loan,2022-12-22,Active
15691703,Fixed Deposit,2023-03-04,Active
15691703,Credit Card,2022-04-14,Active
15691703,Insurance,2023-08-11,Active
15745355,Insurance,2022-10-06,Active
15724955,Loan,2023-10-27,Active
15628999,Insurance,2023-10-05,Inactive
15654341,Fixed Deposit,2023-07-13,Inactive
15654341,Credit Card,2023-08-01,Active
15744240,Credit Card,2023-04-22,Active
15632365,Mutual Fund,2022-03-04,Inactive
15632365,Credit Card,2023-12-12,Active
15632365,Insurance,2022-10-12,Active
15729689,Insurance,2023-08-04,Inactive
15729689,Fixed Deposit,2023-08-20,Active
15759284,Credit Card,2023-05-31,Active
15759284,Insurance,2023-02-08,Inactive
15602124,Loan,2023-09-05,Active
15661903,Insurance,2022-08-12,Inactive
15664668,Insurance,2023-12-08,Inactive
15664668,Credit Card,2023-05-09,Inactive
15736431,Credit Card,2023-04-24,Active
15748639,Mutual Fund,2023-07-15,Active
15748639,Loan,2023-07-20,Active
15628123,Credit Card,2023-05-23,Inactive
15628123,Loan,2022-10-30,Inactive
15602731,Insurance,2023-12-13,Active
15794137,Loan,2022-01-18,Active
15794137,Fixed Deposit,2022-03-14,Active
15794137,Credit Card,2022-01-02,Active
15748696,Mutual Fund,2022-02-02,Active
15725068,Credit Card,2023-11-01,Inactive
15725068,Insurance,2023-10-24,Active
15807340,Loan,2022-07-22,Active
15807340,Credit Card,2023-06-21,Active
15807340,Mutual Fund,2023-10-28,Active
15586133,Insurance,2023-10-18,Active
15576185,Fixed Deposit,2022-06-01,Active
15576185,Credit Card,2023-11-09,Inactive
15660809,Mutual Fund,2022-01-14,Inactive
15616666,Mutual Fund,2023-12-02,Active
15706904,Loan,2023-07-29,Active
15706904,Insurance,2023-02-13,Active
15606915,Insurance,2023-10-04,Active
15606915,Fixed Deposit,2023-03-08,Active
15749693,Loan,2022-07-05,Active
15749693,Mutual Fund,2022-03-02,Active
15791743,Insurance,2023-11-07,Active
15796480,Loan,2022-01-29,Active
15796480,Insurance,2023-03-07,Active
15796480,Mutual Fund,2023-05-06,Active
15790442,Credit Card,2023-06-10,Active
15609458,Credit Card,2022-06-14,Active
15609458,Fixed Deposit,2023-08-15,Active
15609458,Mutual Fund,2022-07-27,Active
15593897,Credit Card,2023-08-19,Inactive
15593897,Mutual Fund,2023-01-29,Active
15593897,Insurance,2023-05-11,Active
15604576,Mutual Fund,2023-04-29,Active
15666270,Loan,2022-09-01,Active
15572626,Credit Card,2022-09-19,Inactive
15572626,Fixed Deposit,2022-05-12,Active
15572626,Insurance,2023-08-10,Inactive
15727197,Insurance,2022-09-05,Active
15714006,Loan,2022-01-31,Active
15714006,Mutual Fund,2022-10-22,Active
15642137,Insurance,2023-02-21,Inactive
15665327,Mutual Fund,2022-07-14,Inactive
15626806,Insurance,2022-10-11,Active
15662578,Fixed Deposit,2022-12-14,Active
15662578,Insurance,2022-05-07,Inactive
15790829,Credit Card,2022-09-22,Active
15790829,Fixed Deposit,2023-04-22,Inactive
15790829,Mutual Fund,2022-11-20,Active
15654959,Insurance,2023-01-12,Active
15654959,Mutual Fund,2023-02-17,Active
15654959,Loan,2023-10-14,Active
15760244,Credit Card,2023-10-30,Active
15760244,Loan,2023-06-03,Active
15715394,Fixed Deposit,2023-12-13,Active
15715394,Mutual Fund,2022-05-06,Active
15715394,Insurance,2023-01-18,Active
15722246,Mutual Fund,2022-06-24,Active
15722246,Insurance,2023-09-23,Active
15609704,Loan,2022-11-09,Active
15609704,Insurance,2023-04-14,Active
15609704,Mutual Fund,2023-11-09,Active
15757628,Fixed Deposit,2022-07-03,Active
15633586,Mutual Fund,2022-08-01,Inactive
15633586,Insurance,2023-11-15,Active
15633586,Fixed Deposit,2023-04-22,Active
15565796,Fixed Deposit,2023-12-10,Inactive
15565796,Insurance,2023-06-27,Active
15717935,Credit Card,2022-06-20,Active
15717935,Mutual Fund,2022-09-14,Active
15717935,Fixed Deposit,2023-02-01,Active
15577700,Loan,2022-09-22,Active
15577700,Credit Card,2022-07-20,Active
15577700,Fixed Deposit,2023-02-19,Active
15747345,Mutual Fund,2022-04-10,Inactive
15747345,Credit Card,2022-10-19,Active
15678317,Credit Card,2022-07-06,Active
15698335,Loan,2022-05-08,Inactive
15768451,Fixed Deposit,2022-02-20,Inactive
15768451,Loan,2023-02-20,Active
15753213,Fixed Deposit,2023-07-09,Active
15753213,Loan,2022-02-08,Inactive
15753213,Credit Card,2023-07-10,Active
15769645,Loan,2022-09-13,Active
15769645,Fixed Deposit,2023-06-30,Inactive
15657565,Insurance,2022-08-07,Active
15620323,Credit Card,2022-04-22,Active
15620323,Mutual Fund,2022-08-03,Active
15679983,Loan,2022-04-16,Active
15812616,Credit Card,2023-07-25,Active
15601796,Loan,2023-12-19,Inactive
15601796,Mutual Fund,2022-05-19,Active
15729489,Fixed Deposit,2022-04-15,Active
15613216,Insurance,2023-06-12,Active
15657937,Mutual Fund,2022-10-21,Inactive
15815428,Credit Card,2023-01-12,Active
15815428,Fixed Deposit,2022-07-11,Active
15815428,Mutual Fund,2022-01-08,Active
15640409,Loan,2023-10-01,Inactive
15640409,Mutual Fund,2023-08-14,Inactive
15640409,Fixed Deposit,2023-02-28,Active
15699492,Loan,2022-08-29,Inactive
15623536,Mutual Fund,2022-05-25,Active
15623536,Insurance,2023-11-14,Active
15623536,Credit Card,2022-05-31,Active
15707551,Insurance,2022-03-29,Active
15577999,Fixed Deposit,2022-07-26,Inactive
15577999,Mutual Fund,2022-05-24,Inactive
15788775,Mutual Fund,2022-02-04,Active
15758362,Fixed Deposit,2022-01-13,Active
15758362,Loan,2022-09-26,Active
15758362,Credit Card,2023-10-02,Active
15807961,Loan,2023-07-08,Active
15807961,Mutual Fund,2023-08-04,Active
15807961,Insurance,2022-09-28,Active
15710978,Fixed Deposit,2023-02-06,Active
15703541,Insurance,2022-06-22,Active
15703541,Fixed Deposit,2023-03-15,Active
15703541,Mutual Fund,2022-05-12,Active
15626474,Fixed Deposit,2022-05-15,Active
15608344,Fixed Deposit,2023-07-13,Active
15608344,Credit Card,2023-04-13,Active
15768367,Loan,2022-06-07,Active
15768367,Credit Card,2023-11-20,Inactive
15806210,Credit Card,2023-12-30,Active
15697702,Loan,2023-03-28,Active
15697702,Insurance,2023-07-09,Inactive
15697702,Mutual Fund,2023-08-13,Inactive
15689152,Loan,2022-11-27,Inactive
15689152,Insurance,2022-08-03,Active
15568573,Mutual Fund,2023-12-05,Active
15568573,Insurance,2022-08-26,Active
15568573,Loan,2022-04-11,Active
15689598,Insurance,2022-08-31,Active
15689598,Loan,2023-03-29,Active
15689598,Fixed Deposit,2022-02-07,Active
15713374,Insurance,2022-11-12,Active
15713374,Credit Card,2022-09-13,Active
15679733,Fixed Deposit,2023-08-28,Inactive
15759274,Mutual Fund,2023-01-13,Inactive
15607748,Insurance,2023-08-10,Active
15607748,Mutual Fund,2023-11-17,Active
15607748,Credit Card,2023-04-08,Active
15607577,Loan,2022-06-02,Active
15607577,Credit Card,2022-10-31,Inactive
15607577,Insurance,2022-05-02,Active
15813697,Loan,2022-02-09,Active
15813697,Fixed Deposit,2022-01-10,Active
15813697,Mutual Fund,2022-01-01,Active
15801125,Fixed Deposit,2023-05-17,Active
15801125,Credit Card,2022-09-02,Active
15777855,Loan,2023-07-29,Active
15777855,Insurance,2023-09-13,Inactive
15635396,Mutual Fund,2022-07-29,Inactive
15635396,Insurance,2023-06-02,Active
15635396,Fixed Deposit,2022-06-09,Active
15698031,Mutual Fund,2022-04-20,Active
15698031,Insurance,2023-06-16,Active
15698031,Fixed Deposit,2023-10-07,Inactive
15678944,Mutual Fund,2022-10-08,Active
15678944,Loan,2022-02-10,Active
15678944,Credit Card,2023-02-09,Active
15718507,Fixed Deposit,2022-03-04,Active
15718507,Credit Card,2022-05-29,Active
15718507,Mutual Fund,2022-08-16,Active
15808334,Loan,2022-06-22,Active
15804709,Fixed Deposit,2022-07-11,Active
15645835,Mutual Fund,2022-02-12,Active
15738166,Loan,2022-06-21,Inactive
15675360,Mutual Fund,2023-12-08,Active
15793042,Credit Card,2022-02-10,Active
15793042,Loan,2023-08-04,Active
15630106,Insurance,2022-03-11,Active
15630106,Credit Card,2022-08-01,Active
15810385,Mutual Fund,2022-11-10,Active
15578211,Loan,2023-06-23,Active
15572792,Insurance,2023-03-21,Active
15620030,Credit Card,2023-08-06,Active
15620030,Loan,2022-01-25,Active
15783541,Credit Card,2023-11-04,Active
15783541,Loan,2022-04-03,Active
15679284,Insurance,2022-06-26,Inactive
15582910,Loan,2022-08-12,Active
15582910,Fixed Deposit,2023-12-19,Active
15582910,Mutual Fund,2023-06-11,Active
15688337,Insurance,2023-08-16,Active
15688337,Loan,2023-08-11,Active
15688337,Mutual Fund,2023-07-11,Inactive
15734970,Insurance,2022-11-15,Inactive
15759140,Credit Card,2023-06-23,Active
15759140,Fixed Deposit,2022-03-25,Active
15759140,Insurance,2022-10-30,Active
15643042,Credit Card,2022-05-07,Active
15643042,Mutual Fund,2023-11-13,Active
15643042,Insurance,2022-10-10,Active
15773868,Loan,2023-08-05,Active
15615820,Fixed Deposit,2022-04-28,Active
15730273,Fixed Deposit,2023-08-22,Active
15730273,Credit Card,2022-12-09,Active
15724890,Mutual Fund,2022-07-03,Active
15724890,Insurance,2023-01-14,Active
15765952,Fixed Deposit,2023-07-10,Active
15685920,Fixed Deposit,2022-10-22,Active
15663263,Loan,2023-03-27,Inactive
15568953,Credit Card,2023-08-03,Active
15568953,Insurance,2022-09-05,Inactive
15643361,Loan,2023-11-09,Inactive
15643361,Mutual Fund,2023-02-10,Inactive
15699486,Loan,2023-09-25,Active
15699486,Mutual Fund,2023-01-31,Active
15699486,Credit Card,2023-08-09,Active
15747854,Insurance,2022-03-08,Active
15747854,Mutual Fund,2023-10-11,Active
15747854,Fixed Deposit,2022-07-27,Active
15691785,Mutual Fund,2022-08-10,Inactive
15709004,Insurance,2022-12-19,Active
15709004,Mutual Fund,2022-04-03,Active
15652218,Loan,2023-12-05,Active
15697127,Fixed Deposit,2022-07-05,Active
15697127,Insurance,2023-10-11,Active
15658486,Mutual Fund,2022-08-19,Active
15658486,Credit Card,2023-08-22,Active
15694160,Credit Card,2023-10-06,Inactive
15694160,Loan,2023-08-17,Active
15685290,Mutual Fund,2022-02-21,Inactive
15685290,Loan,2023-09-18,Active
15701042,Mutual Fund,2023-05-26,Active
15701042,Insurance,2022-07-01,Active
15680449,Mutual Fund,2022-02-22,Active
15599860,Insurance,2023-06-05,Active
15599860,Credit Card,2022-12-29,Active
15599860,Loan,2023-05-13,Active
15723169,Mutual Fund,2023-12-21,Active
15723169,Credit Card,2023-06-18,Inactive
15803842,Fixed Deposit,2023-03-18,Active
15803842,Insurance,2023-04-06,Active
15728224,Fixed Deposit,2023-11-13,Active
15728224,Mutual Fund,2023-07-17,Active
15644174,Fixed Deposit,2022-10-20,Active
15707110,Mutual Fund,2022-12-26,Active
15765415,Fixed Deposit,2023-02-03,Active
15756751,Loan,2022-01-17,Active
15795151,Insurance,2023-06-15,Active
15795151,Mutual Fund,2022-10-23,Active
15795151,Fixed Deposit,2022-08-07,Active
15632859,Fixed Deposit,2022-09-22,Active
15584037,Insurance,2022-06-28,Active
15584037,Loan,2022-11-06,Active
15584037,Mutual Fund,2023-09-29,Inactive
15621409,Credit Card,2022-02-25,Active
15581102,Mutual Fund,2022-05-09,Active
15581102,Insurance,2022-02-11,Active
15581102,Credit Card,2022-06-03,Active
15578096,Mutual Fund,2023-07-01,Active
15578096,Loan,2023-04-12,Active
15669887,Loan,2022-05-02,Active
15669887,Insurance,2023-07-17,Active
15669887,Credit Card,2023-06-20,Active
15621834,Fixed Deposit,2023-06-11,Active
15621834,Mutual Fund,2023-02-14,Active
15621834,Insurance,2023-06-03,Active
15655341,Loan,2023-04-01,Inactive
15685314,Mutual Fund,2023-08-18,Active
15653997,Fixed Deposit,2023-11-05,Inactive
15629551,Credit Card,2022-08-17,Active
15651264,Fixed Deposit,2023-08-14,Active
15651264,Credit Card,2022-09-12,Active
15651264,Mutual Fund,2022-05-24,Active
15760825,Mutual Fund,2022-06-24,Active
15760825,Loan,2023-01-30,Active
15760825,Insurance,2022-03-19,Active
15597394,Loan,2023-02-26,Active
15740383,Mutual Fund,2022-05-19,Active
15740383,Insurance,2022-12-28,Active
15740383,Fixed Deposit,2023-04-20,Active
15670562,Loan,2023-11-13,Inactive
15670562,Fixed Deposit,2022-06-21,Inactive
15698117,Fixed Deposit,2022-06-19,Active
15698117,Mutual Fund,2022-10-23,Active
15698117,Credit Card,2023-10-26,Inactive
15694805,Credit Card,2023-01-15,Active
15694805,Loan,2022-08-01,Active
15746802,Credit Card,2022-07-08,Inactive
15746802,Mutual Fund,2022-07-10,Active
15589428,Fixed Deposit,2022-05-18,Active
15790267,Mutual Fund,2022-04-06,Active
15790267,Credit Card,2023-09-15,Active
15790267,Insurance,2023-05-22,Inactive
15665402,Loan,2023-09-26,Active
15642093,Loan,2022-10-23,Active
15666181,Mutual Fund,2022-06-16,Inactive
15602554,Loan,2022-06-24,Inactive
15602554,Mutual Fund,2022-11-02,Active
15602554,Fixed Deposit,2023-06-21,Inactive
15724251,Insurance,2023-12-21,Active
15740147,Loan,2022-11-14,Active
15740147,Credit Card,2023-02-25,Active
15718289,Insurance,2022-09-25,Active
15763148,Credit Card,2022-06-28,Active
15685245,Credit Card,2022-05-24,Inactive
15626985,Loan,2022-01-21,Inactive
15626985,Mutual Fund,2023-10-30,Active
15626985,Fixed Deposit,2023-12-28,Active
15585823,Credit Card,2023-03-11,Active
15585823,Loan,2022-06-12,Active
15585823,Mutual Fund,2022-08-30,Active
15728167,Credit Card,2022-04-23,Inactive
15728167,Fixed Deposit,2022-08-25,Inactive
15728167,Mutual Fund,2022-01-02,Active
15762928,Fixed Deposit,2023-11-21,Active
15762928,Insurance,2022-01-27,Active
15751774,Loan,2022-10-19,Active
15654733,Insurance,2022-11-12,Active
15654733,Loan,2022-07-21,Active
15809777,Credit Card,2022-08-25,Active
15809777,Mutual Fund,2023-05-28,Active
15744200,Loan,2023-11-20,Active
15744200,Credit Card,2023-08-28,Active
15720713,Loan,2023-06-27,Active
15720713,Credit Card,2022-05-25,Active
15720713,Insurance,2023-11-07,Active
15695356,Fixed Deposit,2023-12-17,Inactive
15695356,Credit Card,2022-11-25,Active
15695356,Insurance,2023-03-02,Inactive
15653315,Insurance,2022-07-24,Active
15653315,Mutual Fund,2023-12-29,Active
15604792,Insurance,2023-12-04,Active
15604792,Loan,2022-12-16,Active
15704819,Insurance,2023-08-07,Active
15670859,Insurance,2023-10-12,Active
15670859,Loan,2022-10-25,Active
15602797,Mutual Fund,2023-08-02,Active
15602797,Loan,2022-11-08,Active
15662533,Insurance,2022-04-25,Active
15662533,Loan,2023-03-01,Active
15662533,Credit Card,2023-06-17,Active
15778154,Mutual Fund,2022-03-10,Active
15778154,Fixed Deposit,2023-09-03,Active
15806230,Insurance,2022-07-16,Active
15662884,Mutual Fund,2023-11-27,Active
15750778,Fixed Deposit,2023-05-07,Inactive
15750778,Credit Card,2022-08-20,Active
15750778,Insurance,2023-01-11,Active
15717185,Loan,2022-06-03,Active
15677804,Fixed Deposit,2023-07-08,Active
15677804,Credit Card,2022-12-16,Active
15677804,Mutual Fund,2023-02-27,Active
15568915,Credit Card,2023-10-28,Active
15736495,Fixed Deposit,2023-10-27,Active
15736495,Insurance,2023-05-22,Inactive
15737354,Insurance,2022-12-21,Active
15737354,Credit Card,2023-08-01,Active
15737354,Mutual Fund,2023-06-29,Inactive
15667889,Loan,2022-05-29,Inactive
15577831,Mutual Fund,2023-10-16,Inactive
15577831,Credit Card,2022-06-04,Inactive
15577831,Fixed Deposit,2022-08-15,Active
15729836,Credit Card,2022-09-18,Active
15775293,Insurance,2022-06-02,Active
15697597,Insurance,2022-03-02,Active
15697597,Fixed Deposit,2023-09-08,Inactive
15697597,Loan,2023-05-23,Active
15639669,Credit Card,2023-10-11,Inactive
15639669,Fixed Deposit,2022-08-15,Active
15631392,Fixed Deposit,2023-08-18,Active
15631392,Loan,2022-05-23,Active
15580935,Fixed Deposit,2023-10-29,Active
15590344,Loan,2023-04-18,Active
15590344,Mutual Fund,2022-10-26,Active
15653306,Credit Card,2022-12-06,Active
15653306,Mutual Fund,2022-06-14,Active
15805025,Mutual Fund,2023-05-06,Active
15805025,Fixed Deposit,2022-01-30,Active
15805025,Credit Card,2022-03-19,Active
15658449,Credit Card,2023-11-30,Active
15658449,Fixed Deposit,2023-09-20,Active
15658449,Loan,2022-03-05,Active
15694450,Mutual Fund,2023-01-26,Active
15605666,Fixed Deposit,2022-03-05,Active
15605666,Insurance,2023-03-26,Active
15605666,Mutual Fund,2023-04-23,Active
15615126,Insurance,2022-12-09,Active
15615126,Credit Card,2023-09-30,Inactive
15726588,Credit Card,2023-04-25,Active
15645095,Loan,2023-04-23,Active
15645095,Mutual Fund,2022-10-01,Inactive
15645095,Fixed Deposit,2022-11-28,Active
15808960,Fixed Deposit,2022-03-13,Active
15808960,Mutual Fund,2023-01-10,Active
15729435,Credit Card,2022-03-29,Active
15729435,Loan,2023-04-12,Active
15729435,Insurance,2022-10-30,Active
15656840,Loan,2022-10-07,Active
15659149,Credit Card,2023-04-15,Inactive
15659149,Insurance,2022-12-07,Active
15659149,Mutual Fund,2022-06-11,Active
15585490,Insurance,2022-11-26,Active
15585490,Mutual Fund,2022-10-16,Active
15585490,Fixed Deposit,2022-11-11,Active
15674929,Loan,2023-10-18,Active
15674929,Mutual Fund,2023-06-27,Active
15746341,Loan,2023-09-18,Inactive
15746341,Insurance,2023-12-02,Active
15746341,Fixed Deposit,2022-11-18,Active
15662091,Mutual Fund,2023-05-20,Inactive
15662091,Fixed Deposit,2023-03-20,Inactive
15620123,Loan,2023-08-08,Active
15620123,Credit Card,2023-03-13,Active
15620123,Insurance,2023-05-04,Active
15616240,Insurance,2022-07-18,Active
15616240,Fixed Deposit,2022-09-19,Active
15616240,Mutual Fund,2022-12-05,Active
15624186,Fixed Deposit,2022-11-17,Active
15624186,Loan,2022-09-09,Active
15624186,Mutual Fund,2023-06-08,Inactive
15605036,Insurance,2022-11-13,Active
15605036,Mutual Fund,2023-07-09,Inactive
15805151,Mutual Fund,2023-06-08,Active
15753847,Fixed Deposit,2023-02-01,Active
15753847,Credit Card,2023-03-04,Active
15753847,Insurance,2023-11-04,Inactive
15653222,Mutual Fund,2022-12-15,Active
15653222,Credit Card,2022-01-30,Active
15653222,Fixed Deposit,2022-03-11,Active
15757541,Loan,2023-03-30,Active
15757541,Mutual Fund,2023-10-07,Active
15726945,Credit Card,2023-10-20,Active
15726945,Loan,2022-11-20,Inactive
15794276,Credit Card,2023-02-03,Active
15568328,Loan,2022-07-30,Inactive
15604355,Insurance,2022-06-16,Inactive
15604355,Mutual Fund,2023-05-19,Active
15604355,Loan,2022-12-10,Active
15735788,Credit Card,2023-09-16,Active
15618255,Credit Card,2023-06-13,Inactive
15618255,Loan,2023-06-04,Active
15618255,Insurance,2022-06-12,Inactive
15720941,Insurance,2023-05-28,Inactive
15769110,Credit Card,2022-05-29,Active
15769110,Fixed Deposit,2023-06-05,Active
15769110,Insurance,2023-07-20,Active
15576094,Insurance,2023-06-20,Active
15576094,Mutual Fund,2022-12-23,Active
15756150,Loan,2022-12-22,Active
15719579,Insurance,2022-08-07,Active
15719579,Credit Card,2022-06-15,Active
15748854,Fixed Deposit,2022-10-12,Active
15748854,Credit Card,2022-06-14,Inactive
15748854,Insurance,2023-03-13,Active
15612455,Credit Card,2023-10-26,Active
15612455,Loan,2022-07-26,Active
15612455,Mutual Fund,2022-02-04,Active
15664802,Loan,2022-12-12,Active
15735687,Fixed Deposit,2022-03-24,Active
15735687,Credit Card,2022-09-05,Active
15735687,Mutual Fund,2022-07-08,Active
15664734,Loan,2022-12-26,Inactive
15664734,Mutual Fund,2023-11-23,Active
15664734,Insurance,2023-12-22,Active
15767894,Fixed Deposit,2023-08-09,Active
15666884,Insurance,2022-05-06,Active
15666884,Credit Card,2023-11-09,Active
15666884,Mutual Fund,2023-08-06,Active
15750156,Credit Card,2023-01-17,Active
15751120,Insurance,2023-12-16,Active
15575748,Credit Card,2022-05-22,Active
15575748,Fixed Deposit,2023-06-06,Inactive
15714610,Loan,2023-02-09,Active
15714610,Mutual Fund,2023-05-26,Active
15720305,Mutual Fund,2022-02-24,Active
15720305,Fixed Deposit,2022-02-03,Inactive
15720305,Insurance,2023-10-14,Active
15678129,Loan,2022-03-30,Active
15678129,Insurance,2023-04-15,Inactive
15678129,Credit Card,2022-09-21,Active
15566633,Loan,2023-09-09,Inactive
15680436,Credit Card,2022-08-02,Inactive
15680436,Insurance,2023-06-05,Active
15674343,Fixed Deposit,2022-02-28,Inactive
15674343,Loan,2023-08-21,Inactive
15658890,Insurance,2022-08-22,Active
15658890,Credit Card,2023-09-11,Inactive
15658890,Mutual Fund,2023-12-25,Active
15599004,Insurance,2022-09-02,Active
15599004,Credit Card,2022-03-14,Active
15599004,Mutual Fund,2023-07-10,Active
15726487,Mutual Fund,2022-09-12,Inactive
15726487,Insurance,2022-08-14,Active
15726487,Credit Card,2023-01-24,Active
15698716,Loan,2022-10-05,Active
15698716,Credit Card,2023-03-27,Inactive
15710527,Mutual Fund,2022-09-01,Inactive
15655590,Loan,2022-07-19,Active
15655590,Insurance,2022-02-21,Active
15732266,Fixed Deposit,2023-11-14,Active
15732266,Loan,2023-12-02,Active
15669326,Credit Card,2022-04-27,Inactive
15669326,Loan,2023-06-06,Inactive
15669326,Fixed Deposit,2022-01-07,Active
15672246,Mutual Fund,2022-07-13,Active
15672246,Credit Card,2022-12-30,Active
15620276,Credit Card,2023-08-07,Active
15620276,Loan,2022-03-10,Inactive
15640258,Loan,2022-11-16,Active
15640258,Fixed Deposit,2023-10-28,Active
15640258,Credit Card,2022-11-13,Active
15740283,Credit Card,2022-07-31,Active
15740283,Loan,2022-04-21,Active
15740283,Fixed Deposit,2022-04-03,Inactive
15759717,Loan,2023-08-27,Inactive
15759717,Mutual Fund,2023-10-11,Inactive
15759717,Credit Card,2023-07-16,Active
15620268,Loan,2023-04-03,Active
15620268,Mutual Fund,2022-09-02,Active
15620268,Insurance,2023-06-21,Active
15743871,Credit Card,2023-03-07,Active
15614491,Credit Card,2023-11-13,Active
15614491,Loan,2023-10-17,Active
15614491,Mutual Fund,2023-03-12,Active
15595047,Mutual Fund,2023-12-13,Active
15732334,Loan,2023-04-20,Active
15732334,Credit Card,2022-01-25,Active
15732334,Mutual Fund,2022-02-05,Active
15701206,Insurance,2022-03-12,Active
15581280,Loan,2022-06-25,Active
15581280,Insurance,2023-10-02,Active
15651943,Insurance,2022-01-16,Inactive
15651943,Fixed Deposit,2023-05-27,Inactive
15651943,Loan,2022-10-02,Active
15609545,Insurance,2022-10-28,Active
15609545,Fixed Deposit,2022-05-24,Active
15609545,Mutual Fund,2022-05-30,Active
15658548,Loan,2022-11-22,Inactive
15658548,Fixed Deposit,2022-04-23,Active
15658548,Credit Card,2023-04-29,Inactive
15626008,Fixed Deposit,2022-11-17,Active
15626008,Loan,2023-09-24,Active
15626008,Mutual Fund,2023-02-04,Active
15774133,Fixed Deposit,2022-07-30,Active
15763798,Fixed Deposit,2023-07-02,Active
15763798,Mutual Fund,2023-06-16,Active
15758013,Credit Card,2023-04-14,Active
15758013,Insurance,2022-12-03,Active
15705765,Insurance,2022-08-12,Inactive
15705765,Loan,2022-07-24,Active
15648362,Fixed Deposit,2022-12-10,Active
15648362,Mutual Fund,2022-05-28,Active
15648362,Credit Card,2022-08-23,Active
15761102,Mutual Fund,2022-07-31,Active
15610165,Mutual Fund,2023-11-13,Active
15723717,Credit Card,2023-03-15,Inactive
15723717,Loan,2023-03-22,Inactive
15654611,Loan,2022-12-15,Inactive
15654611,Insurance,2022-12-11,Active
15654611,Credit Card,2022-05-15,Active
15659736,Credit Card,2022-09-02,Active
15603170,Mutual Fund,2023-04-15,Active
15786167,Fixed Deposit,2023-12-24,Inactive
15786167,Insurance,2023-01-21,Inactive
15786167,Credit Card,2023-07-04,Active
15671915,Loan,2022-08-04,Active
15794792,Loan,2022-02-18,Active
15794792,Insurance,2023-10-30,Active
15652789,Credit Card,2023-07-16,Active
15652789,Loan,2023-01-27,Active
15739168,Loan,2022-08-28,Inactive
15739168,Fixed Deposit,2022-01-13,Active
15719950,Mutual Fund,2022-07-19,Active
15719950,Fixed Deposit,2022-06-02,Active
15743818,Insurance,2023-11-16,Active
15743818,Fixed Deposit,2023-11-04,Active
15717937,Insurance,2022-12-17,Active
15602841,Fixed Deposit,2022-09-16,Active
15602841,Credit Card,2023-07-18,Active
15602841,Loan,2023-12-19,Active
15619972,Credit Card,2023-01-18,Active
15796114,Fixed Deposit,2023-05-07,Inactive
15796114,Credit Card,2023-01-03,Inactive
15796114,Insurance,2023-10-12,Active
15633546,Credit Card,2023-07-10,Inactive
15758755,Fixed Deposit,2022-04-11,Inactive
15758755,Credit Card,2023-11-11,Active
15758755,Mutual Fund,2023-02-20,Active
15695168,Insurance,2022-03-06,Active
15695168,Loan,2023-10-12,Active
15754342,Loan,2022-10-02,Active
15754342,Fixed Deposit,2023-02-25,Active
15756610,Insurance,2023-12-13,Active
15756610,Mutual Fund,2022-08-13,Active
15756610,Credit Card,2022-02-10,Inactive
15640917,Credit Card,2022-05-11,Active
15663164,Credit Card,2022-09-23,Active
15663164,Mutual Fund,2022-02-24,Active
15663164,Fixed Deposit,2022-08-23,Active
15616811,Mutual Fund,2022-11-30,Active
15616811,Loan,2022-06-08,Active
15610781,Credit Card,2023-10-24,Active
15610781,Loan,2022-01-11,Active
15600911,Credit Card,2022-09-08,Inactive
15600911,Mutual Fund,2023-11-24,Inactive
15629603,Insurance,2023-11-09,Active
15629603,Mutual Fund,2022-07-28,Active
15629603,Credit Card,2022-06-26,Inactive
15714981,Mutual Fund,2022-04-25,Inactive
15714981,Fixed Deposit,2022-06-02,Active
15714981,Insurance,2022-04-05,Active
15775892,Fixed Deposit,2023-01-24,Inactive
15775892,Insurance,2023-03-30,Active
15775892,Loan,2023-12-25,Active
15782778,Credit Card,2023-10-31,Active
15786643,Loan,2022-07-24,Inactive
15595657,Loan,2022-01-04,Active
15595657,Insurance,2023-09-30,Active
15595657,Mutual Fund,2023-09-19,Active
15743673,Credit Card,2023-01-01,Active
15743673,Mutual Fund,2023-02-07,Active
15743673,Fixed Deposit,2023-04-13,Inactive
15634310,Mutual Fund,2023-07-08,Active
15790809,Fixed Deposit,2022-07-04,Active
15790809,Insurance,2022-08-04,Inactive
15668695,Loan,2022-06-10,Active
15669281,Mutual Fund,2022-07-07,Active
15621031,Fixed Deposit,2023-07-08,Active
15720071,Mutual Fund,2023-02-04,Inactive
15792180,Loan,2022-04-26,Active
15813894,Fixed Deposit,2022-07-24,Inactive
15813894,Loan,2023-05-11,Active
15813894,Insurance,2023-03-31,Inactive
15669490,Loan,2023-12-02,Active
15669490,Insurance,2022-10-22,Active
15669490,Mutual Fund,2023-03-08,Inactive
15783030,Mutual Fund,2023-07-01,Inactive
15783030,Credit Card,2022-09-03,Inactive
15783030,Loan,2023-11-17,Active
15695792,Loan,2022-07-16,Active
15695792,Fixed Deposit,2023-03-13,Active
15695792,Credit Card,2022-01-24,Active
15575676,Credit Card,2022-03-18,Active
15575676,Mutual Fund,2022-05-13,Inactive
15575676,Fixed Deposit,2023-11-14,Active
15627665,Fixed Deposit,2022-05-21,Active
15627665,Insurance,2022-10-07,Active
15814092,Mutual Fund,2022-07-19,Inactive
15695225,Credit Card,2023-08-22,Active
15695225,Loan,2023-12-03,Active
15615091,Credit Card,2023-05-29,Active
15615091,Loan,2023-05-22,Active
15794345,Mutual Fund,2022-05-17,Inactive
15794345,Loan,2022-10-10,Active
15726484,Insurance,2022-12-31,Active
15726484,Credit Card,2022-01-30,Active
15650442,Loan,2023-05-12,Inactive
15650442,Insurance,2023-01-16,Active
15714256,Insurance,2022-03-02,Inactive
15778752,Credit Card,2023-11-17,Active
15601659,Insurance,2022-09-06,Active
15602811,Loan,2022-10-12,Active
15602811,Credit Card,2022-08-17,Active
15602811,Fixed Deposit,2022-07-19,Inactive
15779414,Insurance,2022-03-24,Active
15779414,Credit Card,2022-11-08,Active
15779414,Mutual Fund,2022-11-27,Active
15763097,Fixed Deposit,2023-11-02,Active
15763097,Credit Card,2023-08-27,Active
15633666,Insurance,2022-12-08,Inactive
15633666,Loan,2022-05-11,Active
15633666,Fixed Deposit,2022-03-31,Active
15718789,Loan,2022-03-06,Active
15718789,Insurance,2022-11-04,Active
15718789,Credit Card,2022-01-05,Inactive
15690620,Credit Card,2023-03-24,Active
15737071,Mutual Fund,2023-12-25,Active
15737071,Fixed Deposit,2023-04-27,Active
15737071,Insurance,2022-05-17,Inactive
15665062,Mutual Fund,2023-09-09,Active
15665062,Loan,2023-04-16,Inactive
15600692,Loan,2022-05-20,Active
15792064,Mutual Fund,2022-12-19,Active
15811486,Fixed Deposit,2023-06-21,Active
15811486,Credit Card,2023-09-06,Active
15811486,Insurance,2023-05-30,Active
15626141,Mutual Fund,2023-08-14,Active
15738546,Credit Card,2022-08-13,Active
15738546,Insurance,2023-11-01,Active
15677052,Credit Card,2022-10-16,Active
15677052,Mutual Fund,2023-01-19,Active
15656454,Insurance,2022-02-11,Active
15645496,Credit Card,2022-08-06,Active
15612505,Fixed Deposit,2022-02-04,Inactive
15612505,Mutual Fund,2022-01-06,Active
15708513,Fixed Deposit,2023-03-15,Active
15708513,Credit Card,2022-01-20,Active
15685654,Insurance,2023-05-29,Inactive
15732307,Loan,2023-03-29,Active
15732307,Credit Card,2023-08-11,Active
15726814,Insurance,2022-06-30,Inactive
15726814,Mutual Fund,2022-02-20,Active
15653776,Insurance,2023-07-25,Active
15597914,Fixed Deposit,2022-07-23,Active
15597914,Mutual Fund,2022-09-27,Active
15597914,Credit Card,2023-04-17,Inactive
15631603,Loan,2023-02-22,Inactive
15631603,Fixed Deposit,2023-12-15,Active
15789753,Loan,2023-11-11,Active
15789753,Fixed Deposit,2022-09-13,Active
15678034,Mutual Fund,2023-05-20,Inactive
15678034,Fixed Deposit,2023-01-27,Active
15678034,Credit Card,2023-01-16,Active
15690209,Credit Card,2023-07-14,Active
15690209,Insurance,2022-09-20,Inactive
15690209,Loan,2023-04-27,Inactive
15592091,Credit Card,2023-05-06,Inactive
15592091,Fixed Deposit,2022-01-03,Active
15647453,Mutual Fund,2022-11-15,Active
15647453,Insurance,2022-02-11,Inactive
15647453,Loan,2023-05-23,Active
15697100,Insurance,2023-01-25,Active
15697100,Loan,2023-05-10,Active
15697100,Credit Card,2022-03-16,Inactive
15811290,Loan,2023-02-16,Active
15811290,Insurance,2022-10-09,Active
15811290,Credit Card,2022-07-02,Inactive
15629187,Insurance,2023-12-03,Active
15629187,Mutual Fund,2022-12-17,Active
15758073,Credit Card,2022-09-15,Active
15758073,Insurance,2022-05-10,Active
15758073,Fixed Deposit,2023-10-07,Active
15640769,Credit Card,2022-01-08,Active
15640769,Mutual Fund,2023-04-13,Active
15606641,Loan,2022-01-19,Active
15718280,Insurance,2022-06-23,Active
15718280,Fixed Deposit,2023-06-03,Active
15764335,Credit Card,2022-02-08,Active
15764335,Fixed Deposit,2023-02-13,Active
15634218,Fixed Deposit,2022-01-23,Active
15808760,Credit Card,2022-05-05,Inactive
15648461,Credit Card,2023-01-03,Active
15593555,Credit Card,2022-06-10,Active
15569079,Mutual Fund,2022-04-07,Active
15800736,Insurance,2023-05-18,Inactive
15800736,Fixed Deposit,2023-12-19,Active
15800736,Credit Card,2022-12-24,Inactive
15792607,Fixed Deposit,2023-05-28,Active
15792607,Insurance,2022-11-26,Active
15792607,Credit Card,2023-03-28,Inactive
15640034,Insurance,2022-09-16,Active
15807563,Credit Card,2023-02-15,Active
15807563,Loan,2022-03-28,Active
15684461,Credit Card,2022-12-10,Inactive
15580134,Loan,2022-01-06,Active
15580134,Fixed Deposit,2023-07-30,Active
15580134,Mutual Fund,2022-06-21,Active
15679075,Loan,2022-10-23,Active
15742504,Insurance,2022-06-14,Active
15742504,Credit Card,2022-10-16,Active
15567328,Credit Card,2023-08-08,Active
15567328,Fixed Deposit,2022-04-10,Active
15567328,Insurance,2023-10-20,Inactive
15698294,Loan,2022-06-24,Active
15607142,Fixed Deposit,2023-08-19,Active
15607142,Credit Card,2022-09-17,Active
15738516,Loan,2023-03-16,Active
15806403,Insurance,2022-09-18,Active
15806403,Loan,2023-04-17,Active
15656707,Credit Card,2023-10-18,Active
15653715,Credit Card,2023-11-24,Active
15653715,Fixed Deposit,2022-10-19,Active
15653715,Mutual Fund,2023-04-17,Active
15806184,Loan,2023-08-01,Active
15585734,Loan,2022-02-07,Active
15585734,Credit Card,2022-09-10,Active
15585734,Fixed Deposit,2022-08-30,Active
15725639,Mutual Fund,2022-05-03,Active
15618401,Loan,2023-09-24,Active
15618401,Insurance,2023-03-04,Active
15618401,Fixed Deposit,2022-06-03,Active
15785385,Credit Card,2022-09-14,Active
15785385,Mutual Fund,2022-04-04,Inactive
15785385,Fixed Deposit,2022-06-01,Active
15734762,Credit Card,2022-05-12,Active
15734762,Fixed Deposit,2023-12-07,Active
15767129,Loan,2022-09-21,Active
15797204,Insurance,2022-08-23,Active
15769272,Insurance,2023-10-11,Active
15769272,Fixed Deposit,2023-09-25,Active
15771966,Mutual Fund,2023-03-10,Active
15691952,Mutual Fund,2023-11-12,Inactive
15691952,Fixed Deposit,2023-06-16,Active
15691952,Loan,2022-11-20,Active
15593250,Mutual Fund,2023-08-16,Inactive
15593250,Insurance,2022-07-02,Inactive
15605333,Loan,2023-03-19,Active
15605333,Credit Card,2022-06-11,Active
15800083,Mutual Fund,2022-09-04,Active
15800083,Loan,2022-11-17,Active
15575691,Fixed Deposit,2023-05-17,Active
15575691,Credit Card,2022-05-13,Active
15689886,Credit Card,2022-07-09,Active
15809838,Loan,2022-08-25,Active
15809838,Insurance,2022-08-16,Active
15736154,Credit Card,2023-05-14,Active
15767391,Insurance,2022-02-11,Active
15767391,Credit Card,2023-01-06,Active
15767391,Fixed Deposit,2023-03-20,Active
15704910,Insurance,2022-04-29,Inactive
15704910,Fixed Deposit,2022-04-15,Inactive
15656613,Fixed Deposit,2022-10-16,Active
15656613,Mutual Fund,2023-09-29,Active
15611551,Insurance,2023-04-14,Active
15611551,Mutual Fund,2022-01-18,Active
15732430,Insurance,2023-09-02,Active
15732430,Fixed Deposit,2022-08-18,Active
15732430,Mutual Fund,2023-09-01,Inactive
15741865,Insurance,2022-05-02,Active
15741865,Fixed Deposit,2022-06-28,Active
15634143,Credit Card,2023-06-02,Active
15634143,Fixed Deposit,2023-08-24,Active
15609676,Insurance,2022-02-22,Active
15609676,Fixed Deposit,2022-10-25,Active
15761600,Loan,2022-02-06,Active
15761600,Credit Card,2023-04-08,Active
15761600,Insurance,2023-09-20,Active
15676404,Credit Card,2023-11-24,Active
15659236,Credit Card,2023-08-04,Active
15659236,Fixed Deposit,2022-06-03,Active
15659236,Mutual Fund,2023-08-22,Inactive
15690440,Loan,2023-04-24,Active
15690440,Fixed Deposit,2022-05-13,Inactive
15694601,Insurance,2022-08-13,Active
15812262,Fixed Deposit,2022-06-02,Active
15812262,Loan,2022-06-05,Inactive
15812262,Credit Card,2023-04-24,Active
15762821,Mutual Fund,2023-05-09,Active
15762821,Insurance,2022-06-12,Active
15669301,Credit Card,2023-04-14,Active
15672640,Mutual Fund,2022-05-16,Active
15672640,Insurance,2022-11-12,Active
15750458,Insurance,2022-12-06,Active
15750458,Mutual Fund,2022-08-25,Active
15627251,Insurance,2023-12-11,Active
15764294,Insurance,2022-02-07,Active
15764294,Loan,2023-01-15,Active
15764294,Mutual Fund,2023-12-21,Active
15659962,Credit Card,2023-05-08,Active
15788536,Insurance,2022-12-06,Inactive
15788536,Loan,2022-07-15,Active
15788536,Mutual Fund,2023-02-16,Active
15596979,Loan,2022-05-14,Active
15681220,Fixed Deposit,2023-03-04,Inactive
15681220,Loan,2023-10-15,Active
15681220,Credit Card,2022-03-02,Active
15635097,Fixed Deposit,2022-03-08,Active
15635097,Mutual Fund,2022-02-24,Active
15635097,Credit Card,2023-04-02,Inactive
15780779,Mutual Fund,2023-02-21,Inactive
15798470,Credit Card,2022-05-23,Active
15798470,Fixed Deposit,2023-04-29,Inactive
15760880,Fixed Deposit,2023-05-07,Active
15760880,Loan,2023-03-20,Active
15616929,Insurance,2022-05-19,Active
15616929,Credit Card,2022-01-06,Active
15758775,Mutual Fund,2023-08-01,Inactive
15758775,Insurance,2023-08-14,Active
15758775,Loan,2022-01-03,Inactive
15663386,Credit Card,2022-11-22,Active
15663386,Fixed Deposit,2023-07-02,Inactive
15663386,Insurance,2022-10-09,Active
15621267,Fixed Deposit,2023-05-26,Active
15621267,Credit Card,2022-06-11,Inactive
15621267,Mutual Fund,2022-11-14,Active
15720509,Mutual Fund,2022-04-28,Active
15720509,Insurance,2022-01-25,Active
15720509,Credit Card,2023-12-01,Active
15693322,Mutual Fund,2022-11-29,Active
15693322,Fixed Deposit,2022-02-13,Active
15589544,Mutual Fund,2023-05-27,Active
15772030,Mutual Fund,2022-06-20,Active
15772030,Fixed Deposit,2023-02-17,Active
15693337,Mutual Fund,2022-03-03,Inactive
15693337,Fixed Deposit,2022-06-17,Active
15693337,Credit Card,2023-06-08,Inactive
15676571,Fixed Deposit,2022-03-23,Active
15701392,Mutual Fund,2023-02-22,Active
15701392,Fixed Deposit,2022-08-13,Active
15701392,Credit Card,2023-01-12,Inactive
15741092,Insurance,2023-10-21,Active
15643865,Loan,2023-08-18,Active
15769389,Fixed Deposit,2022-11-20,Active
15769389,Insurance,2023-10-12,Active
15769389,Mutual Fund,2023-08-21,Active
15807768,Credit Card,2023-12-01,Active
15801630,Mutual Fund,2023-02-20,Active
15801630,Fixed Deposit,2022-01-19,Active
15705034,Mutual Fund,2022-02-09,Active
15763107,Credit Card,2023-04-02,Active
15763107,Mutual Fund,2022-10-21,Inactive
15667085,Mutual Fund,2022-01-10,Active
15667085,Loan,2022-01-14,Active
15647008,Mutual Fund,2023-09-18,Active
15647008,Insurance,2022-03-11,Active
15584505,Credit Card,2022-02-25,Active
15748068,Credit Card,2022-06-24,Inactive
15663964,Mutual Fund,2022-12-20,Inactive
15663964,Insurance,2022-12-09,Active
15663964,Credit Card,2023-10-21,Active
15782311,Fixed Deposit,2023-05-04,Active
15782311,Loan,2022-08-15,Active
15782311,Insurance,2023-06-28,Inactive
15588197,Loan,2022-01-27,Inactive
15588197,Insurance,2023-02-14,Inactive
15610105,Mutual Fund,2022-12-22,Active
15606133,Fixed Deposit,2022-05-19,Inactive
15606133,Insurance,2022-02-11,Active
15599403,Credit Card,2022-09-10,Inactive
15599403,Fixed Deposit,2023-11-23,Active
15599403,Loan,2023-11-02,Active
15648225,Insurance,2022-07-30,Active
15648225,Credit Card,2023-07-07,Active
15648225,Loan,2023-05-27,Inactive
15608406,Loan,2022-04-10,Inactive
15633378,Insurance,2022-10-14,Active
15664759,Insurance,2023-07-12,Active
15664759,Fixed Deposit,2022-03-18,Active
15625545,Fixed Deposit,2023-02-04,Inactive
15625545,Mutual Fund,2022-08-06,Active
15772148,Mutual Fund,2023-07-30,Active
15772148,Fixed Deposit,2022-09-20,Inactive
15810829,Fixed Deposit,2023-06-11,Active
15731669,Credit Card,2023-03-13,Active
15731669,Fixed Deposit,2022-10-27,Active
15738634,Credit Card,2023-06-10,Active
15738634,Loan,2022-12-16,Active
15738634,Mutual Fund,2022-12-19,Active
15737571,Mutual Fund,2023-08-18,Inactive
15737571,Credit Card,2022-09-29,Active
15737571,Fixed Deposit,2022-02-23,Active
15667602,Mutual Fund,2022-10-28,Inactive
15667602,Credit Card,2023-05-30,Active
15667602,Insurance,2023-02-18,Active
15684147,Credit Card,2023-04-11,Active
15684147,Fixed Deposit,2023-08-01,Active
15684147,Insurance,2023-08-05,Active
15789874,Fixed Deposit,2022-10-04,Active
15757952,Mutual Fund,2023-10-24,Inactive
15757952,Loan,2022-02-23,Active
15757952,Fixed Deposit,2023-07-26,Active
15698732,Loan,2023-07-08,Active
15714355,Fixed Deposit,2023-10-28,Active
15714355,Loan,2022-12-31,Active
15599090,Insurance,2023-09-23,Active
15762048,Mutual Fund,2022-01-21,Active
15762048,Fixed Deposit,2022-03-17,Active
15790596,Fixed Deposit,2023-12-26,Active
15790596,Credit Card,2023-04-06,Active
15609623,Fixed Deposit,2023-11-17,Active
15609623,Mutual Fund,2023-01-03,Inactive
15609623,Credit Card,2023-07-17,Active
15711901,Credit Card,2022-03-26,Active
15779809,Insurance,2023-03-24,Active
15779809,Mutual Fund,2022-12-08,Active
15779809,Loan,2022-01-13,Active
15729018,Loan,2022-06-18,Active
15729018,Credit Card,2022-10-03,Active
15698246,Mutual Fund,2023-09-25,Inactive
15712409,Mutual Fund,2023-01-03,Inactive
15712409,Insurance,2022-04-15,Active
15712409,Fixed Deposit,2023-06-02,Inactive
15758306,Credit Card,2022-12-28,Active
15621435,Mutual Fund,2023-07-13,Active
15621435,Insurance,2023-02-10,Active
15566295,Mutual Fund,2023-05-23,Active
15566295,Loan,2022-09-16,Active
15569098,Fixed Deposit,2023-11-05,Active
15662532,Fixed Deposit,2023-03-21,Active
15662532,Mutual Fund,2022-05-10,Active
15662532,Insurance,2022-04-17,Inactive
15664001,Insurance,2023-09-05,Inactive
15703437,Mutual Fund,2022-11-05,Inactive
15708003,Insurance,2023-01-11,Active
15708003,Loan,2022-11-06,Active
15708003,Credit Card,2023-12-27,Active
15599452,Insurance,2023-03-12,Active
15599452,Mutual Fund,2023-06-06,Active
15599452,Loan,2022-10-05,Active
15719793,Loan,2023-09-26,Inactive
15719793,Credit Card,2022-06-28,Active
15719793,Mutual Fund,2023-12-01,Active
15771580,Mutual Fund,2022-04-17,Active
15771580,Fixed Deposit,2023-07-21,Active
15771580,Loan,2023-11-20,Active
15732268,Credit Card,2023-08-20,Inactive
15722350,Credit Card,2022-07-01,Active
15722350,Fixed Deposit,2022-09-13,Active
15611371,Mutual Fund,2022-06-11,Active
15611371,Insurance,2022-01-08,Active
15673584,Insurance,2023-10-08,Active
15673584,Fixed Deposit,2023-08-13,Active
15673584,Loan,2022-10-15,Active
15636396,Credit Card,2022-01-14,Active
15636396,Fixed Deposit,2023-04-05,Active
15636396,Mutual Fund,2023-07-24,Active
15706170,Loan,2023-12-06,Active
15706170,Fixed Deposit,2022-12-06,Active
15706170,Insurance,2022-04-14,Active
15725478,Credit Card,2022-03-19,Active
15725478,Insurance,2023-05-24,Active
15654562,Insurance,2022-03-08,Active
15654562,Mutual Fund,2023-06-29,Inactive
15737509,Loan,2023-06-27,Active
15737509,Credit Card,2023-06-28,Active
15737509,Fixed Deposit,2022-12-23,Active
15690796,Insurance,2022-10-22,Active
15690796,Credit Card,2023-03-22,Active
15690796,Loan,2022-11-19,Active
15716728,Insurance,2023-01-26,Active
15716728,Loan,2023-07-09,Active
15605665,Credit Card,2022-08-18,Active
15605665,Insurance,2022-03-09,Active
15605665,Mutual Fund,2022-07-24,Active
15748481,Credit Card,2022-09-05,Inactive
15757777,Mutual Fund,2022-03-29,Active
15757777,Loan,2022-12-24,Active
15757777,Fixed Deposit,2023-11-06,Active
15747808,Insurance,2023-04-17,Active
15747808,Fixed Deposit,2022-12-01,Active
15747808,Credit Card,2023-06-26,Inactive
15810593,Loan,2023-04-02,Active
15810593,Credit Card,2022-06-15,Active
15693376,Mutual Fund,2023-06-10,Active
15693376,Fixed Deposit,2023-02-18,Inactive
15579808,Fixed Deposit,2022-12-31,Active
15579808,Loan,2023-03-03,Active
15579808,Credit Card,2022-12-23,Active
15598275,Loan,2023-11-08,Active
15737080,Credit Card,2023-05-27,Active
15737080,Insurance,2023-08-24,Active
15737080,Fixed Deposit,2022-02-10,Active
15668580,Credit Card,2023-01-17,Active
15668580,Insurance,2023-07-10,Active
15668580,Fixed Deposit,2022-05-13,Active
15569438,Insurance,2022-01-23,Active
15569438,Mutual Fund,2023-03-23,Inactive
15569438,Credit Card,2022-09-08,Active
15675842,Mutual Fund,2022-05-23,Active
15675842,Credit Card,2023-10-19,Active
15577587,Insurance,2023-07-20,Active
15577587,Fixed Deposit,2022-07-08,Inactive
15625592,Credit Card,2023-07-12,Inactive
15625592,Fixed Deposit,2023-11-25,Inactive
15635141,Loan,2022-05-08,Active
15642570,Fixed Deposit,2023-11-23,Active
15642570,Credit Card,2022-02-06,Active
15642570,Mutual Fund,2022-10-01,Inactive
15702175,Insurance,2022-01-08,Active
15702175,Credit Card,2022-02-27,Active
15702175,Mutual Fund,2022-08-14,Active
15677785,Insurance,2022-02-20,Active
15677785,Fixed Deposit,2022-04-01,Active
15677785,Mutual Fund,2022-02-09,Active
15786153,Fixed Deposit,2022-08-16,Active
15786153,Mutual Fund,2023-08-03,Active
15759499,Insurance,2023-12-03,Active
15759499,Mutual Fund,2023-03-16,Active
15759499,Loan,2023-10-11,Active
15659568,Loan,2022-08-28,Active
15715597,Loan,2023-02-16,Inactive
15715597,Fixed Deposit,2023-02-20,Active
15715597,Mutual Fund,2022-02-01,Inactive
15610147,Insurance,2023-05-21,Active
15610147,Credit Card,2023-01-30,Inactive
15610147,Loan,2022-06-03,Inactive
15802362,Loan,2022-01-16,Active
15802362,Mutual Fund,2022-09-14,Active
15802362,Insurance,2022-02-13,Active
15660524,Insurance,2022-06-01,Inactive
15660524,Mutual Fund,2022-10-08,Inactive
15660524,Loan,2022-04-30,Active
15747168,Mutual Fund,2022-06-01,Inactive
15747168,Insurance,2023-06-29,Active
15747168,Loan,2023-03-22,Active
15796910,Mutual Fund,2022-11-27,Inactive
15707674,Loan,2023-02-22,Active
15707674,Insurance,2023-10-08,Active
15565706,Insurance,2022-08-21,Active
15565706,Fixed Deposit,2022-10-22,Active
15565706,Credit Card,2022-09-07,Active
15587596,Credit Card,2022-03-04,Active
15587596,Mutual Fund,2022-10-31,Active
15587596,Fixed Deposit,2023-07-13,Active
15751943,Fixed Deposit,2022-08-27,Active
15751943,Insurance,2022-03-26,Inactive
15751943,Loan,2023-06-16,Inactive
15621227,Fixed Deposit,2023-07-01,Inactive
15621227,Mutual Fund,2023-09-28,Active
15757588,Credit Card,2023-11-02,Active
15757588,Fixed Deposit,2022-02-05,Inactive
15640922,Credit Card,2022-04-06,Active
15640922,Insurance,2023-05-23,Active
15640922,Fixed Deposit,2023-02-20,Active
15567557,Credit Card,2023-01-05,Active
15670103,Mutual Fund,2022-08-02,Active
15670103,Credit Card,2023-05-23,Inactive
15670103,Fixed Deposit,2023-10-31,Inactive
15720929,Credit Card,2023-05-31,Active
15732774,Mutual Fund,2022-09-21,Active
15732774,Insurance,2022-07-27,Active
15732774,Fixed Deposit,2022-11-19,Active
15628558,Credit Card,2022-06-12,Active
15628558,Insurance,2022-11-23,Active
15729201,Fixed Deposit,2023-02-01,Active
15729201,Credit Card,2022-06-03,Active
15731117,Insurance,2023-09-09,Active
15731117,Mutual Fund,2022-07-10,Active
15615207,Credit Card,2023-12-18,Active
15615207,Loan,2023-05-23,Active
15773512,Fixed Deposit,2023-09-10,Active
15773512,Loan,2022-06-04,Active
15773512,Insurance,2023-02-24,Active
15572145,Insurance,2022-05-30,Active
15572145,Credit Card,2023-05-10,Active
15642710,Credit Card,2022-06-18,Active
15642710,Mutual Fund,2023-06-15,Inactive
15642710,Fixed Deposit,2023-07-28,Inactive
15574213,Credit Card,2023-07-13,Active
15574213,Loan,2023-05-04,Inactive
15574213,Mutual Fund,2023-10-31,Active
15718852,Loan,2022-06-24,Inactive
15583840,Loan,2022-08-09,Active
15583840,Mutual Fund,2023-02-11,Active
15583840,Fixed Deposit,2023-04-16,Inactive
15782418,Fixed Deposit,2023-06-24,Active
15813504,Insurance,2022-07-07,Active
15813504,Credit Card,2023-01-04,Active
15711314,Mutual Fund,2023-09-17,Active
15621064,Loan,2023-03-20,Active
15621064,Credit Card,2023-03-07,Active
15627847,Fixed Deposit,2023-01-01,Active
15627847,Insurance,2022-03-13,Active
15627847,Loan,2022-02-07,Active
15588090,Insurance,2023-06-10,Active
15735270,Mutual Fund,2023-08-29,Active
15735270,Credit Card,2022-06-29,Active
15735270,Loan,2022-12-26,Active
15671804,Insurance,2022-02-19,Active
15753215,Fixed Deposit,2023-10-08,Active
15789941,Fixed Deposit,2023-01-14,Active
15789941,Loan,2023-02-12,Inactive
15789941,Insurance,2022-09-11,Active
15691061,Fixed Deposit,2022-06-28,Active
15691061,Credit Card,2022-03-25,Active
15691061,Insurance,2023-07-17,Active
15808326,Fixed Deposit,2023-05-05,Active
15808326,Mutual Fund,2022-10-31,Active
15808326,Loan,2023-03-01,Active
15566660,Credit Card,2023-12-05,Active
15566660,Fixed Deposit,2022-07-24,Active
15566660,Mutual Fund,2022-09-17,Inactive
15778947,Insurance,2022-02-02,Active
15632977,Loan,2022-10-24,Active
15591747,Fixed Deposit,2022-06-27,Active
15591747,Mutual Fund,2023-03-28,Active
15567335,Mutual Fund,2023-12-19,Active
15609299,Insurance,2023-09-04,Active
15669945,Loan,2022-02-21,Active
15669945,Insurance,2022-10-31,Active
15669945,Credit Card,2022-04-10,Active
15736271,Mutual Fund,2023-12-15,Active
15736271,Loan,2022-01-31,Active
15736271,Credit Card,2023-03-01,Active
15710390,Credit Card,2022-03-07,Active
15710390,Fixed Deposit,2022-02-08,Active
15756481,Mutual Fund,2022-03-21,Active
15756481,Fixed Deposit,2023-06-21,Inactive
15756481,Loan,2022-01-20,Active
15736730,Insurance,2023-09-17,Active
15736730,Credit Card,2023-08-24,Active
15736730,Mutual Fund,2023-02-18,Inactive
15626040,Loan,2023-07-04,Active
15626040,Mutual Fund,2022-11-18,Active
15746553,Fixed Deposit,2022-11-17,Inactive
15746553,Mutual Fund,2023-12-08,Active
15622518,Loan,2023-03-21,Inactive
15622518,Insurance,2022-10-18,Active
15684908,Credit Card,2023-07-25,Active
15684908,Mutual Fund,2023-02-21,Active
15569446,Loan,2022-07-01,Active
15777504,Fixed Deposit,2022-02-11,Active
15677906,Insurance,2023-10-17,Active
15703292,Fixed Deposit,2023-10-03,Inactive
15703292,Insurance,2022-01-29,Inactive
15703292,Mutual Fund,2023-06-07,Active
15712938,Fixed Deposit,2022-03-15,Inactive
15631359,Mutual Fund,2022-05-05,Active
15720847,Fixed Deposit,2022-09-12,Active
15787830,Fixed Deposit,2022-12-06,Active
15787830,Credit Card,2023-08-26,Active
15787830,Loan,2022-11-19,Active
15599869,Mutual Fund,2023-09-18,Active
15592078,Loan,2023-09-24,Active
15592078,Mutual Fund,2023-05-12,Active
15596228,Loan,2023-01-31,Inactive
15578462,Fixed Deposit,2023-04-26,Active
15756894,Loan,2022-03-22,Active
15756894,Credit Card,2023-10-13,Inactive
15796167,Insurance,2022-01-07,Active
15664808,Credit Card,2023-05-30,Active
15664808,Loan,2023-04-22,Inactive
15664555,Insurance,2022-06-16,Active
15664555,Fixed Deposit,2022-07-07,Active
15607278,Credit Card,2022-04-22,Inactive
15585222,Loan,2022-12-13,Active
15585222,Credit Card,2022-02-16,Inactive
15585222,Mutual Fund,2022-03-01,Active
15750299,Fixed Deposit,2023-04-08,Active
15750299,Mutual Fund,2023-05-26,Active
15750299,Loan,2023-02-21,Inactive
15761294,Fixed Deposit,2022-05-09,Active
15810454,Credit Card,2023-10-15,Active
15673984,Fixed Deposit,2022-06-26,Inactive
15673984,Credit Card,2022-01-30,Active
15673984,Loan,2022-08-02,Active
15609319,Mutual Fund,2022-11-24,Active
15609319,Credit Card,2022-12-29,Active
15609319,Insurance,2023-09-24,Active
15709941,Fixed Deposit,2023-02-16,Active
15709941,Insurance,2023-08-17,Active
15580252,Fixed Deposit,2023-11-15,Active
15580252,Credit Card,2023-10-27,Active
15580252,Mutual Fund,2023-01-28,Active
15741275,Mutual Fund,2022-04-22,Active
15741275,Fixed Deposit,2023-01-08,Inactive
15741275,Credit Card,2022-04-25,Active
15707132,Loan,2022-05-05,Active
15707132,Mutual Fund,2022-04-03,Active
15707132,Credit Card,2022-09-08,Active
15600708,Fixed Deposit,2023-06-04,Active
15600708,Credit Card,2023-11-19,Active
15600708,Loan,2022-07-12,Inactive
15804787,Insurance,2022-06-02,Active
15804787,Credit Card,2023-10-29,Active
15690021,Loan,2022-11-18,Active
15690021,Credit Card,2022-11-16,Active
15763895,Credit Card,2022-10-29,Active
15763895,Mutual Fund,2023-11-29,Active
15623478,Fixed Deposit,2023-11-05,Inactive
15623478,Insurance,2022-12-03,Active
15623478,Mutual Fund,2022-07-28,Active
15797910,Loan,2023-08-06,Active
15797910,Credit Card,2023-12-25,Active
15577751,Insurance,2023-12-05,Active
15577751,Fixed Deposit,2023-03-24,Active
15577751,Loan,2023-04-12,Active
15781777,Insurance,2022-06-12,Active
15781777,Loan,2023-11-09,Active
15740527,Fixed Deposit,2022-09-13,Active
15740527,Loan,2022-06-15,Active
15721251,Loan,2022-12-06,Active
15721251,Credit Card,2022-09-24,Active
15721251,Mutual Fund,2022-03-03,Active
15602994,Credit Card,2022-06-10,Active
15750769,Mutual Fund,2023-03-19,Inactive
15750769,Credit Card,2022-09-30,Active
15740175,Insurance,2022-10-20,Active
15740175,Loan,2023-01-14,Inactive
15679968,Insurance,2023-08-20,Inactive
15679968,Loan,2022-01-15,Active
15694404,Mutual Fund,2022-05-15,Active
15657529,Fixed Deposit,2022-06-11,Active
15657529,Insurance,2023-07-25,Inactive
15657529,Loan,2023-07-25,Active
15762882,Mutual Fund,2023-08-07,Active
15642579,Loan,2023-06-28,Active
15642579,Credit Card,2022-03-05,Active
15598884,Mutual Fund,2022-01-28,Active
15598884,Loan,2022-11-10,Active
15598884,Credit Card,2022-11-12,Active
15770185,Mutual Fund,2022-08-21,Active
15770185,Credit Card,2022-10-07,Active
15800287,Insurance,2023-11-26,Inactive
15665861,Mutual Fund,2023-06-03,Active
15665861,Insurance,2023-04-07,Active
15662203,Credit Card,2023-11-30,Active
15616454,Insurance,2022-10-03,Active
15616454,Fixed Deposit,2023-07-28,Inactive
15702788,Loan,2023-12-29,Active
15702788,Fixed Deposit,2023-05-18,Active
15778149,Insurance,2022-01-01,Active
15778149,Fixed Deposit,2023-10-31,Active
15680001,Insurance,2023-06-04,Inactive
15680001,Credit Card,2022-05-26,Active
15680001,Loan,2023-06-30,Inactive
15711991,Fixed Deposit,2023-09-04,Active
15711991,Mutual Fund,2022-10-07,Active
15711991,Credit Card,2023-03-05,Active
15633834,Loan,2022-05-19,Active
15633834,Fixed Deposit,2023-08-19,Inactive
15633834,Insurance,2023-05-31,Active
15765266,Loan,2023-02-01,Inactive
15765266,Fixed Deposit,2023-08-13,Active
15791867,Mutual Fund,2022-10-25,Inactive
15791867,Insurance,2022-08-11,Active
15675380,Insurance,2023-09-29,Active
15770576,Mutual Fund,2023-03-16,Active
15770576,Insurance,2022-08-05,Active
15770576,Loan,2022-03-09,Active
15775294,Credit Card,2023-07-15,Active
15775294,Fixed Deposit,2023-07-30,Active
15775294,Mutual Fund,2023-03-09,Active
15727059,Fixed Deposit,2023-05-30,Active
15727059,Mutual Fund,2023-12-26,Inactive
15702499,Credit Card,2022-06-13,Active
15702499,Insurance,2022-06-14,Active
15611699,Loan,2022-12-22,Inactive
15611699,Mutual Fund,2022-04-06,Active
15611699,Credit Card,2022-02-11,Active
15654000,Insurance,2023-09-07,Active
15654000,Loan,2023-10-01,Inactive
15657881,Mutual Fund,2022-08-29,Inactive
15719991,Loan,2022-06-14,Active
15719991,Insurance,2023-04-19,Active
15719991,Mutual Fund,2023-03-12,Active
15720687,Mutual Fund,2022-04-21,Active
15720687,Credit Card,2022-04-08,Active
15687079,Credit Card,2023-02-21,Active
15687079,Fixed Deposit,2022-03-02,Inactive
15582276,Fixed Deposit,2023-01-01,Active
15582276,Loan,2023-07-22,Inactive
15763980,Insurance,2022-11-18,Active
15720774,Insurance,2022-05-27,Active
15720774,Mutual Fund,2023-09-24,Active
15592194,Fixed Deposit,2023-12-13,Active
15592194,Credit Card,2023-01-02,Active
15592194,Loan,2022-04-25,Active
15803685,Insurance,2023-10-24,Active
15803685,Loan,2023-09-19,Active
15759456,Insurance,2023-10-31,Active
15611544,Credit Card,2022-10-12,Inactive
15611544,Mutual Fund,2023-08-24,Active
15611544,Fixed Deposit,2023-03-26,Active
15794257,Loan,2022-04-30,Inactive
15681697,Credit Card,2022-12-27,Active
15681697,Insurance,2022-11-27,Active
15579566,Loan,2023-11-12,Active
15577970,Insurance,2023-02-09,Active
15577970,Mutual Fund,2022-06-20,Active
15577970,Fixed Deposit,2023-11-16,Active
15727489,Fixed Deposit,2022-08-12,Inactive
15727489,Mutual Fund,2023-03-02,Active
15764284,Fixed Deposit,2023-06-06,Active
15764284,Loan,2023-01-01,Inactive
15764284,Credit Card,2022-01-04,Active
15581811,Fixed Deposit,2022-07-19,Inactive
15581811,Insurance,2023-03-22,Inactive
15622527,Credit Card,2022-11-15,Active
15622527,Mutual Fund,2023-04-13,Inactive
15622527,Loan,2023-09-13,Active
15753362,Credit Card,2022-04-15,Active
15753362,Loan,2022-01-23,Inactive
15753362,Fixed Deposit,2022-07-06,Active
15666652,Credit Card,2022-08-26,Inactive
15789714,Fixed Deposit,2023-01-24,Active
15789714,Mutual Fund,2023-04-02,Active
15771543,Fixed Deposit,2023-01-25,Active
15748327,Credit Card,2023-06-24,Active
15754649,Loan,2022-12-14,Active
15810460,Loan,2023-08-11,Active
15810460,Mutual Fund,2023-02-02,Active
15810460,Credit Card,2022-06-14,Active
15771742,Fixed Deposit,2022-11-30,Active
15642160,Insurance,2022-01-21,Active
15642160,Credit Card,2023-04-06,Inactive
15642160,Mutual Fund,2023-02-04,Active
15798439,Fixed Deposit,2023-05-31,Active
15798439,Credit Card,2023-07-29,Active
15605293,Credit Card,2022-02-26,Inactive
15605293,Insurance,2023-01-02,Active
15605293,Fixed Deposit,2022-11-10,Active
15692631,Credit Card,2023-07-29,Inactive
15692631,Mutual Fund,2022-11-07,Active
15665376,Mutual Fund,2022-06-05,Inactive
15772412,Insurance,2023-06-10,Inactive
15772412,Loan,2023-04-10,Active
15654577,Credit Card,2022-01-25,Active
15654577,Mutual Fund,2022-04-23,Inactive
15654577,Insurance,2023-06-10,Active
15585427,Mutual Fund,2022-10-27,Active
15584536,Insurance,2023-10-19,Active
15585853,Mutual Fund,2022-12-21,Active
15585853,Fixed Deposit,2023-01-13,Active
15585853,Insurance,2022-11-01,Active
15645271,Mutual Fund,2023-10-22,Inactive
15645271,Credit Card,2022-12-21,Inactive
15645271,Fixed Deposit,2022-02-18,Active
15579387,Credit Card,2023-08-19,Inactive
15579387,Mutual Fund,2022-09-21,Inactive
15579387,Loan,2022-07-16,Active
15623107,Loan,2022-07-30,Active
15754072,Insurance,2022-08-15,Inactive
15666163,Insurance,2022-06-13,Active
15765192,Loan,2023-06-26,Active
15765192,Insurance,2022-05-14,Active
15765192,Credit Card,2022-08-08,Active
15804822,Credit Card,2023-01-21,Active
15804822,Insurance,2023-06-11,Active
15804822,Loan,2023-10-05,Inactive
15612893,Credit Card,2022-06-17,Active
15612893,Insurance,2023-03-08,Active
15593636,Mutual Fund,2023-05-07,Active
15693326,Credit Card,2023-03-01,Active
15693326,Mutual Fund,2023-11-29,Active
15809901,Loan,2022-07-28,Active
15759751,Credit Card,2023-01-04,Active
15759751,Fixed Deposit,2023-06-24,Inactive
15605425,Loan,2022-06-19,Active
15605425,Mutual Fund,2022-05-16,Active
15605425,Fixed Deposit,2022-11-02,Inactive
15801934,Mutual Fund,2022-01-06,Active
15592000,Loan,2022-11-20,Active
15592000,Insurance,2023-05-08,Active
15592000,Mutual Fund,2023-02-18,Active
15618695,Credit Card,2022-06-15,Active
15618695,Insurance,2023-07-06,Active
15618695,Fixed Deposit,2022-06-24,Inactive
15637110,Mutual Fund,2023-09-18,Active
15637110,Loan,2022-02-28,Active
15637110,Credit Card,2022-06-16,Active
15727408,Insurance,2022-10-22,Active
15716328,Loan,2023-02-26,Inactive
15716328,Credit Card,2023-11-04,Active
15669060,Loan,2023-12-09,Active
15669060,Fixed Deposit,2023-08-02,Active
15669060,Credit Card,2023-06-24,Active
15675854,Credit Card,2022-11-05,Active
15675854,Fixed Deposit,2023-06-09,Active
15675854,Mutual Fund,2023-05-05,Active
15621116,Credit Card,2023-05-24,Inactive
15621116,Mutual Fund,2023-10-02,Active
15781495,Fixed Deposit,2023-07-04,Active
15740470,Mutual Fund,2022-06-09,Inactive
15740470,Insurance,2022-03-16,Active
15740470,Loan,2023-10-24,Active
15714391,Mutual Fund,2022-02-02,Active
15714391,Loan,2022-08-28,Active
15714391,Insurance,2022-10-30,Active
15730137,Credit Card,2022-07-20,Active
15730137,Loan,2023-12-13,Active
15730137,Fixed Deposit,2023-04-05,Active
15596455,Mutual Fund,2023-01-18,Active
15717290,Fixed Deposit,2023-06-13,Inactive
15616555,Insurance,2023-07-05,Active
15616555,Credit Card,2023-06-20,Active
15616555,Loan,2022-06-28,Active
15659820,Fixed Deposit,2023-09-07,Active
15696301,Credit Card,2022-06-09,Active
15696301,Mutual Fund,2023-08-29,Active
15696301,Loan,2023-03-03,Active
15771087,Insurance,2022-05-26,Active
15808831,Insurance,2023-11-20,Active
15808831,Fixed Deposit,2023-08-10,Active
15812241,Credit Card,2023-04-23,Active
15680370,Mutual Fund,2022-05-01,Active
15680370,Loan,2023-05-21,Active
15680370,Credit Card,2022-10-14,Active
15780561,Insurance,2022-11-14,Active
15780561,Loan,2023-01-07,Active
15780561,Mutual Fund,2022-04-21,Inactive
15800784,Fixed Deposit,2022-05-28,Inactive
15800784,Insurance,2023-02-12,Active
15800784,Mutual Fund,2023-07-20,Inactive
15715796,Insurance,2022-03-19,Active
15715796,Fixed Deposit,2022-03-11,Active
15605375,Mutual Fund,2023-06-16,Active
15605375,Loan,2023-08-24,Active
15605375,Insurance,2023-03-31,Active
15621520,Loan,2023-09-21,Active
15621520,Insurance,2023-04-28,Inactive
15665460,Fixed Deposit,2023-01-11,Active
15665460,Credit Card,2023-12-01,Active
15665460,Mutual Fund,2023-01-04,Active
15801152,Mutual Fund,2022-11-21,Active
15756425,Insurance,2022-09-17,Active
15756425,Mutual Fund,2023-02-12,Active
15756425,Credit Card,2022-10-19,Active
15674328,Mutual Fund,2022-06-19,Inactive
15742404,Loan,2023-06-24,Inactive
15742404,Credit Card,2022-03-04,Active
15757140,Credit Card,2023-08-29,Active
15757140,Loan,2023-07-26,Active
15757140,Mutual Fund,2023-07-19,Active
15570051,Fixed Deposit,2023-08-30,Inactive
15669175,Insurance,2023-03-19,Active
15790324,Fixed Deposit,2023-04-11,Active
15790324,Mutual Fund,2023-03-17,Active
15691119,Credit Card,2023-04-21,Active
15743478,Loan,2023-12-30,Active
15743478,Mutual Fund,2023-04-09,Active
15707007,Insurance,2023-06-16,Inactive
15707007,Mutual Fund,2023-11-16,Inactive
15707007,Credit Card,2023-07-20,Inactive
15572547,Insurance,2022-05-18,Active
15567063,Insurance,2022-02-23,Active
15689633,Mutual Fund,2023-03-20,Active
15689633,Insurance,2022-05-14,Active
15689633,Loan,2022-08-21,Inactive
15720637,Credit Card,2023-06-18,Active
15720637,Insurance,2022-05-03,Active
15616859,Loan,2022-02-11,Active
15616859,Credit Card,2023-11-08,Active
15766166,Credit Card,2022-10-06,Active
15766166,Fixed Deposit,2022-08-28,Active
15617655,Insurance,2023-01-09,Active
15617655,Fixed Deposit,2023-01-17,Inactive
15617655,Loan,2022-03-26,Inactive
15623450,Insurance,2022-04-04,Active
15623450,Credit Card,2022-05-08,Active
15796612,Credit Card,2022-01-02,Active
15796612,Fixed Deposit,2023-12-19,Active
15795963,Fixed Deposit,2023-10-31,Inactive
15781598,Insurance,2022-10-08,Active
15781598,Credit Card,2023-06-15,Inactive
15691871,Loan,2023-04-17,Active
15691871,Credit Card,2022-06-07,Active
15691871,Fixed Deposit,2022-08-25,Active
15740345,Fixed Deposit,2023-08-24,Inactive
15740345,Credit Card,2022-02-11,Active
15662626,Loan,2022-06-15,Active
15596575,Insurance,2022-06-11,Active
15657321,Fixed Deposit,2023-03-17,Active
15657321,Credit Card,2022-02-08,Inactive
15657321,Loan,2023-10-18,Inactive
15575955,Credit Card,2022-02-14,Inactive
15743893,Mutual Fund,2023-10-22,Inactive
15743893,Credit Card,2022-04-12,Inactive
15743893,Fixed Deposit,2023-05-16,Active
15697270,Fixed Deposit,2022-09-08,Active
15697270,Loan,2023-01-01,Active
15697270,Credit Card,2023-05-23,Inactive
15644356,Credit Card,2022-09-25,Active
15644356,Insurance,2023-06-30,Inactive
15677586,Mutual Fund,2023-05-02,Active
15677586,Insurance,2023-03-22,Inactive
15677586,Credit Card,2023-06-28,Active
15571261,Fixed Deposit,2022-11-02,Active
15571261,Loan,2022-03-26,Active
15698758,Insurance,2023-10-12,Active
15787014,Credit Card,2023-08-18,Active
15787014,Insurance,2023-06-16,Active
15787014,Loan,2023-10-23,Inactive
15739857,Credit Card,2022-11-30,Active
15739857,Insurance,2022-11-22,Active
15739857,Loan,2022-05-10,Active
15774630,Fixed Deposit,2022-03-03,Active
15805523,Loan,2022-12-26,Active
15749557,Fixed Deposit,2022-05-30,Active
15749557,Credit Card,2022-11-09,Active
15749557,Insurance,2023-01-14,Active
15681180,Mutual Fund,2022-06-01,Active
15681180,Loan,2022-05-01,Active
15742028,Insurance,2022-09-06,Active
15686463,Mutual Fund,2023-08-23,Active
15686463,Loan,2022-06-09,Active
15686463,Fixed Deposit,2022-04-01,Inactive
15654379,Insurance,2023-04-22,Active
15783629,Loan,2022-07-21,Active
15783629,Fixed Deposit,2022-05-19,Active
15783629,Insurance,2023-03-29,Active
15751193,Mutual Fund,2022-05-08,Active
15751193,Credit Card,2022-02-16,Active
15724099,Loan,2023-02-14,Active
15724099,Credit Card,2023-06-18,Inactive
15724099,Mutual Fund,2022-07-29,Inactive
15568429,Mutual Fund,2023-07-22,Active
15568429,Fixed Deposit,2022-02-19,Active
15648967,Loan,2022-11-08,Active
15648967,Insurance,2022-05-13,Active
15664498,Credit Card,2022-10-03,Active
15664498,Fixed Deposit,2022-05-25,Active
15779522,Fixed Deposit,2022-06-17,Active
15583850,Fixed Deposit,2023-07-19,Active
15583850,Credit Card,2022-05-18,Active
15696539,Insurance,2023-09-06,Active
15696539,Loan,2022-11-22,Active
15760121,Credit Card,2022-01-28,Active
15760121,Mutual Fund,2022-03-23,Active
15628279,Loan,2023-01-30,Active
15766163,Credit Card,2023-08-05,Inactive
15766163,Loan,2023-05-10,Active
15766163,Insurance,2022-06-19,Active
15566467,Insurance,2022-09-02,Active
15566467,Fixed Deposit,2022-03-04,Active
15639049,Insurance,2023-06-25,Active
15639049,Credit Card,2023-10-31,Inactive
15639049,Fixed Deposit,2023-03-23,Inactive
15736413,Fixed Deposit,2022-08-13,Active
15736413,Loan,2023-03-29,Inactive
15634815,Fixed Deposit,2022-07-06,Inactive
15634815,Insurance,2023-03-14,Active
15634815,Mutual Fund,2023-10-17,Active
15716381,Mutual Fund,2022-04-28,Active
15708162,Mutual Fund,2023-08-15,Active
15708162,Fixed Deposit,2023-05-17,Inactive
15569364,Mutual Fund,2022-09-03,Inactive
15569364,Insurance,2022-01-13,Active
15791191,Insurance,2023-04-10,Inactive
15621205,Loan,2022-09-18,Active
15704788,Fixed Deposit,2022-11-06,Inactive
15704788,Insurance,2023-01-01,Active
15704788,Loan,2023-08-26,Active
15775756,Credit Card,2023-05-19,Active
15641312,Insurance,2023-01-22,Active
15641312,Credit Card,2022-06-26,Inactive
15782531,Fixed Deposit,2022-10-15,Active
15724428,Mutual Fund,2022-04-04,Active
15724428,Loan,2022-11-14,Inactive
15743617,Fixed Deposit,2022-02-03,Active
15743617,Mutual Fund,2023-02-15,Inactive
15743617,Insurance,2023-02-14,Active
15585839,Fixed Deposit,2023-07-07,Active
15585839,Loan,2023-04-14,Inactive
15658158,Loan,2023-06-18,Active
15658158,Mutual Fund,2022-10-23,Active
15658158,Insurance,2023-09-28,Active
15637678,Loan,2023-12-15,Inactive
15701809,Fixed Deposit,2022-04-26,Active
15701809,Mutual Fund,2022-07-21,Active
15701809,Loan,2023-05-27,Active
15676937,Insurance,2022-01-29,Inactive
15778975,Insurance,2022-04-21,Active
15778975,Loan,2022-02-18,Active
15778975,Mutual Fund,2022-04-16,Active
15710375,Insurance,2023-06-17,Active
15579914,Insurance,2022-06-30,Active
15579914,Credit Card,2023-11-05,Inactive
15579914,Loan,2022-10-20,Active
15595160,Credit Card,2022-03-06,Active
15595160,Insurance,2023-09-18,Active
15595391,Credit Card,2022-09-28,Active
15630363,Fixed Deposit,2022-11-25,Active
15630363,Credit Card,2022-12-07,Active
15692443,Mutual Fund,2023-12-28,Inactive
15593795,Mutual Fund,2023-05-12,Active
15593795,Loan,2023-04-09,Active
15593795,Fixed Deposit,2023-06-25,Active
15642824,Insurance,2022-02-22,Active
15642824,Credit Card,2022-05-29,Active
15683524,Fixed Deposit,2022-07-18,Active
15683524,Mutual Fund,2022-10-04,Active
15683524,Credit Card,2022-01-08,Active
15713532,Mutual Fund,2022-03-14,Inactive
15713532,Loan,2023-05-07,Inactive
15719827,Insurance,2023-09-17,Active
15719827,Fixed Deposit,2023-05-18,Active
15578435,Insurance,2022-01-31,Active
15578435,Fixed Deposit,2023-06-28,Active
15723028,Credit Card,2023-06-24,Active
15595609,Insurance,2023-03-13,Inactive
15622443,Fixed Deposit,2023-10-29,Active
15622443,Insurance,2022-07-09,Active
15579112,Loan,2022-02-23,Active
15579112,Mutual Fund,2023-10-21,Active
15648479,Loan,2022-04-20,Active
15648479,Credit Card,2023-12-17,Inactive
15648479,Insurance,2023-09-03,Active
15659234,Loan,2022-03-29,Active
15659234,Fixed Deposit,2022-01-30,Active
15659234,Credit Card,2022-07-26,Active
15811970,Insurance,2023-01-21,Active
15811970,Mutual Fund,2023-12-30,Active
15774192,Credit Card,2022-07-22,Inactive
15774192,Mutual Fund,2022-03-28,Active
15595136,Loan,2022-05-28,Inactive
15595136,Credit Card,2023-09-07,Inactive
15595136,Fixed Deposit,2023-08-14,Active
15630580,Credit Card,2022-02-10,Inactive
15630580,Mutual Fund,2023-11-30,Inactive
15660646,Mutual Fund,2022-03-19,Inactive
15660646,Fixed Deposit,2022-09-13,Inactive
15614365,Insurance,2023-05-01,Active
15776128,Credit Card,2022-06-19,Active
15776128,Insurance,2023-04-11,Active
15776128,Mutual Fund,2023-12-17,Inactive
15787035,Loan,2022-03-19,Active
15792646,Mutual Fund,2022-03-29,Active
15792646,Fixed Deposit,2022-02-25,Active
15792646,Insurance,2022-05-24,Active
15726832,Loan,2023-05-29,Active
15726832,Fixed Deposit,2023-02-01,Active
15726832,Credit Card,2022-10-20,Inactive
15773260,Insurance,2023-11-04,Active
15624437,Fixed Deposit,2022-04-30,Active
15624437,Mutual Fund,2023-08-27,Active
15624437,Loan,2023-07-19,Active
15717138,Insurance,2022-05-14,Active
15657317,Insurance,2022-04-23,Active
15657317,Loan,2023-01-27,Active
15626948,Fixed Deposit,2022-05-02,Active
15626948,Insurance,2023-06-21,Active
15626948,Loan,2023-06-29,Inactive
15758901,Insurance,2022-04-23,Active
15777759,Insurance,2022-01-24,Active
15773322,Insurance,2022-01-19,Active
15773322,Mutual Fund,2022-10-17,Active
15773322,Loan,2023-02-10,Active
15697318,Fixed Deposit,2023-12-15,Active
15697318,Loan,2023-02-16,Inactive
15678916,Fixed Deposit,2022-06-20,Active
15678916,Insurance,2022-07-13,Active
15632118,Credit Card,2022-07-25,Active
15632118,Mutual Fund,2022-05-18,Active
15788118,Mutual Fund,2022-07-31,Active
15788930,Loan,2023-09-12,Active
15628583,Insurance,2023-03-23,Active
15628583,Credit Card,2023-10-16,Active
15635177,Fixed Deposit,2022-10-12,Active
15635177,Mutual Fund,2022-02-06,Active
15635177,Credit Card,2022-10-08,Active
15587690,Fixed Deposit,2023-12-30,Active
15587690,Credit Card,2022-05-07,Active
15627630,Mutual Fund,2023-08-09,Inactive
15627630,Insurance,2023-01-10,Active
15610930,Loan,2023-12-29,Active
15657747,Loan,2023-07-04,Active
15657747,Credit Card,2023-09-24,Active
15568006,Fixed Deposit,2023-01-10,Active
15568006,Credit Card,2023-05-31,Active
15568006,Mutual Fund,2022-12-17,Active
15751748,Insurance,2022-11-03,Inactive
15751748,Credit Card,2022-03-26,Active
15751748,Loan,2022-04-04,Active
15722212,Insurance,2023-04-20,Active
15658670,Mutual Fund,2023-08-18,Active
15658670,Fixed Deposit,2022-11-20,Active
15658670,Loan,2023-09-29,Inactive
15761654,Insurance,2022-12-14,Inactive
15761654,Fixed Deposit,2022-04-28,Active
15761654,Loan,2023-10-06,Active
15812210,Mutual Fund,2022-09-04,Inactive
15812210,Credit Card,2022-07-16,Active
15787051,Loan,2022-09-22,Active
15642991,Loan,2023-09-14,Inactive
15642991,Credit Card,2022-10-02,Active
15642991,Insurance,2023-03-02,Active
15713769,Insurance,2022-05-11,Active
15713769,Credit Card,2022-06-02,Active
15713769,Fixed Deposit,2022-10-04,Active
15605826,Insurance,2023-05-05,Active
15648898,Mutual Fund,2023-04-10,Active
15648898,Credit Card,2022-05-30,Inactive
15705309,Insurance,2022-02-08,Active
15705309,Credit Card,2023-09-21,Inactive
15705309,Mutual Fund,2023-05-02,Active
15734202,Insurance,2022-08-18,Active
15658852,Fixed Deposit,2023-02-11,Inactive
15658852,Mutual Fund,2023-03-09,Active
15612633,Loan,2023-03-27,Inactive
15612633,Credit Card,2022-07-10,Inactive
15604818,Insurance,2023-12-06,Active
15604818,Loan,2022-01-15,Active
15593900,Insurance,2022-01-05,Active
15624995,Insurance,2022-05-07,Active
15624995,Credit Card,2022-06-09,Active
15624995,Mutual Fund,2022-01-10,Inactive
15570087,Fixed Deposit,2023-06-26,Active
15802617,Insurance,2022-01-11,Active
15656029,Loan,2022-06-23,Active
15656029,Fixed Deposit,2022-08-02,Active
15739194,Loan,2022-08-31,Active
15739194,Mutual Fund,2022-11-21,Active
15739194,Fixed Deposit,2022-02-13,Active
15607275,Mutual Fund,2022-11-21,Active
15607275,Insurance,2022-11-29,Active
15607275,Fixed Deposit,2023-11-21,Active
15629475,Mutual Fund,2022-12-03,Active
15629475,Loan,2022-08-16,Inactive
15635034,Loan,2023-10-19,Active
15635034,Fixed Deposit,2023-03-22,Active
15635034,Insurance,2023-03-24,Active
15756333,Credit Card,2022-10-01,Active
15756333,Insurance,2023-01-07,Active
15756333,Loan,2022-06-07,Active
15777436,Credit Card,2023-04-28,Active
15777436,Fixed Deposit,2022-11-29,Active
15777436,Loan,2023-12-25,Active
15676835,Fixed Deposit,2022-11-29,Active
15574206,Credit Card,2023-03-11,Active
15574206,Fixed Deposit,2023-01-11,Inactive
15574206,Loan,2023-07-10,Active
15613017,Credit Card,2022-06-27,Active
15815131,Fixed Deposit,2023-09-12,Active
15815131,Credit Card,2023-02-28,Active
15815131,Insurance,2022-01-08,Active
15585455,Mutual Fund,2022-10-02,Active
15585455,Loan,2023-08-08,Active
15692929,Loan,2022-06-07,Inactive
15692929,Mutual Fund,2022-06-01,Active
15758081,Credit Card,2022-06-21,Inactive
15758081,Loan,2023-01-01,Inactive
15667476,Mutual Fund,2022-02-18,Inactive
15667476,Fixed Deposit,2023-04-23,Active
15667476,Insurance,2023-07-12,Active
15738248,Insurance,2022-01-15,Active
15738248,Fixed Deposit,2023-11-02,Active
15738248,Credit Card,2023-07-31,Active
15672152,Insurance,2023-12-14,Active
15672152,Loan,2022-03-03,Active
15672152,Mutual Fund,2023-10-06,Active
15673372,Loan,2022-04-06,Inactive
15587611,Loan,2022-04-29,Active
15803415,Mutual Fund,2022-10-30,Active
15803415,Insurance,2023-05-29,Inactive
15803415,Fixed Deposit,2023-03-17,Active
15715673,Mutual Fund,2022-05-06,Active
15715673,Fixed Deposit,2022-05-15,Active
15715673,Insurance,2023-09-11,Active
15655648,Loan,2023-06-04,Active
15655648,Insurance,2023-08-21,Active
15763613,Credit Card,2022-12-23,Active
15763613,Fixed Deposit,2023-02-21,Inactive
15660385,Credit Card,2022-07-10,Active
15660385,Loan,2022-06-05,Inactive
15733261,Credit Card,2022-11-27,Active
15733261,Fixed Deposit,2023-07-10,Active
15796231,Insurance,2022-11-13,Active
15796231,Loan,2023-07-14,Active
15624866,Loan,2022-07-15,Active
15624866,Credit Card,2023-11-09,Active
15624866,Fixed Deposit,2022-10-13,Active
15623730,Mutual Fund,2023-01-09,Inactive
15623730,Loan,2022-01-29,Inactive
15668248,Credit Card,2023-08-18,Active
15668248,Mutual Fund,2022-07-15,Active
15694518,Insurance,2022-08-19,Active
15638028,Mutual Fund,2023-06-10,Active
15638028,Loan,2022-01-31,Inactive
15795895,Insurance,2023-11-26,Active
15795895,Mutual Fund,2022-08-28,Active
15694376,Insurance,2022-04-08,Active
15694376,Loan,2022-06-25,Active
15669204,Loan,2023-05-02,Active
15773779,Loan,2022-05-29,Active
15773779,Mutual Fund,2022-08-20,Inactive
15580682,Loan,2023-10-04,Active
15580682,Insurance,2022-11-29,Active
15768530,Loan,2022-07-10,Active
15768530,Credit Card,2023-11-13,Active
15672875,Mutual Fund,2022-06-17,Active
15672875,Fixed Deposit,2023-02-13,Active
15672875,Credit Card,2023-08-03,Active
15617082,Mutual Fund,2022-04-21,Active
15760514,Loan,2023-07-25,Active
15760514,Mutual Fund,2022-08-03,Active
15761775,Fixed Deposit,2022-06-21,Inactive
15799964,Credit Card,2023-09-04,Active
15799964,Insurance,2023-04-12,Active
15799964,Fixed Deposit,2023-02-01,Active
15693906,Credit Card,2023-02-05,Active
15739514,Insurance,2022-09-27,Active
15739514,Credit Card,2022-01-28,Active
15739514,Fixed Deposit,2023-04-21,Inactive
15756926,Mutual Fund,2022-05-28,Active
15770984,Credit Card,2023-06-01,Active
15770984,Mutual Fund,2022-05-24,Active
15770984,Loan,2022-05-24,Active
15703979,Insurance,2022-01-03,Active
15703979,Credit Card,2022-12-31,Active
15703979,Loan,2023-12-25,Active
15801821,Fixed Deposit,2023-06-06,Active
15801821,Insurance,2022-05-14,Inactive
15711028,Fixed Deposit,2023-04-15,Active
15711028,Mutual Fund,2023-01-12,Active
15791842,Mutual Fund,2022-09-06,Active
15791842,Credit Card,2022-09-01,Active
15791842,Insurance,2023-03-13,Active
15746127,Credit Card,2022-12-22,Active
15663625,Mutual Fund,2023-02-19,Active
15663625,Loan,2023-03-10,Active
15604891,Loan,2022-12-04,Active
15589666,Loan,2023-12-20,Active
15589666,Credit Card,2022-09-13,Active
15627881,Insurance,2022-07-17,Active
15627881,Fixed Deposit,2022-02-12,Active
15627881,Mutual Fund,2023-12-29,Active
15664895,Insurance,2023-07-16,Active
15664895,Loan,2023-03-31,Active
15676094,Insurance,2022-10-22,Active
15761720,Insurance,2023-04-06,Inactive
15611961,Fixed Deposit,2022-08-23,Active
15680167,Loan,2023-03-01,Active
15680167,Mutual Fund,2022-06-30,Inactive
15680167,Credit Card,2022-03-11,Active
15762543,Loan,2022-08-07,Inactive
15762543,Mutual Fund,2023-09-22,Active
15762543,Credit Card,2022-12-09,Active
15658475,Loan,2022-12-02,Active
15658475,Insurance,2022-12-28,Inactive
15779743,Loan,2023-01-15,Active
15661532,Fixed Deposit,2023-08-25,Active
15782360,Loan,2022-10-01,Active
15782360,Credit Card,2022-09-13,Active
15767908,Insurance,2023-06-18,Inactive
15767908,Credit Card,2023-12-11,Active
15767908,Mutual Fund,2022-07-27,Inactive
15677105,Credit Card,2022-12-10,Active
15677105,Loan,2023-12-22,Active
15641474,Insurance,2023-06-16,Inactive
15641474,Fixed Deposit,2023-11-06,Inactive
15641474,Loan,2023-03-19,Active
15624451,Loan,2022-04-02,Inactive
15577985,Fixed Deposit,2022-12-29,Active
15577985,Credit Card,2022-08-07,Active
15571666,Fixed Deposit,2023-01-01,Inactive
15783691,Insurance,2022-03-10,Active
15671172,Credit Card,2022-10-13,Active
15731760,Credit Card,2023-09-04,Active
15731760,Fixed Deposit,2023-01-09,Active
15585599,Insurance,2023-04-29,Active
15585599,Mutual Fund,2022-03-03,Active
15784958,Mutual Fund,2022-06-01,Active
15734524,Credit Card,2022-08-21,Active
15614103,Mutual Fund,2022-12-15,Active
15614103,Credit Card,2022-04-17,Active
15794895,Credit Card,2023-08-13,Inactive
15794895,Loan,2022-10-21,Active
15794895,Fixed Deposit,2023-12-24,Active
15772381,Credit Card,2022-01-28,Inactive
15710553,Mutual Fund,2022-03-06,Active
15649292,Mutual Fund,2023-02-18,Active
15792565,Mutual Fund,2023-06-13,Active
15718245,Credit Card,2023-03-23,Active
15718245,Fixed Deposit,2023-01-08,Inactive
15703117,Fixed Deposit,2023-07-02,Active
15703117,Insurance,2023-06-04,Active
15758136,Loan,2023-08-09,Inactive
15799932,Loan,2023-11-22,Inactive
15633516,Insurance,2022-12-16,Active
15633516,Loan,2022-11-15,Active
15633516,Credit Card,2022-06-14,Active
15622532,Insurance,2022-01-13,Active
15622532,Fixed Deposit,2022-04-07,Active
15622532,Credit Card,2023-08-24,Active
15798960,Credit Card,2023-09-01,Active
15798960,Loan,2022-09-21,Active
15698664,Mutual Fund,2023-12-20,Active
15703614,Insurance,2023-05-20,Active
15703614,Fixed Deposit,2023-10-28,Active
15703614,Credit Card,2022-03-26,Active
15699195,Credit Card,2023-01-28,Active
15710543,Loan,2023-04-13,Active
15710543,Fixed Deposit,2023-07-17,Inactive
15695499,Mutual Fund,2023-03-23,Active
15695499,Credit Card,2023-04-11,Active
15622321,Credit Card,2022-02-15,Active
15622321,Loan,2022-08-29,Active
15622321,Insurance,2022-06-16,Inactive
15715744,Fixed Deposit,2023-10-19,Active
15715744,Credit Card,2023-07-08,Active
15715744,Insurance,2022-05-25,Active
15788151,Fixed Deposit,2022-07-18,Active
15687153,Mutual Fund,2023-02-12,Inactive
15687153,Loan,2022-05-14,Active
15687153,Credit Card,2022-10-09,Active
15684958,Loan,2023-04-30,Active
15684958,Mutual Fund,2022-01-16,Active
15706116,Fixed Deposit,2023-03-23,Active
15706116,Insurance,2022-12-19,Active
15740557,Insurance,2022-08-11,Active
15740557,Credit Card,2023-06-19,Active
15740557,Loan,2023-12-15,Active
15707291,Credit Card,2023-08-31,Active
15707291,Loan,2022-09-22,Active
15707291,Fixed Deposit,2023-03-21,Active
15583353,Mutual Fund,2022-11-08,Active
15583353,Fixed Deposit,2022-08-11,Active
15583353,Credit Card,2022-08-21,Active
15761024,Insurance,2022-10-11,Active
15761024,Mutual Fund,2022-11-28,Active
15761024,Loan,2022-07-19,Active
15630709,Loan,2023-12-16,Inactive
15630709,Fixed Deposit,2023-06-21,Active
15630709,Insurance,2022-09-03,Active
15639590,Fixed Deposit,2022-03-01,Active
15639590,Credit Card,2022-12-21,Active
15659399,Credit Card,2022-07-19,Active
15567078,Mutual Fund,2023-11-20,Inactive
15567078,Insurance,2022-01-05,Active
15696373,Fixed Deposit,2022-03-27,Active
15786617,Mutual Fund,2022-09-15,Active
15657449,Loan,2023-09-18,Active
15672594,Mutual Fund,2022-05-16,Active
15672594,Credit Card,2023-12-14,Active
15714240,Loan,2023-08-19,Active
15714240,Insurance,2022-12-01,Active
15782144,Mutual Fund,2022-08-03,Active
15665008,Loan,2023-09-04,Active
15581733,Loan,2023-12-04,Active
15581733,Fixed Deposit,2023-12-30,Active
15751392,Loan,2023-02-22,Active
15751392,Insurance,2023-01-30,Active
15785815,Credit Card,2022-07-24,Active
15785815,Mutual Fund,2022-08-01,Active
15785815,Fixed Deposit,2023-03-08,Active
15664214,Mutual Fund,2023-12-30,Active
15664214,Credit Card,2022-01-09,Inactive
15579996,Insurance,2022-02-23,Inactive
15579996,Loan,2023-06-22,Active
15675252,Loan,2023-07-20,Active
15675252,Insurance,2022-10-01,Active
15579617,Insurance,2023-12-19,Active
15593976,Credit Card,2023-04-30,Inactive
15593976,Insurance,2023-02-10,Active
15716041,Fixed Deposit,2022-07-30,Active
15654489,Insurance,2022-03-08,Active
15654489,Credit Card,2022-10-24,Active
15654489,Mutual Fund,2023-04-30,Inactive
15736302,Loan,2023-09-05,Active
15736302,Credit Card,2023-11-01,Active
15805909,Insurance,2022-11-07,Active
15805909,Mutual Fund,2022-11-12,Active
15572762,Credit Card,2022-05-19,Active
15724632,Fixed Deposit,2023-02-20,Active
15724632,Insurance,2022-06-17,Active
15670416,Insurance,2023-04-13,Active
15749528,Loan,2023-08-31,Active
15749528,Insurance,2022-12-14,Inactive
15578783,Credit Card,2022-03-14,Active
15578783,Insurance,2022-12-01,Active
15580719,Mutual Fund,2023-11-13,Active
15580719,Loan,2023-05-29,Inactive
15656293,Fixed Deposit,2023-06-26,Active
15656293,Mutual Fund,2022-02-13,Active
15656293,Insurance,2023-11-19,Active
15691875,Fixed Deposit,2022-11-30,Inactive
15691875,Mutual Fund,2023-05-19,Active
15596870,Credit Card,2022-11-22,Active
15596870,Mutual Fund,2022-02-12,Active
15780770,Mutual Fund,2023-02-04,Active
15751491,Loan,2023-03-10,Active
15706200,Fixed Deposit,2022-05-01,Inactive
15706200,Mutual Fund,2023-09-22,Active
15706200,Insurance,2022-09-11,Active
15808674,Credit Card,2023-12-18,Active
15808674,Loan,2023-05-09,Active
15808674,Fixed Deposit,2023-07-15,Active
15641411,Mutual Fund,2023-08-12,Active
15641411,Loan,2023-04-11,Active
15641411,Insurance,2023-07-06,Active
15764661,Mutual Fund,2023-02-21,Active
15764661,Credit Card,2023-05-09,Inactive
15689492,Credit Card,2023-12-04,Active
15689492,Fixed Deposit,2023-09-28,Inactive
15602405,Mutual Fund,2023-02-20,Active
15602405,Fixed Deposit,2022-08-27,Active
15610271,Insurance,2022-12-04,Active
15791780,Fixed Deposit,2023-03-23,Inactive
15589147,Loan,2022-03-21,Active
15589147,Fixed Deposit,2023-04-13,Active
15756975,Insurance,2023-11-21,Active
15756975,Fixed Deposit,2023-02-27,Active
15756975,Mutual Fund,2023-04-26,Active
15729582,Mutual Fund,2022-11-07,Active
15742971,Mutual Fund,2022-06-02,Active
15742971,Loan,2023-01-19,Active
15568046,Credit Card,2022-01-13,Active
15568046,Fixed Deposit,2023-12-04,Active
15694890,Loan,2022-05-15,Active
15694890,Credit Card,2022-09-28,Active
15694890,Fixed Deposit,2023-08-08,Active
15736963,Insurance,2023-01-26,Active
15646490,Credit Card,2022-08-29,Inactive
15646490,Insurance,2022-07-08,Active
15646490,Mutual Fund,2022-04-16,Active
15607314,Loan,2023-09-25,Active
15607314,Credit Card,2023-12-26,Active
15576745,Mutual Fund,2023-05-31,Active
15576745,Fixed Deposit,2023-04-26,Inactive
15669606,Fixed Deposit,2023-08-06,Active
15669606,Credit Card,2023-07-27,Active
15669606,Mutual Fund,2023-01-06,Active
15737832,Mutual Fund,2023-04-21,Active
15737832,Insurance,2022-05-23,Active
15681990,Fixed Deposit,2022-07-27,Active
15758050,Credit Card,2023-04-28,Inactive
15787848,Loan,2022-06-22,Active
15787848,Fixed Deposit,2022-09-04,Active
15787848,Mutual Fund,2022-08-29,Active
15713594,Fixed Deposit,2022-11-03,Active
15588186,Insurance,2023-11-16,Active
15588186,Fixed Deposit,2022-01-17,Active
15588186,Credit Card,2022-09-09,Inactive
15786739,Mutual Fund,2023-03-19,Active
15786739,Credit Card,2023-12-28,Active
15786739,Insurance,2022-10-16,Active
15699467,Insurance,2022-12-22,Active
15699467,Credit Card,2023-04-27,Active
15699467,Loan,2022-04-30,Active
15680706,Loan,2023-02-15,Active
15680706,Credit Card,2022-03-06,Active
15645717,Mutual Fund,2022-08-11,Active
15645717,Loan,2022-07-06,Active
15645717,Credit Card,2023-03-22,Active
15748597,Fixed Deposit,2023-07-26,Active
15748597,Loan,2023-12-25,Active
15773709,Fixed Deposit,2022-10-20,Active
15773709,Insurance,2023-09-25,Inactive
15773709,Credit Card,2023-08-07,Active
15629787,Mutual Fund,2022-07-24,Active
15629787,Loan,2023-11-25,Active
15661007,Mutual Fund,2023-07-23,Active
15661007,Credit Card,2022-05-02,Active
15661007,Insurance,2023-11-21,Active
15686812,Insurance,2022-04-26,Active
15754113,Fixed Deposit,2022-06-27,Active
15754113,Credit Card,2023-02-09,Active
15754113,Mutual Fund,2023-01-29,Active
15749489,Credit Card,2023-08-21,Active
15574352,Loan,2023-05-18,Active
15574352,Credit Card,2023-12-10,Active
15701281,Insurance,2023-09-10,Active
15811985,Fixed Deposit,2022-12-23,Active
15713505,Credit Card,2022-09-03,Active
15685653,Loan,2022-10-15,Active
15685653,Fixed Deposit,2023-02-05,Active
15758831,Mutual Fund,2023-10-10,Active
15758831,Insurance,2022-02-10,Active
15758831,Fixed Deposit,2023-02-22,Active
15618774,Loan,2022-07-03,Inactive
15618774,Credit Card,2023-11-12,Active
15618774,Insurance,2022-05-24,Active
15764448,Mutual Fund,2022-11-06,Active
15611024,Fixed Deposit,2023-06-01,Active
15611024,Mutual Fund,2023-04-15,Active
15738220,Insurance,2023-01-17,Active
15738220,Fixed Deposit,2022-03-30,Active
15805764,Fixed Deposit,2023-02-25,Active
15805764,Mutual Fund,2022-11-10,Active
15580487,Credit Card,2023-11-04,Inactive
15580487,Mutual Fund,2023-02-06,Active
15675787,Credit Card,2023-08-05,Active
15675787,Loan,2022-12-22,Active
15583580,Loan,2022-01-29,Inactive
15780654,Credit Card,2022-07-21,Active
15780654,Mutual Fund,2022-06-28,Active
15695034,Fixed Deposit,2022-04-29,Active
15805671,Fixed Deposit,2022-07-15,Active
15790658,Mutual Fund,2023-03-31,Inactive
15790658,Fixed Deposit,2023-05-08,Active
15578648,Loan,2023-04-01,Active
15578648,Fixed Deposit,2022-07-21,Active
15578648,Credit Card,2023-12-04,Inactive
15734987,Loan,2022-09-08,Active
15734987,Insurance,2023-06-10,Active
15721740,Loan,2023-10-02,Active
15721740,Credit Card,2023-01-01,Active
15641822,Loan,2023-04-02,Active
15641822,Fixed Deposit,2022-05-26,Active
15765650,Fixed Deposit,2023-06-28,Active
15765650,Mutual Fund,2022-10-26,Active
15788556,Loan,2022-09-26,Active
15788556,Fixed Deposit,2022-03-14,Active
15788556,Credit Card,2022-06-27,Inactive
15576550,Insurance,2023-01-15,Active
15576550,Credit Card,2022-11-08,Active
15622230,Mutual Fund,2022-04-17,Inactive
15653937,Insurance,2023-12-08,Active
15743538,Mutual Fund,2022-03-18,Active
15743538,Insurance,2022-09-14,Active
15743538,Fixed Deposit,2022-10-24,Active
15591740,Fixed Deposit,2022-06-02,Active
15650086,Insurance,2022-09-14,Active
15718773,Fixed Deposit,2023-06-29,Active
15615140,Fixed Deposit,2023-09-11,Active
15615140,Insurance,2022-11-05,Inactive
15615140,Mutual Fund,2022-10-05,Active
15644361,Mutual Fund,2023-09-15,Inactive
15644361,Insurance,2022-03-16,Active
15774536,Mutual Fund,2023-03-28,Active
15774536,Insurance,2022-10-25,Active
15774536,Fixed Deposit,2023-02-07,Active
15618661,Loan,2022-02-02,Active
15618661,Mutual Fund,2023-07-11,Active
15605020,Loan,2022-04-04,Active
15605020,Fixed Deposit,2022-11-20,Active
15605020,Mutual Fund,2023-03-01,Inactive
15762134,Credit Card,2023-04-19,Active
15685279,Loan,2023-01-12,Active
15685279,Fixed Deposit,2022-10-26,Active
15582849,Fixed Deposit,2022-06-27,Inactive
15582849,Credit Card,2022-10-26,Active
15655410,Credit Card,2022-02-27,Inactive
15655410,Loan,2023-12-07,Active
15649129,Credit Card,2022-05-13,Active
15702380,Loan,2022-05-27,Active
15702380,Fixed Deposit,2023-09-15,Active
15702380,Mutual Fund,2023-05-19,Active
15759067,Fixed Deposit,2022-10-08,Inactive
15759067,Mutual Fund,2022-10-29,Active
15759067,Insurance,2022-04-16,Inactive
15683027,Loan,2023-03-11,Inactive
15597487,Fixed Deposit,2023-09-29,Active
15597487,Loan,2022-07-12,Active
15763256,Loan,2023-05-27,Inactive
15763256,Insurance,2023-11-03,Inactive
15763256,Fixed Deposit,2023-06-23,Active
15620111,Loan,2023-05-25,Active
15620111,Mutual Fund,2023-11-21,Active
15620111,Insurance,2022-02-06,Active
15623053,Credit Card,2023-02-27,Active
15623053,Fixed Deposit,2022-07-09,Inactive
15595592,Insurance,2023-05-09,Active
15740072,Loan,2022-04-03,Active
15740072,Fixed Deposit,2023-02-26,Active
15778005,Credit Card,2022-05-30,Inactive
15778005,Loan,2022-10-23,Active
15778005,Fixed Deposit,2023-01-30,Inactive
15583278,Loan,2022-12-07,Active
15601263,Loan,2023-01-15,Active
15709222,Credit Card,2022-02-14,Active
15709222,Mutual Fund,2022-01-04,Active
15709222,Insurance,2023-05-10,Active
15713949,Fixed Deposit,2022-02-04,Active
15717706,Credit Card,2023-03-02,Active
15717706,Fixed Deposit,2023-09-28,Active
15756071,Fixed Deposit,2022-06-18,Active
15696564,Fixed Deposit,2023-03-30,Active
15696564,Insurance,2022-06-14,Active
15696564,Credit Card,2022-06-08,Active
15657637,Loan,2022-01-14,Active
15755863,Insurance,2023-04-29,Active
15719858,Loan,2023-04-22,Active
15688876,Loan,2022-07-09,Active
15688876,Fixed Deposit,2022-09-08,Active
15698528,Fixed Deposit,2022-08-13,Inactive
15770345,Insurance,2023-07-20,Active
15761506,Loan,2023-12-28,Active
15716619,Loan,2023-06-17,Inactive
15788367,Fixed Deposit,2023-02-12,Active
15788367,Loan,2022-02-27,Active
15709451,Credit Card,2022-04-27,Active
15709451,Fixed Deposit,2022-09-15,Inactive
15709451,Mutual Fund,2022-08-04,Active
15640421,Fixed Deposit,2023-12-03,Inactive
15580068,Credit Card,2023-01-21,Active
15580068,Mutual Fund,2023-01-06,Active
15580068,Fixed Deposit,2023-11-17,Active
15677123,Loan,2022-09-17,Active
15619801,Insurance,2023-02-03,Active
15619801,Mutual Fund,2023-10-25,Active
15619801,Credit Card,2023-04-05,Active
15582246,Credit Card,2023-09-10,Active
15582246,Mutual Fund,2022-08-07,Active
15711843,Insurance,2022-10-21,Active
15711843,Mutual Fund,2022-05-22,Active
15680046,Fixed Deposit,2023-07-10,Inactive
15804131,Insurance,2022-06-26,Active
15804131,Loan,2022-06-29,Active
15722611,Mutual Fund,2022-10-16,Active
15729224,Loan,2022-03-20,Inactive
15811588,Mutual Fund,2022-11-23,Inactive
15702138,Insurance,2022-05-23,Inactive
15702138,Credit Card,2022-06-21,Active
15702138,Fixed Deposit,2022-06-25,Active
15749799,Fixed Deposit,2023-04-02,Active
15749799,Credit Card,2023-10-27,Active
15749799,Mutual Fund,2022-09-07,Active
15752885,Credit Card,2022-08-13,Active
15752885,Mutual Fund,2022-01-13,Inactive
15674932,Fixed Deposit,2022-02-27,Active
15674932,Loan,2022-04-17,Active
15743828,Insurance,2022-11-19,Active
15743828,Mutual Fund,2023-02-04,Active
15743828,Fixed Deposit,2023-07-22,Active
15642022,Loan,2023-07-10,Active
15746461,Mutual Fund,2023-11-28,Active
15746461,Fixed Deposit,2022-02-16,Inactive
15809991,Fixed Deposit,2023-03-24,Active
15787322,Fixed Deposit,2023-10-15,Active
15787322,Loan,2023-04-25,Active
15575498,Mutual Fund,2022-12-31,Active
15691387,Fixed Deposit,2022-01-23,Active
15765457,Fixed Deposit,2022-03-12,Inactive
15765457,Insurance,2023-11-02,Active
15666173,Loan,2022-11-30,Active
15666173,Credit Card,2023-08-11,Active
15666173,Insurance,2022-12-05,Active
15627377,Mutual Fund,2023-07-11,Active
15627377,Credit Card,2022-12-29,Active
15627377,Insurance,2022-05-10,Active
15656683,Fixed Deposit,2022-01-18,Active
15679810,Fixed Deposit,2023-06-19,Active
15606310,Insurance,2022-08-17,Active
15606310,Loan,2022-03-24,Active
15606310,Credit Card,2022-07-03,Inactive
15756871,Mutual Fund,2022-06-19,Active
15756871,Fixed Deposit,2022-02-08,Active
15756871,Loan,2022-02-04,Active
15610002,Loan,2023-07-27,Active
15610002,Mutual Fund,2022-03-29,Active
15610002,Credit Card,2023-05-09,Active
15567802,Credit Card,2022-05-25,Inactive
15567802,Fixed Deposit,2023-07-27,Active
15745452,Fixed Deposit,2022-11-23,Inactive
15745452,Loan,2023-11-04,Active
15617252,Insurance,2022-05-03,Inactive
15617252,Credit Card,2023-12-22,Inactive
15753248,Mutual Fund,2023-09-13,Active
15610755,Loan,2022-01-24,Active
15610755,Credit Card,2022-01-24,Inactive
15610755,Mutual Fund,2022-12-11,Active
15662238,Insurance,2023-01-26,Active
15799186,Fixed Deposit,2022-02-26,Active
15686941,Mutual Fund,2022-05-10,Active
15601172,Fixed Deposit,2022-01-06,Inactive
15601172,Insurance,2022-05-03,Active
15601172,Loan,2022-04-17,Inactive
15723858,Mutual Fund,2022-11-09,Active
15615896,Credit Card,2023-06-20,Active
15737647,Insurance,2022-05-12,Active
15737647,Credit Card,2022-11-24,Inactive
15582841,Mutual Fund,2023-06-27,Active
15582841,Fixed Deposit,2023-07-15,Active
15582841,Loan,2022-07-08,Active
15760090,Credit Card,2022-04-05,Active
15760090,Mutual Fund,2022-04-28,Inactive
15588587,Mutual Fund,2023-04-28,Active
15588587,Insurance,2023-12-22,Inactive
15588587,Fixed Deposit,2023-06-11,Inactive
15683157,Credit Card,2022-08-14,Active
15683157,Loan,2022-08-20,Active
15683157,Mutual Fund,2023-09-11,Active
15694209,Fixed Deposit,2023-06-21,Active
15655875,Fixed Deposit,2023-06-04,Inactive
15805704,Mutual Fund,2023-04-02,Active
15744789,Insurance,2023-05-01,Active
15799357,Loan,2023-09-24,Active
15726153,Loan,2023-05-05,Active
15726153,Mutual Fund,2023-02-10,Active
15726153,Credit Card,2022-09-24,Inactive
15713346,Fixed Deposit,2023-09-28,Inactive
15665053,Loan,2022-05-27,Inactive
15592379,Fixed Deposit,2023-10-21,Active
15692599,Mutual Fund,2022-09-25,Active
15692599,Insurance,2023-08-23,Inactive
15692599,Loan,2022-12-25,Active
15620758,Insurance,2022-11-25,Active
15620758,Loan,2022-08-26,Active
15637428,Credit Card,2023-09-19,Active
15808389,Mutual Fund,2022-11-27,Active
15808389,Fixed Deposit,2022-04-28,Active
15807003,Credit Card,2023-06-03,Active
15702912,Mutual Fund,2022-11-19,Active
15702912,Insurance,2023-11-10,Active
15590623,Mutual Fund,2022-08-31,Active
15590623,Insurance,2023-01-02,Inactive
15590623,Fixed Deposit,2023-08-01,Active
15728078,Fixed Deposit,2023-04-04,Active
15728078,Mutual Fund,2023-10-28,Active
15728078,Insurance,2022-11-28,Inactive
15708256,Insurance,2022-09-24,Inactive
15708256,Mutual Fund,2022-03-22,Active
15582335,Credit Card,2022-06-21,Active
15582335,Mutual Fund,2023-08-06,Active
15582335,Loan,2022-11-03,Active
15649150,Fixed Deposit,2023-02-10,Active
15691647,Insurance,2022-12-08,Active
15691647,Credit Card,2022-05-26,Active
15668270,Credit Card,2023-01-13,Active
15668270,Insurance,2022-08-24,Active
15668270,Mutual Fund,2023-11-28,Inactive
15624820,Credit Card,2022-11-16,Active
15736254,Credit Card,2023-03-19,Inactive
15736254,Mutual Fund,2022-06-07,Inactive
15736254,Loan,2023-05-21,Active
15720814,Insurance,2022-01-10,Active
15720814,Loan,2023-08-11,Inactive
15720814,Fixed Deposit,2022-03-19,Active
15642997,Insurance,2022-08-07,Active
15693200,Mutual Fund,2022-11-28,Active
15624596,Credit Card,2022-11-14,Inactive
15807167,Mutual Fund,2022-02-19,Active
15660301,Loan,2022-03-31,Active
15593094,Loan,2023-09-07,Active
15618239,Insurance,2023-07-05,Active
15574137,Mutual Fund,2023-04-04,Active
15574137,Insurance,2023-10-21,Active
15614740,Fixed Deposit,2023-11-27,Inactive
15614740,Credit Card,2023-07-28,Active
15614740,Insurance,2023-09-05,Active
15574071,Credit Card,2022-05-18,Active
15574071,Loan,2022-02-10,Active
15574071,Mutual Fund,2022-12-01,Inactive
15671148,Fixed Deposit,2023-07-27,Active
15671148,Insurance,2022-04-23,Active
15721921,Insurance,2022-10-31,Active
15717995,Fixed Deposit,2023-07-05,Active
15717995,Loan,2022-03-16,Active
15632050,Fixed Deposit,2022-10-13,Active
15632050,Credit Card,2022-01-22,Active
15647111,Insurance,2023-05-31,Active
15759991,Loan,2023-02-01,Active
15790204,Loan,2022-02-01,Active
15686780,Fixed Deposit,2022-07-22,Inactive
15686780,Insurance,2023-09-15,Active
15686780,Credit Card,2022-11-18,Active
15640491,Credit Card,2023-04-03,Active
15783225,Mutual Fund,2022-12-07,Inactive
15783225,Loan,2023-02-12,Active
15734438,Fixed Deposit,2023-12-22,Active
15688760,Mutual Fund,2022-07-22,Active
15688760,Insurance,2023-07-22,Inactive
15768124,Insurance,2022-05-22,Inactive
15768124,Fixed Deposit,2023-05-11,Active
15768124,Loan,2022-10-20,Active
15661330,Mutual Fund,2023-07-26,Active
15781272,Loan,2023-08-02,Inactive
15781272,Credit Card,2022-02-18,Active
15573888,Loan,2023-03-07,Active
15573888,Fixed Deposit,2022-05-02,Active
15573888,Insurance,2023-12-03,Active
15575858,Credit Card,2023-01-14,Inactive
15575858,Mutual Fund,2022-11-12,Active
15645937,Mutual Fund,2023-11-22,Active
15645937,Insurance,2022-05-09,Active
15702337,Credit Card,2023-03-27,Active
15702337,Loan,2022-01-02,Active
15702337,Insurance,2022-09-24,Active
15764537,Insurance,2022-08-26,Active
15619616,Mutual Fund,2022-04-01,Active
15619616,Fixed Deposit,2023-05-06,Active
15585133,Credit Card,2023-01-14,Active
15585133,Insurance,2022-06-11,Active
15573971,Credit Card,2022-01-03,Active
15573971,Loan,2022-05-27,Active
15573971,Insurance,2023-05-09,Active
15579433,Mutual Fund,2022-07-08,Inactive
15777045,Mutual Fund,2022-10-14,Active
15611580,Credit Card,2022-11-12,Active
15614778,Credit Card,2022-03-05,Active
15771750,Mutual Fund,2023-09-27,Active
15593280,Credit Card,2022-11-05,Inactive
15593280,Mutual Fund,2022-01-31,Active
15593280,Insurance,2023-08-04,Active
15569274,Fixed Deposit,2022-11-01,Active
15569274,Credit Card,2022-01-29,Inactive
15654408,Credit Card,2022-10-20,Active
15657468,Fixed Deposit,2023-08-03,Inactive
15657468,Insurance,2022-10-13,Inactive
15657468,Credit Card,2022-05-05,Active
15614213,Loan,2023-04-23,Active
15614213,Mutual Fund,2023-04-02,Active
15614213,Fixed Deposit,2023-06-20,Inactive
15589869,Insurance,2022-05-04,Active
15589869,Credit Card,2022-03-26,Active
15693205,Mutual Fund,2023-05-08,Active
15693205,Insurance,2023-12-03,Active
15693205,Credit Card,2022-12-02,Active
15797113,Credit Card,2022-04-17,Active
15676958,Fixed Deposit,2022-11-24,Active
15739592,Loan,2023-10-19,Active
15739592,Insurance,2023-10-22,Inactive
15739592,Credit Card,2023-01-03,Active
15656263,Insurance,2022-08-09,Active
15656263,Fixed Deposit,2023-06-03,Active
15636872,Fixed Deposit,2022-11-11,Active
15589435,Loan,2023-10-25,Active
15640464,Insurance,2022-09-02,Active
15723851,Loan,2023-09-24,Inactive
15722122,Loan,2023-11-22,Active
15722122,Insurance,2022-09-10,Active
15722122,Fixed Deposit,2023-07-26,Active
15696852,Mutual Fund,2022-09-18,Active
15696852,Loan,2022-08-07,Active
15634936,Credit Card,2023-09-05,Active
15575935,Credit Card,2022-12-24,Inactive
15575935,Insurance,2023-02-14,Active
15634491,Fixed Deposit,2023-08-02,Active
15634491,Insurance,2023-10-04,Active
15634491,Credit Card,2022-04-30,Active
15628530,Insurance,2023-05-23,Active
15628530,Credit Card,2023-11-11,Active
15678720,Loan,2023-05-10,Active
15678720,Fixed Deposit,2022-05-21,Active
15678720,Credit Card,2023-03-21,Active
15627999,Loan,2023-08-14,Active
15571244,Loan,2022-02-27,Active
15739931,Insurance,2023-04-18,Active
15806256,Insurance,2022-01-14,Active
15806256,Fixed Deposit,2023-07-06,Active
15806256,Loan,2023-03-12,Active
15787258,Mutual Fund,2022-03-17,Active
15787258,Loan,2023-07-26,Active
15787258,Credit Card,2023-06-07,Active
15706463,Mutual Fund,2022-04-04,Active
15706463,Fixed Deposit,2023-10-27,Inactive
15706463,Credit Card,2023-12-08,Active
15691004,Mutual Fund,2022-06-25,Active
15691004,Insurance,2023-04-06,Active
15691004,Credit Card,2023-07-23,Active
15792228,Loan,2022-08-25,Active
15792228,Fixed Deposit,2023-05-26,Active
15733447,Credit Card,2023-01-21,Active
15679062,Credit Card,2022-11-18,Active
15679062,Loan,2022-12-20,Inactive
15679062,Fixed Deposit,2022-03-31,Active
15594409,Credit Card,2023-03-19,Inactive
15594409,Insurance,2022-07-07,Active
15594409,Fixed Deposit,2023-02-25,Active
15613816,Insurance,2023-12-02,Active
15613816,Fixed Deposit,2023-03-25,Inactive
15613816,Credit Card,2022-07-16,Active
15681991,Insurance,2023-02-02,Active
15796074,Insurance,2023-03-30,Active
15625941,Insurance,2023-06-10,Inactive
15625941,Credit Card,2023-03-20,Active
15615016,Fixed Deposit,2023-03-06,Active
15615016,Mutual Fund,2023-04-29,Active
15748414,Insurance,2022-07-03,Active
15751203,Insurance,2023-08-19,Active
15751203,Fixed Deposit,2023-10-04,Inactive
15662658,Credit Card,2023-11-23,Active
15662658,Fixed Deposit,2023-06-02,Active
15574868,Fixed Deposit,2022-12-02,Inactive
15574868,Credit Card,2023-10-20,Active
15790282,Mutual Fund,2022-04-11,Inactive
15790282,Fixed Deposit,2023-08-20,Active
15790282,Insurance,2023-11-03,Active
15762927,Credit Card,2022-07-18,Active
15762927,Fixed Deposit,2023-09-22,Active
15803456,Mutual Fund,2022-03-17,Active
15803456,Loan,2022-09-27,Active
15803456,Fixed Deposit,2022-06-21,Active
15771857,Loan,2023-05-21,Active
15771857,Fixed Deposit,2023-11-23,Active
15771857,Mutual Fund,2022-09-08,Active
15700601,Fixed Deposit,2023-07-30,Active
15569670,Loan,2023-08-14,Inactive
15772341,Mutual Fund,2023-10-27,Inactive
15772341,Loan,2023-03-13,Active
15661548,Mutual Fund,2023-07-09,Active
15661548,Fixed Deposit,2022-08-22,Active
15661548,Credit Card,2022-08-04,Active
15787597,Insurance,2023-11-24,Active
15787597,Mutual Fund,2023-04-29,Inactive
15806913,Credit Card,2023-06-06,Active
15806913,Loan,2023-03-11,Inactive
15804862,Loan,2022-08-19,Inactive
15804862,Mutual Fund,2022-04-02,Active
15792986,Loan,2022-02-02,Active
15792986,Mutual Fund,2022-10-14,Inactive
15792986,Credit Card,2022-01-28,Inactive
15625632,Fixed Deposit,2022-09-17,Active
15625632,Mutual Fund,2022-05-17,Active
15625632,Insurance,2023-08-31,Active
15727703,Loan,2023-05-18,Inactive
15606273,Loan,2022-11-04,Active
15606273,Credit Card,2023-12-05,Inactive
15799652,Mutual Fund,2023-07-06,Active
15799652,Insurance,2023-10-14,Active
15715047,Insurance,2023-05-31,Active
15784687,Fixed Deposit,2022-09-29,Active
15784687,Insurance,2022-09-22,Active
15615322,Fixed Deposit,2022-11-14,Active
15722072,Insurance,2022-10-12,Inactive
15722072,Credit Card,2022-09-08,Active
15646784,Credit Card,2022-03-05,Active
15646784,Loan,2023-06-30,Active
15646784,Insurance,2022-06-24,Active
15644692,Loan,2023-09-30,Active
15644692,Fixed Deposit,2022-05-09,Active
15644692,Credit Card,2023-04-18,Active
15670354,Fixed Deposit,2022-07-17,Active
15670354,Loan,2022-05-08,Active
15670354,Insurance,2022-02-01,Active
15716357,Mutual Fund,2022-11-19,Active
15716357,Fixed Deposit,2023-12-28,Active
15716357,Credit Card,2022-11-28,Active
15786717,Fixed Deposit,2022-06-14,Active
15771383,Mutual Fund,2022-07-28,Active
15771383,Credit Card,2023-08-25,Active
15771383,Loan,2022-04-12,Active
15649793,Mutual Fund,2023-03-23,Active
15649793,Insurance,2022-02-02,Inactive
15649793,Credit Card,2023-03-01,Active
15731543,Mutual Fund,2023-07-07,Active
15684516,Credit Card,2022-08-21,Active
15677249,Mutual Fund,2022-09-17,Active
15581525,Mutual Fund,2022-08-01,Active
15581525,Fixed Deposit,2022-04-08,Active
15628420,Fixed Deposit,2023-10-19,Active
15628420,Loan,2022-08-10,Active
15628420,Mutual Fund,2022-06-09,Active
15600478,Mutual Fund,2023-04-21,Active
15594502,Loan,2023-12-29,Inactive
15594502,Mutual Fund,2023-04-03,Active
15784361,Credit Card,2022-01-04,Inactive
15784361,Loan,2023-03-25,Active
15767626,Insurance,2023-05-14,Active
15632521,Mutual Fund,2023-04-26,Active
15632521,Loan,2023-09-13,Active
15665088,Loan,2022-10-17,Active
15665088,Insurance,2022-12-15,Active
15652084,Loan,2023-10-17,Active
15652084,Insurance,2022-05-15,Active
15574761,Loan,2022-05-27,Active
15574761,Mutual Fund,2022-07-01,Active
15729515,Insurance,2023-12-12,Active
15682070,Fixed Deposit,2022-02-19,Active
15682070,Insurance,2022-04-23,Active
15743817,Mutual Fund,2023-11-01,Active
15743817,Credit Card,2023-10-12,Active
15572158,Fixed Deposit,2023-02-16,Active
15584477,Credit Card,2022-07-13,Inactive
15614893,Loan,2022-01-27,Inactive
15614893,Fixed Deposit,2022-10-05,Active
15665963,Mutual Fund,2023-09-07,Active
15665963,Fixed Deposit,2022-05-21,Active
15665963,Insurance,2023-09-23,Active
15612524,Credit Card,2023-09-01,Active
15612524,Loan,2023-09-30,Active
15612524,Fixed Deposit,2023-10-26,Active
15596962,Insurance,2023-11-14,Inactive
15596962,Fixed Deposit,2022-06-20,Active
15744942,Credit Card,2023-12-01,Active
15573278,Credit Card,2022-10-16,Active
15573278,Insurance,2023-04-23,Active
15717056,Loan,2022-07-11,Active
15717056,Credit Card,2023-06-13,Inactive
15795881,Mutual Fund,2023-05-22,Inactive
15758939,Credit Card,2022-12-20,Active
15758939,Loan,2022-02-15,Active
15792250,Insurance,2022-08-18,Active
15740406,Credit Card,2023-07-18,Inactive
15768137,Mutual Fund,2022-01-20,Active
15569120,Credit Card,2023-04-22,Active
15569120,Mutual Fund,2022-06-02,Active
15569120,Insurance,2022-10-22,Active
15723721,Insurance,2022-02-10,Active
15723721,Loan,2022-11-02,Active
15723721,Mutual Fund,2023-10-12,Active
15777122,Insurance,2023-09-11,Active
15777122,Mutual Fund,2022-05-29,Active
15742681,Fixed Deposit,2023-01-20,Active
15582090,Fixed Deposit,2023-04-29,Active
15711254,Loan,2023-08-22,Active
15775067,Fixed Deposit,2023-03-11,Inactive
15775067,Loan,2022-04-15,Inactive
15602851,Loan,2023-06-29,Active
15802857,Mutual Fund,2022-10-29,Active
15802857,Insurance,2022-08-27,Inactive
15701175,Fixed Deposit,2023-08-28,Active
15783019,Insurance,2023-12-30,Active
15783019,Fixed Deposit,2023-06-26,Inactive
15783019,Credit Card,2022-10-19,Active
15728912,Insurance,2023-02-18,Active
15728912,Fixed Deposit,2022-04-20,Inactive
15585580,Fixed Deposit,2023-08-10,Active
15583480,Credit Card,2022-03-02,Active
15583480,Loan,2022-11-25,Active
15583480,Fixed Deposit,2022-05-16,Active
15620341,Insurance,2023-01-15,Active
15620341,Loan,2022-07-18,Active
15620341,Mutual Fund,2022-01-31,Inactive
15613886,Credit Card,2022-04-04,Active
15613886,Loan,2022-11-22,Active
15792916,Loan,2023-02-19,Active
15710408,Mutual Fund,2023-07-19,Inactive
15598695,Mutual Fund,2023-09-06,Active
15598695,Insurance,2023-04-11,Active
15649354,Insurance,2022-04-14,Active
15649354,Mutual Fund,2022-01-10,Inactive
15649354,Loan,2023-10-01,Active
15737556,Mutual Fund,2023-11-29,Active
15671610,Fixed Deposit,2022-01-27,Active
15671610,Mutual Fund,2022-06-11,Active
15671610,Credit Card,2023-05-18,Active
15625092,Credit Card,2023-05-13,Inactive
15741032,Credit Card,2022-01-24,Active
15750014,Fixed Deposit,2022-05-17,Inactive
15784761,Credit Card,2022-03-01,Active
15768359,Mutual Fund,2023-01-15,Active
15768359,Loan,2022-02-11,Active
15805769,Fixed Deposit,2023-09-23,Inactive
15805769,Insurance,2023-04-25,Active
15719508,Loan,2023-11-11,Active
15719508,Mutual Fund,2022-12-08,Active
15609011,Insurance,2023-12-20,Active
15609011,Loan,2022-12-05,Active
15609011,Credit Card,2023-12-21,Active
15703106,Loan,2023-03-02,Active
15626795,Loan,2022-03-05,Inactive
15626795,Insurance,2022-10-26,Active
15773731,Insurance,2022-06-26,Inactive
15773731,Credit Card,2022-04-17,Active
15756196,Insurance,2022-02-26,Inactive
15687903,Mutual Fund,2023-07-19,Inactive
15687903,Loan,2023-04-21,Inactive
15687903,Fixed Deposit,2023-01-08,Active
15777599,Insurance,2023-10-26,Active
15777599,Credit Card,2023-06-11,Active
15777599,Fixed Deposit,2022-11-21,Active
15754577,Loan,2022-07-28,Inactive
15584113,Mutual Fund,2023-07-16,Active
15584113,Insurance,2023-02-22,Inactive
15584113,Loan,2023-11-24,Inactive
15669589,Fixed Deposit,2022-10-30,Active
15669589,Loan,2023-12-19,Active
15632793,Fixed Deposit,2022-12-11,Active
15632793,Loan,2022-07-05,Active
15711130,Fixed Deposit,2023-02-14,Active
15711130,Insurance,2023-09-27,Active
15711130,Credit Card,2023-07-30,Inactive
15615254,Loan,2023-11-04,Active
15615254,Mutual Fund,2022-08-26,Active
15720583,Loan,2023-08-12,Active
15780432,Insurance,2022-10-11,Inactive
15780432,Loan,2022-03-31,Active
15673223,Insurance,2022-10-18,Inactive
15807989,Insurance,2023-01-10,Active
15807989,Loan,2023-12-16,Inactive
15761168,Insurance,2023-10-27,Active
15761168,Mutual Fund,2022-02-02,Active
15761168,Loan,2022-02-08,Active
15651272,Credit Card,2022-12-05,Active
15651272,Fixed Deposit,2022-11-30,Active
15651272,Mutual Fund,2023-01-10,Active
15812832,Credit Card,2023-12-16,Active
15680517,Loan,2022-06-07,Active
15680517,Mutual Fund,2023-07-17,Inactive
15750569,Mutual Fund,2022-06-18,Active
15750569,Loan,2022-03-23,Active
15750569,Credit Card,2022-03-13,Active
15690743,Fixed Deposit,2023-10-17,Inactive
15690743,Credit Card,2023-03-19,Active
15690743,Mutual Fund,2022-04-03,Active
15627741,Loan,2023-01-01,Inactive
15712121,Fixed Deposit,2022-06-10,Active
15712121,Credit Card,2022-05-20,Active
15712121,Insurance,2022-10-29,Active
15805429,Credit Card,2023-09-17,Inactive
15805429,Insurance,2023-05-08,Inactive
15814923,Fixed Deposit,2023-05-07,Active
15814923,Credit Card,2023-11-29,Inactive
15589230,Credit Card,2022-06-24,Active
15589230,Insurance,2022-11-10,Active
15775490,Loan,2022-02-12,Active
15775490,Insurance,2022-03-01,Active
15775490,Fixed Deposit,2023-01-25,Active
15749727,Loan,2022-10-29,Active
15619238,Loan,2023-11-02,Active
15619238,Insurance,2022-06-09,Active
15619238,Credit Card,2023-07-24,Active
15593468,Mutual Fund,2022-07-25,Active
15718454,Mutual Fund,2022-08-16,Active
15718454,Loan,2022-04-15,Active
15718454,Insurance,2023-03-17,Active
15789498,Fixed Deposit,2022-05-22,Inactive
15744691,Insurance,2023-08-01,Active
15744691,Mutual Fund,2022-10-16,Active
15744691,Credit Card,2022-12-20,Active
15708289,Mutual Fund,2023-08-25,Active
15708289,Loan,2023-08-13,Active
15790412,Mutual Fund,2023-11-05,Active
15790412,Credit Card,2023-04-18,Active
15741416,Loan,2023-08-04,Active
15741416,Insurance,2023-09-21,Inactive
15598894,Insurance,2022-01-24,Inactive
15598894,Mutual Fund,2023-04-10,Active
15598894,Fixed Deposit,2023-03-17,Active
15663294,Mutual Fund,2023-12-28,Inactive
15663294,Fixed Deposit,2023-06-15,Active
15572728,Loan,2023-09-14,Active
15706729,Loan,2022-08-14,Active
15706729,Insurance,2022-08-07,Active
15674433,Loan,2023-06-15,Active
15674433,Fixed Deposit,2022-04-22,Active
15641170,Fixed Deposit,2022-09-30,Active
15641170,Credit Card,2023-05-23,Active
15641170,Loan,2023-09-22,Active
15806284,Loan,2022-05-14,Active
15690958,Insurance,2022-05-11,Active
15690958,Credit Card,2023-04-16,Active
15690958,Loan,2023-09-25,Active
15606386,Mutual Fund,2022-04-20,Active
15606386,Insurance,2022-07-06,Active
15682322,Loan,2023-03-02,Inactive
15579915,Fixed Deposit,2022-03-07,Active
15681928,Loan,2023-03-11,Active
15681928,Credit Card,2023-12-24,Active
15681928,Mutual Fund,2022-06-11,Active
15734005,Mutual Fund,2022-12-14,Active
15734005,Fixed Deposit,2023-02-19,Active
15734005,Credit Card,2023-04-17,Active
15650432,Credit Card,2023-05-21,Active
15592578,Loan,2022-12-13,Active
15671243,Fixed Deposit,2023-07-05,Inactive
15671243,Loan,2022-05-22,Active
15671243,Insurance,2023-11-03,Inactive
15775709,Insurance,2022-05-12,Inactive
15775709,Loan,2022-05-20,Active
15775709,Mutual Fund,2023-04-22,Inactive
15702631,Insurance,2023-09-24,Active
15702631,Mutual Fund,2022-01-18,Active
15702631,Credit Card,2023-12-04,Active
15602282,Insurance,2022-03-19,Active
15602282,Loan,2023-08-29,Inactive
15602282,Mutual Fund,2023-09-20,Active
15717879,Mutual Fund,2022-12-06,Active
15717879,Insurance,2022-06-29,Active
15717879,Fixed Deposit,2023-08-05,Active
15740878,Fixed Deposit,2022-01-05,Active
15740878,Credit Card,2022-07-05,Active
15740878,Insurance,2022-07-09,Active
15794468,Fixed Deposit,2022-03-24,Active
15794468,Mutual Fund,2022-08-22,Active
15794468,Loan,2023-01-24,Active
15773277,Fixed Deposit,2022-03-23,Active
15773277,Credit Card,2023-06-05,Active
15572657,Fixed Deposit,2023-11-27,Active
15572657,Credit Card,2022-09-28,Active
15572657,Insurance,2022-08-10,Active
15800295,Credit Card,2023-07-09,Inactive
15800295,Fixed Deposit,2022-11-28,Active
15672397,Fixed Deposit,2023-06-07,Active
15684921,Insurance,2022-01-07,Active
15684921,Loan,2023-01-06,Active
15720676,Loan,2023-07-15,Active
15731829,Credit Card,2022-12-16,Active
15732672,Mutual Fund,2022-10-19,Inactive
15732672,Credit Card,2023-11-19,Active
15732672,Loan,2022-07-29,Inactive
15692406,Fixed Deposit,2023-03-20,Active
15692406,Credit Card,2023-05-27,Active
15764405,Loan,2023-09-16,Active
15764405,Fixed Deposit,2022-12-18,Active
15757537,Mutual Fund,2022-08-29,Active
15757537,Insurance,2023-10-14,Active
15757537,Credit Card,2023-05-10,Active
15793307,Credit Card,2023-01-09,Active
15793307,Mutual Fund,2022-12-20,Active
15793307,Fixed Deposit,2022-10-29,Inactive
15660679,Insurance,2022-06-12,Active
15660679,Credit Card,2023-06-21,Active
15660679,Fixed Deposit,2023-09-22,Inactive
15666856,Fixed Deposit,2023-02-04,Active
15666856,Credit Card,2023-02-13,Active
15687372,Fixed Deposit,2022-11-01,Inactive
15687372,Insurance,2023-02-05,Active
15687372,Mutual Fund,2022-08-13,Active
15667289,Insurance,2022-11-11,Active
15667289,Loan,2022-10-18,Active
15624641,Mutual Fund,2022-06-27,Active
15624641,Fixed Deposit,2022-10-23,Active
15624641,Credit Card,2023-12-02,Active
15734610,Insurance,2023-05-10,Active
15734610,Fixed Deposit,2023-05-01,Active
15631882,Insurance,2022-10-09,Active
15642709,Credit Card,2023-04-16,Active
15642709,Insurance,2023-09-08,Active
15642709,Fixed Deposit,2022-09-30,Active
15811026,Fixed Deposit,2022-03-16,Active
15811026,Insurance,2023-05-28,Active
15811026,Mutual Fund,2023-08-20,Active
15596303,Fixed Deposit,2022-11-06,Active
15596303,Loan,2023-07-25,Inactive
15787255,Fixed Deposit,2023-06-06,Active
15617166,Credit Card,2023-06-02,Active
15742442,Mutual Fund,2023-02-19,Active
15742442,Credit Card,2023-05-07,Active
15742442,Fixed Deposit,2023-03-30,Active
15758692,Mutual Fund,2023-10-18,Active
15758692,Loan,2022-07-21,Active
15758692,Fixed Deposit,2022-07-16,Inactive
15568238,Fixed Deposit,2022-03-02,Active
15568238,Loan,2022-02-03,Inactive
15730353,Insurance,2022-01-28,Active
15730353,Fixed Deposit,2023-09-30,Active
15730353,Credit Card,2023-08-15,Active
15731555,Credit Card,2022-07-27,Inactive
15731555,Loan,2023-08-01,Inactive
15731555,Fixed Deposit,2023-03-31,Inactive
15582404,Insurance,2023-03-28,Active
15721462,Fixed Deposit,2022-05-31,Inactive
15632899,Credit Card,2023-09-10,Active
15632899,Insurance,2022-03-20,Active
15632899,Fixed Deposit,2022-04-14,Active
15808526,Fixed Deposit,2023-07-28,Active
15694349,Insurance,2022-02-08,Active
15718465,Fixed Deposit,2023-07-28,Active
15682995,Mutual Fund,2022-08-19,Active
15682995,Fixed Deposit,2022-05-22,Active
15584776,Fixed Deposit,2023-06-21,Active
15777772,Insurance,2022-10-10,Inactive
15777772,Credit Card,2023-04-02,Inactive
15576156,Mutual Fund,2022-10-26,Inactive
15646756,Credit Card,2022-08-21,Active
15742886,Fixed Deposit,2022-08-24,Inactive
15742886,Insurance,2022-04-08,Active
15742886,Loan,2023-01-18,Active
15586135,Credit Card,2022-10-30,Active
15586135,Loan,2023-07-27,Active
15586135,Insurance,2022-03-19,Active
15616152,Credit Card,2023-05-05,Active
15721460,Fixed Deposit,2022-11-01,Inactive
15727317,Fixed Deposit,2023-11-02,Active
15649536,Mutual Fund,2022-11-20,Active
15649536,Loan,2022-10-06,Inactive
15754929,Fixed Deposit,2022-10-20,Active
15572051,Loan,2023-09-20,Active
15572051,Mutual Fund,2023-04-21,Active
15668142,Fixed Deposit,2023-05-19,Active
15668142,Insurance,2022-11-11,Active
15668142,Credit Card,2022-06-15,Active
15701176,Fixed Deposit,2022-02-05,Active
15708422,Loan,2023-02-11,Active
15708422,Mutual Fund,2022-02-06,Active
15655632,Credit Card,2023-08-06,Active
15744606,Insurance,2022-03-20,Active
15744606,Credit Card,2023-08-20,Active
15612140,Mutual Fund,2023-09-05,Active
15612140,Insurance,2022-08-23,Active
15612140,Credit Card,2022-07-13,Inactive
15656086,Credit Card,2023-03-12,Active
15656086,Fixed Deposit,2023-11-12,Active
15656086,Mutual Fund,2023-11-14,Active
15655298,Credit Card,2022-08-14,Inactive
15655298,Insurance,2022-01-04,Active
15655298,Mutual Fund,2023-10-26,Inactive
15644796,Mutual Fund,2023-08-21,Active
15644796,Credit Card,2022-04-12,Active
15726250,Insurance,2022-09-22,Active
15726250,Mutual Fund,2023-07-17,Inactive
15764432,Insurance,2023-10-03,Inactive
15764432,Credit Card,2023-05-03,Active
15631721,Insurance,2023-10-28,Inactive
15631721,Loan,2023-11-21,Active
15707479,Fixed Deposit,2022-11-28,Active
15707479,Mutual Fund,2022-05-09,Inactive
15707479,Insurance,2022-12-18,Active
15579826,Mutual Fund,2022-12-08,Active
15579826,Loan,2023-07-12,Active
15579826,Fixed Deposit,2022-07-23,Active
15668104,Fixed Deposit,2023-01-15,Inactive
15641604,Credit Card,2022-05-12,Inactive
15641604,Mutual Fund,2023-10-21,Active
15587240,Credit Card,2023-10-23,Inactive
15587240,Fixed Deposit,2023-09-15,Active
15587240,Insurance,2022-06-13,Inactive
15680767,Mutual Fund,2023-09-30,Active
15680767,Fixed Deposit,2022-12-04,Active
15680767,Insurance,2023-02-01,Inactive
15601594,Loan,2022-11-15,Active
15589969,Insurance,2023-10-15,Inactive
15703728,Insurance,2022-08-27,Active
15703728,Credit Card,2022-05-16,Active
15617790,Fixed Deposit,2022-06-28,Inactive
15617790,Mutual Fund,2022-03-19,Active
15617790,Loan,2023-03-16,Active
15662500,Loan,2022-03-16,Inactive
15778526,Fixed Deposit,2023-06-04,Active
15778526,Loan,2023-09-19,Inactive
15778526,Credit Card,2023-02-17,Active
15670584,Mutual Fund,2023-05-20,Active
15748069,Mutual Fund,2023-07-15,Active
15748069,Credit Card,2023-09-01,Active
15748069,Fixed Deposit,2023-08-09,Active
15680597,Loan,2023-06-10,Active
15680597,Insurance,2023-12-22,Active
15680597,Fixed Deposit,2023-08-06,Active
15628992,Loan,2022-07-04,Active
15628992,Insurance,2022-03-17,Active
15719624,Insurance,2023-03-13,Inactive
15719624,Mutual Fund,2022-10-17,Active
15719624,Fixed Deposit,2023-02-17,Active
15812767,Loan,2022-07-26,Inactive
15812767,Mutual Fund,2023-03-06,Active
15812767,Credit Card,2023-05-12,Active
15689201,Credit Card,2023-06-10,Active
15614716,Insurance,2022-03-25,Active
15614716,Credit Card,2023-11-26,Active
15614716,Mutual Fund,2022-04-23,Active
15683618,Mutual Fund,2023-12-21,Active
15683618,Fixed Deposit,2023-04-23,Inactive
15683618,Loan,2022-05-28,Active
15799631,Loan,2023-05-02,Active
15799631,Credit Card,2022-04-30,Active
15692259,Mutual Fund,2022-08-08,Active
15692259,Credit Card,2023-07-01,Inactive
15692259,Insurance,2022-06-11,Inactive
15590966,Insurance,2022-02-15,Inactive
15590966,Credit Card,2022-06-05,Active
15590966,Loan,2022-07-13,Active
15656426,Fixed Deposit,2023-01-05,Active
15675256,Credit Card,2023-10-16,Active
15675256,Loan,2022-10-27,Active
15751185,Credit Card,2022-04-11,Inactive
15789582,Mutual Fund,2022-05-27,Active
15789582,Loan,2023-08-21,Active
15651103,Loan,2023-02-26,Active
15651103,Mutual Fund,2022-10-10,Active
15672299,Insurance,2023-09-23,Inactive
15672299,Fixed Deposit,2023-10-17,Active
15672299,Loan,2023-06-06,Active
15772250,Credit Card,2023-04-13,Active
15772250,Fixed Deposit,2023-05-10,Active
15772250,Insurance,2023-06-08,Active
15763922,Credit Card,2022-07-12,Active
15763922,Fixed Deposit,2023-02-23,Active
15763922,Insurance,2023-07-06,Active
15633870,Mutual Fund,2023-04-17,Active
15633870,Insurance,2022-12-25,Inactive
15633870,Fixed Deposit,2022-04-28,Active
15624323,Fixed Deposit,2023-10-30,Active
15688612,Credit Card,2022-11-11,Active
15688612,Mutual Fund,2023-07-12,Active
15688612,Fixed Deposit,2022-08-20,Active
15694644,Credit Card,2022-03-02,Active
15587174,Insurance,2023-10-24,Active
15579559,Fixed Deposit,2023-08-06,Active
15775430,Credit Card,2022-04-21,Active
15623695,Fixed Deposit,2022-04-30,Active
15623695,Mutual Fund,2023-11-15,Active
15760849,Mutual Fund,2023-06-16,Active
15813095,Mutual Fund,2023-02-03,Inactive
15813095,Loan,2022-05-31,Active
15705281,Mutual Fund,2022-07-12,Active
15705281,Insurance,2022-04-14,Active
15705281,Fixed Deposit,2023-03-13,Active
15812594,Fixed Deposit,2022-09-06,Active
15812594,Insurance,2023-04-18,Active
15626322,Insurance,2023-08-08,Active
15626322,Credit Card,2022-10-14,Active
15723105,Mutual Fund,2022-03-25,Inactive
15588449,Fixed Deposit,2023-09-27,Active
15588449,Loan,2023-05-02,Active
15794849,Mutual Fund,2023-11-06,Active
15794849,Credit Card,2023-03-23,Active
15794849,Loan,2023-12-17,Active
15620000,Loan,2023-06-11,Active
15620000,Mutual Fund,2022-05-08,Active
15620000,Insurance,2022-07-11,Active
15799720,Mutual Fund,2022-06-15,Active
15711287,Mutual Fund,2023-09-29,Active
15711287,Fixed Deposit,2022-06-24,Active
15613102,Fixed Deposit,2022-11-14,Active
15613102,Mutual Fund,2022-08-23,Active
15613102,Credit Card,2023-04-05,Active
15621440,Loan,2022-08-13,Inactive
15621440,Insurance,2023-10-29,Active
15621440,Fixed Deposit,2022-09-05,Active
15677146,Fixed Deposit,2023-11-10,Inactive
15677146,Credit Card,2022-04-12,Active
15801169,Mutual Fund,2022-07-25,Active
15801169,Fixed Deposit,2022-06-29,Inactive
15722425,Fixed Deposit,2023-09-13,Inactive
15722425,Insurance,2022-06-29,Active
15722425,Loan,2022-05-24,Inactive
15682421,Fixed Deposit,2022-03-05,Active
15682421,Loan,2023-08-20,Active
15682421,Credit Card,2023-11-18,Inactive
15691910,Credit Card,2023-12-07,Active
15721779,Fixed Deposit,2023-05-14,Active
15579548,Mutual Fund,2023-03-22,Active
15681075,Insurance,2022-07-23,Inactive
15681075,Loan,2023-03-19,Active
15607884,Insurance,2023-12-10,Active
15767757,Credit Card,2022-02-03,Active
15767757,Fixed Deposit,2022-05-25,Active
15767757,Loan,2022-06-02,Active
15791550,Credit Card,2022-03-31,Active
15658589,Loan,2022-11-01,Active
15658589,Insurance,2023-10-18,Active
15658589,Mutual Fund,2023-11-08,Inactive
15670822,Insurance,2023-11-12,Active
15670822,Loan,2023-06-23,Active
15629744,Mutual Fund,2022-08-26,Inactive
15629744,Insurance,2022-11-19,Active
15629744,Credit Card,2023-06-25,Active
15660768,Insurance,2022-02-04,Active
15660768,Fixed Deposit,2022-01-31,Active
15726310,Insurance,2023-04-15,Active
15726310,Loan,2023-04-23,Inactive
15641298,Fixed Deposit,2022-07-23,Inactive
15625675,Loan,2022-03-14,Inactive
15625675,Credit Card,2022-04-15,Active
15625675,Fixed Deposit,2022-08-04,Active
15713354,Mutual Fund,2023-09-27,Inactive
15713354,Credit Card,2023-08-22,Active
15633866,Insurance,2023-09-07,Active
15633866,Loan,2023-11-03,Active
15704231,Credit Card,2022-08-13,Active
15704231,Mutual Fund,2023-11-13,Active
15735400,Insurance,2023-02-04,Active
15735400,Loan,2023-02-22,Active
15735400,Credit Card,2023-01-05,Active
15632826,Credit Card,2023-08-08,Active
15751022,Credit Card,2022-02-27,Active
15751022,Mutual Fund,2023-05-26,Active
15751022,Loan,2022-08-31,Inactive
15664737,Mutual Fund,2023-07-07,Inactive
15664737,Fixed Deposit,2022-12-08,Active
15664737,Insurance,2023-02-07,Active
15681126,Credit Card,2023-08-08,Active
15681126,Loan,2023-11-25,Active
15681126,Insurance,2022-04-01,Active
15738954,Mutual Fund,2022-01-08,Active
15738954,Insurance,2023-07-02,Inactive
15662263,Fixed Deposit,2022-10-12,Active
15662263,Mutual Fund,2023-07-22,Active
15662263,Loan,2023-12-30,Inactive
15621611,Loan,2023-01-29,Active
15621611,Mutual Fund,2022-01-15,Active
15621611,Insurance,2022-04-17,Inactive
15783752,Credit Card,2022-04-05,Active
15783752,Insurance,2022-03-11,Inactive
15783752,Fixed Deposit,2023-03-06,Active
15709474,Credit Card,2023-08-04,Active
15709474,Mutual Fund,2022-03-05,Active
15709474,Fixed Deposit,2023-07-03,Active
15701280,Mutual Fund,2022-09-16,Inactive
15701280,Credit Card,2023-12-25,Active
15671104,Fixed Deposit,2022-08-17,Active
15671104,Loan,2022-10-26,Active
15796434,Mutual Fund,2022-01-19,Active
15796434,Loan,2023-01-26,Inactive
15781505,Insurance,2023-03-09,Active
15625819,Credit Card,2022-04-02,Active
15625819,Insurance,2023-06-13,Active
15753174,Fixed Deposit,2022-08-06,Active
15753174,Insurance,2022-06-02,Inactive
15753174,Loan,2022-10-16,Active
15654067,Insurance,2022-07-18,Active
15654067,Loan,2023-01-11,Active
15724719,Credit Card,2023-09-26,Active
15724719,Fixed Deposit,2023-11-24,Active
15624695,Loan,2022-07-11,Active
15624695,Insurance,2023-07-30,Active
15718216,Insurance,2023-07-10,Active
15586300,Loan,2023-06-18,Active
15783349,Mutual Fund,2022-12-21,Active
15783349,Fixed Deposit,2023-05-20,Active
15725767,Loan,2023-01-26,Active
15725767,Credit Card,2022-06-15,Inactive
15725767,Insurance,2022-03-13,Inactive
15791925,Credit Card,2023-11-25,Active
15791925,Mutual Fund,2022-05-26,Active
15793585,Fixed Deposit,2022-02-06,Active
15576641,Credit Card,2023-01-23,Active
15749519,Credit Card,2022-06-02,Inactive
15684960,Mutual Fund,2023-04-08,Active
15684960,Insurance,2023-01-05,Active
15684960,Credit Card,2023-02-04,Active
15591286,Insurance,2022-05-02,Active
15668323,Fixed Deposit,2022-06-24,Active
15668323,Insurance,2022-02-02,Active
15608528,Insurance,2023-10-09,Active
15608528,Loan,2023-01-30,Active
15608528,Mutual Fund,2023-01-31,Active
15645184,Fixed Deposit,2023-08-19,Active
15645184,Mutual Fund,2023-12-20,Active
15645184,Insurance,2022-03-29,Active
15702566,Credit Card,2023-11-28,Inactive
15702566,Fixed Deposit,2023-10-13,Active
15702566,Mutual Fund,2023-06-25,Active
15660840,Mutual Fund,2023-01-24,Active
15660840,Credit Card,2023-07-23,Active
15750811,Insurance,2022-01-21,Active
15750811,Loan,2022-01-02,Inactive
15750811,Credit Card,2023-01-10,Active
15733842,Credit Card,2023-12-28,Inactive
15733842,Fixed Deposit,2023-02-09,Active
15733842,Insurance,2022-07-15,Active
15581526,Loan,2022-10-01,Active
15581526,Credit Card,2023-10-23,Active
15581526,Insurance,2022-12-25,Active
15662751,Credit Card,2022-05-30,Inactive
15662751,Loan,2023-03-14,Active
15684319,Loan,2022-01-24,Inactive
15684319,Insurance,2023-12-24,Active
15684319,Fixed Deposit,2022-03-16,Active
15702190,Loan,2023-06-06,Active
15702190,Fixed Deposit,2022-03-23,Active
15702190,Insurance,2022-10-28,Active
15588517,Mutual Fund,2022-08-30,Inactive
15588517,Credit Card,2023-01-08,Active
15801863,Insurance,2022-04-10,Active
15801863,Credit Card,2023-05-05,Active
15801863,Fixed Deposit,2023-01-08,Active
15584271,Fixed Deposit,2023-02-07,Active
15700366,Mutual Fund,2023-02-03,Inactive
15700366,Loan,2022-02-01,Active
15804038,Fixed Deposit,2023-02-02,Active
15804038,Insurance,2022-09-26,Active
15804038,Mutual Fund,2022-03-31,Active
15720820,Credit Card,2022-10-25,Active
15720820,Insurance,2022-12-01,Active
15743759,Loan,2022-01-25,Active
15749947,Insurance,2023-12-02,Inactive
15749947,Loan,2023-06-08,Active
15670496,Credit Card,2023-02-12,Active
15670496,Fixed Deposit,2023-04-01,Inactive
15670496,Insurance,2022-04-11,Active
15746664,Credit Card,2023-10-25,Inactive
15746664,Insurance,2023-09-29,Active
15745533,Loan,2022-07-28,Active
15761497,Fixed Deposit,2022-09-13,Inactive
15761497,Credit Card,2023-08-05,Active
15761497,Insurance,2023-04-15,Active
15628600,Loan,2022-09-26,Inactive
15628600,Mutual Fund,2022-11-26,Active
15628600,Fixed Deposit,2022-06-16,Inactive
15627002,Insurance,2023-10-16,Inactive
15627002,Fixed Deposit,2022-01-04,Active
15614635,Insurance,2022-11-13,Active
15614635,Fixed Deposit,2023-08-05,Inactive
15731281,Loan,2022-06-29,Active
15814022,Mutual Fund,2023-08-20,Active
15814022,Loan,2022-03-05,Active
15659194,Mutual Fund,2023-04-02,Active
15745030,Fixed Deposit,2023-12-05,Active
15745030,Loan,2022-06-23,Active
15691817,Fixed Deposit,2023-01-13,Active
15691817,Loan,2022-10-10,Active
15707488,Mutual Fund,2023-03-26,Active
15707488,Fixed Deposit,2023-11-03,Active
15707488,Insurance,2022-09-03,Active
15784700,Credit Card,2022-02-24,Inactive
15784700,Fixed Deposit,2022-06-29,Active
15710397,Loan,2023-10-18,Active
15710397,Fixed Deposit,2022-12-15,Active
15687648,Insurance,2023-11-17,Active
15732281,Mutual Fund,2023-12-23,Active
15732281,Fixed Deposit,2023-01-05,Active
15607230,Credit Card,2022-04-29,Active
15607230,Mutual Fund,2022-05-02,Active
15607230,Insurance,2023-03-13,Active
15567630,Credit Card,2022-07-12,Active
15587507,Insurance,2022-11-14,Active
15733904,Mutual Fund,2023-05-19,Active
15733904,Credit Card,2023-08-14,Active
15709511,Loan,2022-10-29,Active
15709511,Mutual Fund,2022-10-25,Active
15579616,Mutual Fund,2022-11-12,Active
15694852,Insurance,2023-09-10,Active
15694852,Mutual Fund,2023-07-27,Inactive
15694852,Credit Card,2023-01-30,Inactive
15589924,Loan,2022-10-24,Active
15589924,Credit Card,2023-07-22,Active
15589924,Mutual Fund,2022-03-30,Active
15799300,Fixed Deposit,2023-03-05,Active
15799300,Mutual Fund,2023-06-23,Active
15731330,Loan,2023-12-08,Active
15731330,Credit Card,2022-06-07,Active
15694129,Loan,2023-11-12,Active
15694129,Fixed Deposit,2022-05-22,Active
15694129,Mutual Fund,2023-03-07,Active
15620372,Fixed Deposit,2023-09-24,Active
15620372,Loan,2023-01-07,Active
15744622,Credit Card,2023-08-19,Active
15799815,Loan,2022-05-21,Active
15799815,Credit Card,2022-10-15,Active
15799815,Insurance,2022-04-23,Active
15759250,Insurance,2023-08-11,Active
15759250,Loan,2022-08-02,Inactive
15759250,Mutual Fund,2022-08-25,Active
15732643,Fixed Deposit,2022-05-22,Active
15732643,Loan,2023-12-26,Inactive
15690540,Loan,2022-11-06,Active
15803078,Loan,2023-11-06,Active
15652180,Credit Card,2023-08-20,Inactive
15652180,Mutual Fund,2022-12-16,Active
15652180,Loan,2022-09-27,Active
15741195,Fixed Deposit,2023-02-18,Inactive
15741195,Insurance,2023-07-22,Active
15741195,Loan,2023-02-04,Active
15743490,Mutual Fund,2022-02-27,Active
15575510,Credit Card,2023-09-18,Active
15575510,Mutual Fund,2023-03-30,Active
15732610,Credit Card,2022-05-20,Active
15602909,Mutual Fund,2023-10-18,Inactive
15602909,Insurance,2023-08-21,Active
15734058,Credit Card,2023-03-06,Active
15734058,Loan,2022-08-19,Active
15734058,Insurance,2022-06-24,Active
15801788,Mutual Fund,2022-09-12,Active
15702462,Loan,2022-08-13,Active
15702462,Mutual Fund,2023-04-22,Inactive
15702462,Fixed Deposit,2022-10-28,Active
15683416,Loan,2022-08-10,Active
15683416,Credit Card,2023-02-05,Active
15794187,Fixed Deposit,2022-10-26,Inactive
15792989,Credit Card,2022-04-20,Active
15792989,Mutual Fund,2023-07-21,Active
15792989,Fixed Deposit,2023-07-28,Active
15613734,Mutual Fund,2022-07-19,Active
15613734,Loan,2023-07-17,Active
15613734,Insurance,2022-01-08,Active
15606177,Fixed Deposit,2022-08-01,Active
15606177,Insurance,2022-01-24,Active
15636700,Fixed Deposit,2023-06-26,Active
15645766,Credit Card,2022-06-21,Active
15645766,Fixed Deposit,2022-12-28,Active
15645766,Loan,2023-01-12,Active
15671345,Loan,2023-11-12,Active
15671345,Insurance,2022-10-06,Active
15671345,Mutual Fund,2022-11-05,Active
15652469,Insurance,2022-02-08,Active
15749638,Mutual Fund,2023-03-14,Active
15749638,Credit Card,2022-05-29,Active
15749638,Insurance,2022-05-16,Active
15728706,Mutual Fund,2023-12-17,Active
15728706,Fixed Deposit,2023-01-30,Active
15728706,Loan,2023-02-28,Active
15735439,Credit Card,2023-01-31,Active
15735439,Mutual Fund,2023-06-10,Active
15735439,Fixed Deposit,2023-02-08,Active
15778696,Credit Card,2022-07-06,Inactive
15778696,Mutual Fund,2022-03-29,Inactive
15778696,Fixed Deposit,2022-02-27,Active
15624744,Mutual Fund,2022-09-10,Active
15624744,Loan,2022-11-19,Active
15624744,Credit Card,2023-10-07,Active
15584338,Credit Card,2022-04-30,Active
15584338,Fixed Deposit,2023-12-06,Active
15726178,Loan,2022-04-24,Active
15726178,Fixed Deposit,2022-06-03,Active
15794939,Fixed Deposit,2023-06-19,Active
15788068,Loan,2023-05-25,Active
15788068,Mutual Fund,2023-07-22,Active
15572956,Mutual Fund,2023-05-01,Active
15572956,Loan,2023-12-08,Inactive
15780386,Insurance,2023-08-22,Active
15780386,Loan,2022-07-25,Active
15780386,Fixed Deposit,2023-01-23,Inactive
15791114,Loan,2023-05-21,Active
15708046,Loan,2022-06-13,Active
15708046,Insurance,2023-05-25,Active
15719779,Fixed Deposit,2023-03-26,Active
15591550,Fixed Deposit,2023-05-20,Active
15591550,Mutual Fund,2022-05-30,Active
15591550,Credit Card,2022-06-19,Inactive
15639368,Credit Card,2022-02-09,Active
15639368,Insurance,2022-02-11,Inactive
15639368,Fixed Deposit,2022-01-31,Inactive
15699830,Credit Card,2022-02-26,Inactive
15699830,Fixed Deposit,2023-06-30,Active
15699830,Loan,2023-10-21,Active
15569264,Mutual Fund,2023-11-12,Active
15595158,Loan,2022-11-23,Active
15595158,Credit Card,2022-07-27,Active
15595158,Fixed Deposit,2023-03-27,Inactive
15599126,Credit Card,2022-05-26,Active
15599126,Fixed Deposit,2022-06-27,Inactive
15599126,Mutual Fund,2022-12-31,Active
15650575,Insurance,2022-09-27,Inactive
15650575,Mutual Fund,2023-03-27,Active
15650575,Fixed Deposit,2022-06-08,Active
15641490,Insurance,2022-12-20,Inactive
15641490,Fixed Deposit,2023-02-24,Inactive
15641490,Loan,2022-02-13,Active
15680234,Insurance,2023-10-11,Active
15592230,Credit Card,2023-09-24,Active
15626212,Fixed Deposit,2023-11-20,Active
15626212,Loan,2023-08-12,Active
15700627,Mutual Fund,2023-08-08,Active
15782641,Loan,2022-12-25,Active
15784445,Mutual Fund,2023-08-29,Active
15784445,Credit Card,2023-08-31,Inactive
15784445,Loan,2023-01-27,Active
15813681,Mutual Fund,2023-08-28,Active
15596649,Credit Card,2022-01-31,Active
15596649,Fixed Deposit,2022-03-13,Inactive
15700460,Insurance,2023-02-24,Active
15700460,Mutual Fund,2022-09-25,Active
15724076,Loan,2023-11-21,Active
15724076,Fixed Deposit,2022-07-16,Inactive
15724076,Credit Card,2022-05-09,Active
15784000,Credit Card,2022-08-23,Inactive
15784000,Mutual Fund,2023-04-15,Active
15784000,Insurance,2023-02-17,Inactive
15733966,Loan,2023-02-25,Inactive
15733966,Credit Card,2023-04-23,Active
15612667,Insurance,2023-11-27,Active
15612667,Loan,2023-04-17,Active
15612667,Credit Card,2022-01-15,Active
15654025,Loan,2023-08-09,Active
15654025,Mutual Fund,2023-01-15,Active
15589431,Insurance,2023-11-19,Active
15578238,Insurance,2023-01-24,Active
15578238,Fixed Deposit,2023-04-29,Inactive
15566269,Mutual Fund,2023-06-09,Active
15566269,Fixed Deposit,2023-10-18,Active
15639217,Fixed Deposit,2023-07-23,Active
15688644,Loan,2023-11-09,Active
15688644,Fixed Deposit,2023-05-10,Active
15662426,Mutual Fund,2022-11-26,Active
15662426,Insurance,2022-11-20,Active
15720511,Credit Card,2023-07-29,Inactive
15567246,Insurance,2022-10-11,Active
15647965,Fixed Deposit,2022-12-30,Active
15679048,Credit Card,2023-12-31,Active
15675749,Fixed Deposit,2023-06-30,Inactive
15675749,Credit Card,2023-05-18,Active
15675749,Mutual Fund,2023-03-25,Active
15782181,Credit Card,2023-08-19,Active
15782181,Insurance,2022-04-25,Active
15782181,Mutual Fund,2022-03-04,Active
15795738,Mutual Fund,2023-07-25,Active
15773751,Loan,2022-03-31,Active
15773751,Mutual Fund,2022-10-21,Active
15773751,Insurance,2023-09-29,Active
15655436,Fixed Deposit,2023-03-18,Active
15691396,Insurance,2022-01-10,Active
15691396,Credit Card,2023-04-07,Active
15796958,Insurance,2022-12-24,Active
15801832,Fixed Deposit,2023-05-10,Active
15801832,Loan,2022-05-20,Active
15661349,Fixed Deposit,2022-11-15,Active
15661349,Credit Card,2022-11-04,Inactive
15719265,Fixed Deposit,2022-01-31,Active
15779985,Mutual Fund,2022-10-29,Inactive
15779985,Loan,2022-07-07,Active
15663410,Loan,2022-04-28,Inactive
15663410,Fixed Deposit,2023-12-18,Active
15663410,Insurance,2022-02-03,Active
15704144,Insurance,2022-12-11,Active
15774104,Fixed Deposit,2022-01-23,Inactive
15774104,Credit Card,2022-05-09,Active
15812230,Mutual Fund,2022-11-15,Active
15812230,Fixed Deposit,2023-09-10,Active
15742848,Insurance,2022-04-26,Active
15742848,Mutual Fund,2022-03-16,Inactive
15742848,Fixed Deposit,2023-12-08,Active
15745326,Credit Card,2022-11-19,Inactive
15745326,Fixed Deposit,2022-03-09,Inactive
15674541,Loan,2023-11-01,Active
15674541,Mutual Fund,2022-12-31,Inactive
15674541,Insurance,2022-08-06,Active
15728564,Insurance,2023-05-13,Inactive
15728564,Credit Card,2023-04-30,Active
15728564,Loan,2023-04-11,Inactive
15580701,Fixed Deposit,2022-05-13,Active
15580701,Loan,2023-02-10,Active
15688973,Fixed Deposit,2023-10-10,Active
15688973,Mutual Fund,2022-08-26,Active
15709412,Loan,2023-04-17,Active
15709412,Mutual Fund,2023-12-28,Active
15607753,Loan,2022-11-29,Active
15705352,Insurance,2022-03-23,Inactive
15705352,Credit Card,2023-02-08,Inactive
15602500,Fixed Deposit,2023-01-22,Active
15602500,Mutual Fund,2023-01-06,Active
15672437,Loan,2023-10-18,Active
15720968,Mutual Fund,2023-02-11,Active
15730796,Mutual Fund,2022-12-11,Active
15730796,Fixed Deposit,2022-03-04,Active
15730796,Credit Card,2022-03-12,Active
15768219,Loan,2022-10-01,Active
15768219,Mutual Fund,2022-08-23,Active
15768219,Credit Card,2023-09-24,Inactive
15663883,Credit Card,2022-05-02,Active
15663883,Fixed Deposit,2022-06-21,Active
15589296,Credit Card,2022-09-29,Active
15586425,Loan,2022-08-05,Active
15679813,Mutual Fund,2023-04-09,Inactive
15681410,Mutual Fund,2023-11-19,Active
15668283,Loan,2022-03-08,Active
15668283,Mutual Fund,2023-06-29,Inactive
15668283,Insurance,2023-05-17,Inactive
15624072,Credit Card,2023-07-29,Active
15624072,Mutual Fund,2023-06-23,Active
15624072,Fixed Deposit,2022-06-03,Active
15669664,Fixed Deposit,2023-04-16,Active
15682728,Mutual Fund,2022-09-15,Active
15682728,Loan,2022-03-22,Active
15573851,Loan,2022-02-18,Active
15573851,Mutual Fund,2023-04-08,Active
15573851,Insurance,2023-08-21,Active
15733661,Mutual Fund,2023-02-12,Active
15733661,Insurance,2023-01-12,Active
15733661,Credit Card,2022-08-02,Active
15710012,Loan,2023-12-12,Inactive
15710012,Insurance,2022-04-16,Active
15710012,Mutual Fund,2022-11-06,Active
15763327,Insurance,2022-03-19,Active
15668853,Loan,2022-12-15,Active
15639303,Loan,2023-09-11,Active
15691011,Fixed Deposit,2023-07-03,Active
15691011,Mutual Fund,2022-11-24,Active
15691011,Insurance,2022-01-23,Active
15638513,Fixed Deposit,2023-10-29,Active
15648933,Insurance,2022-11-24,Active
15648933,Mutual Fund,2023-07-25,Active
15648933,Loan,2023-04-26,Active
15628904,Mutual Fund,2023-10-31,Active
15644788,Credit Card,2023-10-09,Active
15644788,Mutual Fund,2022-02-18,Active
15644788,Insurance,2023-05-21,Active
15598161,Loan,2022-08-20,Inactive
15745624,Mutual Fund,2022-02-16,Active
15745624,Insurance,2022-12-11,Active
15733169,Insurance,2023-09-18,Active
15733169,Fixed Deposit,2023-08-22,Active
15801417,Mutual Fund,2022-10-04,Inactive
15801417,Fixed Deposit,2023-07-08,Active
15592707,Loan,2023-01-10,Active
15592707,Credit Card,2022-06-02,Active
15592707,Mutual Fund,2022-06-09,Active
15593954,Mutual Fund,2022-09-14,Inactive
15593954,Fixed Deposit,2023-09-24,Inactive
15593954,Insurance,2023-01-20,Inactive
15714431,Credit Card,2022-12-28,Active
15638257,Credit Card,2022-03-28,Inactive
15638257,Insurance,2023-05-25,Active
15638257,Fixed Deposit,2023-12-25,Active
15690939,Mutual Fund,2022-05-29,Active
15723613,Mutual Fund,2022-09-23,Active
15723613,Fixed Deposit,2023-01-18,Active
15723613,Insurance,2023-01-04,Inactive
15813640,Mutual Fund,2023-07-16,Active
15813640,Fixed Deposit,2023-12-26,Active
15813640,Credit Card,2022-12-18,Active
15707322,Mutual Fund,2023-06-26,Active
15707322,Credit Card,2023-02-01,Inactive
15707322,Insurance,2022-09-19,Active
15588918,Loan,2022-11-29,Active
15588918,Fixed Deposit,2023-01-27,Active
15600357,Fixed Deposit,2022-01-22,Active
15747014,Fixed Deposit,2023-01-15,Inactive
15747014,Loan,2023-11-29,Active
15809830,Loan,2022-12-14,Active
15809830,Fixed Deposit,2022-07-23,Active
15809830,Credit Card,2023-03-13,Active
15662245,Credit Card,2022-05-27,Active
15651075,Insurance,2022-12-12,Active
15651075,Credit Card,2023-08-04,Active
15594456,Credit Card,2022-07-10,Inactive
15594456,Insurance,2022-10-21,Inactive
15583462,Credit Card,2022-08-19,Inactive
15583462,Fixed Deposit,2022-11-01,Active
15757661,Insurance,2022-03-14,Active
15729117,Credit Card,2022-12-02,Active
15749671,Mutual Fund,2023-12-28,Active
15749671,Credit Card,2023-08-30,Active
15566253,Mutual Fund,2022-12-12,Active
15595153,Credit Card,2022-05-26,Active
15595153,Fixed Deposit,2022-02-19,Active
15595153,Insurance,2023-07-18,Inactive
15698572,Fixed Deposit,2022-08-23,Active
15698572,Insurance,2022-03-17,Active
15674149,Credit Card,2022-11-15,Active
15623082,Credit Card,2023-05-10,Active
15623082,Mutual Fund,2023-09-15,Active
15623082,Loan,2023-12-31,Active
15797905,Insurance,2023-06-12,Active
15797905,Fixed Deposit,2022-08-10,Active
15746028,Insurance,2022-05-13,Inactive
15746028,Mutual Fund,2022-12-04,Active
15582951,Fixed Deposit,2023-09-21,Active
15616471,Mutual Fund,2022-05-04,Active
15616471,Credit Card,2023-07-11,Active
15641575,Fixed Deposit,2022-05-02,Active
15641575,Credit Card,2023-10-09,Active
15638803,Fixed Deposit,2022-11-10,Active
15808283,Loan,2023-05-07,Active
15808283,Fixed Deposit,2023-01-14,Inactive
15811200,Credit Card,2023-05-16,Active
15811200,Insurance,2023-02-09,Active
15733476,Credit Card,2022-05-20,Active
15633274,Credit Card,2022-07-15,Active
15633274,Fixed Deposit,2023-07-09,Active
15582168,Insurance,2022-04-01,Inactive
15582168,Mutual Fund,2023-01-22,Active
15807269,Loan,2022-02-17,Active
15807269,Fixed Deposit,2023-12-20,Active
15807269,Mutual Fund,2023-06-23,Active
15602979,Loan,2023-07-04,Inactive
15602979,Insurance,2023-06-27,Inactive
15660417,Loan,2023-12-09,Active
15660417,Insurance,2023-04-26,Active
15660417,Mutual Fund,2023-09-13,Inactive
15590199,Credit Card,2023-04-24,Active
15590199,Loan,2023-12-06,Active
15590199,Insurance,2022-12-06,Inactive
15641794,Insurance,2022-08-28,Active
15779174,Loan,2023-07-01,Active
15779174,Insurance,2023-01-03,Inactive
15779174,Fixed Deposit,2023-01-15,Inactive
15785547,Fixed Deposit,2022-01-24,Active
15795124,Loan,2022-12-04,Inactive
15718912,Insurance,2023-12-27,Inactive
15718912,Mutual Fund,2023-09-05,Active
15718912,Fixed Deposit,2022-08-09,Inactive
15592028,Credit Card,2022-11-30,Inactive
15592028,Loan,2022-01-09,Active
15580227,Fixed Deposit,2022-05-18,Active
15580227,Mutual Fund,2023-06-03,Active
15657830,Mutual Fund,2022-05-22,Active
15657830,Fixed Deposit,2022-06-06,Active
15798256,Loan,2023-03-21,Active
15798256,Credit Card,2022-07-29,Active
15643819,Insurance,2022-03-28,Active
15643819,Credit Card,2022-06-29,Active
15754301,Credit Card,2023-05-22,Active
15726855,Insurance,2023-12-17,Active
15726855,Mutual Fund,2023-03-04,Active
15726855,Fixed Deposit,2022-08-14,Active
15755225,Credit Card,2023-10-26,Active
15755225,Mutual Fund,2023-04-15,Active
15725221,Loan,2023-07-20,Active
15725221,Credit Card,2023-11-06,Active
15789055,Insurance,2022-07-18,Active
15789055,Loan,2022-04-21,Active
15617507,Credit Card,2023-11-18,Active
15668894,Fixed Deposit,2023-10-03,Inactive
15668894,Loan,2022-11-20,Inactive
15589563,Fixed Deposit,2022-10-22,Inactive
15693162,Mutual Fund,2022-09-19,Active
15693162,Loan,2022-07-06,Inactive
15693162,Fixed Deposit,2022-04-26,Active
15750099,Mutual Fund,2022-09-13,Active
15750099,Loan,2022-05-07,Inactive
15795540,Credit Card,2022-12-01,Active
15795540,Mutual Fund,2023-12-28,Active
15794941,Fixed Deposit,2022-10-06,Active
15611848,Fixed Deposit,2022-06-05,Active
15611848,Loan,2023-05-20,Active
15611848,Mutual Fund,2022-05-01,Active
15581237,Mutual Fund,2023-02-23,Active
15581237,Fixed Deposit,2022-12-08,Inactive
15581237,Credit Card,2023-04-24,Active
15738150,Insurance,2022-04-18,Active
15738150,Mutual Fund,2022-03-25,Active
15678571,Mutual Fund,2022-03-27,Inactive
15736124,Fixed Deposit,2022-02-03,Active
15736124,Loan,2023-10-03,Active
15623202,Credit Card,2023-08-16,Active
15623202,Loan,2022-03-27,Active
15623202,Mutual Fund,2023-02-02,Active
15804201,Mutual Fund,2022-04-27,Active
15804201,Fixed Deposit,2023-03-15,Active
15804201,Loan,2023-04-15,Active
15596863,Insurance,2022-08-26,Inactive
15596863,Credit Card,2023-10-19,Active
15596863,Loan,2023-08-24,Inactive
15696277,Credit Card,2023-05-06,Inactive
15748608,Loan,2022-02-02,Active
15723864,Mutual Fund,2022-07-12,Active
15723864,Insurance,2023-12-04,Active
15802390,Loan,2023-03-04,Active
15774336,Credit Card,2022-06-29,Active
15774336,Fixed Deposit,2022-09-15,Inactive
15648766,Credit Card,2023-01-16,Inactive
15659094,Credit Card,2023-11-02,Active
15659094,Loan,2023-04-22,Active
15606397,Insurance,2023-12-10,Active
15606397,Loan,2022-09-12,Active
15606397,Credit Card,2022-10-06,Active
15642619,Insurance,2022-10-28,Active
15642619,Mutual Fund,2023-03-05,Active
15642619,Loan,2022-09-28,Active
15666032,Loan,2023-02-06,Active
15666032,Fixed Deposit,2023-10-17,Active
15595842,Loan,2023-05-19,Active
15753837,Fixed Deposit,2023-06-13,Active
15753837,Loan,2022-07-30,Active
15753837,Credit Card,2022-06-30,Active
15783882,Mutual Fund,2022-01-12,Inactive
15783882,Insurance,2023-03-13,Active
15783882,Credit Card,2023-11-15,Active
15799790,Insurance,2023-02-06,Inactive
15799790,Credit Card,2023-12-01,Active
15799790,Mutual Fund,2023-05-11,Active
15628155,Fixed Deposit,2023-05-11,Active
15703778,Loan,2023-03-04,Active
15703778,Insurance,2022-01-13,Active
15703778,Fixed Deposit,2022-07-19,Inactive
15722322,Fixed Deposit,2023-04-14,Active
15639278,Credit Card,2023-07-10,Active
15568487,Loan,2022-12-15,Active
15568487,Credit Card,2023-09-29,Active
15568487,Fixed Deposit,2023-02-08,Active
15682084,Loan,2023-09-04,Active
15642821,Mutual Fund,2023-05-23,Active
15642821,Loan,2022-04-30,Active
15642821,Credit Card,2022-09-02,Active
15601387,Loan,2022-09-09,Active
15601387,Fixed Deposit,2022-02-17,Active
15601387,Insurance,2022-06-24,Active
15642515,Insurance,2022-09-17,Active
15710421,Credit Card,2023-01-10,Active
15710421,Mutual Fund,2022-07-14,Active
15726774,Mutual Fund,2022-10-19,Active
15726774,Insurance,2023-06-15,Active
15726774,Credit Card,2022-04-01,Active
15649078,Credit Card,2022-03-04,Inactive
15649078,Mutual Fund,2023-11-22,Inactive
15641877,Loan,2023-05-09,Active
15641877,Fixed Deposit,2023-02-20,Active
15796496,Mutual Fund,2023-01-07,Inactive
15815690,Loan,2023-12-12,Active
15631739,Loan,2022-11-07,Active
15631739,Credit Card,2023-05-07,Active
15631739,Insurance,2022-05-24,Active
15625584,Insurance,2022-02-15,Active
15625584,Fixed Deposit,2023-07-15,Active
15625584,Mutual Fund,2022-07-16,Active
15802466,Fixed Deposit,2022-02-06,Active
15802466,Loan,2023-09-05,Active
15802466,Mutual Fund,2023-07-20,Active
15697028,Fixed Deposit,2023-11-21,Active
15697028,Mutual Fund,2023-09-13,Active
15697028,Credit Card,2022-03-23,Active
15575759,Insurance,2023-04-14,Active
15567442,Loan,2023-06-29,Active
15567442,Credit Card,2022-12-06,Active
15746805,Loan,2022-10-24,Active
15636330,Loan,2022-01-12,Active
15714970,Fixed Deposit,2022-06-02,Active
15653784,Fixed Deposit,2022-12-20,Active
15693543,Mutual Fund,2023-10-31,Active
15693543,Credit Card,2023-06-23,Active
15693543,Fixed Deposit,2023-11-13,Active
15773283,Insurance,2022-08-16,Inactive
15773283,Mutual Fund,2022-03-18,Active
15742534,Loan,2023-12-07,Active
15742534,Fixed Deposit,2023-02-03,Inactive
15569878,Loan,2022-07-06,Active
15569878,Credit Card,2023-08-19,Active
15729454,Credit Card,2023-02-14,Active
15729454,Fixed Deposit,2022-05-31,Active
15578375,Credit Card,2023-08-03,Active
15578375,Fixed Deposit,2023-03-18,Inactive
15578375,Insurance,2022-02-16,Inactive
15785559,Mutual Fund,2022-01-03,Active
15785559,Insurance,2023-02-20,Active
15785559,Credit Card,2022-05-23,Active
15649414,Loan,2023-07-18,Inactive
15701605,Mutual Fund,2023-08-01,Active
15701605,Insurance,2022-01-24,Active
15701605,Credit Card,2023-12-19,Inactive
15686696,Fixed Deposit,2023-11-09,Active
15625586,Mutual Fund,2023-08-13,Active
15625586,Credit Card,2022-11-08,Inactive
15654975,Loan,2023-02-15,Active
15654975,Insurance,2023-09-12,Inactive
15782993,Credit Card,2023-10-18,Active
15774382,Insurance,2022-07-12,Inactive
15774382,Loan,2023-05-21,Active
15774382,Credit Card,2023-12-08,Inactive
15689602,Insurance,2022-05-27,Active
15689602,Credit Card,2022-01-15,Active
15689602,Loan,2022-05-15,Inactive
15756155,Loan,2023-01-05,Active
15812647,Mutual Fund,2022-11-28,Active
15812647,Loan,2023-04-13,Active
15812647,Insurance,2023-07-30,Active
15736043,Credit Card,2023-08-04,Active
15696744,Credit Card,2023-05-08,Inactive
15696744,Fixed Deposit,2022-02-08,Active
15696744,Mutual Fund,2023-08-13,Active
15602572,Loan,2023-05-18,Active
15602572,Credit Card,2022-02-28,Active
15674765,Mutual Fund,2022-04-25,Active
15674765,Credit Card,2023-05-10,Inactive
15674765,Loan,2022-04-24,Inactive
15678725,Fixed Deposit,2022-11-07,Active
15678725,Insurance,2022-11-13,Active
15694444,Fixed Deposit,2022-03-08,Active
15694444,Credit Card,2023-07-14,Active
15694444,Loan,2023-01-21,Active
15795878,Mutual Fund,2023-11-01,Active
15795878,Loan,2022-01-30,Active
15795878,Fixed Deposit,2022-06-20,Active
15735346,Fixed Deposit,2023-07-09,Active
15735346,Insurance,2022-01-23,Active
15735346,Mutual Fund,2023-05-19,Active
15687094,Credit Card,2022-06-25,Active
15790067,Insurance,2022-10-16,Active
15790067,Loan,2022-03-16,Active
15790067,Mutual Fund,2023-10-20,Active
15605742,Loan,2022-12-23,Inactive
15605742,Insurance,2023-03-31,Active
15605742,Fixed Deposit,2023-04-11,Active
15566740,Credit Card,2022-08-24,Active
15566740,Fixed Deposit,2022-04-24,Active
15664897,Fixed Deposit,2023-01-06,Active
15585777,Fixed Deposit,2023-12-22,Active
15585777,Loan,2022-02-08,Inactive
15585777,Mutual Fund,2022-02-13,Active
15650864,Mutual Fund,2023-09-11,Inactive
15650864,Insurance,2023-08-29,Inactive
15650864,Credit Card,2023-11-17,Active
15806709,Loan,2023-01-06,Active
15806709,Mutual Fund,2022-08-11,Inactive
15806709,Credit Card,2022-03-02,Active
15633818,Loan,2023-01-22,Active
15633818,Fixed Deposit,2022-11-07,Active
15713845,Loan,2023-10-24,Inactive
15713845,Insurance,2023-03-18,Active
15639662,Mutual Fund,2022-10-03,Active
15639662,Fixed Deposit,2023-12-28,Active
15639662,Loan,2023-12-20,Active
15567013,Loan,2023-05-28,Active
15777784,Credit Card,2023-04-15,Active
15777784,Fixed Deposit,2022-10-31,Active
15800251,Mutual Fund,2022-12-22,Active
15651315,Insurance,2023-08-24,Active
15651450,Credit Card,2023-03-05,Active
15651450,Fixed Deposit,2022-02-17,Active
15651450,Insurance,2022-06-02,Active
15784218,Loan,2022-09-17,Active
15784218,Credit Card,2022-07-16,Active
15784218,Fixed Deposit,2022-08-27,Active
15572398,Mutual Fund,2023-11-24,Active
15572398,Insurance,2022-06-11,Active
15707962,Mutual Fund,2022-07-08,Active
15707962,Loan,2023-02-14,Active
15707962,Credit Card,2023-01-27,Active
15705663,Mutual Fund,2023-07-09,Inactive
15705663,Credit Card,2023-06-26,Active
15705663,Insurance,2022-09-27,Inactive
15645355,Mutual Fund,2023-12-17,Active
15645355,Fixed Deposit,2022-10-11,Active
15729557,Insurance,2023-01-10,Active
15729557,Fixed Deposit,2022-01-09,Inactive
15729557,Credit Card,2022-11-18,Active
15631436,Loan,2023-08-14,Inactive
15631436,Fixed Deposit,2023-01-28,Active
15583073,Loan,2022-06-20,Active
15583073,Insurance,2022-12-06,Active
15614361,Loan,2022-03-04,Inactive
15724684,Insurance,2022-10-29,Active
15724684,Loan,2023-02-09,Active
15724684,Mutual Fund,2023-03-25,Active
15700083,Credit Card,2022-02-18,Active
15700083,Fixed Deposit,2022-08-20,Active
15700083,Insurance,2022-10-25,Active
15636541,Fixed Deposit,2022-04-25,Active
15796015,Loan,2023-04-05,Active
15787222,Loan,2022-03-12,Active
15787222,Fixed Deposit,2023-01-11,Inactive
15787222,Mutual Fund,2023-06-18,Active
15594270,Insurance,2023-11-19,Active
15701524,Loan,2023-07-02,Active
15701524,Credit Card,2022-07-29,Active
15645847,Loan,2022-01-21,Active
15645847,Credit Card,2022-04-29,Active
15708867,Loan,2022-07-23,Active
15708867,Fixed Deposit,2023-06-23,Active
15613140,Loan,2022-02-06,Active
15613140,Fixed Deposit,2022-07-19,Active
15613140,Mutual Fund,2023-11-03,Active
15628893,Fixed Deposit,2023-05-20,Active
15628893,Credit Card,2022-03-09,Active
15628893,Loan,2022-12-16,Active
15764073,Mutual Fund,2022-07-04,Active
15764073,Loan,2022-02-07,Active
15764073,Credit Card,2023-03-19,Inactive
15782879,Credit Card,2022-02-01,Inactive
15782879,Fixed Deposit,2023-07-02,Active
15782879,Insurance,2022-06-02,Active
15635964,Credit Card,2023-11-15,Active
15635964,Mutual Fund,2022-10-28,Active
15635964,Insurance,2022-11-29,Active
15726087,Loan,2023-12-28,Active
15726087,Insurance,2023-04-02,Active
15726087,Credit Card,2022-01-02,Active
15726313,Loan,2023-09-11,Active
15578073,Credit Card,2023-10-04,Active
15578073,Fixed Deposit,2023-02-15,Active
15786249,Credit Card,2022-05-18,Active
15812850,Insurance,2023-11-24,Active
15812850,Credit Card,2022-09-09,Active
15596972,Insurance,2023-02-01,Active
15596972,Loan,2022-10-27,Inactive
15596972,Fixed Deposit,2023-02-13,Inactive
15620579,Fixed Deposit,2022-02-19,Active
15768270,Fixed Deposit,2023-10-16,Active
15768270,Insurance,2023-10-12,Active
15656597,Credit Card,2022-09-02,Inactive
15656597,Fixed Deposit,2023-03-25,Active
15699446,Credit Card,2022-06-13,Active
15699446,Fixed Deposit,2023-02-03,Active
15615004,Fixed Deposit,2022-11-15,Active
15615004,Insurance,2023-12-26,Active
15615004,Loan,2022-08-15,Active
15704771,Mutual Fund,2023-10-02,Active
15588372,Fixed Deposit,2023-07-14,Active
15588372,Insurance,2022-10-19,Active
15588372,Loan,2023-01-25,Active
15681439,Insurance,2023-03-31,Active
15607509,Insurance,2022-01-05,Active
15670343,Credit Card,2023-03-05,Active
15597968,Loan,2022-08-28,Active
15658432,Fixed Deposit,2023-11-25,Active
15616431,Fixed Deposit,2023-12-31,Active
15616431,Mutual Fund,2022-06-18,Active
15616431,Credit Card,2022-05-22,Active
15796957,Mutual Fund,2023-06-28,Inactive
15796957,Credit Card,2023-03-23,Active
15796957,Loan,2023-11-25,Active
15815552,Mutual Fund,2023-06-26,Active
15815552,Fixed Deposit,2023-09-01,Active
15631871,Credit Card,2022-12-20,Active
15631871,Fixed Deposit,2023-05-17,Active
15631871,Mutual Fund,2022-11-06,Active
15635870,Mutual Fund,2023-11-23,Active
15596713,Loan,2023-12-17,Active
15596713,Insurance,2022-11-17,Active
15596713,Fixed Deposit,2023-11-11,Active
15684211,Insurance,2023-05-06,Active
15760521,Mutual Fund,2022-07-25,Active
15760521,Insurance,2023-05-22,Active
15760521,Credit Card,2023-12-25,Active
15608408,Insurance,2023-02-17,Active
15608408,Credit Card,2023-04-08,Active
15608408,Loan,2022-08-21,Active
15804721,Credit Card,2023-11-29,Active
15804721,Loan,2023-01-14,Active
15804721,Mutual Fund,2023-04-23,Inactive
15730272,Fixed Deposit,2022-03-10,Active
15730272,Loan,2023-04-14,Inactive
15741988,Loan,2023-04-19,Active
15741988,Credit Card,2022-09-02,Active
15741988,Insurance,2023-11-23,Active
15771728,Mutual Fund,2023-06-28,Inactive
15771728,Loan,2023-10-20,Inactive
15771728,Fixed Deposit,2023-10-21,Active
15605113,Loan,2023-08-28,Active
15661945,Loan,2022-01-07,Active
15661945,Mutual Fund,2022-08-17,Active
15783816,Fixed Deposit,2023-08-01,Active
15721207,Fixed Deposit,2023-08-31,Active
15721207,Insurance,2023-02-19,Active
15721207,Loan,2023-02-13,Active
15764072,Mutual Fund,2023-02-13,Active
15689412,Mutual Fund,2022-12-04,Active
15689412,Credit Card,2022-07-21,Active
15689412,Loan,2022-10-11,Active
15798385,Mutual Fund,2023-12-13,Inactive
15798385,Insurance,2023-08-15,Active
15775339,Fixed Deposit,2022-01-14,Active
15775339,Mutual Fund,2023-05-26,Inactive
15585256,Loan,2022-01-03,Active
15797329,Insurance,2022-05-31,Active
15780220,Insurance,2023-02-13,Active
15780220,Loan,2023-09-19,Active
15780220,Fixed Deposit,2023-04-14,Active
15648951,Credit Card,2022-11-21,Active
15648951,Fixed Deposit,2023-06-17,Inactive
15648951,Insurance,2022-04-11,Active
15752409,Mutual Fund,2023-09-29,Active
15807524,Loan,2022-04-20,Active
15766649,Mutual Fund,2022-07-20,Active
15766649,Insurance,2023-11-24,Active
15766649,Credit Card,2022-07-26,Active
15696812,Credit Card,2023-02-09,Active
15581295,Credit Card,2023-03-21,Active
15581295,Loan,2023-06-15,Active
15663234,Mutual Fund,2022-02-17,Active
15663234,Fixed Deposit,2023-01-28,Active
15663234,Insurance,2023-12-25,Active
15741417,Loan,2022-08-11,Inactive
15695174,Mutual Fund,2023-12-23,Active
15695174,Fixed Deposit,2023-02-20,Inactive
15665168,Credit Card,2023-08-14,Active
15665168,Mutual Fund,2023-12-28,Inactive
15601503,Insurance,2022-09-09,Active
15601503,Loan,2022-06-05,Active
15706131,Loan,2022-12-15,Active
15706131,Insurance,2022-06-18,Active
15782758,Loan,2023-02-15,Active
15782758,Insurance,2023-08-24,Active
15591091,Mutual Fund,2023-11-13,Active
15715877,Loan,2023-01-31,Active
15756918,Loan,2023-06-11,Active
15756918,Insurance,2023-01-21,Inactive
15756918,Fixed Deposit,2023-11-24,Active
15746662,Fixed Deposit,2023-12-21,Inactive
15746662,Loan,2022-05-31,Active
15746662,Insurance,2023-06-04,Active
15626679,Mutual Fund,2022-12-28,Inactive
15626679,Fixed Deposit,2023-05-23,Active
15626679,Credit Card,2022-08-16,Active
15793343,Credit Card,2022-12-11,Active
15793343,Mutual Fund,2022-06-10,Active
15576774,Loan,2023-06-01,Active
15801316,Credit Card,2022-03-06,Active
15800514,Mutual Fund,2023-05-27,Active
15800514,Insurance,2023-01-18,Active
15800514,Loan,2023-09-25,Inactive
15662232,Insurance,2023-07-04,Active
15662232,Mutual Fund,2023-02-12,Active
15662232,Credit Card,2022-09-18,Inactive
15737778,Fixed Deposit,2023-07-22,Active
15737778,Credit Card,2023-01-14,Active
15737778,Insurance,2022-10-24,Inactive
15782096,Fixed Deposit,2023-12-19,Active
15782096,Loan,2023-01-23,Active
15783522,Insurance,2023-05-16,Inactive
15783522,Credit Card,2023-01-20,Inactive
15785373,Fixed Deposit,2022-12-17,Active
15785373,Mutual Fund,2023-05-28,Active
15785373,Credit Card,2023-10-06,Active
15756272,Fixed Deposit,2022-04-30,Active
15756272,Insurance,2022-11-01,Active
15615245,Insurance,2022-08-12,Active
15615245,Loan,2023-04-20,Active
15615245,Fixed Deposit,2023-10-03,Inactive
15600174,Insurance,2023-01-23,Active
15600174,Mutual Fund,2022-01-29,Active
15752956,Insurance,2023-12-15,Inactive
15752956,Loan,2022-06-02,Inactive
15752956,Mutual Fund,2023-09-28,Inactive
15644882,Insurance,2023-08-14,Active
15766272,Credit Card,2022-09-26,Active
15800620,Fixed Deposit,2023-03-16,Active
15800620,Mutual Fund,2023-09-07,Active
15800620,Insurance,2022-09-29,Active
15569764,Loan,2022-08-31,Active
15569764,Insurance,2022-11-07,Active
15747458,Fixed Deposit,2022-11-15,Active
15747458,Insurance,2023-09-11,Active
15573171,Credit Card,2023-04-26,Active
15573171,Insurance,2022-11-24,Active
15573171,Loan,2022-11-06,Active
15736769,Loan,2023-03-11,Active
15736769,Credit Card,2023-04-24,Active
15763381,Credit Card,2023-07-24,Active
15814430,Mutual Fund,2023-12-23,Active
15814430,Insurance,2022-07-06,Active
15638607,Insurance,2022-10-18,Inactive
15638607,Credit Card,2022-07-05,Active
15737133,Loan,2022-07-01,Active
15737133,Fixed Deposit,2023-12-17,Active
15613945,Loan,2022-12-02,Active
15613945,Insurance,2023-06-05,Active
15659937,Loan,2022-01-19,Active
15659937,Insurance,2022-08-01,Active
15659937,Fixed Deposit,2022-05-20,Active
15765287,Mutual Fund,2022-08-06,Inactive
15765287,Loan,2023-06-22,Inactive
15765287,Insurance,2023-04-26,Active
15661723,Credit Card,2023-09-04,Active
15661723,Fixed Deposit,2023-09-30,Active
15766064,Fixed Deposit,2023-07-18,Active
15766064,Credit Card,2023-07-20,Active
15649616,Insurance,2022-09-14,Active
15649616,Loan,2023-01-30,Active
15719017,Mutual Fund,2022-03-26,Active
15719017,Credit Card,2023-04-05,Active
15720919,Insurance,2023-11-22,Active
15720919,Credit Card,2023-02-06,Active
15720919,Loan,2022-11-25,Active
15706706,Insurance,2022-02-09,Active
15706706,Mutual Fund,2022-07-18,Active
15709653,Credit Card,2023-03-27,Active
15709653,Fixed Deposit,2023-12-07,Active
15805104,Fixed Deposit,2022-11-19,Active
15805104,Loan,2022-08-05,Inactive
15622442,Credit Card,2022-03-08,Active
15622442,Loan,2023-07-13,Active
15572801,Loan,2022-09-16,Active
15767598,Insurance,2022-02-23,Active
15767598,Credit Card,2022-02-09,Active
15767598,Loan,2023-12-25,Active
15757897,Fixed Deposit,2023-02-12,Active
15757897,Insurance,2022-06-13,Active
15568104,Credit Card,2022-01-16,Active
15568104,Insurance,2023-12-25,Active
15763414,Credit Card,2023-02-03,Active
15763414,Mutual Fund,2022-01-02,Active
15763414,Fixed Deposit,2022-10-23,Active
15732265,Mutual Fund,2023-03-03,Active
15732265,Loan,2022-06-07,Active
15732265,Credit Card,2022-04-04,Active
15621974,Credit Card,2022-01-19,Inactive
15621974,Loan,2022-02-18,Active
15621974,Insurance,2023-09-10,Active
15803947,Fixed Deposit,2023-11-17,Active
15803947,Credit Card,2023-05-17,Active
15720706,Credit Card,2022-07-14,Active
15720706,Insurance,2022-08-03,Active
15720706,Fixed Deposit,2022-12-01,Active
15759290,Loan,2022-06-07,Active
15651664,Credit Card,2022-12-10,Active
15651664,Mutual Fund,2022-02-07,Active
15795132,Credit Card,2022-12-28,Inactive
15795132,Insurance,2022-06-25,Inactive
15811565,Fixed Deposit,2023-08-04,Active
15811565,Insurance,2022-11-07,Active
15811565,Mutual Fund,2022-06-17,Active
15713774,Loan,2022-12-02,Inactive
15713774,Fixed Deposit,2022-08-02,Active
15691840,Fixed Deposit,2023-12-13,Active
15691840,Loan,2022-02-22,Active
15682021,Fixed Deposit,2023-04-21,Active
15682021,Credit Card,2023-01-06,Active
15612931,Fixed Deposit,2023-03-05,Active
15676707,Loan,2022-07-24,Active
15676707,Insurance,2023-12-15,Active
15676707,Credit Card,2023-01-08,Active
15601383,Loan,2022-06-05,Active
15601383,Credit Card,2023-10-28,Active
15662662,Credit Card,2022-07-08,Active
15662662,Loan,2022-02-07,Active
15662662,Mutual Fund,2022-08-15,Active
15752694,Loan,2023-03-16,Active
15590683,Insurance,2023-01-17,Active
15590683,Credit Card,2022-02-02,Inactive
15590683,Fixed Deposit,2022-06-29,Active
15773591,Mutual Fund,2022-04-02,Inactive
15773591,Credit Card,2022-12-21,Active
15723620,Mutual Fund,2022-09-11,Active
15723620,Insurance,2022-02-15,Active
15671779,Mutual Fund,2022-08-02,Active
15672966,Insurance,2023-09-05,Active
15624667,Loan,2022-02-24,Active
15624667,Fixed Deposit,2023-08-17,Inactive
15812888,Credit Card,2022-09-14,Inactive
15724154,Loan,2023-05-14,Inactive
15749540,Mutual Fund,2023-03-10,Active
15749540,Credit Card,2022-08-07,Active
15749540,Fixed Deposit,2022-01-07,Active
15621063,Loan,2023-02-11,Active
15661626,Fixed Deposit,2022-09-02,Active
15661626,Credit Card,2023-04-18,Active
15698703,Insurance,2022-09-13,Active
15698703,Loan,2022-06-13,Active
15698703,Mutual Fund,2023-09-25,Active
15801431,Insurance,2023-10-14,Active
15801431,Mutual Fund,2023-04-03,Active
15649451,Mutual Fund,2023-01-24,Active
15649451,Credit Card,2022-10-01,Active
15626156,Insurance,2022-08-16,Inactive
15626156,Mutual Fund,2023-04-16,Active
15606158,Mutual Fund,2022-09-30,Active
15589496,Mutual Fund,2023-09-05,Active
15730345,Loan,2022-12-21,Active
15730345,Fixed Deposit,2022-03-31,Inactive
15730345,Credit Card,2022-11-21,Active
15572038,Fixed Deposit,2022-08-14,Active
15572038,Insurance,2022-07-27,Inactive
15572038,Credit Card,2022-12-21,Active
15643439,Mutual Fund,2023-02-20,Active
15643439,Insurance,2022-03-16,Active
15643439,Fixed Deposit,2023-11-08,Active
15604158,Fixed Deposit,2022-01-14,Active
15604158,Loan,2023-01-08,Inactive
15604158,Credit Card,2022-08-27,Active
15657396,Mutual Fund,2022-05-05,Active
15657396,Insurance,2023-03-22,Active
15657396,Loan,2023-01-08,Active
15709478,Credit Card,2023-12-18,Active
15628824,Fixed Deposit,2022-05-07,Active
15628824,Loan,2023-08-31,Active
15628824,Insurance,2023-05-17,Active
15814519,Loan,2023-06-11,Active
15814519,Credit Card,2022-09-15,Active
15636520,Insurance,2023-05-11,Active
15636520,Fixed Deposit,2023-10-26,Active
15794414,Insurance,2023-06-01,Active
15794414,Loan,2023-03-24,Active
15794414,Credit Card,2022-03-11,Active
15643671,Credit Card,2022-01-08,Active
15643671,Loan,2023-11-05,Active
15700650,Insurance,2023-01-27,Inactive
15700650,Credit Card,2022-01-02,Inactive
15680224,Credit Card,2022-04-01,Active
15784286,Insurance,2022-12-04,Active
15693996,Mutual Fund,2023-07-12,Inactive
15693996,Loan,2023-05-01,Active
15693996,Fixed Deposit,2022-07-19,Active
15764343,Mutual Fund,2022-11-19,Active
15704168,Fixed Deposit,2022-10-23,Active
15704168,Mutual Fund,2022-02-19,Active
15704168,Loan,2022-03-26,Inactive
15680197,Fixed Deposit,2022-11-02,Active
15633729,Loan,2022-10-31,Active
15633729,Fixed Deposit,2022-08-21,Active
15577683,Fixed Deposit,2022-09-18,Active
15577683,Credit Card,2022-09-20,Active
15577683,Insurance,2023-07-08,Active
15800746,Insurance,2023-03-29,Inactive
15800746,Fixed Deposit,2023-08-20,Active
15788686,Loan,2023-03-27,Active
15788686,Mutual Fund,2022-05-27,Active
15742798,Fixed Deposit,2022-05-16,Active
15742798,Insurance,2022-03-20,Active
15596647,Loan,2022-09-04,Active
15756070,Credit Card,2023-04-11,Active
15775116,Loan,2022-03-30,Active
15775116,Fixed Deposit,2022-03-31,Active
15575428,Fixed Deposit,2023-12-09,Inactive
15575428,Loan,2022-07-17,Active
15575428,Insurance,2022-05-01,Active
15654074,Loan,2022-03-04,Active
15695872,Mutual Fund,2022-07-10,Active
15695872,Credit Card,2022-11-15,Active
15695872,Loan,2023-08-18,Inactive
15568885,Insurance,2022-11-15,Active
15725036,Insurance,2023-11-07,Active
15632665,Credit Card,2022-07-02,Active
15632665,Mutual Fund,2023-04-17,Active
15571476,Loan,2022-06-13,Active
15776850,Loan,2022-02-23,Active
15776850,Credit Card,2023-11-06,Active
15776850,Mutual Fund,2022-05-13,Active
15623649,Credit Card,2022-07-23,Inactive
15623649,Loan,2023-12-09,Inactive
15751131,Fixed Deposit,2023-09-28,Active
15688128,Credit Card,2022-07-10,Active
15688128,Fixed Deposit,2023-05-21,Active
15678412,Credit Card,2022-10-05,Active
15770291,Fixed Deposit,2022-03-18,Active
15770291,Loan,2023-01-13,Active
15583392,Mutual Fund,2022-11-02,Active
15690731,Fixed Deposit,2023-02-28,Inactive
15690731,Loan,2023-11-12,Active
15690731,Mutual Fund,2022-07-08,Active
15697948,Credit Card,2022-07-15,Inactive
15697948,Loan,2022-06-02,Active
15608328,Insurance,2022-11-23,Active
15608328,Fixed Deposit,2023-05-30,Active
15766378,Credit Card,2023-08-02,Active
15600813,Insurance,2022-05-14,Active
15600813,Loan,2022-11-14,Active
15706217,Loan,2023-08-29,Active
15601417,Loan,2022-08-22,Active
15601417,Mutual Fund,2023-03-12,Active
15610972,Mutual Fund,2022-05-20,Active
15674620,Loan,2023-12-04,Active
15674620,Credit Card,2023-06-19,Active
15785350,Insurance,2022-02-10,Active
15749119,Fixed Deposit,2022-12-20,Active
15756535,Loan,2022-09-24,Active
15700965,Mutual Fund,2022-02-24,Active
15700965,Loan,2022-02-24,Inactive
15791851,Credit Card,2022-06-21,Active
15791851,Loan,2023-04-05,Active
15717156,Mutual Fund,2022-04-27,Active
15717156,Loan,2022-01-05,Active
15740846,Loan,2022-10-02,Inactive
15740846,Fixed Deposit,2022-04-09,Active
15740846,Credit Card,2022-07-11,Active
15573284,Insurance,2023-06-11,Active
15573284,Loan,2023-03-16,Active
15573284,Mutual Fund,2022-12-11,Active
15729083,Mutual Fund,2023-05-27,Active
15729083,Fixed Deposit,2023-01-28,Active
15611612,Mutual Fund,2023-04-06,Active
15611612,Fixed Deposit,2022-10-20,Active
15611612,Credit Card,2023-05-31,Active
15694381,Mutual Fund,2023-10-30,Active
15694381,Insurance,2023-08-27,Active
15694381,Credit Card,2023-02-25,Active
15651737,Fixed Deposit,2022-10-29,Active
15663168,Fixed Deposit,2023-12-07,Active
15643426,Insurance,2022-02-08,Active
15643426,Loan,2023-07-23,Active
15643426,Mutual Fund,2023-04-24,Active
15618245,Mutual Fund,2023-01-18,Active
15618245,Credit Card,2022-09-18,Active
15618245,Loan,2022-02-24,Active
15717527,Fixed Deposit,2023-09-27,Active
15717527,Credit Card,2022-02-20,Inactive
15717527,Mutual Fund,2023-06-19,Active
15793478,Fixed Deposit,2022-10-26,Inactive
15793478,Insurance,2022-11-02,Active
15793478,Mutual Fund,2023-08-15,Active
15642248,Fixed Deposit,2022-09-10,Active
15642248,Loan,2023-12-25,Active
15640377,Fixed Deposit,2022-04-27,Inactive
15723950,Mutual Fund,2022-06-28,Active
15723950,Insurance,2023-09-13,Active
15723950,Credit Card,2023-08-10,Active
15590327,Loan,2022-03-27,Active
15590327,Mutual Fund,2023-02-21,Inactive
15590327,Credit Card,2022-03-30,Active
15706199,Credit Card,2022-09-05,Active
15671514,Insurance,2022-07-17,Active
15671514,Mutual Fund,2022-02-15,Active
15727041,Fixed Deposit,2023-10-07,Active
15738063,Credit Card,2023-01-21,Active
15738063,Loan,2022-09-11,Active
15711733,Fixed Deposit,2022-11-20,Inactive
15711733,Loan,2022-03-07,Inactive
15711733,Insurance,2023-05-03,Active
15652320,Credit Card,2022-02-19,Active
15652320,Fixed Deposit,2023-11-23,Active
15652320,Loan,2023-03-06,Active
15634180,Mutual Fund,2023-09-16,Active
15634180,Insurance,2022-09-10,Inactive
15694566,Mutual Fund,2023-11-18,Inactive
15694566,Credit Card,2022-05-01,Active
15694566,Fixed Deposit,2022-12-29,Active
15726103,Insurance,2022-03-11,Active
15646351,Mutual Fund,2022-01-24,Active
15646351,Insurance,2023-08-01,Active
15646351,Loan,2022-10-25,Inactive
15730044,Loan,2022-04-29,Active
15795186,Insurance,2023-01-01,Active
15795186,Mutual Fund,2023-10-17,Inactive
15784890,Mutual Fund,2023-10-16,Active
15784890,Credit Card,2022-09-24,Active
15784890,Loan,2022-11-30,Active
15694125,Fixed Deposit,2023-08-02,Inactive
15565891,Loan,2023-02-15,Active
15674254,Mutual Fund,2022-10-14,Active
15674254,Fixed Deposit,2023-10-09,Active
15674254,Credit Card,2023-10-07,Active
15775206,Mutual Fund,2022-08-14,Active
15775206,Insurance,2022-06-12,Active
15797627,Loan,2023-03-15,Active
15797627,Credit Card,2023-04-14,Active
15649853,Insurance,2023-03-22,Active
15649853,Loan,2023-04-27,Inactive
15649853,Credit Card,2023-05-25,Active
15610379,Credit Card,2023-05-08,Active
15610379,Insurance,2022-01-31,Active
15610379,Mutual Fund,2022-10-20,Active
15659800,Mutual Fund,2022-02-18,Active
15716236,Fixed Deposit,2023-04-06,Active
15716236,Loan,2022-03-26,Active
15716236,Credit Card,2022-12-13,Inactive
15672053,Fixed Deposit,2023-03-22,Active
15672053,Insurance,2023-12-13,Inactive
15663933,Fixed Deposit,2023-04-06,Active
15663933,Credit Card,2022-11-27,Inactive
15814236,Credit Card,2023-07-25,Active
15814236,Mutual Fund,2022-02-12,Active
15814236,Fixed Deposit,2022-11-12,Active
15583597,Fixed Deposit,2022-07-08,Active
15583597,Loan,2023-05-30,Active
15607395,Insurance,2023-09-11,Active
15607395,Mutual Fund,2022-09-30,Active
15607395,Fixed Deposit,2022-02-01,Active
15694556,Insurance,2022-09-09,Active
15744109,Mutual Fund,2022-10-15,Inactive
15800688,Insurance,2022-09-29,Active
15800688,Credit Card,2022-07-14,Active
15800688,Mutual Fund,2022-05-22,Active
15810878,Fixed Deposit,2023-05-20,Active
15810878,Loan,2023-10-23,Active
15587835,Insurance,2023-09-02,Inactive
15587835,Loan,2023-03-10,Active
15763515,Insurance,2022-07-16,Active
15763515,Credit Card,2022-06-16,Active
15763515,Mutual Fund,2022-11-08,Active
15725882,Fixed Deposit,2023-08-24,Active
15725882,Insurance,2023-02-09,Active
15725882,Credit Card,2022-01-21,Inactive
15788022,Credit Card,2022-07-28,Active
15788022,Insurance,2023-04-22,Active
15788022,Mutual Fund,2023-05-10,Inactive
15663917,Mutual Fund,2023-03-22,Inactive
15663917,Insurance,2022-06-13,Inactive
15656865,Fixed Deposit,2022-09-12,Active
15656865,Loan,2023-07-13,Active
15656865,Insurance,2022-11-26,Active
15667971,Credit Card,2023-08-31,Active
15800366,Insurance,2023-05-31,Active
15800366,Mutual Fund,2023-05-06,Active
15800366,Fixed Deposit,2022-02-12,Active
15717231,Fixed Deposit,2022-04-06,Active
15643188,Credit Card,2023-03-02,Inactive
15643188,Fixed Deposit,2022-03-12,Active
15643188,Insurance,2022-09-10,Active
15671351,Loan,2023-08-29,Active
15573628,Mutual Fund,2022-04-02,Active
15698953,Insurance,2022-03-30,Active
15698953,Credit Card,2023-07-14,Active
15698953,Fixed Deposit,2022-10-17,Active
15753888,Fixed Deposit,2023-05-20,Active
15753888,Mutual Fund,2022-08-27,Active
15753888,Loan,2022-06-24,Inactive
15737961,Mutual Fund,2022-01-23,Inactive
15801701,Mutual Fund,2022-09-04,Active
15684419,Credit Card,2023-04-06,Active
15684419,Fixed Deposit,2022-04-17,Inactive
15684419,Mutual Fund,2022-12-03,Active
15794266,Insurance,2023-03-25,Active
15810711,Loan,2023-03-21,Inactive
15810711,Fixed Deposit,2023-09-07,Active
15810711,Insurance,2022-07-12,Active
15771270,Insurance,2022-08-30,Active
15771270,Loan,2023-11-15,Active
15607786,Fixed Deposit,2022-12-08,Active
15607786,Insurance,2022-09-22,Inactive
15607786,Credit Card,2022-05-19,Inactive
15624519,Loan,2023-12-12,Inactive
15799910,Fixed Deposit,2023-09-03,Active
15799910,Mutual Fund,2022-05-12,Active
15602479,Insurance,2023-02-06,Active
15617419,Credit Card,2022-09-26,Active
15657603,Credit Card,2023-09-04,Active
15657603,Fixed Deposit,2023-07-26,Active
15657603,Mutual Fund,2022-08-25,Active
15570379,Fixed Deposit,2022-02-17,Inactive
15772996,Insurance,2023-06-04,Active
15772996,Loan,2022-01-02,Active
15772996,Fixed Deposit,2023-09-21,Inactive
15729574,Insurance,2022-04-22,Active
15729574,Credit Card,2022-12-29,Active
15729574,Loan,2022-01-18,Active
15737267,Loan,2022-06-22,Inactive
15737267,Fixed Deposit,2022-12-20,Active
15737267,Mutual Fund,2022-08-19,Active
15799128,Credit Card,2023-04-16,Active
15799128,Loan,2022-01-26,Inactive
15813327,Insurance,2022-10-27,Active
15711921,Fixed Deposit,2023-12-18,Inactive
15711921,Credit Card,2022-06-04,Active
15711921,Loan,2023-07-31,Inactive
15654300,Mutual Fund,2022-04-11,Active
15654300,Credit Card,2023-01-29,Active
15654300,Loan,2023-07-16,Active
15569945,Loan,2022-04-29,Active
15569945,Fixed Deposit,2022-06-18,Active
15569666,Credit Card,2022-07-31,Active
15681887,Insurance,2022-03-25,Active
15681887,Fixed Deposit,2023-05-15,Active
15681887,Credit Card,2022-06-09,Active
15608873,Mutual Fund,2022-10-22,Active
15608873,Loan,2023-05-14,Active
15762091,Credit Card,2022-03-01,Active
15762091,Mutual Fund,2023-08-31,Inactive
15722053,Credit Card,2023-05-08,Active
15722053,Insurance,2023-01-21,Active
15782100,Fixed Deposit,2023-01-12,Active
15782100,Credit Card,2023-10-30,Active
15765300,Mutual Fund,2022-04-21,Active
15765300,Loan,2022-12-09,Active
15765300,Credit Card,2023-09-11,Active
15743570,Mutual Fund,2022-06-23,Inactive
15608541,Fixed Deposit,2022-03-27,Active
15750671,Insurance,2023-01-19,Active
15813659,Mutual Fund,2022-09-25,Active
15757867,Insurance,2023-04-16,Inactive
15757867,Credit Card,2022-07-29,Active
15652914,Mutual Fund,2022-05-29,Active
15723818,Credit Card,2023-02-18,Active
15713819,Fixed Deposit,2022-08-09,Inactive
15656484,Mutual Fund,2023-06-05,Active
15656484,Credit Card,2023-07-17,Active
15778515,Credit Card,2023-09-11,Active
15778515,Fixed Deposit,2022-04-08,Active
15803840,Loan,2022-05-19,Active
15803840,Credit Card,2022-08-08,Active
15803840,Fixed Deposit,2022-12-17,Active
15735339,Credit Card,2023-02-07,Inactive
15600392,Mutual Fund,2022-04-10,Inactive
15625740,Credit Card,2023-06-05,Active
15625740,Mutual Fund,2022-07-03,Active
15625740,Fixed Deposit,2023-11-16,Active
15663817,Insurance,2022-01-21,Active
15734461,Mutual Fund,2023-01-22,Active
15734461,Loan,2023-06-21,Active
15734461,Credit Card,2022-12-21,Active
15780142,Fixed Deposit,2022-05-21,Inactive
15709920,Loan,2023-07-18,Active
15709920,Credit Card,2022-11-10,Active
15684248,Credit Card,2022-06-24,Inactive
15684248,Fixed Deposit,2022-12-04,Active
15643158,Credit Card,2023-05-20,Active
15643158,Fixed Deposit,2023-04-28,Active
15693902,Insurance,2023-07-18,Active
15693902,Credit Card,2022-03-24,Active
15578307,Fixed Deposit,2022-03-27,Inactive
15585379,Mutual Fund,2022-01-04,Active
15585379,Loan,2023-01-28,Inactive
15585379,Fixed Deposit,2022-01-29,Active
15758510,Loan,2022-05-21,Active
15758510,Mutual Fund,2023-03-03,Active
15758510,Fixed Deposit,2023-08-08,Active
15692918,Loan,2022-08-25,Active
15692918,Credit Card,2023-12-13,Active
15705301,Fixed Deposit,2023-01-08,Active
15718231,Credit Card,2023-01-01,Inactive
15718231,Insurance,2022-06-28,Active
15567991,Credit Card,2023-03-23,Active
15567991,Loan,2022-06-20,Active
15567991,Fixed Deposit,2023-12-18,Active
15772650,Credit Card,2022-01-02,Active
15574795,Credit Card,2022-03-23,Active
15574795,Loan,2023-08-29,Inactive
15706036,Credit Card,2023-02-12,Active
15706036,Insurance,2023-07-17,Inactive
15706036,Mutual Fund,2023-09-24,Inactive
15723856,Credit Card,2022-06-10,Active
15723856,Mutual Fund,2022-06-09,Active
15812920,Mutual Fund,2023-04-04,Active
15812920,Loan,2023-10-23,Active
15691287,Loan,2022-01-20,Inactive
15691287,Insurance,2022-11-23,Active
15691287,Mutual Fund,2023-07-10,Active
15804797,Insurance,2022-12-04,Active
15708650,Fixed Deposit,2022-09-07,Active
15708650,Insurance,2023-11-24,Active
15708650,Credit Card,2023-04-19,Active
15712777,Fixed Deposit,2022-01-02,Inactive
15712777,Insurance,2023-01-06,Active
15712777,Credit Card,2022-12-07,Active
15786469,Loan,2022-02-03,Active
15786469,Credit Card,2022-12-27,Active
15669219,Fixed Deposit,2023-06-20,Active
15641004,Mutual Fund,2023-08-05,Active
15641004,Credit Card,2023-06-10,Active
15641004,Insurance,2022-05-27,Active
15648067,Insurance,2023-03-20,Inactive
15648067,Mutual Fund,2022-09-21,Active
15704014,Credit Card,2023-05-27,Active
15704014,Insurance,2022-12-15,Active
15704014,Loan,2022-05-11,Active
15645136,Insurance,2022-06-20,Inactive
15645136,Credit Card,2022-07-09,Active
15645136,Mutual Fund,2023-10-02,Active
15709604,Insurance,2023-12-27,Active
15709604,Mutual Fund,2023-03-30,Inactive
15709604,Loan,2023-02-23,Active
15713637,Insurance,2023-02-11,Active
15713637,Mutual Fund,2022-08-05,Active
15713637,Loan,2022-12-31,Active
15793901,Mutual Fund,2023-10-07,Active
15569759,Insurance,2023-07-21,Active
15569759,Loan,2023-06-30,Inactive
15569759,Mutual Fund,2022-01-06,Inactive
15712930,Credit Card,2022-10-25,Active
15712930,Insurance,2022-08-01,Active
15712930,Loan,2023-02-02,Active
15586504,Mutual Fund,2023-06-13,Active
15677317,Credit Card,2023-04-05,Active
15664270,Mutual Fund,2023-11-18,Active
15664270,Insurance,2023-02-19,Active
15731519,Credit Card,2022-10-31,Active
15745623,Fixed Deposit,2023-07-25,Active
15745623,Loan,2023-11-06,Active
15813862,Mutual Fund,2022-01-02,Active
15813862,Credit Card,2022-02-16,Active
15641934,Loan,2022-07-11,Inactive
15713043,Credit Card,2023-05-17,Inactive
15713043,Insurance,2022-02-24,Active
15700749,Loan,2022-03-10,Active
15700749,Insurance,2022-03-15,Active
15700749,Mutual Fund,2023-03-12,Active
15697567,Loan,2022-06-28,Inactive
15715414,Credit Card,2023-05-31,Inactive
15715414,Insurance,2023-08-06,Active
15715414,Loan,2023-12-07,Active
15639530,Insurance,2023-08-13,Active
15726058,Mutual Fund,2023-11-09,Active
15725665,Insurance,2022-09-09,Active
15698872,Loan,2022-04-22,Active
15698872,Credit Card,2023-01-22,Inactive
15812184,Loan,2023-11-17,Inactive
15812184,Mutual Fund,2022-05-24,Active
15812184,Credit Card,2022-08-15,Active
15742609,Insurance,2023-09-07,Active
15742609,Mutual Fund,2022-12-01,Active
15742609,Credit Card,2023-02-19,Active
15815043,Loan,2022-12-22,Active
15815043,Mutual Fund,2023-11-17,Active
15815043,Credit Card,2022-03-19,Active
15640648,Loan,2022-12-06,Inactive
15640648,Fixed Deposit,2022-03-31,Inactive
15640648,Mutual Fund,2023-08-27,Active
15627203,Loan,2022-09-11,Active
15627203,Credit Card,2023-11-14,Active
15786196,Credit Card,2022-10-02,Active
15786196,Insurance,2022-03-01,Active
15786196,Fixed Deposit,2022-03-04,Inactive
15612095,Fixed Deposit,2023-12-13,Inactive
15612095,Loan,2022-01-05,Active
15674368,Fixed Deposit,2023-08-09,Active
15783477,Credit Card,2022-06-25,Active
15757559,Insurance,2022-02-01,Inactive
15757559,Mutual Fund,2022-10-18,Active
15591036,Fixed Deposit,2023-10-19,Active
15591036,Insurance,2023-11-06,Active
15761241,Fixed Deposit,2022-12-19,Active
15761241,Insurance,2023-09-20,Active
15761241,Mutual Fund,2022-05-04,Active
15695078,Loan,2022-03-05,Active
15695078,Fixed Deposit,2023-09-17,Active
15645744,Loan,2023-03-26,Active
15645744,Fixed Deposit,2023-06-26,Inactive
15645744,Mutual Fund,2023-03-16,Active
15566988,Insurance,2023-03-31,Active
15566988,Credit Card,2023-07-01,Active
15566988,Mutual Fund,2023-09-16,Active
15749300,Credit Card,2023-03-16,Active
15749300,Mutual Fund,2023-10-29,Inactive
15749300,Fixed Deposit,2023-04-07,Active
15594340,Fixed Deposit,2022-01-09,Active
15594340,Mutual Fund,2022-10-21,Active
15594340,Loan,2022-08-02,Active
15607065,Insurance,2022-04-19,Active
15778089,Mutual Fund,2023-03-12,Active
15778089,Fixed Deposit,2023-06-30,Active
15773723,Mutual Fund,2022-12-30,Active
15697035,Fixed Deposit,2022-07-18,Active
15679668,Mutual Fund,2023-01-13,Active
15679668,Credit Card,2022-04-11,Active
15709861,Insurance,2022-08-07,Inactive
15709861,Fixed Deposit,2022-12-02,Active
15709861,Loan,2023-11-22,Active
15791958,Credit Card,2023-03-06,Inactive
15791958,Insurance,2022-06-01,Active
15791030,Insurance,2023-11-15,Active
15695339,Credit Card,2023-01-08,Active
15658813,Credit Card,2022-09-18,Active
15658813,Mutual Fund,2023-07-14,Active
15715709,Credit Card,2022-04-22,Active
15715709,Mutual Fund,2022-10-25,Inactive
15722533,Credit Card,2022-07-31,Active
15722533,Mutual Fund,2023-02-03,Inactive
15722533,Loan,2022-05-04,Active
15683118,Fixed Deposit,2022-01-09,Active
15683118,Insurance,2022-07-11,Active
15672798,Insurance,2023-10-20,Active
15680112,Credit Card,2023-01-10,Active
15714575,Loan,2023-02-06,Active
15714575,Fixed Deposit,2023-06-02,Active
15806808,Loan,2023-10-16,Active
15590637,Loan,2022-08-08,Active
15590637,Fixed Deposit,2022-03-16,Inactive
15590637,Mutual Fund,2023-09-18,Active
15657535,Mutual Fund,2022-08-27,Inactive
15657535,Loan,2023-04-06,Active
15696141,Fixed Deposit,2022-10-31,Active
15696141,Mutual Fund,2022-07-08,Active
15811947,Insurance,2022-09-13,Active
15649024,Insurance,2022-04-07,Inactive
15649024,Credit Card,2023-06-28,Active
15649024,Loan,2022-06-03,Active
15594928,Mutual Fund,2023-04-30,Active
15765532,Insurance,2022-07-25,Active
15765532,Fixed Deposit,2022-10-03,Active
15741719,Credit Card,2022-11-26,Active
15665629,Fixed Deposit,2022-03-10,Active
15728917,Credit Card,2022-02-25,Active
15762993,Fixed Deposit,2023-10-02,Active
15762993,Loan,2023-02-05,Active
15762993,Insurance,2023-09-06,Active
15571193,Mutual Fund,2022-08-05,Active
15571193,Fixed Deposit,2023-07-14,Active
15571193,Loan,2022-10-29,Active
15653521,Credit Card,2023-09-08,Active
15653521,Mutual Fund,2023-06-24,Active
15653521,Insurance,2023-05-10,Active
15802220,Insurance,2022-11-27,Active
15802220,Loan,2023-09-08,Active
15802220,Mutual Fund,2022-02-21,Active
15644132,Fixed Deposit,2023-04-07,Active
15644132,Insurance,2023-02-09,Active
15644132,Loan,2023-11-29,Active
15600832,Credit Card,2022-11-08,Active
15797919,Insurance,2023-01-27,Active
15603743,Mutual Fund,2023-06-29,Active
15603743,Fixed Deposit,2023-03-03,Active
15603743,Insurance,2023-02-07,Active
15579714,Insurance,2023-11-05,Active
15579714,Fixed Deposit,2023-03-04,Active
15634295,Loan,2023-11-21,Active
15634295,Fixed Deposit,2022-12-18,Active
15634295,Insurance,2022-12-26,Active
15786680,Loan,2022-05-30,Active
15623499,Credit Card,2022-10-02,Active
15623499,Loan,2023-12-09,Inactive
15691823,Mutual Fund,2022-06-19,Inactive
15691823,Loan,2022-06-30,Inactive
15691823,Fixed Deposit,2022-08-04,Active
15809279,Insurance,2022-03-22,Active
15758039,Credit Card,2023-07-01,Inactive
15807163,Credit Card,2023-07-31,Active
15807163,Mutual Fund,2023-09-08,Inactive
15807163,Insurance,2022-06-22,Active
15631639,Fixed Deposit,2022-10-09,Active
15713770,Mutual Fund,2022-04-09,Active
15698167,Insurance,2023-02-13,Active
15698167,Loan,2022-06-01,Active
15698167,Fixed Deposit,2022-07-15,Active
15781710,Fixed Deposit,2023-10-30,Inactive
15801296,Loan,2022-01-05,Active
15801296,Mutual Fund,2022-04-08,Active
15801296,Fixed Deposit,2023-05-30,Active
15704378,Loan,2022-06-09,Active
15704378,Mutual Fund,2022-07-06,Active
15704378,Fixed Deposit,2023-11-14,Active
15767891,Loan,2022-02-12,Active
15767891,Insurance,2023-02-19,Inactive
15640667,Loan,2023-12-05,Active
15640667,Fixed Deposit,2023-10-06,Active
15640667,Insurance,2023-01-13,Inactive
15702145,Fixed Deposit,2022-05-02,Active
15679738,Mutual Fund,2022-10-24,Active
15679738,Fixed Deposit,2022-10-10,Active
15636634,Loan,2022-03-10,Active
15809227,Credit Card,2023-12-29,Active
15601811,Loan,2023-06-21,Active
15625494,Loan,2023-04-01,Inactive
15723737,Fixed Deposit,2022-02-06,Inactive
15682955,Credit Card,2023-02-09,Inactive
15682955,Insurance,2023-06-05,Active
15758856,Credit Card,2023-03-10,Inactive
15746065,Fixed Deposit,2023-04-22,Inactive
15746065,Mutual Fund,2022-10-28,Active
15783865,Loan,2022-05-27,Inactive
15783865,Fixed Deposit,2022-12-05,Active
15783865,Mutual Fund,2022-12-27,Inactive
15745455,Mutual Fund,2023-10-02,Active
15583033,Loan,2022-10-18,Active
15583033,Fixed Deposit,2022-08-14,Active
15583033,Credit Card,2022-09-21,Active
15644212,Loan,2022-05-11,Active
15735688,Loan,2022-01-20,Active
15658577,Credit Card,2022-08-29,Active
15606887,Mutual Fund,2023-04-26,Active
15783026,Insurance,2022-08-17,Active
15579892,Insurance,2023-06-12,Active
15579892,Fixed Deposit,2023-09-18,Active
15802088,Insurance,2022-05-04,Active
15802088,Credit Card,2023-05-30,Active
15589323,Credit Card,2023-05-18,Inactive
15589323,Loan,2023-07-07,Active
15589323,Fixed Deposit,2022-11-11,Inactive
15636395,Loan,2022-10-05,Active
15636395,Insurance,2022-04-11,Active
15636395,Credit Card,2023-04-16,Active
15712772,Fixed Deposit,2022-02-04,Active
15712772,Insurance,2023-05-08,Inactive
15712772,Credit Card,2022-01-18,Active
15700937,Credit Card,2023-08-16,Active
15700937,Loan,2023-05-01,Active
15766659,Loan,2023-11-21,Inactive
15766659,Credit Card,2022-01-13,Active
15766659,Fixed Deposit,2022-03-14,Active
15814033,Loan,2023-10-12,Active
15814033,Credit Card,2022-05-21,Active
15783007,Insurance,2023-07-29,Active
15783007,Fixed Deposit,2022-10-23,Active
15783007,Mutual Fund,2023-05-23,Active
15654183,Insurance,2022-10-12,Active
15609899,Fixed Deposit,2022-07-13,Active
15609899,Loan,2022-07-08,Active
15747323,Loan,2023-10-19,Active
15747323,Mutual Fund,2023-08-06,Active
15747323,Insurance,2022-04-03,Active
15582591,Credit Card,2023-02-07,Active
15582591,Loan,2023-05-27,Active
15582591,Mutual Fund,2023-03-17,Active
15738835,Loan,2022-02-23,Active
15738835,Credit Card,2023-11-21,Active
15738835,Insurance,2022-08-01,Active
15782404,Credit Card,2022-08-27,Active
15697480,Fixed Deposit,2023-07-14,Inactive
15697480,Mutual Fund,2022-12-13,Active
15697045,Fixed Deposit,2023-12-19,Inactive
15697045,Loan,2023-10-25,Inactive
15697045,Credit Card,2022-02-27,Active
15781234,Fixed Deposit,2023-08-07,Active
15781234,Credit Card,2023-08-26,Active
15579891,Credit Card,2023-11-10,Active
15805690,Loan,2023-01-26,Active
15612139,Mutual Fund,2023-07-15,Active
15568834,Insurance,2023-09-15,Inactive
15709917,Insurance,2022-01-31,Active
15709917,Mutual Fund,2022-07-01,Inactive
15718843,Mutual Fund,2022-03-28,Active
15718843,Insurance,2022-06-27,Active
15799494,Insurance,2023-03-26,Active
15673439,Fixed Deposit,2022-01-14,Active
15673439,Credit Card,2022-07-19,Active
15673439,Insurance,2022-11-17,Active
15669011,Loan,2023-06-11,Inactive
15581388,Loan,2023-01-30,Inactive
15581388,Insurance,2023-10-30,Active
15743153,Loan,2022-04-23,Inactive
15743153,Insurance,2023-06-26,Active
15579787,Loan,2023-11-23,Active
15579787,Fixed Deposit,2023-07-19,Active
15759966,Fixed Deposit,2023-01-25,Active
15759966,Mutual Fund,2022-08-11,Active
15601045,Loan,2023-11-14,Active
15601045,Mutual Fund,2023-04-13,Inactive
15601045,Insurance,2022-05-28,Active
15764021,Credit Card,2023-05-13,Active
15764021,Insurance,2022-05-25,Active
15687218,Fixed Deposit,2022-02-08,Active
15626452,Insurance,2022-09-07,Active
15626452,Fixed Deposit,2022-12-20,Active
15700964,Insurance,2022-02-14,Active
15700964,Fixed Deposit,2023-11-28,Inactive
15768887,Credit Card,2022-08-07,Inactive
15768887,Fixed Deposit,2022-01-28,Active
15735358,Loan,2022-01-23,Inactive
15749472,Fixed Deposit,2022-11-25,Active
15749472,Insurance,2022-07-07,Active
15749472,Loan,2022-11-15,Active
15685872,Credit Card,2023-06-04,Active
15685872,Fixed Deposit,2022-01-29,Active
15685872,Mutual Fund,2022-11-08,Active
15760851,Fixed Deposit,2023-02-21,Active
15760851,Loan,2023-05-16,Active
15734588,Loan,2022-04-19,Active
15784594,Fixed Deposit,2023-06-01,Inactive
15784594,Mutual Fund,2023-10-06,Inactive
15606435,Credit Card,2023-07-31,Active
15606435,Mutual Fund,2022-01-27,Inactive
15606435,Insurance,2022-07-14,Inactive
15790247,Loan,2023-08-30,Active
15790247,Fixed Deposit,2022-01-26,Active
15676433,Credit Card,2023-09-05,Active
15676433,Loan,2022-03-06,Active
15676433,Insurance,2023-11-06,Active
15625905,Fixed Deposit,2022-06-19,Active
15625905,Credit Card,2023-10-28,Inactive
15625905,Loan,2023-10-22,Active
15626414,Credit Card,2023-08-14,Inactive
15626414,Fixed Deposit,2023-04-08,Inactive
15626414,Loan,2023-08-20,Inactive
15623220,Fixed Deposit,2022-04-10,Active
15623220,Mutual Fund,2022-10-28,Active
15623220,Loan,2023-07-03,Active
15752857,Credit Card,2023-05-08,Active
15677908,Mutual Fund,2022-04-15,Inactive
15677908,Fixed Deposit,2023-08-17,Inactive
15773013,Loan,2022-03-05,Active
15773013,Mutual Fund,2023-12-07,Active
15773013,Fixed Deposit,2022-04-01,Active
15623972,Loan,2022-05-13,Active
15623972,Credit Card,2022-06-04,Active
15738627,Mutual Fund,2023-09-19,Active
15738627,Insurance,2023-09-04,Inactive
15738627,Loan,2023-04-08,Active
15643392,Mutual Fund,2023-12-15,Active
15684868,Insurance,2022-09-02,Inactive
15684868,Loan,2023-02-27,Inactive
15627854,Insurance,2022-08-23,Active
15669253,Credit Card,2023-07-05,Active
15669253,Mutual Fund,2023-06-06,Active
15669253,Loan,2023-07-08,Active
15758023,Loan,2023-12-20,Active
15574558,Fixed Deposit,2023-10-23,Inactive
15635256,Insurance,2022-04-28,Active
15680399,Credit Card,2023-02-07,Active
15680399,Mutual Fund,2023-07-30,Inactive
15680399,Insurance,2023-02-24,Active
15674720,Credit Card,2022-12-20,Active
15674720,Fixed Deposit,2023-09-25,Inactive
15580249,Mutual Fund,2022-06-17,Active
15675431,Insurance,2022-03-11,Active
15698285,Loan,2022-05-31,Active
15698285,Credit Card,2022-03-22,Active
15698285,Insurance,2022-02-21,Inactive
15810775,Credit Card,2023-12-29,Active
15810775,Insurance,2023-06-15,Active
15678173,Mutual Fund,2023-10-20,Active
15665222,Credit Card,2022-12-15,Active
15665222,Loan,2022-10-18,Active
15665222,Insurance,2022-01-06,Active
15803908,Mutual Fund,2022-10-11,Active
15586039,Loan,2023-12-20,Active
15586039,Mutual Fund,2023-11-06,Active
15802570,Loan,2022-02-08,Active
15802570,Insurance,2022-10-10,Active
15781451,Insurance,2023-12-16,Active
15781451,Mutual Fund,2023-07-05,Active
15721019,Insurance,2022-12-31,Inactive
15738588,Loan,2022-06-07,Active
15738588,Fixed Deposit,2022-05-24,Active
15730657,Loan,2022-02-01,Active
15730657,Fixed Deposit,2022-01-16,Active
15739292,Insurance,2023-09-09,Active
15739292,Loan,2023-10-19,Active
15725945,Mutual Fund,2022-08-10,Inactive
15725945,Credit Card,2022-01-18,Active
15813159,Loan,2023-06-12,Active
15813159,Insurance,2023-09-18,Active
15813159,Mutual Fund,2022-11-29,Active
15636820,Loan,2023-10-25,Active
15636820,Insurance,2022-09-01,Active
15636820,Fixed Deposit,2023-04-27,Active
15603880,Insurance,2023-04-29,Active
15619494,Credit Card,2023-09-23,Active
15619494,Insurance,2023-09-19,Active
15619494,Loan,2022-05-04,Active
15596992,Fixed Deposit,2022-08-14,Active
15735025,Mutual Fund,2022-12-29,Active
15735025,Insurance,2022-02-27,Active
15730759,Credit Card,2022-08-04,Active
15752912,Fixed Deposit,2023-12-06,Active
15752912,Loan,2022-03-11,Active
15752912,Insurance,2022-12-18,Active
15711316,Loan,2023-03-13,Active
15711316,Mutual Fund,2023-03-10,Active
15738785,Credit Card,2023-01-03,Active
15738785,Loan,2023-06-06,Active
15777896,Fixed Deposit,2022-05-02,Active
15777896,Loan,2022-07-26,Inactive
15628963,Fixed Deposit,2022-10-10,Active
15742126,Fixed Deposit,2023-09-27,Inactive
15742126,Loan,2022-06-12,Inactive
15575623,Loan,2022-07-16,Active
15575623,Insurance,2022-11-14,Active
15741652,Credit Card,2022-05-06,Active
15741652,Mutual Fund,2023-07-29,Active
15738884,Loan,2022-10-10,Active
15738884,Mutual Fund,2022-02-20,Active
15615050,Fixed Deposit,2022-03-11,Active
15615050,Mutual Fund,2023-02-09,Active
15803005,Fixed Deposit,2022-09-06,Active
15803005,Mutual Fund,2023-01-27,Active
15803005,Loan,2022-11-03,Active
15743498,Fixed Deposit,2023-12-31,Active
15743498,Credit Card,2022-12-09,Active
15720463,Credit Card,2023-04-08,Active
15720463,Loan,2023-10-08,Inactive
15720463,Mutual Fund,2023-04-03,Active
15588695,Loan,2022-10-02,Active
15588695,Fixed Deposit,2022-11-18,Active
15665802,Mutual Fund,2023-10-12,Inactive
15665802,Loan,2023-08-14,Active
15571144,Fixed Deposit,2022-03-18,Active
15750731,Credit Card,2022-02-07,Active
15750731,Loan,2022-09-04,Active
15750731,Insurance,2022-04-11,Active
15605134,Fixed Deposit,2022-11-20,Active
15626044,Fixed Deposit,2023-05-22,Active
15737910,Loan,2022-01-19,Active
15761076,Insurance,2022-12-15,Active
15761076,Credit Card,2023-02-27,Active
15761076,Loan,2022-07-23,Active
15710105,Loan,2022-09-05,Active
15710105,Insurance,2023-09-29,Active
15577402,Insurance,2022-05-02,Active
15803337,Loan,2023-12-14,Active
15803337,Insurance,2022-12-29,Active
15654372,Fixed Deposit,2023-04-23,Active
15585867,Credit Card,2022-11-22,Inactive
15585867,Insurance,2023-08-01,Inactive
15662488,Loan,2023-05-12,Active
15662488,Fixed Deposit,2023-02-14,Active
15604813,Credit Card,2023-01-13,Active
15604813,Insurance,2022-11-30,Active
15604813,Mutual Fund,2022-04-30,Active
15611644,Mutual Fund,2022-01-14,Active
15674928,Credit Card,2023-06-29,Active
15674928,Loan,2022-04-07,Active
15656100,Credit Card,2023-05-17,Active
15656100,Insurance,2023-03-06,Inactive
15656100,Mutual Fund,2023-12-18,Active
15764293,Loan,2023-05-04,Active
15636423,Credit Card,2023-10-14,Active
15636423,Insurance,2023-11-26,Active
15607629,Fixed Deposit,2022-07-08,Active
15607629,Mutual Fund,2022-10-22,Active
15577313,Mutual Fund,2022-05-18,Active
15714493,Credit Card,2022-09-02,Active
15643359,Mutual Fund,2022-11-06,Active
15643359,Loan,2022-07-10,Active
15643359,Credit Card,2022-09-29,Active
15687913,Loan,2023-02-09,Active
15687913,Credit Card,2023-08-23,Active
15790935,Fixed Deposit,2023-02-07,Inactive
15708693,Fixed Deposit,2022-07-12,Active
15672016,Fixed Deposit,2022-02-05,Active
15672016,Loan,2022-12-21,Active
15727605,Fixed Deposit,2023-12-02,Active
15727605,Credit Card,2023-09-14,Active
15727605,Insurance,2023-01-06,Inactive
15651144,Insurance,2022-03-08,Active
15651144,Mutual Fund,2023-07-16,Active
15651144,Loan,2022-04-01,Active
15749401,Mutual Fund,2023-01-07,Inactive
15749401,Loan,2023-05-02,Active
15691874,Mutual Fund,2022-12-23,Active
15691874,Fixed Deposit,2022-06-20,Inactive
15620735,Insurance,2022-04-30,Active
15620735,Credit Card,2022-12-13,Active
15620735,Fixed Deposit,2022-07-26,Active
15769781,Fixed Deposit,2023-03-20,Active
15624611,Insurance,2023-02-03,Active
15624611,Credit Card,2022-06-15,Active
15773071,Insurance,2023-09-18,Active
15720371,Fixed Deposit,2022-12-12,Active
15720371,Insurance,2022-07-24,Active
15720371,Mutual Fund,2022-10-20,Inactive
15717984,Mutual Fund,2023-12-18,Active
15717984,Fixed Deposit,2022-09-30,Active
15806407,Loan,2023-03-27,Active
15785042,Credit Card,2022-10-07,Active
15809302,Insurance,2022-01-26,Active
15809302,Loan,2023-09-11,Active
15809302,Mutual Fund,2022-04-07,Active
15677550,Loan,2022-08-30,Inactive
15677550,Fixed Deposit,2023-05-09,Active
15654096,Fixed Deposit,2022-07-19,Active
15654096,Insurance,2023-03-19,Inactive
15654096,Loan,2023-06-03,Active
15617320,Loan,2022-11-14,Inactive
15617320,Insurance,2022-05-27,Active
15617320,Mutual Fund,2023-01-24,Inactive
15653065,Mutual Fund,2022-04-14,Active
15653065,Credit Card,2023-11-06,Active
15653065,Loan,2023-05-27,Active
15649112,Credit Card,2023-05-19,Active
15649112,Mutual Fund,2023-10-08,Active
15649112,Loan,2023-06-22,Active
15690526,Mutual Fund,2022-12-25,Active
15690526,Credit Card,2022-01-15,Inactive
15806945,Loan,2023-12-30,Active
15670066,Fixed Deposit,2022-03-13,Inactive
15670066,Loan,2023-07-10,Active
15670066,Mutual Fund,2022-12-14,Active
15625761,Mutual Fund,2022-08-09,Active
15625761,Fixed Deposit,2023-03-30,Inactive
15625761,Insurance,2022-05-19,Active
15761525,Mutual Fund,2023-01-01,Active
15761525,Insurance,2023-05-17,Active
15761525,Credit Card,2023-10-03,Active
15735080,Fixed Deposit,2022-08-22,Inactive
15619537,Fixed Deposit,2022-03-28,Inactive
15619537,Loan,2023-07-18,Active
15598162,Credit Card,2022-03-29,Active
15598162,Loan,2023-05-03,Active
15694300,Credit Card,2023-05-06,Active
15694300,Insurance,2022-08-27,Active
15637235,Insurance,2022-01-16,Active
15637235,Mutual Fund,2022-08-30,Inactive
15612444,Fixed Deposit,2022-09-29,Active
15612444,Insurance,2023-06-10,Active
15626457,Fixed Deposit,2023-04-08,Active
15626457,Insurance,2022-06-10,Active
15627995,Insurance,2023-01-22,Active
15627995,Loan,2023-09-16,Active
15706128,Mutual Fund,2023-04-21,Active
15666430,Fixed Deposit,2023-12-17,Active
15627385,Mutual Fund,2022-11-08,Active
15627385,Loan,2023-01-19,Active
15581323,Credit Card,2023-10-14,Active
15581323,Mutual Fund,2022-07-21,Active
15608109,Fixed Deposit,2022-08-20,Active
15608109,Credit Card,2023-11-25,Active
15608109,Loan,2023-11-16,Active
15801942,Loan,2022-08-08,Inactive
15801942,Fixed Deposit,2023-11-12,Active
15801942,Mutual Fund,2022-03-25,Active
15567431,Mutual Fund,2022-11-13,Active
15567431,Insurance,2023-06-04,Active
15567431,Credit Card,2023-08-31,Active
15810167,Mutual Fund,2022-07-30,Active
15810167,Insurance,2022-07-07,Inactive
15810167,Loan,2022-05-31,Inactive
15644501,Mutual Fund,2023-01-09,Active
15785290,Insurance,2022-11-07,Active
15785290,Credit Card,2023-04-06,Active
15785290,Loan,2023-02-23,Inactive
15611157,Loan,2023-03-30,Active
15611157,Mutual Fund,2023-03-30,Inactive
15673837,Insurance,2022-08-08,Active
15673837,Loan,2022-03-23,Active
15656822,Loan,2022-03-04,Active
15656822,Fixed Deposit,2023-03-11,Active
15656822,Credit Card,2023-01-10,Active
15580560,Mutual Fund,2022-11-19,Active
15760641,Fixed Deposit,2023-08-29,Active
15760641,Mutual Fund,2023-01-01,Active
15760641,Credit Card,2023-11-10,Active
15587584,Fixed Deposit,2023-01-04,Active
15587584,Credit Card,2022-08-14,Active
15604146,Mutual Fund,2023-08-31,Active
15604146,Fixed Deposit,2023-04-04,Active
15813974,Loan,2023-01-21,Active
15813974,Mutual Fund,2023-05-19,Active
15813974,Fixed Deposit,2022-08-29,Inactive
15746986,Loan,2023-02-05,Active
15746986,Fixed Deposit,2022-12-25,Active
15746986,Insurance,2023-04-10,Inactive
15759741,Credit Card,2022-05-17,Inactive
15759741,Fixed Deposit,2023-02-01,Inactive
15759741,Mutual Fund,2022-05-02,Active
15734892,Credit Card,2022-11-03,Active
15797194,Fixed Deposit,2022-12-16,Inactive
15723786,Loan,2023-05-29,Active
15723786,Fixed Deposit,2023-03-26,Active
15723786,Mutual Fund,2023-04-09,Active
15642726,Fixed Deposit,2023-07-22,Active
15642726,Credit Card,2023-10-07,Active
15664339,Loan,2022-01-16,Inactive
15664339,Mutual Fund,2023-11-21,Active
15664339,Insurance,2022-05-01,Inactive
15754526,Credit Card,2022-12-01,Active
15754526,Fixed Deposit,2022-11-28,Active
15754526,Mutual Fund,2022-06-20,Active
15703037,Fixed Deposit,2022-05-01,Inactive
15751412,Insurance,2023-07-06,Active
15609558,Fixed Deposit,2023-10-03,Inactive
15609558,Loan,2022-12-06,Active
15572408,Insurance,2022-10-24,Active
15572408,Fixed Deposit,2022-04-27,Inactive
15572408,Mutual Fund,2022-09-15,Active
15613923,Insurance,2023-01-27,Inactive
15613923,Fixed Deposit,2022-05-06,Active
15747000,Mutual Fund,2023-05-14,Inactive
15731781,Mutual Fund,2023-04-12,Active
15731781,Loan,2023-07-12,Inactive
15731781,Credit Card,2023-02-18,Active
15727198,Mutual Fund,2022-04-17,Active
15794273,Fixed Deposit,2022-11-30,Active
15794273,Mutual Fund,2023-03-20,Active
15804950,Fixed Deposit,2022-05-22,Active
15804950,Credit Card,2023-09-18,Active
15576304,Credit Card,2022-01-09,Active
15576304,Insurance,2023-05-03,Active
15576304,Fixed Deposit,2023-04-12,Active
15645200,Mutual Fund,2022-12-12,Active
15645200,Credit Card,2022-12-17,Inactive
15779627,Loan,2023-06-01,Active
15779627,Insurance,2022-08-27,Active
15779627,Credit Card,2023-09-27,Active
15750755,Insurance,2022-08-07,Active
15750755,Loan,2022-04-07,Active
15750755,Mutual Fund,2023-09-21,Inactive
15569654,Credit Card,2022-09-19,Active
15569654,Loan,2023-02-09,Active
15753079,Credit Card,2022-08-09,Inactive
15753079,Loan,2023-11-03,Active
15753079,Mutual Fund,2022-06-28,Active
15684995,Fixed Deposit,2023-01-11,Active
15790763,Fixed Deposit,2022-12-28,Active
15790763,Loan,2023-02-27,Active
15790763,Mutual Fund,2022-05-14,Active
15766458,Mutual Fund,2022-09-08,Active
15766458,Fixed Deposit,2023-10-24,Active
15766458,Insurance,2022-03-14,Inactive
15616221,Fixed Deposit,2022-06-19,Active
15616221,Mutual Fund,2022-06-01,Inactive
15616221,Credit Card,2022-07-08,Active
15776124,Fixed Deposit,2022-01-08,Active
15665811,Mutual Fund,2023-10-21,Active
15665811,Fixed Deposit,2022-06-14,Active
15665811,Credit Card,2022-05-17,Active
15729804,Insurance,2022-07-18,Active
15714062,Mutual Fund,2022-12-22,Active
15714062,Fixed Deposit,2022-02-24,Active
15592197,Credit Card,2022-04-14,Active
15592197,Mutual Fund,2023-01-24,Active
15793116,Insurance,2022-01-31,Active
15638231,Credit Card,2023-04-21,Active
15638231,Mutual Fund,2022-02-06,Inactive
15697678,Fixed Deposit,2023-10-20,Inactive
15800412,Mutual Fund,2022-09-13,Active
15597610,Loan,2023-10-26,Active
15726634,Loan,2022-09-02,Active
15726634,Mutual Fund,2022-12-22,Active
15726634,Insurance,2023-04-13,Inactive
15670866,Mutual Fund,2023-02-17,Active
15670866,Fixed Deposit,2022-06-21,Active
15667462,Mutual Fund,2022-03-31,Active
15667462,Loan,2022-01-29,Active
15662574,Insurance,2023-12-23,Active
15662574,Loan,2023-04-08,Active
15716926,Insurance,2023-08-17,Active
15603554,Mutual Fund,2022-03-29,Active
15716800,Loan,2022-08-07,Active
15716800,Insurance,2022-05-21,Active
15679429,Fixed Deposit,2023-07-22,Active
15679429,Credit Card,2023-11-30,Active
15616122,Fixed Deposit,2023-07-21,Inactive
15616122,Insurance,2023-02-02,Active
15742172,Credit Card,2022-01-21,Active
15742172,Mutual Fund,2022-07-18,Active
15742172,Insurance,2022-06-28,Active
15792305,Fixed Deposit,2023-09-13,Active
15792305,Loan,2022-12-12,Active
15792305,Insurance,2023-06-12,Active
15636016,Insurance,2022-10-26,Active
15636016,Loan,2022-06-11,Active
15733138,Insurance,2022-08-01,Active
15733138,Loan,2023-06-18,Active
15733138,Mutual Fund,2023-03-11,Active
15669741,Loan,2023-02-04,Active
15669741,Mutual Fund,2022-02-26,Active
15669741,Insurance,2023-08-11,Active
15616954,Insurance,2022-11-21,Inactive
15616954,Credit Card,2023-05-08,Active
15729238,Fixed Deposit,2022-06-12,Active
15718242,Credit Card,2023-09-03,Inactive
15682914,Credit Card,2023-11-17,Active
15682914,Fixed Deposit,2023-10-28,Active
15682914,Mutual Fund,2023-04-20,Active
15654274,Loan,2022-10-29,Inactive
15691457,Mutual Fund,2022-05-01,Inactive
15719649,Credit Card,2023-04-09,Inactive
15719649,Mutual Fund,2023-01-09,Active
15778897,Loan,2022-04-17,Active
15778897,Insurance,2023-06-05,Active
15778897,Credit Card,2023-01-07,Active
15589437,Loan,2022-11-01,Active
15682369,Insurance,2022-10-12,Active
15682369,Credit Card,2023-08-05,Inactive
15626507,Mutual Fund,2023-07-18,Active
15571995,Mutual Fund,2023-03-27,Active
15571995,Fixed Deposit,2022-01-20,Active
15673333,Mutual Fund,2023-03-11,Inactive
15673333,Loan,2023-08-04,Inactive
15748752,Fixed Deposit,2022-08-11,Active
15725302,Loan,2023-09-30,Inactive
15725302,Mutual Fund,2022-08-25,Active
15722083,Credit Card,2023-05-05,Active
15722083,Loan,2023-10-29,Inactive
15771442,Insurance,2022-01-23,Active
15803633,Credit Card,2022-12-07,Inactive
15803633,Fixed Deposit,2023-12-16,Active
15803633,Mutual Fund,2023-06-15,Inactive
15672185,Mutual Fund,2023-12-05,Active
15672185,Fixed Deposit,2023-09-28,Active
15806486,Credit Card,2023-09-19,Active
15806486,Fixed Deposit,2023-07-08,Active
15806486,Loan,2022-07-09,Active
15570895,Loan,2022-11-28,Active
15570895,Fixed Deposit,2023-01-16,Inactive
15570895,Insurance,2022-08-18,Inactive
15614520,Loan,2022-09-17,Active
15687492,Insurance,2022-02-25,Inactive
15687492,Mutual Fund,2023-02-02,Active
15687492,Loan,2022-07-12,Active
15675337,Insurance,2022-03-13,Active
15721047,Loan,2023-01-17,Inactive
15589017,Insurance,2023-02-07,Active
15611186,Loan,2023-04-25,Active
15611186,Fixed Deposit,2022-07-24,Active
15617301,Mutual Fund,2023-05-10,Active
15617301,Credit Card,2022-11-02,Active
15617301,Fixed Deposit,2023-07-08,Active
15726046,Credit Card,2022-05-06,Inactive
15726046,Fixed Deposit,2023-03-25,Active
15585748,Credit Card,2023-11-07,Active
15585748,Mutual Fund,2023-01-29,Active
15585748,Fixed Deposit,2023-03-22,Active
15672826,Insurance,2022-05-19,Active
15672826,Credit Card,2023-04-17,Inactive
15672826,Loan,2023-06-06,Active
15595162,Loan,2022-01-05,Active
15595162,Mutual Fund,2023-05-03,Active
15595162,Credit Card,2022-06-16,Active
15650026,Credit Card,2022-02-27,Active
15745826,Credit Card,2022-10-19,Active
15708610,Mutual Fund,2022-05-22,Inactive
15708610,Credit Card,2023-12-31,Active
15708610,Loan,2022-02-13,Active
15624471,Insurance,2023-09-28,Active
15624471,Fixed Deposit,2023-12-17,Active
15590097,Insurance,2023-05-26,Active
15590097,Mutual Fund,2022-04-15,Active
15590097,Loan,2022-10-28,Active
15689328,Fixed Deposit,2023-06-04,Active
15582154,Credit Card,2023-09-25,Inactive
15734626,Credit Card,2022-02-15,Active
15702806,Credit Card,2022-05-07,Inactive
15702806,Insurance,2022-01-28,Active
15702806,Fixed Deposit,2022-06-04,Active
15620756,Loan,2023-08-25,Active
15611331,Loan,2023-04-22,Inactive
15611331,Mutual Fund,2022-10-16,Active
15611331,Fixed Deposit,2022-08-03,Inactive
15576935,Insurance,2022-06-12,Active
15661275,Fixed Deposit,2023-10-22,Active
15661275,Credit Card,2022-02-03,Active
15661275,Mutual Fund,2022-03-09,Inactive
15814940,Loan,2022-08-26,Active
15814940,Credit Card,2022-05-10,Active
15814940,Fixed Deposit,2022-09-03,Active
15768471,Credit Card,2023-09-26,Active
15768471,Fixed Deposit,2022-01-17,Active
15697391,Insurance,2023-09-20,Active
15697391,Loan,2022-12-12,Active
15697391,Mutual Fund,2022-07-14,Active
15793346,Loan,2022-09-20,Active
15793346,Insurance,2023-06-26,Active
15608338,Loan,2022-02-28,Active
15578546,Credit Card,2022-02-14,Active
15578546,Insurance,2022-12-20,Active
15578546,Loan,2022-01-23,Active
15656921,Fixed Deposit,2022-06-27,Active
15761340,Mutual Fund,2022-05-14,Inactive
15591135,Fixed Deposit,2023-04-09,Active
15591135,Credit Card,2022-04-16,Inactive
15623219,Insurance,2022-02-18,Active
15623219,Loan,2022-10-14,Active
15655229,Credit Card,2022-01-29,Active
15805884,Insurance,2023-04-29,Active
15805884,Loan,2023-07-10,Active
15668289,Loan,2022-11-20,Active
15668289,Credit Card,2023-08-24,Active
15568562,Mutual Fund,2022-10-29,Inactive
15568562,Fixed Deposit,2023-08-24,Active
15568562,Loan,2022-10-19,Active
15773276,Loan,2023-12-17,Inactive
15773276,Mutual Fund,2022-11-29,Active
15773276,Credit Card,2023-06-27,Inactive
15622801,Fixed Deposit,2022-01-01,Active
15622801,Mutual Fund,2023-02-19,Active
15622801,Credit Card,2023-01-09,Active
15779886,Loan,2022-03-29,Active
15779886,Insurance,2023-06-29,Active
15779886,Mutual Fund,2022-06-03,Active
15713673,Loan,2022-10-20,Inactive
15713673,Insurance,2023-07-08,Active
15713673,Credit Card,2023-12-28,Active
15783083,Mutual Fund,2023-06-23,Active
15742824,Fixed Deposit,2023-05-01,Inactive
15621550,Fixed Deposit,2022-09-02,Active
15621550,Insurance,2023-11-28,Active
15621550,Loan,2023-05-08,Active
15799480,Mutual Fund,2022-08-29,Active
15799480,Loan,2023-07-02,Active
15799480,Credit Card,2023-02-17,Active
15625247,Credit Card,2023-07-02,Active
15625247,Mutual Fund,2023-09-08,Active
15625247,Loan,2023-01-15,Active
15755241,Loan,2023-08-29,Active
15575679,Credit Card,2022-01-18,Active
15575679,Loan,2023-05-17,Active
15668235,Loan,2023-08-03,Active
15668235,Insurance,2023-12-16,Active
15683183,Loan,2023-05-28,Inactive
15683183,Mutual Fund,2023-07-24,Active
15683183,Fixed Deposit,2023-11-20,Active
15684592,Insurance,2022-03-24,Active
15684592,Loan,2022-07-11,Active
15591169,Insurance,2022-11-07,Active
15591169,Fixed Deposit,2022-10-28,Inactive
15653455,Mutual Fund,2022-06-23,Active
15653455,Insurance,2023-04-30,Inactive
15653455,Credit Card,2022-06-02,Inactive
15732563,Mutual Fund,2022-09-27,Active
15732563,Loan,2023-06-23,Active
15656471,Credit Card,2022-08-20,Active
15656471,Loan,2022-07-06,Active
15656471,Mutual Fund,2023-04-14,Active
15598510,Mutual Fund,2023-04-26,Inactive
15598510,Fixed Deposit,2022-09-26,Active
15598510,Credit Card,2023-12-15,Active
15766427,Insurance,2023-06-14,Active
15766427,Mutual Fund,2022-12-25,Active
15785342,Insurance,2023-07-07,Active
15785342,Fixed Deposit,2022-11-12,Active
15785342,Credit Card,2023-12-12,Inactive
15641595,Credit Card,2023-01-08,Inactive
15798429,Credit Card,2023-05-22,Active
15798429,Mutual Fund,2023-07-01,Active
15648136,Insurance,2023-03-14,Active
15648136,Mutual Fund,2022-01-31,Active
15648136,Loan,2023-10-28,Active
15812482,Loan,2022-05-28,Active
15790810,Fixed Deposit,2023-07-19,Active
15790810,Mutual Fund,2023-09-01,Active
15687421,Loan,2022-04-11,Active
15687421,Insurance,2023-05-26,Active
15765643,Insurance,2022-05-03,Active
15765643,Mutual Fund,2023-07-20,Active
15765643,Fixed Deposit,2022-08-29,Active
15654878,Loan,2022-10-17,Active
15654878,Mutual Fund,2022-11-26,Active
15686835,Credit Card,2022-05-07,Active
15768340,Fixed Deposit,2022-11-03,Active
15768340,Mutual Fund,2023-03-13,Active
15673599,Fixed Deposit,2023-12-03,Active
15673599,Mutual Fund,2023-10-23,Active
15673599,Credit Card,2023-07-26,Active
15689096,Mutual Fund,2023-11-05,Inactive
15689096,Loan,2022-01-03,Active
15689096,Insurance,2022-11-27,Active
15684294,Mutual Fund,2023-04-04,Active
15615828,Mutual Fund,2023-02-22,Active
15615828,Fixed Deposit,2023-08-27,Active
15746012,Fixed Deposit,2023-05-03,Active
15615797,Mutual Fund,2022-03-20,Active
15788494,Loan,2023-10-17,Inactive
15788494,Credit Card,2023-02-27,Active
15788494,Insurance,2022-07-23,Active
15793856,Insurance,2023-01-18,Inactive
15793856,Fixed Deposit,2022-11-19,Inactive
15793856,Credit Card,2022-03-05,Active
15629545,Mutual Fund,2023-06-27,Active
15629545,Credit Card,2022-12-11,Active
15661198,Fixed Deposit,2022-10-31,Active
15661198,Credit Card,2022-05-19,Active
15661198,Loan,2023-05-30,Active
15715117,Credit Card,2022-01-02,Inactive
15701074,Loan,2022-11-20,Active
15793046,Loan,2023-02-25,Active
15623744,Mutual Fund,2022-12-15,Active
15611329,Insurance,2023-12-09,Active
15740428,Credit Card,2022-04-02,Active
15740428,Loan,2023-08-16,Active
15740428,Mutual Fund,2023-02-28,Active
15781534,Loan,2023-11-21,Active
15618243,Mutual Fund,2022-11-17,Active
15618243,Credit Card,2023-03-14,Inactive
15618243,Fixed Deposit,2022-01-13,Active
15784161,Insurance,2023-01-17,Active
15784161,Mutual Fund,2023-07-01,Active
15700325,Fixed Deposit,2022-04-24,Active
15700325,Mutual Fund,2022-05-17,Active
15659064,Loan,2023-04-17,Inactive
15659064,Insurance,2022-11-26,Active
15659064,Credit Card,2022-03-11,Active
15658364,Loan,2023-03-29,Inactive
15658364,Fixed Deposit,2023-11-19,Inactive
15704340,Credit Card,2022-12-29,Active
15793455,Insurance,2023-08-10,Active
15579777,Fixed Deposit,2023-05-17,Active
15632345,Insurance,2022-03-23,Active
15814468,Fixed Deposit,2022-05-08,Inactive
15754820,Loan,2022-04-08,Active
15754820,Fixed Deposit,2022-10-29,Inactive
15754820,Insurance,2023-07-22,Active
15707505,Loan,2023-11-23,Inactive
15707505,Insurance,2022-10-07,Active
15699507,Credit Card,2022-11-19,Active
15699507,Fixed Deposit,2023-08-03,Inactive
15799600,Mutual Fund,2022-07-07,Active
15799600,Loan,2023-02-15,Active
15794472,Loan,2022-02-20,Active
15646632,Fixed Deposit,2022-09-03,Active
15676353,Loan,2022-07-14,Active
15676353,Fixed Deposit,2022-01-07,Active
15676353,Insurance,2022-01-22,Inactive
15566312,Credit Card,2022-04-27,Active
15570414,Fixed Deposit,2022-10-21,Inactive
15570414,Mutual Fund,2022-12-14,Active
15776743,Loan,2022-09-09,Active
15776743,Credit Card,2022-04-20,Active
15776743,Insurance,2023-07-29,Active
15674637,Loan,2023-09-24,Active
15674637,Credit Card,2023-02-27,Inactive
15730418,Fixed Deposit,2023-12-23,Active
15730418,Loan,2023-12-10,Active
15730418,Mutual Fund,2022-01-17,Active
15739972,Loan,2022-12-20,Active
15739972,Mutual Fund,2022-01-22,Active
15739972,Credit Card,2023-08-17,Active
15661591,Credit Card,2023-05-29,Active
15661591,Insurance,2022-06-08,Inactive
15675585,Mutual Fund,2023-08-30,Active
15814750,Insurance,2022-10-04,Active
15814750,Fixed Deposit,2022-10-14,Active
15593454,Fixed Deposit,2022-02-17,Inactive
15593454,Loan,2023-06-03,Active
15593454,Insurance,2022-12-10,Inactive
15663421,Insurance,2022-01-20,Active
15576196,Mutual Fund,2023-06-08,Active
15576196,Insurance,2023-07-07,Inactive
15576196,Fixed Deposit,2022-06-21,Active
15677324,Insurance,2022-08-16,Active
15677324,Mutual Fund,2023-10-05,Active
15568742,Loan,2022-02-12,Active
15568742,Mutual Fund,2022-11-18,Active
15693764,Mutual Fund,2022-07-10,Active
15693764,Credit Card,2022-09-18,Active
15693764,Loan,2023-10-25,Inactive
15714260,Mutual Fund,2022-05-09,Active
15714260,Fixed Deposit,2023-08-26,Active
15798200,Mutual Fund,2022-03-01,Active
15798200,Credit Card,2023-06-08,Active
15798200,Fixed Deposit,2023-03-06,Inactive
15656627,Credit Card,2022-12-30,Active
15656627,Fixed Deposit,2023-04-15,Inactive
15656627,Loan,2022-05-15,Active
15791111,Insurance,2022-05-14,Inactive
15791111,Credit Card,2023-10-28,Active
15791111,Loan,2023-03-13,Active
15638269,Loan,2023-02-22,Active
15638269,Fixed Deposit,2022-10-19,Active
15807473,Loan,2023-05-06,Active
15807473,Fixed Deposit,2022-11-01,Active
15807473,Credit Card,2022-02-21,Active
15708534,Fixed Deposit,2023-04-26,Active
15708534,Loan,2022-03-26,Active
15708534,Mutual Fund,2022-05-25,Active
15640686,Mutual Fund,2023-11-09,Active
15588904,Credit Card,2023-01-27,Inactive
15588904,Fixed Deposit,2023-11-24,Inactive
15768763,Insurance,2022-12-26,Active
15768763,Credit Card,2022-04-22,Active
15770543,Fixed Deposit,2022-07-23,Active
15642162,Fixed Deposit,2022-12-15,Inactive
15642162,Mutual Fund,2022-01-08,Active
15642162,Loan,2023-04-30,Active
15714046,Fixed Deposit,2023-12-30,Active
15575060,Fixed Deposit,2023-05-10,Active
15575060,Loan,2023-03-31,Active
15812040,Fixed Deposit,2022-05-15,Active
15812073,Insurance,2023-08-27,Active
15812073,Credit Card,2022-09-13,Active
15706810,Loan,2022-12-31,Active
15706810,Mutual Fund,2023-07-30,Active
15584090,Loan,2022-03-17,Active
15584090,Mutual Fund,2023-03-26,Inactive
15810807,Credit Card,2022-06-13,Active
15582033,Insurance,2022-03-04,Active
15582033,Mutual Fund,2023-11-08,Active
15687607,Insurance,2022-10-31,Inactive
15687607,Loan,2023-02-01,Inactive
15588406,Mutual Fund,2022-12-03,Active
15784099,Insurance,2022-02-20,Active
15784099,Fixed Deposit,2022-09-15,Active
15784099,Mutual Fund,2023-12-15,Active
15701352,Loan,2023-07-31,Inactive
15701352,Credit Card,2022-07-16,Active
15701352,Fixed Deposit,2022-10-15,Active
15789371,Fixed Deposit,2022-11-18,Active
15789371,Mutual Fund,2022-02-17,Active
15602845,Credit Card,2022-03-10,Active
15602845,Loan,2022-05-31,Inactive
15707918,Credit Card,2022-06-13,Active
15602812,Credit Card,2022-05-27,Active
15675888,Credit Card,2022-06-24,Active
15591822,Mutual Fund,2022-06-23,Active
15738501,Loan,2023-02-20,Active
15738501,Mutual Fund,2022-12-24,Active
15738501,Insurance,2022-05-05,Active
15585907,Loan,2023-06-25,Active
15585907,Mutual Fund,2022-03-13,Active
15585907,Credit Card,2023-10-28,Active
15579040,Credit Card,2023-04-12,Active
15579040,Loan,2022-09-05,Inactive
15579040,Fixed Deposit,2022-11-06,Active
15804211,Fixed Deposit,2023-07-05,Active
15804211,Mutual Fund,2023-10-06,Active
15736126,Insurance,2022-10-30,Inactive
15745399,Loan,2022-05-15,Active
15745399,Insurance,2023-10-21,Active
15760749,Fixed Deposit,2023-10-10,Active
15760749,Mutual Fund,2023-08-26,Inactive
15760749,Loan,2023-04-04,Inactive
15637118,Mutual Fund,2023-04-02,Active
15657829,Mutual Fund,2023-07-01,Active
15657829,Credit Card,2023-04-26,Active
15657829,Fixed Deposit,2023-07-11,Inactive
15738497,Fixed Deposit,2022-08-04,Active
15738497,Credit Card,2022-08-29,Active
15738497,Mutual Fund,2022-06-22,Active
15690695,Insurance,2022-06-07,Active
15690695,Loan,2023-04-07,Active
15690695,Credit Card,2022-12-21,Active
15762351,Insurance,2023-11-06,Active
15791172,Credit Card,2022-11-15,Active
15598982,Loan,2023-03-07,Inactive
15598982,Mutual Fund,2022-12-16,Inactive
15734765,Credit Card,2023-08-19,Active
15642912,Loan,2023-01-16,Active
15769516,Loan,2022-10-13,Active
15789379,Insurance,2023-08-28,Active
15789379,Credit Card,2022-03-13,Active
15789379,Mutual Fund,2022-07-06,Active
15695103,Insurance,2022-11-05,Active
15801924,Credit Card,2022-06-23,Inactive
15801924,Mutual Fund,2022-11-11,Inactive
15767804,Fixed Deposit,2023-08-19,Inactive
15718039,Credit Card,2022-08-30,Inactive
15718039,Insurance,2023-09-09,Active
15718039,Mutual Fund,2023-07-26,Active
15579994,Fixed Deposit,2023-08-04,Active
15595037,Credit Card,2023-11-02,Active
15595037,Loan,2023-07-01,Active
15600720,Insurance,2022-11-26,Active
15600720,Fixed Deposit,2023-10-31,Active
15600720,Mutual Fund,2023-11-19,Active
15782608,Fixed Deposit,2023-05-05,Inactive
15782608,Credit Card,2023-01-30,Active
15782608,Insurance,2022-12-20,Active
15566894,Mutual Fund,2022-08-03,Active
15749123,Credit Card,2023-11-26,Active
15749123,Mutual Fund,2023-06-11,Active
15749123,Fixed Deposit,2022-11-11,Active
15668943,Loan,2023-04-12,Active
15668943,Fixed Deposit,2022-04-13,Active
15577423,Mutual Fund,2022-11-15,Active
15577423,Credit Card,2023-10-10,Active
15577423,Insurance,2022-04-03,Inactive
15623102,Loan,2023-01-18,Active
15623102,Mutual Fund,2023-07-31,Inactive
15623102,Insurance,2023-07-04,Active
15728012,Fixed Deposit,2023-06-02,Inactive
15683363,Mutual Fund,2023-05-10,Active
15683363,Insurance,2022-09-25,Active
15699335,Insurance,2023-01-19,Inactive
15574369,Mutual Fund,2022-11-24,Active
15574369,Fixed Deposit,2022-05-08,Active
15574369,Credit Card,2022-02-26,Active
15703167,Fixed Deposit,2023-06-16,Active
15703167,Mutual Fund,2022-11-21,Active
15754874,Insurance,2023-06-22,Active
15723216,Loan,2022-03-10,Inactive
15723216,Fixed Deposit,2023-05-22,Active
15725094,Loan,2023-06-12,Active
15647974,Mutual Fund,2022-07-04,Active
15647974,Credit Card,2022-01-11,Inactive
15583371,Fixed Deposit,2022-09-01,Active
15583371,Credit Card,2023-06-15,Active
15772559,Loan,2022-06-25,Inactive
15772559,Credit Card,2022-07-10,Active
15772559,Mutual Fund,2023-08-14,Active
15711251,Credit Card,2022-03-13,Active
15711251,Loan,2022-04-05,Active
15711251,Insurance,2023-06-29,Active
15719212,Loan,2022-09-03,Active
15719212,Fixed Deposit,2022-05-22,Active
15764927,Insurance,2022-06-08,Active
15764927,Credit Card,2022-09-05,Active
15731412,Insurance,2023-04-29,Active
15731412,Credit Card,2022-12-14,Inactive
15731412,Fixed Deposit,2022-03-11,Inactive
15719170,Fixed Deposit,2022-09-10,Active
15596011,Mutual Fund,2023-10-28,Inactive
15596011,Credit Card,2023-04-15,Active
15614834,Mutual Fund,2022-08-21,Active
15614834,Fixed Deposit,2022-06-17,Active
15614834,Credit Card,2023-06-14,Inactive
15600510,Insurance,2023-11-22,Active
15600510,Mutual Fund,2022-06-02,Active
15625706,Insurance,2022-02-23,Active
15625706,Fixed Deposit,2023-04-20,Active
15625706,Loan,2023-03-05,Active
15781409,Fixed Deposit,2022-05-09,Active
15781409,Insurance,2022-01-25,Active
15781409,Mutual Fund,2023-06-30,Active
15722583,Fixed Deposit,2022-03-18,Active
15677243,Fixed Deposit,2022-01-07,Active
15815070,Insurance,2023-01-08,Active
15815070,Credit Card,2022-06-29,Inactive
15705899,Loan,2022-02-13,Active
15705899,Credit Card,2023-04-10,Active
15701522,Loan,2023-01-28,Active
15701522,Insurance,2022-11-08,Active
15755978,Mutual Fund,2023-08-28,Active
15722090,Fixed Deposit,2022-04-04,Active
15783526,Mutual Fund,2023-06-12,Active
15783526,Fixed Deposit,2022-12-09,Inactive
15632125,Mutual Fund,2023-03-07,Active
15632125,Loan,2022-11-26,Active
15632125,Fixed Deposit,2022-08-13,Active
15688395,Credit Card,2023-05-12,Active
15666975,Fixed Deposit,2023-01-18,Active
15666975,Loan,2022-08-25,Inactive
15682211,Credit Card,2022-01-28,Active
15682211,Loan,2023-03-12,Inactive
15637411,Fixed Deposit,2022-05-06,Inactive
15637411,Credit Card,2023-02-03,Active
15591512,Loan,2022-07-29,Active
15591512,Fixed Deposit,2022-05-02,Active
15606855,Mutual Fund,2023-07-28,Active
15606855,Fixed Deposit,2022-12-24,Active
15606855,Insurance,2023-01-15,Active
15763683,Mutual Fund,2023-01-17,Active
15641782,Loan,2022-10-07,Inactive
15677184,Loan,2022-04-26,Active
15677184,Insurance,2022-10-04,Active
15775042,Loan,2022-04-01,Active
15775042,Insurance,2023-04-04,Inactive
15616630,Fixed Deposit,2022-04-05,Active
15800233,Insurance,2023-06-28,Active
15588419,Mutual Fund,2023-12-12,Inactive
15588419,Fixed Deposit,2023-04-30,Active
15588419,Credit Card,2023-01-07,Active
15595557,Loan,2022-04-07,Active
15595557,Insurance,2022-12-22,Active
15595557,Fixed Deposit,2022-08-01,Active
15626143,Mutual Fund,2023-12-25,Active
15566030,Loan,2023-08-23,Inactive
15566030,Credit Card,2022-09-01,Active
15701412,Insurance,2023-12-06,Active
15702464,Fixed Deposit,2023-04-03,Active
15573348,Credit Card,2023-05-16,Active
15573348,Mutual Fund,2022-12-11,Active
15704160,Fixed Deposit,2023-02-03,Active
15693704,Mutual Fund,2023-03-13,Inactive
15664752,Credit Card,2023-05-22,Active
15664752,Loan,2022-09-06,Active
15628292,Mutual Fund,2022-09-13,Active
15628292,Insurance,2023-07-29,Active
15621195,Loan,2022-12-06,Active
15621195,Mutual Fund,2023-01-29,Active
15668629,Mutual Fund,2022-01-04,Active
15668629,Fixed Deposit,2022-07-19,Active
15668629,Insurance,2022-11-29,Active
15635197,Insurance,2022-04-15,Active
15635197,Mutual Fund,2023-03-19,Active
15592761,Fixed Deposit,2023-12-01,Active
15592761,Mutual Fund,2023-07-17,Active
15574283,Loan,2022-04-01,Active
15574283,Fixed Deposit,2022-01-05,Active
15598097,Fixed Deposit,2023-07-01,Inactive
15711352,Insurance,2022-10-06,Active
15711352,Loan,2022-06-13,Active
15711352,Credit Card,2022-08-21,Active
15620751,Mutual Fund,2022-09-21,Active
15620751,Loan,2023-11-23,Active
15620751,Credit Card,2023-09-11,Inactive
15656717,Mutual Fund,2022-12-28,Active
15656717,Credit Card,2022-09-30,Inactive
15643121,Mutual Fund,2022-05-21,Inactive
15723671,Mutual Fund,2023-06-07,Active
15752846,Mutual Fund,2022-07-17,Active
15752846,Loan,2022-02-24,Active
15640852,Insurance,2023-06-01,Inactive
15789313,Mutual Fund,2023-03-08,Active
15789313,Loan,2022-06-08,Active
15789313,Insurance,2023-12-07,Active
15793688,Credit Card,2022-08-02,Active
15793688,Fixed Deposit,2022-12-31,Active
15793688,Mutual Fund,2023-12-31,Active
15770405,Loan,2023-12-03,Inactive
15770405,Fixed Deposit,2022-08-17,Inactive
15702561,Credit Card,2022-03-09,Active
15702561,Fixed Deposit,2023-02-19,Active
15625964,Fixed Deposit,2023-05-26,Inactive
15761364,Insurance,2023-06-26,Inactive
15590286,Mutual Fund,2023-03-22,Active
15590286,Fixed Deposit,2022-12-23,Active
15587978,Insurance,2022-12-25,Inactive
15773242,Insurance,2023-05-01,Active
15773242,Mutual Fund,2022-01-23,Active
15761053,Mutual Fund,2023-09-30,Active
15761053,Fixed Deposit,2022-04-13,Active
15702095,Mutual Fund,2022-05-19,Active
15764253,Fixed Deposit,2023-05-18,Active
15700801,Loan,2022-04-09,Active
15730590,Fixed Deposit,2023-05-01,Inactive
15643916,Mutual Fund,2023-08-18,Active
15720636,Mutual Fund,2022-04-02,Active
15720636,Fixed Deposit,2022-10-04,Active
15720636,Loan,2023-08-21,Active
15795429,Loan,2022-02-03,Active
15795429,Fixed Deposit,2023-12-07,Active
15795429,Credit Card,2022-04-09,Active
15609254,Credit Card,2022-12-29,Active
15609254,Mutual Fund,2022-08-07,Active
15609254,Loan,2022-03-13,Inactive
15625141,Insurance,2023-12-25,Active
15625141,Fixed Deposit,2022-05-14,Active
15625141,Mutual Fund,2022-05-09,Active
15810898,Mutual Fund,2023-07-04,Active
15810898,Fixed Deposit,2022-12-11,Active
15775797,Fixed Deposit,2022-05-07,Inactive
15775797,Credit Card,2022-08-01,Active
15795246,Credit Card,2023-03-10,Active
15795246,Fixed Deposit,2023-12-11,Inactive
15795275,Credit Card,2023-12-01,Active
15571869,Insurance,2023-08-02,Inactive
15571869,Mutual Fund,2022-10-04,Active
15694143,Mutual Fund,2022-08-10,Active
15694143,Credit Card,2023-10-03,Active
15748231,Fixed Deposit,2023-10-21,Active
15748231,Credit Card,2022-11-17,Active
15632185,Fixed Deposit,2023-05-06,Inactive
15632185,Insurance,2023-08-08,Active
15806249,Loan,2023-07-28,Active
15743293,Credit Card,2022-09-21,Active
15743293,Insurance,2022-04-06,Active
15743293,Fixed Deposit,2023-03-25,Inactive
15598157,Credit Card,2023-11-23,Active
15598157,Fixed Deposit,2022-07-15,Active
15598157,Insurance,2022-02-02,Active
15700946,Mutual Fund,2023-07-13,Active
15722692,Insurance,2023-09-23,Active
15696506,Loan,2022-06-03,Active
15696506,Mutual Fund,2023-10-25,Inactive
15728823,Loan,2023-12-13,Active
15728823,Mutual Fund,2022-08-04,Active
15808851,Fixed Deposit,2023-03-16,Active
15675231,Fixed Deposit,2022-08-31,Active
15732299,Loan,2023-12-14,Active
15732299,Mutual Fund,2023-08-06,Active
15732299,Insurance,2023-02-08,Active
15706269,Fixed Deposit,2023-02-05,Active
15590078,Loan,2023-01-16,Active
15776985,Mutual Fund,2023-08-20,Inactive
15776985,Credit Card,2023-08-31,Inactive
15756743,Fixed Deposit,2022-04-29,Active
15782364,Credit Card,2023-06-07,Active
15782364,Loan,2023-10-09,Active
15604093,Fixed Deposit,2022-11-06,Active
15749328,Loan,2023-08-19,Active
15749328,Fixed Deposit,2023-11-06,Active
15749328,Mutual Fund,2022-12-29,Active
15656322,Fixed Deposit,2023-11-24,Active
15656322,Credit Card,2022-10-15,Active
15685564,Insurance,2022-02-12,Inactive
15685564,Credit Card,2022-04-11,Active
15785831,Insurance,2023-04-15,Active
15785831,Credit Card,2022-01-06,Active
15796218,Loan,2022-04-29,Active
15796218,Fixed Deposit,2022-12-30,Active
15716218,Credit Card,2022-09-11,Active
15716218,Fixed Deposit,2022-12-01,Active
15572735,Credit Card,2022-03-13,Active
15572735,Loan,2023-12-07,Active
15572735,Fixed Deposit,2023-07-13,Active
15633840,Loan,2022-11-08,Active
15608760,Mutual Fund,2023-07-12,Active
15608760,Insurance,2023-08-02,Inactive
15627848,Insurance,2023-11-17,Active
15792029,Fixed Deposit,2022-09-24,Active
15792029,Loan,2023-01-27,Active
15792029,Credit Card,2023-12-18,Active
15617331,Loan,2022-05-24,Active
15617331,Fixed Deposit,2022-06-03,Active
15651740,Mutual Fund,2022-05-04,Active
15636407,Mutual Fund,2023-10-28,Active
15636407,Fixed Deposit,2023-05-06,Active
15607526,Credit Card,2023-02-03,Active
15632576,Loan,2023-05-01,Active
15632576,Mutual Fund,2022-08-05,Inactive
15632576,Insurance,2023-03-22,Active
15581505,Loan,2023-10-29,Active
15581505,Mutual Fund,2023-06-24,Active
15581505,Fixed Deposit,2022-01-17,Active
15612207,Mutual Fund,2023-04-10,Active
15707242,Credit Card,2023-01-11,Active
15721937,Insurance,2023-08-23,Active
15721937,Fixed Deposit,2023-06-19,Active
15721937,Mutual Fund,2022-09-14,Active
15773852,Insurance,2023-07-19,Inactive
15773852,Credit Card,2023-07-26,Active
15773852,Loan,2022-09-02,Active
15719778,Insurance,2023-06-02,Active
15650538,Fixed Deposit,2023-06-27,Active
15650538,Insurance,2023-02-11,Inactive
15797475,Fixed Deposit,2023-04-04,Inactive
15797475,Credit Card,2023-07-17,Active
15797475,Loan,2023-12-02,Inactive
15780359,Loan,2023-07-01,Active
15780359,Insurance,2022-12-12,Active
15780359,Credit Card,2022-10-23,Active
15737104,Insurance,2023-08-09,Active
15789936,Fixed Deposit,2022-11-09,Active
15709523,Mutual Fund,2022-08-16,Active
15593425,Credit Card,2022-09-06,Inactive
15593425,Fixed Deposit,2022-01-20,Active
15776725,Loan,2023-09-24,Active
15776725,Fixed Deposit,2022-02-13,Active
15776725,Credit Card,2022-01-19,Inactive
15604706,Insurance,2023-12-29,Inactive
15604706,Loan,2022-03-07,Active
15790958,Credit Card,2022-06-24,Active
15790958,Mutual Fund,2022-03-16,Active
15747534,Credit Card,2023-01-23,Active
15747534,Mutual Fund,2022-07-28,Active
15747534,Insurance,2022-09-03,Active
15574237,Insurance,2022-02-18,Inactive
15690332,Insurance,2022-08-28,Active
15690332,Mutual Fund,2022-09-02,Active
15661290,Mutual Fund,2022-08-19,Active
15651883,Insurance,2023-04-22,Active
15808905,Credit Card,2022-10-24,Active
15808905,Insurance,2023-07-04,Active
15808905,Fixed Deposit,2023-02-09,Active
15715532,Fixed Deposit,2022-06-07,Active
15786078,Credit Card,2022-10-01,Active
15786078,Fixed Deposit,2023-07-14,Active
15786078,Loan,2022-05-21,Active
15652401,Mutual Fund,2023-07-13,Active
15652401,Credit Card,2023-12-15,Inactive
15652401,Fixed Deposit,2023-08-30,Inactive
15673074,Credit Card,2022-12-15,Active
15598744,Loan,2022-12-19,Inactive
15598744,Fixed Deposit,2022-06-19,Active
15598744,Insurance,2023-08-31,Active
15785975,Loan,2022-03-29,Active
15785975,Fixed Deposit,2022-08-10,Inactive
15785975,Insurance,2023-10-30,Active
15613180,Loan,2023-11-15,Inactive
15613180,Insurance,2022-08-16,Active
15584229,Loan,2023-01-23,Active
15584229,Mutual Fund,2023-02-03,Active
15584229,Fixed Deposit,2023-09-25,Active
15773804,Fixed Deposit,2022-01-28,Active
15773804,Credit Card,2023-06-20,Active
15699515,Loan,2023-03-01,Inactive
15699515,Credit Card,2023-10-27,Active
15705313,Fixed Deposit,2022-04-10,Inactive
15705313,Insurance,2022-03-29,Active
15693817,Mutual Fund,2022-10-02,Active
15693817,Loan,2022-05-03,Active
15693817,Fixed Deposit,2023-12-08,Active
15673790,Fixed Deposit,2023-01-09,Active
15673790,Insurance,2023-08-02,Active
15673790,Loan,2023-02-08,Inactive
15674868,Insurance,2022-11-14,Active
15692110,Insurance,2023-06-07,Active
15692110,Loan,2023-10-16,Active
15692110,Mutual Fund,2022-08-18,Active
15645904,Credit Card,2022-03-04,Inactive
15645904,Fixed Deposit,2022-12-17,Inactive
15645904,Loan,2023-07-14,Active
15581332,Fixed Deposit,2022-04-29,Inactive
15581332,Loan,2022-08-20,Active
15581332,Credit Card,2023-03-14,Inactive
15808544,Mutual Fund,2022-01-03,Active
15808544,Insurance,2023-03-06,Inactive
15734948,Mutual Fund,2022-02-07,Active
15734948,Fixed Deposit,2023-10-29,Active
15734948,Credit Card,2022-11-22,Active
15654531,Insurance,2022-05-25,Active
15654531,Loan,2022-02-21,Active
15654531,Mutual Fund,2022-04-04,Inactive
15637774,Fixed Deposit,2022-11-23,Inactive
15637774,Loan,2023-10-08,Active
15677141,Fixed Deposit,2022-05-05,Inactive
15677141,Credit Card,2023-08-04,Active
15677141,Insurance,2022-07-27,Active
15739578,Insurance,2022-10-23,Inactive
15739578,Credit Card,2023-12-27,Active
15739578,Mutual Fund,2022-10-12,Active
15697360,Credit Card,2022-09-21,Active
15697360,Insurance,2022-11-19,Active
15697360,Fixed Deposit,2023-07-04,Active
15655213,Loan,2023-03-05,Active
15580872,Insurance,2022-04-14,Active
15580872,Credit Card,2023-07-03,Inactive
15580872,Loan,2023-09-17,Active
15683213,Loan,2022-11-15,Inactive
15801188,Mutual Fund,2022-12-30,Inactive
15645029,Credit Card,2022-01-28,Active
15633181,Credit Card,2023-12-04,Active
15633181,Insurance,2022-07-11,Active
15633181,Loan,2022-10-05,Active
15598259,Insurance,2023-10-08,Active
15598259,Credit Card,2022-09-21,Inactive
15598259,Fixed Deposit,2023-01-14,Active
15576000,Credit Card,2023-07-09,Inactive
15576000,Insurance,2023-11-07,Active
15766047,Credit Card,2022-03-03,Active
15766047,Insurance,2022-07-16,Inactive
15596339,Insurance,2023-06-15,Inactive
15596339,Fixed Deposit,2022-08-10,Active
15715199,Insurance,2023-09-27,Active
15615938,Loan,2022-06-18,Active
15615938,Insurance,2023-02-23,Inactive
15615938,Credit Card,2022-09-21,Active
15679991,Fixed Deposit,2023-12-08,Active
15626135,Fixed Deposit,2022-09-06,Active
15626135,Insurance,2023-12-24,Inactive
15626135,Loan,2023-09-09,Active
15792934,Mutual Fund,2023-06-18,Inactive
15792934,Loan,2023-11-30,Active
15792934,Insurance,2022-08-18,Inactive
15744046,Credit Card,2022-04-25,Active
15744046,Mutual Fund,2023-05-22,Active
15700826,Fixed Deposit,2023-05-02,Active
15700826,Credit Card,2022-07-24,Active
15700826,Mutual Fund,2022-05-13,Active
15756301,Insurance,2022-02-18,Active
15586517,Insurance,2023-10-11,Active
15751297,Mutual Fund,2023-10-22,Inactive
15751297,Insurance,2023-03-30,Active
15710365,Credit Card,2022-01-13,Active
15679307,Insurance,2022-01-14,Active
15679307,Loan,2023-02-28,Active
15610753,Insurance,2022-10-09,Active
15610753,Mutual Fund,2023-04-19,Inactive
15811036,Credit Card,2023-06-30,Active
15610912,Fixed Deposit,2022-03-18,Active
15610912,Credit Card,2022-08-15,Inactive
15619932,Credit Card,2022-06-12,Active
15619932,Mutual Fund,2022-03-25,Active
15619932,Insurance,2022-01-12,Active
15746199,Insurance,2023-05-14,Active
15746199,Fixed Deposit,2023-05-01,Active
15584967,Mutual Fund,2022-11-15,Active
15584967,Insurance,2023-10-18,Active
15734365,Loan,2023-08-08,Inactive
15734365,Mutual Fund,2023-04-26,Active
15734365,Fixed Deposit,2023-05-27,Active
15726960,Loan,2022-11-01,Inactive
15726960,Mutual Fund,2022-09-08,Inactive
15726960,Credit Card,2023-05-01,Inactive
15665177,Credit Card,2022-04-20,Active
15665177,Mutual Fund,2023-08-03,Active
15779915,Insurance,2023-07-15,Active
15779915,Loan,2022-10-07,Active
15729110,Loan,2023-04-27,Active
15729110,Insurance,2023-08-25,Inactive
15729110,Credit Card,2023-03-07,Active
15575399,Insurance,2023-12-24,Active
15678374,Loan,2023-02-01,Active
15792679,Insurance,2022-04-21,Active
15792679,Loan,2023-01-02,Active
15668767,Insurance,2022-10-28,Active
15761886,Loan,2022-12-15,Active
15761886,Mutual Fund,2023-02-27,Inactive
15761886,Fixed Deposit,2023-09-21,Active
15583076,Insurance,2023-06-25,Inactive
15583076,Loan,2023-10-01,Active
15583076,Credit Card,2022-10-29,Active
15815615,Credit Card,2023-05-24,Active
15815615,Insurance,2023-04-15,Active
15591942,Credit Card,2022-09-22,Active
15591942,Mutual Fund,2022-04-30,Active
15724924,Fixed Deposit,2023-03-08,Active
15724924,Insurance,2022-02-11,Inactive
15724924,Mutual Fund,2023-12-27,Inactive
15762123,Mutual Fund,2023-01-30,Active
15567893,Fixed Deposit,2022-04-17,Active
15648989,Insurance,2022-02-27,Active
15662021,Loan,2022-04-06,Active
15662021,Insurance,2022-11-09,Active
15691627,Fixed Deposit,2022-01-15,Active
15691627,Loan,2022-08-17,Active
15731751,Fixed Deposit,2023-04-02,Active
15635277,Insurance,2023-05-04,Active
15635277,Mutual Fund,2023-05-04,Active
15635277,Fixed Deposit,2022-08-09,Active
15655252,Insurance,2022-05-13,Active
15803941,Credit Card,2023-05-27,Active
15803941,Fixed Deposit,2023-02-18,Inactive
15803941,Mutual Fund,2023-09-23,Active
15714380,Loan,2022-03-22,Active
15666559,Loan,2022-06-11,Active
15799998,Fixed Deposit,2022-10-24,Inactive
15703763,Fixed Deposit,2022-05-02,Inactive
15703763,Insurance,2023-01-06,Active
15795640,Mutual Fund,2022-02-12,Active
15780056,Insurance,2023-08-30,Active
15780056,Mutual Fund,2023-06-29,Active
15780056,Loan,2023-01-16,Inactive
15777873,Credit Card,2023-02-10,Inactive
15777873,Insurance,2023-05-07,Active
15777873,Mutual Fund,2022-03-23,Active
15584749,Loan,2023-05-04,Active
15584749,Mutual Fund,2022-07-19,Active
15584749,Insurance,2023-01-24,Active
15765258,Loan,2023-05-27,Active
15765258,Credit Card,2022-10-24,Active
15623346,Credit Card,2023-07-20,Inactive
15623346,Loan,2022-01-04,Inactive
15623346,Insurance,2022-11-08,Active
15614054,Insurance,2023-03-02,Inactive
15614054,Mutual Fund,2022-07-28,Inactive
15766185,Insurance,2022-09-25,Active
15766185,Credit Card,2023-06-04,Inactive
15667632,Mutual Fund,2022-11-27,Active
15667632,Fixed Deposit,2023-09-18,Active
15667632,Credit Card,2022-12-09,Active
15599024,Credit Card,2022-11-06,Active
15599024,Insurance,2022-05-23,Active
15599024,Mutual Fund,2023-11-15,Active
15798709,Credit Card,2022-12-03,Active
15741921,Credit Card,2023-12-19,Active
15741921,Fixed Deposit,2022-03-04,Active
15741921,Insurance,2023-11-06,Active
15793671,Credit Card,2022-03-10,Active
15793671,Loan,2022-03-23,Inactive
15797900,Mutual Fund,2023-06-30,Active
15667932,Insurance,2023-04-24,Inactive
15795933,Mutual Fund,2023-01-15,Active
15795933,Fixed Deposit,2023-05-20,Active
15795933,Insurance,2022-02-19,Active
15660403,Mutual Fund,2022-05-15,Active
15660403,Fixed Deposit,2023-01-24,Active
15660403,Credit Card,2023-03-17,Active
15736299,Insurance,2023-08-26,Active
15736299,Fixed Deposit,2023-05-22,Active
15759034,Mutual Fund,2023-10-15,Active
15759034,Fixed Deposit,2022-09-14,Active
15724663,Credit Card,2023-06-02,Active
15594556,Insurance,2023-12-27,Active
15594556,Loan,2023-01-14,Active
15594556,Fixed Deposit,2023-12-28,Active
15737169,Credit Card,2022-06-04,Active
15737169,Fixed Deposit,2023-04-09,Active
15737169,Mutual Fund,2023-03-04,Active
15632472,Credit Card,2023-01-22,Active
15632472,Fixed Deposit,2023-09-15,Active
15632472,Loan,2022-06-19,Active
15722813,Loan,2022-02-05,Active
15588450,Loan,2022-01-27,Active
15588450,Insurance,2022-09-01,Inactive
15588450,Credit Card,2023-02-20,Active
15736717,Credit Card,2023-01-07,Inactive
15736717,Loan,2022-09-10,Active
15736717,Mutual Fund,2023-07-15,Active
15680683,Insurance,2022-06-13,Active
15710316,Insurance,2023-07-29,Active
15710316,Credit Card,2023-08-20,Active
15746333,Fixed Deposit,2022-09-04,Inactive
15606861,Mutual Fund,2022-03-18,Active
15606861,Loan,2022-07-08,Active
15641285,Credit Card,2023-04-05,Active
15662908,Loan,2023-08-09,Active
15814267,Fixed Deposit,2022-12-15,Active
15814267,Mutual Fund,2023-11-09,Inactive
15814267,Loan,2023-06-29,Active
15614923,Mutual Fund,2023-03-06,Active
15614923,Credit Card,2022-01-03,Active
15614923,Insurance,2023-10-10,Inactive
15579223,Loan,2023-02-08,Active
15651389,Loan,2022-06-07,Active
15651389,Credit Card,2023-01-11,Active
15677087,Fixed Deposit,2023-01-18,Active
15677087,Credit Card,2022-05-21,Active
15677087,Insurance,2023-12-04,Active
15665784,Loan,2022-09-28,Active
15665784,Fixed Deposit,2022-09-04,Active
15665784,Mutual Fund,2023-09-07,Active
15576706,Loan,2023-05-20,Active
15576706,Fixed Deposit,2023-02-22,Active
15615473,Mutual Fund,2022-08-04,Active
15615473,Credit Card,2022-04-24,Active
15587299,Mutual Fund,2023-12-28,Inactive
15587299,Loan,2023-07-24,Inactive
15587299,Fixed Deposit,2023-10-15,Active
15655389,Credit Card,2022-09-07,Active
15655389,Loan,2023-09-18,Inactive
15784491,Credit Card,2022-10-31,Active
15784491,Fixed Deposit,2022-08-18,Active
15809999,Fixed Deposit,2023-12-31,Active
15681115,Mutual Fund,2023-10-30,Active
15629390,Credit Card,2022-02-04,Inactive
15629390,Loan,2023-10-01,Inactive
15629390,Mutual Fund,2022-03-09,Active
15792668,Mutual Fund,2022-05-09,Active
15583863,Mutual Fund,2023-10-07,Active
15583863,Fixed Deposit,2023-08-22,Inactive
15583863,Credit Card,2022-02-01,Active
15681878,Fixed Deposit,2023-10-06,Active
15681878,Loan,2022-06-27,Inactive
15681878,Mutual Fund,2022-01-23,Active
15782875,Fixed Deposit,2022-02-27,Active
15782875,Credit Card,2022-10-05,Inactive
15732235,Insurance,2023-11-11,Active
15732235,Loan,2023-10-10,Active
15735909,Fixed Deposit,2023-06-26,Active
15735909,Loan,2023-12-24,Inactive
15735909,Mutual Fund,2023-10-24,Active
15653448,Fixed Deposit,2022-03-24,Active
15587647,Credit Card,2022-07-28,Active
15587647,Mutual Fund,2023-07-04,Active
15701037,Fixed Deposit,2023-12-25,Active
15727499,Mutual Fund,2023-08-10,Active
15727499,Fixed Deposit,2023-09-06,Inactive
15727499,Insurance,2023-04-10,Active
15724838,Credit Card,2023-09-26,Inactive
15724838,Loan,2023-05-25,Active
15724838,Mutual Fund,2023-06-17,Active
15666711,Insurance,2022-08-11,Active
15588933,Insurance,2023-09-16,Inactive
15588933,Mutual Fund,2023-12-31,Active
15763111,Fixed Deposit,2023-09-09,Active
15763111,Mutual Fund,2023-08-16,Active
15805676,Insurance,2023-03-30,Active
15586674,Insurance,2022-03-26,Inactive
15586674,Credit Card,2022-05-23,Active
15744553,Insurance,2023-11-13,Active
15744553,Loan,2023-01-08,Active
15744553,Fixed Deposit,2022-12-01,Active
15776629,Insurance,2023-02-13,Active
15647207,Insurance,2022-07-28,Inactive
15647207,Fixed Deposit,2022-01-26,Inactive
15715638,Fixed Deposit,2023-09-05,Active
15715638,Insurance,2022-12-17,Active
15715638,Loan,2023-08-29,Active
15750602,Mutual Fund,2022-02-27,Active
15750602,Loan,2023-02-14,Inactive
15766810,Loan,2023-11-11,Active
15766810,Mutual Fund,2022-12-08,Active
15766810,Credit Card,2022-02-18,Active
15756625,Credit Card,2023-10-25,Inactive
15756625,Loan,2023-10-14,Active
15639552,Credit Card,2022-02-05,Inactive
15639552,Fixed Deposit,2023-11-12,Active
15639552,Mutual Fund,2023-12-02,Active
15633213,Loan,2023-05-24,Inactive
15610416,Mutual Fund,2022-12-15,Inactive
15610416,Loan,2023-01-28,Inactive
15610416,Insurance,2023-05-21,Active
15715208,Insurance,2022-06-24,Active
15619608,Mutual Fund,2023-07-12,Active
15619608,Loan,2023-08-22,Active
15628697,Credit Card,2022-01-22,Active
15628697,Loan,2022-10-01,Active
15643826,Insurance,2023-04-29,Active
15643826,Fixed Deposit,2023-07-18,Active
15643826,Credit Card,2023-02-15,Active
15718588,Loan,2022-01-07,Active
15709741,Fixed Deposit,2022-06-27,Active
15709741,Mutual Fund,2022-01-02,Active
15723318,Fixed Deposit,2023-05-06,Active
15723318,Loan,2023-10-30,Inactive
15723318,Credit Card,2022-01-24,Active
15717328,Mutual Fund,2022-08-10,Active
15771299,Loan,2022-08-08,Active
15771299,Fixed Deposit,2022-06-03,Inactive
15771299,Mutual Fund,2023-09-01,Active
15706223,Credit Card,2023-08-10,Active
15706223,Fixed Deposit,2023-08-17,Active
15706223,Loan,2023-02-10,Active
15612358,Credit Card,2023-10-29,Inactive
15612358,Mutual Fund,2023-04-23,Active
15612358,Fixed Deposit,2023-06-24,Active
15769191,Insurance,2023-09-16,Active
15618816,Loan,2022-10-15,Active
15730810,Insurance,2023-11-06,Inactive
15730810,Loan,2022-10-31,Active
15730810,Credit Card,2022-04-26,Active
15783463,Fixed Deposit,2023-09-07,Active
15783463,Mutual Fund,2022-04-02,Active
15783463,Credit Card,2022-07-19,Active
15616213,Credit Card,2023-07-20,Inactive
15611287,Insurance,2022-08-17,Active
15611287,Fixed Deposit,2022-06-03,Active
15611287,Mutual Fund,2023-04-18,Active
15786454,Mutual Fund,2022-03-01,Active
15786454,Loan,2022-02-27,Inactive
15768682,Credit Card,2022-10-10,Active
15766172,Mutual Fund,2022-09-23,Active
15766172,Loan,2023-01-23,Active
15766172,Credit Card,2023-04-12,Active
15637646,Insurance,2022-05-08,Active
15637646,Credit Card,2022-02-28,Active
15653404,Loan,2022-04-03,Active
15653404,Credit Card,2023-11-22,Active
15653404,Insurance,2022-12-23,Inactive
15690546,Insurance,2022-03-17,Active
15735636,Mutual Fund,2022-05-02,Inactive
15605424,Fixed Deposit,2023-03-17,Inactive
15568449,Credit Card,2022-07-10,Active
15568449,Fixed Deposit,2023-03-15,Inactive
15688085,Credit Card,2023-07-26,Active
15688085,Insurance,2022-01-14,Active
15688085,Loan,2022-08-18,Active
15683483,Credit Card,2022-02-25,Active
15683483,Mutual Fund,2022-11-26,Active
15659567,Loan,2023-08-06,Inactive
15659567,Fixed Deposit,2022-07-05,Active
15766667,Loan,2023-12-01,Active
15766667,Credit Card,2022-12-19,Active
15624975,Mutual Fund,2022-02-18,Active
15624975,Loan,2022-12-01,Inactive
15660878,Credit Card,2022-05-25,Active
15586557,Mutual Fund,2022-02-23,Active
15586557,Loan,2022-03-22,Active
15586557,Credit Card,2023-07-23,Active
15746183,Credit Card,2023-04-19,Inactive
15746183,Insurance,2022-02-07,Active
15631457,Loan,2023-12-17,Active
15631457,Credit Card,2023-03-17,Active
15631457,Insurance,2023-01-14,Active
15754053,Credit Card,2023-07-15,Active
15754053,Insurance,2022-05-24,Active
15754053,Mutual Fund,2023-06-29,Inactive
15645839,Fixed Deposit,2023-11-17,Active
15645839,Credit Card,2023-02-09,Active
15689955,Mutual Fund,2022-08-29,Active
15689955,Loan,2023-01-11,Active
15689955,Credit Card,2022-11-10,Active
15593510,Mutual Fund,2022-09-30,Active
15593510,Insurance,2023-06-23,Inactive
15593510,Fixed Deposit,2022-10-06,Active
15654964,Loan,2023-10-16,Active
15654964,Fixed Deposit,2022-11-13,Active
15654964,Insurance,2023-11-14,Active
15594039,Credit Card,2023-03-11,Active
15594039,Mutual Fund,2022-07-18,Active
15625929,Mutual Fund,2022-07-26,Active
15625929,Insurance,2023-02-23,Inactive
15625929,Credit Card,2022-08-19,Inactive
15815295,Credit Card,2023-01-27,Active
15815295,Loan,2023-04-07,Active
15815295,Insurance,2023-08-18,Active
15621818,Fixed Deposit,2022-06-30,Active
15621818,Credit Card,2023-03-04,Active
15652700,Insurance,2023-01-31,Active
15636860,Loan,2022-08-09,Active
15569432,Fixed Deposit,2022-06-02,Active
15569432,Insurance,2023-01-21,Active
15751455,Mutual Fund,2022-12-17,Inactive
15751455,Credit Card,2022-11-26,Active
15751455,Insurance,2023-12-21,Active
15800583,Insurance,2023-08-20,Active
15800583,Credit Card,2023-12-02,Active
15770214,Fixed Deposit,2023-10-18,Active
15770214,Insurance,2022-11-26,Inactive
15770214,Credit Card,2023-03-11,Active
15613463,Mutual Fund,2023-04-02,Inactive
15613463,Loan,2022-10-15,Active
15587066,Loan,2023-12-23,Active
15587066,Insurance,2022-06-28,Active
15587066,Fixed Deposit,2023-11-13,Active
15693752,Insurance,2022-04-14,Active
15693752,Fixed Deposit,2022-06-30,Active
15714874,Loan,2023-01-09,Active
15657809,Mutual Fund,2023-02-21,Active
15657809,Fixed Deposit,2022-08-01,Active
15657809,Insurance,2023-07-24,Active
15651955,Loan,2022-03-24,Active
15651955,Insurance,2023-05-31,Inactive
15570912,Mutual Fund,2022-02-24,Inactive
15570912,Insurance,2022-08-10,Active
15640266,Insurance,2022-06-03,Active
15652069,Credit Card,2023-08-19,Inactive
15652069,Fixed Deposit,2022-02-26,Active
15596074,Insurance,2023-08-11,Active
15800268,Fixed Deposit,2023-06-11,Active
15800268,Mutual Fund,2023-05-06,Active
15809847,Loan,2022-10-26,Active
15809847,Credit Card,2022-10-06,Active
15809847,Mutual Fund,2022-07-01,Active
15599074,Mutual Fund,2022-04-03,Active
15599591,Fixed Deposit,2023-08-12,Inactive
15776096,Mutual Fund,2022-03-29,Inactive
15776096,Loan,2022-10-25,Active
15776096,Insurance,2022-02-10,Active
15611669,Loan,2023-05-28,Active
15611669,Credit Card,2023-07-27,Active
15611669,Mutual Fund,2022-08-17,Inactive
15694098,Loan,2023-03-14,Active
15694098,Insurance,2022-06-27,Active
15694098,Mutual Fund,2023-09-26,Active
15713347,Insurance,2023-06-29,Active
15713094,Loan,2023-04-23,Active
15811978,Fixed Deposit,2022-12-06,Inactive
15811978,Loan,2022-05-15,Active
15811978,Insurance,2023-03-18,Active
15799925,Fixed Deposit,2023-12-31,Active
15692575,Loan,2022-04-16,Active
15692575,Mutual Fund,2022-05-11,Inactive
15743149,Fixed Deposit,2023-11-18,Active
15743149,Mutual Fund,2023-08-03,Active
15743149,Loan,2023-05-04,Active
15776947,Credit Card,2022-01-25,Active
15776947,Fixed Deposit,2022-09-10,Active
15700656,Mutual Fund,2023-05-20,Inactive
15700656,Fixed Deposit,2022-03-16,Active
15700656,Credit Card,2022-06-21,Active
15594515,Credit Card,2022-10-23,Active
15594515,Mutual Fund,2022-02-01,Active
15594515,Insurance,2022-11-16,Active
15787884,Fixed Deposit,2022-09-15,Active
15787884,Mutual Fund,2022-03-11,Active
15787884,Loan,2023-11-23,Active
15577988,Loan,2023-10-29,Inactive
15577988,Mutual Fund,2023-04-16,Active
15795586,Mutual Fund,2022-06-10,Active
15795586,Credit Card,2022-03-12,Inactive
15795586,Insurance,2023-12-04,Active
15677739,Mutual Fund,2022-04-01,Active
15677739,Fixed Deposit,2023-02-17,Active
15677739,Credit Card,2023-02-23,Inactive
15720134,Fixed Deposit,2022-04-16,Inactive
15720134,Loan,2023-10-27,Inactive
15688868,Fixed Deposit,2022-09-18,Active
15688868,Mutual Fund,2022-12-09,Active
15642996,Insurance,2023-02-02,Active
15642996,Loan,2023-09-15,Active
15771222,Credit Card,2022-11-22,Active
15771222,Insurance,2022-09-10,Active
15605059,Loan,2022-01-26,Active
15605059,Insurance,2023-09-19,Active
15605059,Fixed Deposit,2022-01-09,Active
15568088,Mutual Fund,2022-01-07,Active
15568088,Loan,2022-09-03,Inactive
15665943,Insurance,2023-04-11,Active
15665943,Loan,2022-12-13,Active
15795571,Loan,2022-03-14,Inactive
15662243,Fixed Deposit,2022-08-13,Inactive
15662243,Loan,2023-02-07,Inactive
15662243,Credit Card,2022-03-03,Active
15593128,Insurance,2022-01-05,Active
15589739,Credit Card,2022-10-30,Active
15787602,Loan,2022-10-18,Active
15685019,Credit Card,2023-12-11,Inactive
15704209,Credit Card,2023-01-30,Inactive
15704209,Fixed Deposit,2022-07-22,Active
15704209,Loan,2022-02-12,Active
15605264,Credit Card,2022-06-30,Active
15605264,Insurance,2023-08-09,Inactive
15708265,Insurance,2023-04-05,Active
15708265,Credit Card,2022-03-09,Active
15708265,Loan,2023-07-31,Inactive
15740264,Mutual Fund,2023-10-11,Active
15740264,Insurance,2023-01-09,Active
15615477,Mutual Fund,2022-05-27,Active
15615477,Fixed Deposit,2022-06-17,Active
15727361,Insurance,2022-12-29,Inactive
15727361,Mutual Fund,2022-10-10,Active
15760216,Credit Card,2023-08-26,Active
15760216,Loan,2023-11-11,Active
15806134,Mutual Fund,2022-02-10,Active
15806134,Insurance,2022-03-23,Active
15806134,Credit Card,2022-01-21,Inactive
15601351,Fixed Deposit,2022-03-12,Active
15669262,Fixed Deposit,2023-05-03,Active
15696989,Credit Card,2022-05-02,Active
15696989,Fixed Deposit,2022-12-08,Active
15688498,Loan,2022-08-27,Active
15688498,Fixed Deposit,2022-10-05,Active
15688498,Insurance,2023-01-03,Inactive
15686964,Credit Card,2022-10-26,Active
15686964,Fixed Deposit,2023-10-13,Active
15686964,Loan,2022-02-17,Inactive
15625035,Mutual Fund,2022-03-22,Active
15625035,Credit Card,2022-02-07,Active
15618391,Insurance,2022-01-22,Active
15618391,Fixed Deposit,2023-12-12,Active
15591344,Fixed Deposit,2022-06-06,Active
15605455,Fixed Deposit,2023-01-08,Active
15605455,Mutual Fund,2022-01-31,Active
15680804,Mutual Fund,2022-09-04,Active
15768282,Mutual Fund,2023-03-16,Active
15768282,Insurance,2023-05-27,Active
15768282,Credit Card,2022-01-31,Active
15685826,Insurance,2022-02-20,Active
15793491,Mutual Fund,2022-01-10,Active
15793491,Credit Card,2023-04-28,Inactive
15797787,Fixed Deposit,2022-01-05,Active
15797787,Insurance,2022-01-02,Active
15797787,Mutual Fund,2023-10-06,Inactive
15611171,Mutual Fund,2022-12-15,Active
15611171,Credit Card,2022-09-24,Inactive
15611171,Insurance,2023-11-21,Active
15601627,Loan,2023-04-27,Active
15601627,Mutual Fund,2022-08-15,Active
15601627,Credit Card,2022-12-04,Active
15734085,Fixed Deposit,2022-09-03,Inactive
15734085,Credit Card,2023-07-28,Active
15809309,Credit Card,2023-03-15,Active
15809462,Credit Card,2022-09-07,Inactive
15809462,Fixed Deposit,2022-12-12,Active
15809462,Mutual Fund,2023-07-08,Active
15634628,Fixed Deposit,2023-11-17,Active
15634628,Insurance,2022-04-11,Active
15634628,Mutual Fund,2023-03-13,Active
15775678,Fixed Deposit,2022-09-14,Active
15775678,Loan,2023-10-16,Active
15579526,Mutual Fund,2022-05-03,Inactive
15579526,Credit Card,2022-08-16,Inactive
15579526,Loan,2022-09-18,Inactive
15779103,Fixed Deposit,2022-11-24,Active
15779103,Loan,2022-11-25,Active
15738715,Loan,2023-08-11,Active
15738715,Mutual Fund,2023-07-03,Active
15738715,Credit Card,2022-02-19,Inactive
15593943,Mutual Fund,2023-03-17,Inactive
15593943,Credit Card,2023-12-16,Active
15593943,Loan,2023-11-20,Active
15754574,Mutual Fund,2023-07-10,Active
15754574,Credit Card,2023-09-07,Active
15754574,Loan,2023-02-27,Active
15737814,Mutual Fund,2022-05-16,Active
15737814,Insurance,2023-12-21,Active
15737814,Credit Card,2022-09-21,Active
15670889,Fixed Deposit,2022-03-24,Active
15629299,Insurance,2022-10-08,Active
15771569,Credit Card,2023-02-27,Active
15771569,Loan,2022-12-14,Active
15811927,Loan,2023-10-08,Active
15811927,Insurance,2022-05-26,Active
15785654,Mutual Fund,2023-10-04,Active
15665524,Loan,2022-02-03,Active
15736287,Mutual Fund,2022-11-02,Active
15736287,Insurance,2022-07-28,Inactive
15765732,Mutual Fund,2022-04-11,Active
15765732,Credit Card,2023-11-14,Active
15765732,Fixed Deposit,2022-02-11,Active
15797381,Credit Card,2023-10-17,Inactive
15797381,Fixed Deposit,2023-10-06,Active
15797381,Insurance,2022-05-15,Inactive
15598536,Credit Card,2022-11-01,Active
15664506,Fixed Deposit,2022-11-13,Inactive
15575619,Mutual Fund,2023-07-09,Active
15575619,Loan,2022-02-12,Active
15587394,Insurance,2023-11-29,Active
15587394,Loan,2022-04-02,Active
15587394,Credit Card,2022-07-17,Active
15654457,Credit Card,2023-07-20,Active
15654457,Insurance,2022-07-09,Active
15762793,Credit Card,2022-03-27,Active
15762793,Fixed Deposit,2023-11-06,Inactive
15762793,Insurance,2022-01-08,Inactive
15658067,Credit Card,2022-12-02,Active
15642816,Insurance,2022-11-09,Active
15693088,Insurance,2022-05-16,Active
15693088,Mutual Fund,2023-07-03,Active
15693088,Credit Card,2022-05-08,Inactive
15793883,Credit Card,2023-01-14,Active
15793883,Insurance,2022-12-07,Inactive
15665283,Credit Card,2022-09-30,Inactive
15680421,Loan,2022-03-16,Active
15680421,Insurance,2023-02-12,Active
15695148,Loan,2022-05-19,Inactive
15636592,Insurance,2022-09-20,Active
15772618,Fixed Deposit,2022-08-27,Inactive
15724453,Mutual Fund,2022-03-14,Active
15724453,Fixed Deposit,2023-10-25,Active
15565878,Loan,2022-04-03,Inactive
15565878,Mutual Fund,2023-04-02,Active
15565878,Insurance,2023-09-01,Active
15609160,Fixed Deposit,2022-04-21,Active
15609160,Credit Card,2023-11-25,Inactive
15609160,Loan,2023-03-30,Active
15678460,Loan,2022-09-10,Active
15662571,Credit Card,2022-05-09,Active
15662571,Fixed Deposit,2022-03-06,Active
15662571,Mutual Fund,2023-03-04,Active
15606849,Loan,2023-08-27,Inactive
15670738,Insurance,2023-03-14,Active
15670738,Fixed Deposit,2022-12-01,Active
15670738,Credit Card,2022-08-10,Inactive
15662641,Fixed Deposit,2023-01-07,Active
15662641,Credit Card,2022-10-10,Active
15727539,Credit Card,2022-09-19,Active
15727539,Insurance,2023-10-29,Inactive
15651020,Credit Card,2022-09-17,Inactive
15673877,Insurance,2023-08-16,Active
15673877,Mutual Fund,2022-07-15,Active
15760865,Credit Card,2022-03-24,Inactive
15760865,Insurance,2022-02-27,Active
15760865,Mutual Fund,2023-11-03,Active
15705009,Loan,2022-10-06,Active
15705009,Mutual Fund,2022-12-13,Active
15657540,Mutual Fund,2023-12-02,Active
15657540,Loan,2023-02-15,Active
15707441,Fixed Deposit,2023-08-04,Active
15707441,Mutual Fund,2023-10-23,Active
15707441,Loan,2022-03-12,Active
15694765,Mutual Fund,2023-11-27,Active
15649086,Fixed Deposit,2023-08-28,Active
15650488,Credit Card,2023-02-07,Active
15760924,Fixed Deposit,2022-04-14,Inactive
15760924,Credit Card,2023-10-29,Active
15700263,Insurance,2023-12-23,Active
15806922,Insurance,2023-03-07,Active
15637522,Fixed Deposit,2022-10-13,Active
15637522,Loan,2023-02-01,Inactive
15637522,Mutual Fund,2022-09-26,Active
15636548,Mutual Fund,2023-08-26,Active
15566891,Loan,2023-12-18,Inactive
15566891,Mutual Fund,2022-07-30,Active
15627185,Insurance,2023-06-05,Active
15627185,Credit Card,2022-08-05,Active
15754012,Credit Card,2023-03-19,Active
15627514,Fixed Deposit,2022-11-17,Active
15627514,Mutual Fund,2023-07-21,Inactive
15661433,Mutual Fund,2023-01-14,Active
15661433,Insurance,2022-10-01,Inactive
15610653,Credit Card,2023-02-24,Active
15610653,Loan,2023-12-27,Active
15610653,Fixed Deposit,2022-08-13,Active
15667002,Credit Card,2023-01-22,Active
15667002,Loan,2023-08-13,Active
15709199,Credit Card,2023-07-08,Active
15709199,Insurance,2023-07-05,Inactive
15709199,Loan,2022-08-25,Active
15710087,Mutual Fund,2022-05-09,Inactive
15679884,Insurance,2023-08-13,Active
15679884,Mutual Fund,2022-05-01,Active
15679884,Fixed Deposit,2023-10-18,Active
15784180,Fixed Deposit,2023-08-22,Active
15784180,Credit Card,2022-05-24,Active
15784180,Loan,2022-01-30,Active
15808849,Mutual Fund,2022-10-29,Active
15808849,Fixed Deposit,2023-03-02,Active
15751549,Mutual Fund,2022-06-13,Active
15751549,Loan,2023-06-05,Active
15751549,Credit Card,2023-11-04,Active
15588235,Loan,2023-05-02,Inactive
15588235,Insurance,2023-01-20,Active
15640418,Credit Card,2023-01-07,Active
15640418,Mutual Fund,2022-04-28,Active
15721116,Fixed Deposit,2022-12-22,Active
15721116,Insurance,2022-01-18,Active
15721116,Credit Card,2023-11-04,Active
15599084,Mutual Fund,2023-07-16,Active
15773394,Fixed Deposit,2023-07-23,Active
15625713,Loan,2023-07-11,Active
15766417,Loan,2022-09-24,Active
15766417,Mutual Fund,2023-10-31,Active
15766417,Fixed Deposit,2022-06-01,Active
15622578,Insurance,2022-06-18,Active
15622578,Fixed Deposit,2023-11-16,Active
15799924,Fixed Deposit,2023-12-29,Active
15799924,Mutual Fund,2023-10-28,Active
15799924,Loan,2023-01-12,Active
15618363,Fixed Deposit,2023-07-04,Active
15618363,Loan,2022-08-19,Inactive
15637138,Mutual Fund,2023-12-10,Active
15637138,Insurance,2022-02-28,Inactive
15637138,Credit Card,2022-11-22,Active
15781665,Insurance,2023-02-18,Active
15804853,Loan,2023-03-06,Active
15804853,Credit Card,2022-02-20,Inactive
15651627,Insurance,2023-07-10,Active
15680685,Fixed Deposit,2022-01-04,Active
15808930,Credit Card,2023-09-20,Active
15808930,Insurance,2022-06-16,Inactive
15570970,Mutual Fund,2022-01-25,Active
15679961,Fixed Deposit,2023-06-01,Active
15705458,Fixed Deposit,2022-03-05,Active
15750396,Credit Card,2023-06-27,Active
15750396,Fixed Deposit,2023-03-03,Inactive
15679928,Mutual Fund,2023-10-24,Active
15679928,Credit Card,2023-11-04,Active
15679928,Insurance,2023-08-26,Active
15711181,Credit Card,2022-05-10,Active
15698324,Fixed Deposit,2022-10-24,Active
15807433,Insurance,2023-04-29,Active
15807433,Mutual Fund,2023-07-15,Active
15807433,Loan,2023-05-26,Active
15636590,Credit Card,2022-04-26,Inactive
15636590,Fixed Deposit,2022-06-13,Inactive
15628950,Mutual Fund,2022-09-05,Active
15628950,Fixed Deposit,2022-02-06,Active
15628950,Loan,2023-01-02,Active
15617206,Mutual Fund,2023-01-31,Active
15603741,Mutual Fund,2023-08-03,Active
15603741,Credit Card,2023-02-25,Active
15603741,Fixed Deposit,2023-01-14,Active
15742607,Fixed Deposit,2022-03-16,Active
15747821,Fixed Deposit,2023-03-15,Active
15747821,Insurance,2023-09-21,Active
15612043,Fixed Deposit,2022-02-04,Inactive
15809558,Loan,2022-06-23,Active
15809558,Mutual Fund,2023-09-05,Active
15803750,Mutual Fund,2022-02-09,Active
15704681,Mutual Fund,2023-08-09,Inactive
15704681,Credit Card,2022-04-29,Active
15704681,Insurance,2022-09-30,Inactive
15667392,Insurance,2022-10-28,Active
15738889,Fixed Deposit,2023-09-17,Active
15598838,Credit Card,2023-02-12,Active
15579109,Mutual Fund,2023-06-22,Active
15799042,Mutual Fund,2022-05-18,Active
15697042,Fixed Deposit,2023-12-20,Active
15697042,Loan,2023-01-24,Active
15696605,Mutual Fund,2022-11-23,Active
15696605,Loan,2023-02-10,Active
15696605,Insurance,2022-11-27,Active
15802274,Loan,2023-05-03,Active
15802274,Fixed Deposit,2022-09-01,Active
15802274,Insurance,2022-04-17,Active
15596808,Fixed Deposit,2023-01-15,Inactive
15596808,Loan,2023-06-18,Inactive
15705403,Loan,2022-06-07,Active
15705403,Insurance,2022-08-25,Active
15732903,Mutual Fund,2023-10-25,Inactive
15732903,Insurance,2022-02-14,Active
15732903,Credit Card,2022-04-27,Active
15581968,Loan,2023-01-20,Active
15581968,Fixed Deposit,2022-08-15,Active
15581968,Credit Card,2022-06-15,Active
15683892,Credit Card,2022-07-06,Inactive
15595447,Mutual Fund,2023-05-08,Active
15595447,Insurance,2023-11-04,Active
15595447,Loan,2023-12-29,Active
15569249,Loan,2022-06-26,Active
15569249,Credit Card,2022-05-15,Active
15569249,Insurance,2023-07-11,Active
15656188,Mutual Fund,2022-09-01,Active
15689661,Loan,2023-10-04,Active
15689661,Fixed Deposit,2023-09-16,Active
15644934,Loan,2022-02-13,Active
15644934,Insurance,2022-03-01,Active
15644934,Mutual Fund,2023-11-11,Active
15721793,Credit Card,2022-01-17,Active
15721793,Loan,2023-04-21,Active
15721793,Insurance,2023-07-25,Active
15687413,Credit Card,2023-11-19,Inactive
15687413,Insurance,2023-03-14,Active
15761286,Insurance,2023-10-12,Active
15761286,Loan,2022-06-25,Active
15658240,Insurance,2022-05-14,Inactive
15658240,Credit Card,2022-11-25,Active
15706232,Fixed Deposit,2022-02-25,Active
15706232,Mutual Fund,2022-09-15,Active
15583394,Mutual Fund,2023-03-24,Active
15583394,Fixed Deposit,2022-02-25,Active
15715643,Loan,2022-01-05,Active
15715643,Fixed Deposit,2022-03-24,Active
15644856,Loan,2022-10-18,Active
15785488,Insurance,2023-04-16,Inactive
15711571,Insurance,2023-12-13,Active
15711571,Credit Card,2023-08-25,Active
15711571,Loan,2022-08-18,Active
15778604,Loan,2022-05-29,Active
15778604,Mutual Fund,2023-12-23,Active
15751180,Loan,2022-05-08,Active
15748360,Loan,2023-12-17,Active
15748360,Mutual Fund,2023-04-09,Active
15748360,Insurance,2023-03-19,Active
15770039,Loan,2023-05-24,Inactive
15770039,Insurance,2023-08-12,Active
15685096,Loan,2023-08-21,Inactive
15685096,Mutual Fund,2023-06-30,Active
15685096,Fixed Deposit,2022-09-20,Active
15669501,Insurance,2022-06-26,Inactive
15669501,Fixed Deposit,2023-10-14,Inactive
15669501,Mutual Fund,2022-07-05,Active
15622631,Insurance,2023-06-06,Active
15622631,Fixed Deposit,2023-06-15,Active
15586699,Credit Card,2022-02-20,Inactive
15586699,Mutual Fund,2022-04-07,Active
15702377,Credit Card,2022-08-23,Active
15577170,Mutual Fund,2023-09-22,Active
15577170,Credit Card,2022-11-13,Active
15577170,Loan,2023-05-29,Inactive
15769451,Fixed Deposit,2022-12-16,Active
15811877,Mutual Fund,2022-06-20,Active
15811877,Credit Card,2023-01-07,Active
15648725,Loan,2023-04-27,Active
15648725,Credit Card,2022-02-14,Inactive
15752801,Mutual Fund,2022-11-08,Active
15752801,Fixed Deposit,2023-10-14,Active
15808175,Credit Card,2023-03-24,Active
15808175,Insurance,2022-05-13,Active
15808175,Loan,2023-12-06,Active
15681342,Credit Card,2022-03-05,Active
15589210,Loan,2023-12-19,Active
15589210,Insurance,2023-05-13,Inactive
15696826,Loan,2023-10-01,Active
15696826,Mutual Fund,2023-10-06,Active
15614962,Fixed Deposit,2022-07-09,Active
15614962,Insurance,2023-02-04,Active
15689061,Mutual Fund,2022-07-06,Active
15689061,Loan,2023-12-27,Inactive
15640074,Credit Card,2023-05-02,Active
15776156,Insurance,2023-01-23,Active
15776156,Credit Card,2022-09-17,Active
15776156,Loan,2022-08-17,Active
15739548,Loan,2022-07-15,Active
15739548,Credit Card,2023-04-03,Inactive
15739548,Mutual Fund,2022-02-22,Active
15662854,Fixed Deposit,2023-07-18,Active
15687688,Insurance,2023-11-24,Active
15687688,Credit Card,2022-01-04,Active
15687688,Mutual Fund,2023-11-19,Active
15715750,Fixed Deposit,2023-02-15,Active
15715750,Insurance,2023-04-06,Active
15715750,Mutual Fund,2023-11-08,Active
15571121,Mutual Fund,2022-03-23,Inactive
15571121,Loan,2022-09-27,Active
15571121,Credit Card,2023-12-21,Active
15726466,Fixed Deposit,2023-03-04,Active
15726466,Loan,2022-05-23,Active
15726466,Credit Card,2023-03-30,Inactive
15660390,Insurance,2022-12-03,Active
15660390,Credit Card,2022-10-25,Active
15660390,Fixed Deposit,2023-12-31,Active
15663942,Loan,2023-07-31,Inactive
15638610,Loan,2022-11-04,Active
15638610,Credit Card,2023-06-12,Active
15644446,Mutual Fund,2023-08-24,Active
15585892,Loan,2023-08-26,Active
15609356,Insurance,2023-07-16,Active
15803378,Loan,2023-07-12,Inactive
15599440,Fixed Deposit,2023-07-18,Active
15599440,Credit Card,2023-05-29,Active
15692408,Credit Card,2023-11-01,Active
15683168,Credit Card,2023-02-06,Active
15683168,Mutual Fund,2022-04-10,Inactive
15683168,Fixed Deposit,2022-05-16,Active
15790254,Credit Card,2022-08-03,Active
15790254,Mutual Fund,2022-08-21,Inactive
15790254,Insurance,2023-08-28,Active
15767729,Credit Card,2022-01-25,Active
15768600,Fixed Deposit,2023-01-11,Active
15768600,Loan,2023-08-29,Active
15768600,Mutual Fund,2023-10-15,Active
15699839,Loan,2022-01-04,Active
15699839,Insurance,2023-04-22,Active
15786237,Mutual Fund,2023-01-23,Inactive
15786237,Insurance,2023-12-09,Active
15694530,Loan,2022-03-24,Active
15796813,Loan,2023-05-25,Active
15605791,Credit Card,2022-01-10,Active
15605791,Insurance,2023-09-25,Inactive
15605791,Fixed Deposit,2023-03-11,Active
15714087,Loan,2023-01-17,Active
15714087,Mutual Fund,2022-10-10,Active
15711446,Insurance,2023-11-14,Active
15711446,Credit Card,2023-11-06,Active
15588123,Fixed Deposit,2023-06-05,Active
15748552,Fixed Deposit,2023-07-31,Active
15748552,Credit Card,2023-11-28,Active
15748552,Loan,2023-11-03,Active
15618410,Loan,2022-07-26,Active
15618410,Fixed Deposit,2022-04-13,Active
15618410,Insurance,2023-11-07,Active
15672432,Fixed Deposit,2022-12-29,Active
15610042,Mutual Fund,2023-10-29,Active
15610042,Fixed Deposit,2022-12-13,Active
15580914,Fixed Deposit,2023-07-24,Active
15580914,Credit Card,2022-11-17,Inactive
15580914,Loan,2023-07-27,Active
15583680,Mutual Fund,2023-10-10,Active
15813718,Credit Card,2023-07-28,Inactive
15767264,Mutual Fund,2022-08-04,Active
15767264,Insurance,2023-01-10,Active
15686461,Mutual Fund,2023-09-06,Active
15678882,Mutual Fund,2022-07-09,Inactive
15678882,Credit Card,2022-11-10,Active
15678882,Loan,2023-03-08,Active
15789611,Mutual Fund,2023-07-17,Active
15668679,Credit Card,2023-02-02,Active
15668679,Loan,2022-10-29,Active
15668679,Insurance,2023-07-12,Active
15631685,Mutual Fund,2023-04-03,Active
15631685,Fixed Deposit,2022-03-31,Inactive
15655658,Loan,2022-09-07,Active
15655658,Mutual Fund,2023-12-08,Inactive
15655658,Credit Card,2023-05-24,Active
15753591,Insurance,2023-06-02,Active
15753591,Loan,2022-05-12,Inactive
15617348,Fixed Deposit,2022-03-16,Inactive
15617348,Loan,2022-02-05,Active
15704581,Fixed Deposit,2023-08-31,Active
15704581,Mutual Fund,2022-05-13,Active
15738487,Fixed Deposit,2022-08-02,Active
15648069,Fixed Deposit,2023-08-30,Inactive
15737627,Fixed Deposit,2022-09-20,Active
15731586,Mutual Fund,2023-05-07,Inactive
15757467,Loan,2022-08-05,Active
15757467,Insurance,2022-04-10,Active
15757467,Credit Card,2022-02-13,Active
15597709,Insurance,2023-05-21,Active
15597709,Mutual Fund,2023-04-16,Active
15597709,Credit Card,2023-05-07,Active
15720529,Fixed Deposit,2023-08-25,Active
15720529,Credit Card,2022-12-27,Inactive
15596797,Fixed Deposit,2023-12-06,Active
15596797,Insurance,2023-01-17,Active
15681755,Mutual Fund,2023-08-29,Active
15681755,Fixed Deposit,2022-04-03,Inactive
15681755,Insurance,2023-07-16,Active
15815271,Insurance,2022-12-07,Inactive
15682860,Credit Card,2022-01-14,Active
15682860,Insurance,2023-12-28,Active
15621546,Insurance,2023-04-11,Active
15621546,Credit Card,2022-01-04,Active
15621546,Fixed Deposit,2022-03-23,Active
15705918,Loan,2023-02-02,Active
15684512,Insurance,2022-09-12,Active
15684512,Fixed Deposit,2023-09-07,Active
15684512,Loan,2022-09-30,Active
15671769,Insurance,2023-01-29,Active
15671769,Fixed Deposit,2022-05-23,Active
15671769,Mutual Fund,2022-09-11,Active
15642934,Mutual Fund,2022-04-12,Active
15594305,Mutual Fund,2023-07-30,Active
15594305,Loan,2023-03-15,Active
15594305,Fixed Deposit,2023-08-01,Inactive
15789201,Fixed Deposit,2022-12-01,Active
15789201,Insurance,2023-06-18,Active
15789201,Loan,2022-11-16,Active
15706762,Mutual Fund,2022-04-21,Active
15766183,Mutual Fund,2023-08-18,Active
15766183,Credit Card,2023-05-05,Active
15766183,Loan,2023-06-08,Active
15777994,Mutual Fund,2022-03-17,Active
15777994,Fixed Deposit,2022-10-27,Active
15568162,Credit Card,2022-05-06,Active
15568162,Insurance,2023-07-12,Active
15568162,Loan,2023-12-18,Active
15680643,Insurance,2022-05-23,Active
15761854,Fixed Deposit,2023-06-12,Active
15761854,Insurance,2023-05-03,Active
15730793,Credit Card,2023-07-25,Active
15692137,Fixed Deposit,2022-01-20,Active
15692137,Credit Card,2022-07-16,Inactive
15608595,Loan,2022-08-30,Active
15608595,Mutual Fund,2023-06-20,Active
15608595,Credit Card,2022-01-01,Inactive
15709459,Fixed Deposit,2022-03-02,Active
15709459,Loan,2023-12-28,Active
15775750,Credit Card,2023-04-16,Active
15775750,Loan,2023-05-18,Active
15585855,Mutual Fund,2023-10-12,Active
15585855,Fixed Deposit,2023-03-26,Active
15585855,Credit Card,2023-06-28,Active
15752139,Insurance,2022-05-20,Active
15752139,Credit Card,2023-12-30,Active
15752139,Fixed Deposit,2023-01-05,Inactive
15768295,Credit Card,2022-08-15,Active
15768295,Loan,2022-05-26,Active
15768295,Mutual Fund,2022-03-20,Active
15766906,Insurance,2023-01-09,Active
15766906,Loan,2022-10-04,Inactive
15725776,Mutual Fund,2022-11-09,Active
15725776,Credit Card,2023-06-03,Active
15725776,Fixed Deposit,2023-06-13,Active
15682576,Loan,2023-04-03,Active
15704081,Mutual Fund,2022-08-09,Active
15719940,Insurance,2022-09-07,Inactive
15719940,Loan,2022-02-17,Active
15719940,Fixed Deposit,2022-12-18,Inactive
15672894,Loan,2023-04-13,Active
15667451,Credit Card,2023-11-01,Active
15667451,Mutual Fund,2023-12-24,Active
15667451,Insurance,2023-11-03,Active
15636767,Fixed Deposit,2023-11-26,Active
15636767,Insurance,2023-11-09,Active
15571415,Mutual Fund,2022-05-22,Active
15571415,Insurance,2022-01-15,Active
15571415,Credit Card,2023-07-25,Active
15575605,Credit Card,2023-07-06,Inactive
15649160,Mutual Fund,2023-03-05,Active
15649160,Credit Card,2022-03-03,Active
15615832,Loan,2022-11-07,Active
15615832,Credit Card,2023-01-20,Active
15600975,Credit Card,2022-10-29,Active
15600975,Fixed Deposit,2023-06-07,Active
15690772,Mutual Fund,2022-03-25,Active
15690772,Credit Card,2022-11-19,Active
15565714,Fixed Deposit,2022-11-30,Active
15763108,Credit Card,2022-12-17,Active
15763108,Insurance,2022-10-10,Active
15763108,Mutual Fund,2023-11-17,Active
15723884,Insurance,2023-12-29,Active
15723884,Mutual Fund,2022-08-04,Active
15644453,Insurance,2023-10-01,Active
15644453,Mutual Fund,2023-05-22,Active
15655464,Fixed Deposit,2022-09-26,Active
15783883,Insurance,2023-08-23,Active
15783883,Fixed Deposit,2022-10-22,Active
15787693,Credit Card,2023-07-14,Inactive
15787693,Loan,2023-06-30,Active
15664793,Fixed Deposit,2023-10-17,Active
15664793,Mutual Fund,2022-09-11,Inactive
15642391,Mutual Fund,2023-08-02,Active
15642391,Fixed Deposit,2022-10-09,Active
15642391,Insurance,2023-11-02,Active
15756538,Credit Card,2022-11-06,Active
15756538,Mutual Fund,2023-07-27,Active
15756538,Fixed Deposit,2022-03-11,Inactive
15668830,Credit Card,2023-09-30,Inactive
15668830,Mutual Fund,2022-06-17,Active
15796569,Loan,2022-10-30,Active
15796569,Credit Card,2023-03-14,Inactive
15796569,Mutual Fund,2023-02-14,Active
15677112,Credit Card,2022-08-07,Active
15815040,Fixed Deposit,2023-09-30,Inactive
15815040,Mutual Fund,2023-02-04,Active
15590434,Insurance,2023-01-06,Active
15590434,Fixed Deposit,2022-03-29,Active
15590434,Loan,2022-12-30,Active
15597536,Credit Card,2023-07-25,Active
15597536,Mutual Fund,2023-06-18,Active
15723989,Fixed Deposit,2022-06-22,Active
15767358,Loan,2023-05-21,Active
15594812,Fixed Deposit,2023-11-08,Active
15594812,Insurance,2023-04-01,Active
15594812,Loan,2022-03-31,Inactive
15688210,Fixed Deposit,2022-04-06,Active
15688210,Insurance,2023-08-14,Inactive
15681509,Insurance,2023-08-07,Inactive
15681509,Fixed Deposit,2022-09-30,Active
15572390,Loan,2023-10-20,Inactive
15801441,Fixed Deposit,2022-11-22,Active
15801441,Loan,2023-05-03,Active
15801441,Mutual Fund,2023-05-23,Inactive
15783859,Insurance,2023-11-28,Active
15575243,Credit Card,2023-10-23,Active
15575243,Fixed Deposit,2022-10-30,Active
15773421,Mutual Fund,2022-04-01,Inactive
15788776,Credit Card,2022-01-26,Active
15788776,Fixed Deposit,2023-03-03,Active
15765257,Mutual Fund,2023-09-18,Inactive
15661412,Loan,2022-01-30,Active
15661412,Credit Card,2023-06-27,Active
15661412,Mutual Fund,2022-05-25,Inactive
15636478,Credit Card,2023-10-15,Active
15636478,Mutual Fund,2022-11-23,Inactive
15636478,Fixed Deposit,2022-10-23,Active
15603683,Loan,2022-05-06,Active
15603683,Credit Card,2022-08-25,Active
15651868,Mutual Fund,2022-01-22,Active
15815443,Loan,2023-03-29,Active
15815443,Fixed Deposit,2023-08-11,Inactive
15815443,Credit Card,2022-06-24,Active
15682686,Loan,2022-07-20,Active
15697460,Insurance,2023-02-06,Active
15697460,Fixed Deposit,2022-12-03,Active
15697460,Loan,2022-08-09,Active
15748432,Loan,2023-01-13,Inactive
15748432,Mutual Fund,2023-02-15,Active
15748432,Insurance,2023-10-21,Active
15698271,Mutual Fund,2023-09-04,Active
15808662,Mutual Fund,2023-09-21,Active
15808662,Credit Card,2023-03-25,Active
15690372,Fixed Deposit,2023-01-01,Active
15690372,Mutual Fund,2022-02-28,Active
15781875,Fixed Deposit,2023-08-20,Inactive
15781875,Insurance,2022-09-19,Inactive
15801473,Insurance,2023-11-29,Active
15801473,Mutual Fund,2023-07-30,Active
15801473,Fixed Deposit,2022-01-21,Inactive
15704509,Fixed Deposit,2023-07-23,Active
15694666,Insurance,2022-02-01,Inactive
15694666,Fixed Deposit,2022-08-02,Inactive
15694666,Mutual Fund,2022-05-29,Active
15731166,Loan,2023-06-11,Active
15728523,Loan,2022-11-27,Active
15788442,Mutual Fund,2023-03-22,Active
15788442,Loan,2023-04-02,Active
15788442,Credit Card,2022-05-26,Active
15689781,Loan,2023-08-05,Active
15689781,Mutual Fund,2023-05-18,Active
15689781,Fixed Deposit,2023-04-12,Active
15764226,Fixed Deposit,2022-08-16,Inactive
15809837,Mutual Fund,2022-05-25,Active
15809837,Credit Card,2022-02-26,Inactive
15805212,Loan,2022-01-12,Active
15716082,Credit Card,2023-11-25,Inactive
15643056,Fixed Deposit,2022-06-02,Inactive
15643056,Insurance,2022-06-17,Active
15654859,Fixed Deposit,2023-09-04,Active
15654859,Insurance,2023-11-17,Active
15654859,Mutual Fund,2023-09-02,Active
15761158,Insurance,2022-03-29,Active
15577515,Credit Card,2023-06-22,Active
15723827,Mutual Fund,2023-01-08,Active
15646594,Loan,2023-10-25,Active
15646594,Fixed Deposit,2022-03-13,Active
15646594,Credit Card,2023-10-12,Inactive
15712877,Loan,2022-06-27,Active
15712877,Mutual Fund,2023-12-14,Inactive
15598802,Insurance,2023-11-16,Active
15598802,Mutual Fund,2022-04-06,Active
15699340,Fixed Deposit,2022-04-01,Inactive
15699340,Loan,2023-09-29,Inactive
15691150,Loan,2022-08-09,Active
15691150,Credit Card,2022-06-27,Active
15608688,Mutual Fund,2022-02-18,Active
15737998,Credit Card,2022-02-01,Inactive
15735837,Credit Card,2023-11-02,Inactive
15659100,Credit Card,2022-02-15,Active
15659100,Loan,2022-12-31,Active
15609070,Insurance,2022-06-08,Active
15609070,Fixed Deposit,2023-06-09,Inactive
15609070,Mutual Fund,2022-09-24,Active
15650313,Loan,2022-04-25,Active
15650313,Insurance,2022-01-21,Active
15627699,Fixed Deposit,2023-09-12,Inactive
15627699,Insurance,2023-10-16,Inactive
15591010,Mutual Fund,2022-07-12,Active
15591010,Fixed Deposit,2023-03-02,Active
15798895,Mutual Fund,2023-07-30,Active
15745375,Insurance,2023-10-13,Active
15745375,Loan,2023-07-12,Active
15745375,Fixed Deposit,2022-11-03,Inactive
15775235,Mutual Fund,2022-03-22,Inactive
15780088,Credit Card,2022-10-16,Active
15780088,Insurance,2022-12-18,Active
15780088,Fixed Deposit,2022-04-26,Inactive
15649379,Loan,2023-10-31,Active
15649379,Fixed Deposit,2023-04-17,Inactive
15649379,Insurance,2023-06-18,Active
15713983,Fixed Deposit,2023-09-21,Active
15713983,Insurance,2022-04-10,Active
15709252,Loan,2023-03-11,Inactive
15709252,Insurance,2023-08-28,Active
15709252,Credit Card,2023-11-01,Active
15699238,Mutual Fund,2023-07-19,Active
15732884,Mutual Fund,2022-08-09,Active
15732884,Loan,2022-09-11,Active
15732884,Credit Card,2023-12-17,Active
15587297,Loan,2023-11-02,Active
15587297,Insurance,2022-05-24,Active
15587297,Mutual Fund,2022-06-23,Active
15684722,Insurance,2022-03-12,Active
15684722,Fixed Deposit,2023-08-04,Inactive
15621244,Mutual Fund,2023-11-03,Active
15621244,Fixed Deposit,2022-09-15,Active
15744273,Insurance,2022-09-09,Inactive
15744273,Credit Card,2023-12-18,Active
15744273,Loan,2022-10-15,Inactive
15682540,Fixed Deposit,2022-01-18,Inactive
15636521,Mutual Fund,2022-08-24,Active
15785339,Insurance,2022-03-15,Active
15785339,Mutual Fund,2022-08-09,Active
15785339,Credit Card,2023-07-18,Active
15638983,Mutual Fund,2023-11-08,Active
15654625,Loan,2023-11-30,Active
15654625,Mutual Fund,2023-10-12,Active
15697310,Mutual Fund,2022-04-04,Active
15697310,Credit Card,2022-07-21,Active
15697310,Fixed Deposit,2022-11-20,Active
15678210,Fixed Deposit,2023-02-07,Active
15575438,Fixed Deposit,2022-07-13,Active
15632789,Fixed Deposit,2022-11-11,Active
15621423,Credit Card,2022-06-02,Active
15573520,Fixed Deposit,2022-02-15,Active
15573520,Mutual Fund,2022-02-10,Active
15573520,Credit Card,2022-02-16,Active
15740458,Fixed Deposit,2022-11-27,Active
15740458,Loan,2023-03-27,Inactive
15762799,Mutual Fund,2023-05-29,Inactive
15686885,Insurance,2022-08-08,Active
15686885,Credit Card,2022-05-25,Active
15686885,Mutual Fund,2023-09-09,Active
15565996,Insurance,2023-08-09,Active
15662152,Insurance,2023-08-30,Active
15662152,Mutual Fund,2023-08-09,Active
15662152,Credit Card,2022-05-05,Active
15711742,Credit Card,2023-06-21,Active
15711742,Loan,2023-01-14,Inactive
15711742,Mutual Fund,2022-01-12,Inactive
15701885,Loan,2023-11-01,Inactive
15701885,Fixed Deposit,2022-10-26,Active
15774262,Mutual Fund,2023-03-28,Active
15567839,Mutual Fund,2023-06-16,Active
15567839,Fixed Deposit,2022-05-31,Active
15567839,Insurance,2022-06-11,Active
15644400,Credit Card,2023-06-07,Active
15644400,Fixed Deposit,2022-10-18,Active
15644400,Loan,2022-06-10,Active
15797246,Mutual Fund,2023-03-18,Inactive
15797246,Credit Card,2022-03-09,Active
15778290,Credit Card,2022-08-06,Inactive
15778290,Loan,2023-07-26,Active
15708714,Fixed Deposit,2022-02-28,Active
15708714,Loan,2023-03-07,Active
15586183,Credit Card,2022-02-19,Active
15761733,Loan,2022-03-23,Active
15773934,Credit Card,2022-06-27,Active
15773934,Loan,2022-10-13,Active
15705343,Mutual Fund,2023-05-23,Active
15705343,Loan,2022-11-27,Inactive
15705343,Insurance,2022-08-11,Inactive
15593959,Fixed Deposit,2022-05-14,Active
15664615,Insurance,2023-07-28,Inactive
15664615,Credit Card,2022-02-25,Active
15664615,Fixed Deposit,2023-09-15,Active
15671014,Loan,2023-04-23,Active
15671014,Fixed Deposit,2023-02-04,Active
15657778,Insurance,2023-09-29,Active
15657778,Fixed Deposit,2022-12-18,Active
15657778,Credit Card,2022-07-22,Active
15585192,Insurance,2022-07-07,Active
15592914,Fixed Deposit,2023-07-29,Active
15770995,Fixed Deposit,2022-08-19,Inactive
15770995,Mutual Fund,2023-11-17,Active
15770995,Loan,2023-10-02,Active
15570990,Insurance,2023-02-06,Active
15570990,Mutual Fund,2023-09-25,Active
15570990,Credit Card,2023-03-17,Active
15596165,Credit Card,2022-01-21,Active
15788131,Insurance,2022-07-06,Inactive
15800773,Fixed Deposit,2023-05-23,Active
15690153,Credit Card,2022-03-18,Active
15638989,Fixed Deposit,2022-05-13,Inactive
15638989,Loan,2023-09-01,Active
15638989,Mutual Fund,2022-07-21,Active
15623210,Loan,2022-09-10,Inactive
15652658,Credit Card,2022-01-14,Active
15652658,Loan,2023-02-23,Active
15684440,Mutual Fund,2023-09-27,Active
15730287,Mutual Fund,2022-08-16,Active
15730287,Credit Card,2022-04-17,Active
15720353,Credit Card,2022-01-05,Inactive
15767231,Loan,2022-03-18,Active
15767231,Mutual Fund,2023-04-03,Active
15761554,Insurance,2022-06-05,Active
15761554,Credit Card,2022-09-09,Active
15761554,Loan,2023-01-21,Inactive
15706637,Mutual Fund,2023-04-07,Active
15706637,Insurance,2022-05-02,Active
15706637,Fixed Deposit,2023-01-31,Active
15690492,Credit Card,2022-07-27,Active
15690492,Mutual Fund,2023-06-02,Active
15690492,Fixed Deposit,2022-03-12,Inactive
15694237,Loan,2022-10-05,Active
15694237,Credit Card,2022-02-28,Active
15729771,Fixed Deposit,2022-04-06,Active
15609823,Fixed Deposit,2022-04-04,Active
15609823,Loan,2023-04-01,Active
15793366,Insurance,2022-08-28,Active
15614813,Fixed Deposit,2023-02-17,Active
15614813,Insurance,2022-04-12,Active
15566495,Loan,2023-05-24,Active
15707602,Mutual Fund,2023-02-07,Inactive
15707602,Insurance,2023-05-15,Active
15635244,Mutual Fund,2022-07-28,Active
15805627,Mutual Fund,2023-02-02,Active
15805627,Insurance,2023-12-18,Inactive
15805627,Loan,2022-12-09,Active
15607986,Mutual Fund,2022-01-06,Active
15607986,Insurance,2022-01-31,Active
15607986,Fixed Deposit,2022-09-15,Active
15799785,Credit Card,2023-07-11,Inactive
15699963,Credit Card,2023-08-29,Active
15624595,Insurance,2023-08-18,Inactive
15629750,Credit Card,2022-07-02,Inactive
15629750,Loan,2022-05-26,Active
15629750,Fixed Deposit,2023-04-23,Active
15651460,Loan,2022-02-11,Active
15651460,Mutual Fund,2022-04-30,Active
15651460,Insurance,2023-04-12,Active
15753550,Credit Card,2023-04-27,Inactive
15753550,Loan,2022-12-12,Active
15753550,Insurance,2023-12-14,Active
15594133,Insurance,2022-08-03,Active
15594133,Credit Card,2022-05-26,Inactive
15772329,Fixed Deposit,2022-06-17,Active
15772329,Loan,2022-08-17,Active
15772329,Mutual Fund,2023-08-25,Active
15591552,Fixed Deposit,2023-02-15,Inactive
15750921,Mutual Fund,2022-07-31,Active
15750921,Insurance,2022-07-29,Active
15701687,Fixed Deposit,2023-06-28,Active
15701687,Credit Card,2022-02-02,Inactive
15701687,Insurance,2023-05-06,Active
15728906,Insurance,2022-10-22,Active
15728906,Loan,2023-08-23,Active
15670029,Credit Card,2023-04-12,Active
15670029,Fixed Deposit,2022-04-23,Active
15670029,Loan,2023-02-23,Active
15763579,Mutual Fund,2022-10-27,Active
15728010,Loan,2022-02-22,Inactive
15663194,Loan,2023-11-01,Active
15663194,Insurance,2023-03-24,Inactive
15736510,Credit Card,2023-06-09,Active
15736510,Mutual Fund,2023-02-12,Active
15745804,Credit Card,2023-06-27,Active
15745804,Mutual Fund,2022-01-02,Active
15631451,Mutual Fund,2023-03-19,Inactive
15746995,Mutual Fund,2023-03-26,Active
15746995,Insurance,2023-10-07,Active
15730673,Insurance,2023-09-18,Active
15734649,Loan,2022-04-20,Active
15701081,Loan,2023-10-22,Active
15632503,Credit Card,2023-02-28,Active
15632503,Fixed Deposit,2023-04-16,Active
15632503,Loan,2023-07-03,Active
15585928,Loan,2022-10-27,Active
15648681,Fixed Deposit,2022-12-25,Active
15747757,Loan,2023-12-17,Active
15747757,Fixed Deposit,2023-03-31,Inactive
15718921,Fixed Deposit,2022-04-25,Inactive
15718921,Insurance,2022-12-21,Inactive
15718921,Loan,2022-09-26,Active
15571081,Loan,2022-12-24,Active
15571081,Mutual Fund,2022-11-15,Active
15734578,Mutual Fund,2023-05-11,Active
15734578,Fixed Deposit,2023-03-08,Active
15734578,Credit Card,2022-09-09,Active
15579583,Credit Card,2022-08-23,Inactive
15579583,Loan,2022-12-12,Inactive
15622729,Insurance,2022-03-11,Active
15662189,Mutual Fund,2022-06-28,Active
15662189,Credit Card,2023-07-11,Active
15692718,Loan,2023-01-03,Active
15762716,Credit Card,2022-12-20,Active
15724851,Credit Card,2023-09-06,Active
15587266,Credit Card,2023-01-14,Active
15587266,Insurance,2023-11-20,Inactive
15675926,Loan,2022-05-30,Active
15675926,Insurance,2022-10-20,Active
15675926,Fixed Deposit,2022-12-03,Inactive
15706268,Insurance,2023-08-11,Active
15706268,Credit Card,2023-12-12,Inactive
15581871,Fixed Deposit,2022-03-19,Active
15581871,Loan,2023-09-15,Inactive
15666166,Insurance,2022-04-05,Active
15671582,Insurance,2022-10-11,Active
15671582,Loan,2022-04-21,Active
15680901,Mutual Fund,2023-05-28,Active
15642336,Credit Card,2022-07-04,Active
15653147,Mutual Fund,2022-06-14,Active
15653147,Loan,2022-04-11,Active
15571284,Loan,2022-09-23,Active
15571284,Insurance,2023-01-31,Inactive
15571284,Mutual Fund,2023-05-29,Inactive
15591360,Fixed Deposit,2023-02-02,Active
15591360,Insurance,2023-09-14,Active
15591360,Loan,2023-10-18,Active
15810485,Insurance,2023-09-20,Active
15611973,Credit Card,2022-06-25,Active
15611973,Loan,2022-11-28,Active
15611973,Fixed Deposit,2022-03-14,Active
15735572,Loan,2023-06-25,Active
15735572,Fixed Deposit,2022-12-18,Active
15567860,Fixed Deposit,2022-02-19,Active
15567860,Mutual Fund,2022-05-22,Active
15567860,Insurance,2023-06-14,Active
15795690,Insurance,2023-02-11,Active
15706464,Loan,2023-12-17,Active
15706464,Credit Card,2023-09-06,Active
15706464,Insurance,2022-10-13,Active
15725028,Fixed Deposit,2023-01-26,Active
15751167,Insurance,2023-05-14,Active
15751167,Loan,2022-06-20,Active
15751167,Mutual Fund,2023-11-03,Active
15633944,Insurance,2023-05-20,Active
15672637,Insurance,2022-10-31,Active
15672637,Fixed Deposit,2022-11-01,Active
15680895,Insurance,2023-11-01,Active
15793825,Credit Card,2023-09-21,Active
15611318,Fixed Deposit,2023-12-20,Active
15768474,Fixed Deposit,2023-06-03,Active
15768474,Credit Card,2022-03-30,Active
15716276,Mutual Fund,2022-02-21,Active
15716276,Loan,2023-01-15,Active
15716276,Fixed Deposit,2023-04-21,Active
15623668,Fixed Deposit,2023-03-03,Active
15696361,Mutual Fund,2022-10-02,Active
15696361,Credit Card,2023-12-10,Active
15607988,Mutual Fund,2023-08-27,Inactive
15607988,Loan,2022-02-13,Active
15607988,Insurance,2023-02-08,Active
15637891,Loan,2023-01-24,Active
15637891,Mutual Fund,2022-09-23,Inactive
15637891,Credit Card,2023-06-04,Inactive
15789865,Insurance,2022-12-26,Active
15627190,Mutual Fund,2022-03-20,Active
15627190,Fixed Deposit,2022-02-23,Active
15627190,Insurance,2022-07-27,Active
15788224,Loan,2022-03-10,Active
15788224,Mutual Fund,2023-01-20,Active
15702149,Mutual Fund,2023-08-29,Active
15702149,Loan,2023-04-19,Active
15702149,Credit Card,2023-04-17,Active
15708236,Credit Card,2022-01-27,Active
15708236,Insurance,2022-11-20,Active
15568469,Loan,2023-12-23,Active
15764444,Insurance,2022-11-10,Active
15764444,Credit Card,2023-04-13,Active
15794204,Loan,2022-12-16,Active
15794204,Credit Card,2023-12-31,Active
15807546,Credit Card,2023-02-21,Active
15782159,Mutual Fund,2023-07-05,Inactive
15782159,Fixed Deposit,2023-07-13,Active
15782159,Credit Card,2023-08-22,Active
15618703,Credit Card,2022-02-05,Active
15618703,Mutual Fund,2022-11-26,Inactive
15618703,Fixed Deposit,2022-10-19,Active
15793317,Credit Card,2023-10-20,Active
15793317,Loan,2022-10-10,Inactive
15740487,Insurance,2023-07-12,Active
15740487,Mutual Fund,2022-11-05,Inactive
15722479,Fixed Deposit,2022-08-22,Active
15722479,Mutual Fund,2022-12-22,Active
15688264,Credit Card,2023-07-14,Active
15688264,Insurance,2022-11-16,Active
15583067,Insurance,2023-02-05,Active
15583067,Credit Card,2022-03-24,Active
15583067,Fixed Deposit,2023-09-03,Active
15686670,Fixed Deposit,2023-06-28,Inactive
15593345,Mutual Fund,2022-01-06,Active
15593345,Credit Card,2022-10-15,Active
15593345,Insurance,2023-09-09,Active
15811690,Mutual Fund,2023-02-25,Active
15734008,Mutual Fund,2023-11-03,Inactive
15734008,Credit Card,2023-05-07,Active
15771856,Mutual Fund,2023-01-12,Active
15771856,Credit Card,2022-06-09,Active
15771856,Fixed Deposit,2022-12-04,Inactive
15762045,Mutual Fund,2023-07-16,Active
15778142,Fixed Deposit,2022-11-08,Active
15689268,Insurance,2022-02-04,Inactive
15721507,Credit Card,2022-12-27,Inactive
15750476,Mutual Fund,2022-01-26,Inactive
15750476,Loan,2023-11-21,Inactive
15750476,Fixed Deposit,2022-07-23,Active
15810723,Credit Card,2022-10-24,Active
15787229,Credit Card,2023-05-23,Active
15787229,Mutual Fund,2022-09-01,Active
15787229,Insurance,2022-05-19,Inactive
15570508,Loan,2023-01-20,Active
15617065,Credit Card,2022-09-04,Active
15689786,Insurance,2023-07-30,Inactive
15689786,Credit Card,2022-09-17,Active
15689786,Mutual Fund,2022-05-19,Active
15648876,Credit Card,2022-06-17,Active
15802106,Insurance,2022-10-06,Active
15802106,Fixed Deposit,2022-08-07,Inactive
15773869,Mutual Fund,2023-02-03,Active
15773869,Credit Card,2022-03-19,Inactive
15773869,Insurance,2022-08-12,Active
15711635,Credit Card,2022-03-31,Active
15795527,Fixed Deposit,2023-05-18,Active
15759133,Insurance,2023-08-30,Active
15679394,Mutual Fund,2022-02-16,Active
15801072,Mutual Fund,2023-05-14,Active
15646082,Credit Card,2023-02-09,Active
15646082,Insurance,2022-01-10,Active
15646082,Fixed Deposit,2023-05-21,Active
15796111,Insurance,2022-08-20,Active
15796111,Fixed Deposit,2022-07-08,Active
15796111,Loan,2022-04-06,Inactive
15670646,Fixed Deposit,2023-12-26,Active
15578722,Mutual Fund,2023-10-13,Inactive
15578722,Loan,2022-11-21,Active
15815095,Credit Card,2023-08-21,Inactive
15815095,Mutual Fund,2023-02-14,Active
15730360,Insurance,2022-08-12,Active
15763194,Mutual Fund,2022-05-08,Active
15720725,Fixed Deposit,2023-10-02,Active
15720725,Insurance,2023-07-31,Active
15720725,Loan,2023-11-19,Active
15567834,Loan,2023-08-22,Active
15567834,Credit Card,2022-05-25,Active
15720644,Mutual Fund,2022-03-25,Active
15720644,Insurance,2023-08-15,Active
15811742,Credit Card,2022-08-26,Active
15811742,Mutual Fund,2022-08-27,Active
15813363,Mutual Fund,2023-01-06,Active
15813363,Loan,2022-09-05,Active
15813363,Insurance,2023-12-05,Active
15717629,Credit Card,2023-02-20,Active
15713160,Insurance,2023-03-05,Active
15713160,Loan,2022-09-19,Active
15713160,Credit Card,2022-05-04,Active
15568878,Insurance,2023-02-08,Active
15809800,Credit Card,2022-08-27,Active
15809800,Loan,2023-11-29,Active
15809800,Mutual Fund,2023-11-12,Inactive
15736420,Credit Card,2023-06-04,Inactive
15736420,Loan,2023-02-02,Active
15736420,Fixed Deposit,2023-05-03,Active
15757933,Loan,2023-10-24,Active
15757933,Credit Card,2023-02-24,Active
15623072,Credit Card,2022-09-01,Inactive
15623072,Mutual Fund,2023-01-18,Active
15623072,Fixed Deposit,2022-01-03,Active
15683993,Loan,2023-05-17,Active
15683993,Insurance,2023-12-30,Active
15683993,Credit Card,2022-03-27,Inactive
15570947,Fixed Deposit,2022-11-26,Active
15797767,Mutual Fund,2023-01-15,Active
15731989,Credit Card,2023-07-15,Active
15731989,Insurance,2023-09-10,Active
15591035,Credit Card,2023-06-18,Inactive
15591035,Mutual Fund,2023-08-05,Inactive
15591035,Insurance,2022-01-19,Active
15586479,Fixed Deposit,2022-05-06,Active
15586479,Mutual Fund,2023-08-24,Active
15605872,Loan,2022-09-22,Inactive
15666012,Credit Card,2022-03-23,Active
15666012,Loan,2022-12-24,Active
15666012,Insurance,2023-05-13,Active
15641733,Fixed Deposit,2022-01-02,Active
15641733,Loan,2023-09-28,Active
15593178,Insurance,2022-08-07,Active
15649183,Loan,2023-01-18,Active
15736399,Loan,2022-06-22,Active
15736399,Fixed Deposit,2022-07-01,Active
15751137,Mutual Fund,2023-10-04,Active
15757188,Mutual Fund,2023-03-15,Active
15757188,Credit Card,2022-12-10,Inactive
15757188,Insurance,2023-05-04,Inactive
15726167,Insurance,2022-09-04,Active
15726167,Mutual Fund,2022-03-30,Inactive
15726167,Loan,2022-10-19,Active
15624850,Insurance,2022-07-10,Active
15717700,Mutual Fund,2023-09-03,Active
15717700,Fixed Deposit,2022-08-10,Inactive
15717700,Credit Card,2023-05-17,Active
15716347,Fixed Deposit,2022-01-29,Active
15716347,Credit Card,2022-08-18,Active
15716347,Mutual Fund,2022-08-08,Active
15696287,Loan,2022-09-26,Active
15696287,Credit Card,2023-09-09,Active
15638871,Fixed Deposit,2022-06-30,Active
15765093,Credit Card,2022-10-05,Active
15592999,Insurance,2022-03-11,Active
15592999,Credit Card,2022-12-17,Active
15641715,Credit Card,2023-04-07,Active
15641715,Insurance,2022-08-16,Active
15641715,Fixed Deposit,2022-03-20,Active
15607746,Credit Card,2023-02-10,Active
15607746,Mutual Fund,2022-09-18,Active
15625311,Loan,2022-12-05,Inactive
15625311,Fixed Deposit,2023-02-27,Inactive
15573077,Insurance,2022-03-09,Active
15735106,Fixed Deposit,2022-09-17,Active
15735106,Mutual Fund,2022-02-13,Active
15672912,Mutual Fund,2022-06-19,Active
15589881,Insurance,2022-12-18,Active
15589881,Fixed Deposit,2022-02-10,Active
15660144,Mutual Fund,2022-11-11,Active
15660144,Loan,2022-06-06,Inactive
15660144,Credit Card,2023-07-05,Active
15664083,Credit Card,2022-10-15,Inactive
15690898,Fixed Deposit,2022-02-10,Active
15808023,Loan,2023-09-08,Active
15676909,Insurance,2022-01-08,Inactive
15676909,Mutual Fund,2022-08-10,Active
15764922,Insurance,2022-08-30,Active
15764922,Fixed Deposit,2022-09-21,Active
15764922,Credit Card,2022-04-22,Active
15766734,Fixed Deposit,2023-04-17,Inactive
15795079,Mutual Fund,2023-06-18,Active
15757434,Credit Card,2022-09-20,Active
15757434,Loan,2023-03-09,Active
15757434,Mutual Fund,2022-03-07,Active
15673747,Loan,2023-06-28,Active
15673747,Credit Card,2023-05-20,Active
15808386,Credit Card,2023-08-31,Active
15808386,Mutual Fund,2022-11-04,Inactive
15808386,Loan,2022-11-03,Active
15603565,Mutual Fund,2023-08-25,Inactive
15603565,Credit Card,2023-12-04,Inactive
15744044,Loan,2022-03-04,Active
15744044,Fixed Deposit,2022-04-16,Active
15744044,Insurance,2022-11-08,Active
15577771,Insurance,2023-08-14,Active
15769548,Credit Card,2022-07-25,Inactive
15769548,Loan,2022-02-15,Inactive
15802071,Fixed Deposit,2022-02-06,Inactive
15802071,Mutual Fund,2022-12-04,Inactive
15677395,Loan,2023-04-06,Inactive
15677395,Insurance,2022-10-07,Inactive
15677395,Credit Card,2022-09-02,Active
15632010,Credit Card,2023-11-04,Active
15779492,Credit Card,2023-07-02,Active
15694677,Credit Card,2023-02-11,Inactive
15694677,Loan,2023-06-03,Active
15694677,Fixed Deposit,2022-06-16,Active
15704315,Insurance,2023-11-19,Active
15704315,Loan,2022-11-21,Active
15704315,Mutual Fund,2023-03-27,Active
15742009,Credit Card,2023-05-16,Active
15742009,Mutual Fund,2022-07-15,Active
15766663,Insurance,2023-10-31,Active
15766663,Loan,2023-03-22,Active
15766663,Credit Card,2022-11-20,Active
15742297,Fixed Deposit,2022-09-02,Inactive
15742297,Insurance,2022-04-16,Active
15688059,Insurance,2022-01-12,Active
15752344,Fixed Deposit,2023-02-22,Inactive
15698749,Mutual Fund,2023-02-04,Active
15698749,Loan,2022-08-16,Active
15698749,Insurance,2023-05-15,Inactive
15631693,Loan,2022-08-15,Active
15604536,Fixed Deposit,2023-07-16,Active
15604536,Insurance,2023-11-15,Active
15604536,Mutual Fund,2022-04-30,Inactive
15802869,Mutual Fund,2022-04-08,Active
15802869,Insurance,2022-03-10,Active
15802869,Loan,2023-03-03,Active
15635598,Loan,2022-08-05,Active
15635598,Credit Card,2022-07-05,Active
15635598,Fixed Deposit,2022-12-17,Active
15592326,Insurance,2023-04-24,Active
15736533,Loan,2022-05-15,Active
15736533,Insurance,2023-02-23,Active
15736533,Fixed Deposit,2023-02-14,Active
15647191,Mutual Fund,2022-05-31,Active
15647191,Insurance,2023-04-01,Inactive
15647191,Fixed Deposit,2023-02-14,Active
15622507,Mutual Fund,2022-04-12,Active
15622507,Fixed Deposit,2022-11-28,Active
15622507,Insurance,2022-03-16,Inactive
15765487,Loan,2023-08-19,Active
15646521,Mutual Fund,2022-07-29,Active
15646521,Credit Card,2023-07-27,Active
15646521,Fixed Deposit,2022-06-14,Active
15746258,Loan,2023-05-20,Active
15746258,Fixed Deposit,2023-02-20,Active
15692430,Fixed Deposit,2022-08-05,Active
15692430,Mutual Fund,2023-08-13,Active
15625501,Loan,2023-06-03,Inactive
15625501,Credit Card,2022-07-07,Active
15640521,Fixed Deposit,2023-08-15,Inactive
15790630,Credit Card,2023-12-11,Active
15664720,Loan,2022-12-15,Inactive
15664720,Insurance,2023-03-16,Active
15664720,Mutual Fund,2022-03-13,Active
15750055,Insurance,2022-05-05,Active
15644878,Loan,2022-02-02,Active
15754578,Credit Card,2022-04-03,Active
15754578,Insurance,2023-04-17,Active
15754578,Mutual Fund,2023-07-05,Inactive
15705379,Insurance,2023-06-06,Active
15705379,Loan,2022-08-04,Active
15705379,Mutual Fund,2022-05-28,Inactive
15761047,Insurance,2023-02-15,Active
15761047,Mutual Fund,2023-08-21,Active
15671293,Insurance,2022-02-04,Active
15687527,Insurance,2022-12-08,Active
15687527,Mutual Fund,2022-05-20,Inactive
15687527,Fixed Deposit,2023-10-17,Active
15647898,Credit Card,2023-03-03,Active
15647898,Mutual Fund,2022-10-01,Active
15671534,Loan,2022-11-13,Active
15591248,Loan,2023-10-30,Active
15591248,Mutual Fund,2023-11-07,Active
15591248,Fixed Deposit,2022-05-05,Active
15676156,Fixed Deposit,2022-03-28,Active
15676156,Insurance,2022-07-01,Active
15812918,Loan,2022-01-13,Active
15604130,Loan,2022-09-24,Active
15700549,Credit Card,2023-09-10,Inactive
15700549,Mutual Fund,2022-09-29,Active
15700549,Insurance,2023-06-15,Active
15715519,Loan,2022-09-12,Active
15715519,Mutual Fund,2022-03-06,Active
15715519,Insurance,2023-09-12,Active
15707042,Credit Card,2023-08-23,Active
15707042,Fixed Deposit,2023-11-14,Active
15605276,Fixed Deposit,2022-07-02,Active
15605276,Insurance,2023-06-17,Active
15605276,Credit Card,2022-05-11,Inactive
15630592,Loan,2023-06-09,Active
15630592,Insurance,2022-05-28,Active
15630592,Mutual Fund,2022-08-05,Active
15636626,Credit Card,2023-04-27,Active
15636626,Loan,2023-10-12,Active
15636626,Mutual Fund,2022-02-21,Active
15740411,Fixed Deposit,2022-10-22,Active
15740411,Insurance,2022-05-12,Inactive
15740411,Mutual Fund,2023-05-09,Active
15593834,Fixed Deposit,2022-02-21,Active
15593834,Insurance,2022-12-28,Active
15804235,Fixed Deposit,2023-12-10,Active
15679801,Insurance,2022-01-09,Inactive
15673907,Insurance,2023-08-02,Inactive
15673907,Loan,2023-03-16,Active
15673907,Fixed Deposit,2022-07-26,Active
15636562,Insurance,2023-09-10,Active
15636562,Loan,2022-08-10,Active
15702571,Credit Card,2022-12-11,Active
15627365,Insurance,2022-11-08,Inactive
15627365,Credit Card,2022-10-14,Active
15627365,Fixed Deposit,2022-06-03,Active
15748499,Loan,2022-03-19,Active
15598614,Fixed Deposit,2022-10-26,Inactive
15598614,Loan,2023-07-27,Active
15668889,Fixed Deposit,2023-11-13,Active
15668889,Loan,2023-06-11,Active
15800049,Fixed Deposit,2023-07-20,Active
15800049,Insurance,2023-04-02,Active
15800049,Mutual Fund,2022-08-15,Active
15583724,Loan,2022-01-18,Inactive
15583724,Credit Card,2023-10-31,Inactive
15622083,Loan,2022-10-21,Active
15645571,Credit Card,2023-01-31,Active
15645571,Loan,2023-09-04,Inactive
15598266,Loan,2022-04-23,Active
15598266,Mutual Fund,2022-09-05,Active
15667934,Insurance,2023-05-28,Active
15667934,Loan,2022-06-17,Active
15667934,Fixed Deposit,2022-05-21,Active
15569682,Fixed Deposit,2022-06-07,Active
15772941,Loan,2022-03-18,Active
15772941,Mutual Fund,2022-02-07,Active
15772941,Insurance,2022-01-10,Active
15586174,Mutual Fund,2023-07-17,Active
15586174,Credit Card,2023-06-25,Active
15803682,Credit Card,2022-10-30,Active
15803682,Insurance,2023-12-04,Active
15627328,Fixed Deposit,2022-07-26,Active
15627328,Insurance,2022-05-17,Active
15627328,Loan,2023-08-03,Active
15717065,Loan,2022-09-11,Inactive
15717065,Credit Card,2022-03-31,Active
15602456,Insurance,2023-01-10,Active
15602456,Loan,2023-04-03,Active
15602456,Credit Card,2023-05-02,Active
15721569,Mutual Fund,2022-05-07,Active
15573798,Credit Card,2022-11-10,Active
15638272,Credit Card,2023-08-20,Active
15638272,Fixed Deposit,2022-12-16,Active
15638272,Mutual Fund,2023-09-15,Active
15799859,Fixed Deposit,2022-04-05,Active
15799859,Loan,2023-10-07,Active
15799859,Credit Card,2023-06-15,Inactive
15599152,Mutual Fund,2023-12-11,Inactive
15599152,Fixed Deposit,2022-02-23,Active
15737909,Credit Card,2022-02-05,Active
15737909,Mutual Fund,2023-02-04,Active
15737909,Insurance,2023-02-10,Active
15646190,Credit Card,2022-03-15,Active
15646190,Loan,2023-05-26,Inactive
15711249,Loan,2022-03-09,Inactive
15711249,Fixed Deposit,2022-02-08,Active
15711249,Credit Card,2022-11-16,Inactive
15671987,Loan,2023-02-12,Inactive
15671987,Fixed Deposit,2022-02-22,Active
15812766,Loan,2023-05-23,Active
15778589,Loan,2022-01-05,Active
15778589,Credit Card,2022-08-22,Active
15750104,Mutual Fund,2023-12-18,Inactive
15784526,Credit Card,2023-12-20,Inactive
15784526,Insurance,2022-06-19,Active
15646563,Insurance,2023-06-17,Inactive
15646563,Credit Card,2022-03-24,Inactive
15646563,Loan,2022-08-09,Active
15744423,Fixed Deposit,2022-10-18,Inactive
15744423,Loan,2022-01-29,Active
15744423,Mutual Fund,2023-08-06,Active
15593694,Insurance,2022-09-08,Active
15593694,Credit Card,2023-10-25,Active
15593694,Fixed Deposit,2022-09-07,Active
15785367,Credit Card,2022-09-03,Active
15687765,Fixed Deposit,2023-02-05,Active
15789014,Credit Card,2023-07-31,Active
15703177,Mutual Fund,2022-07-15,Active
15703177,Loan,2022-06-26,Active
15660263,Credit Card,2022-02-20,Active
15776545,Insurance,2023-07-15,Active
15776545,Loan,2023-03-17,Active
15776545,Mutual Fund,2023-01-14,Inactive
15683276,Fixed Deposit,2023-07-30,Active
15683276,Loan,2023-12-20,Active
15599272,Credit Card,2023-04-17,Active
15589541,Loan,2022-06-29,Active
15589541,Fixed Deposit,2022-08-21,Active
15589541,Credit Card,2022-01-05,Active
15608804,Loan,2023-11-09,Active
15608804,Fixed Deposit,2022-07-15,Active
15608804,Insurance,2022-09-07,Active
15645820,Loan,2022-06-29,Active
15659031,Loan,2022-07-11,Active
15790113,Credit Card,2022-12-22,Active
15790113,Loan,2022-10-26,Active
15652289,Credit Card,2023-03-14,Active
15652289,Insurance,2023-06-21,Active
15652289,Mutual Fund,2022-10-28,Active
15605341,Insurance,2023-01-30,Active
15697844,Credit Card,2022-12-23,Active
15697844,Fixed Deposit,2022-12-16,Active
15652048,Loan,2022-04-06,Active
15652048,Insurance,2023-02-18,Active
15587038,Mutual Fund,2022-08-01,Active
15660528,Credit Card,2023-11-14,Inactive
15700300,Fixed Deposit,2023-02-17,Active
15700300,Loan,2022-08-22,Active
15700300,Mutual Fund,2023-01-04,Active
15642001,Insurance,2022-01-14,Active
15580366,Mutual Fund,2022-03-21,Active
15580366,Insurance,2022-01-26,Active
15657228,Credit Card,2022-04-09,Active
15657228,Loan,2023-07-27,Active
15729377,Loan,2023-10-30,Active
15729377,Insurance,2023-05-24,Active
15686913,Mutual Fund,2022-02-05,Active
15686913,Insurance,2022-12-30,Active
15631267,Fixed Deposit,2023-11-04,Active
15632275,Fixed Deposit,2022-03-03,Inactive
15632275,Loan,2023-06-29,Inactive
15715907,Loan,2022-09-03,Active
15715907,Insurance,2022-02-22,Active
15764841,Insurance,2022-12-16,Inactive
15748649,Fixed Deposit,2022-08-26,Active
15748649,Mutual Fund,2023-07-22,Active
15771409,Mutual Fund,2023-10-25,Active
15771409,Insurance,2022-03-06,Active
15779207,Mutual Fund,2023-12-24,Active
15814116,Mutual Fund,2022-03-26,Active
15814116,Loan,2023-09-05,Active
15665087,Mutual Fund,2022-08-03,Active
15665087,Fixed Deposit,2022-04-26,Active
15611189,Mutual Fund,2023-10-29,Inactive
15729718,Loan,2023-02-19,Inactive
15729718,Mutual Fund,2022-09-16,Active
15729718,Credit Card,2023-09-08,Active
15733602,Mutual Fund,2023-11-18,Active
15620103,Loan,2023-01-14,Active
15770406,Fixed Deposit,2023-07-24,Active
15770406,Credit Card,2023-10-13,Active
15770406,Insurance,2022-01-13,Inactive
15800554,Credit Card,2022-03-28,Active
15800554,Insurance,2022-08-24,Active
15611409,Insurance,2023-02-18,Inactive
15611409,Fixed Deposit,2023-01-18,Active
15646535,Fixed Deposit,2023-04-05,Active
15575430,Fixed Deposit,2023-03-14,Active
15711299,Mutual Fund,2022-06-21,Active
15642063,Insurance,2023-12-15,Inactive
15706602,Fixed Deposit,2022-03-19,Active
15592773,Credit Card,2022-09-13,Active
15592773,Loan,2022-11-18,Active
15786539,Fixed Deposit,2022-04-11,Active
15737542,Loan,2022-02-03,Inactive
15590234,Mutual Fund,2023-07-22,Active
15590234,Credit Card,2023-04-23,Inactive
15590234,Loan,2023-06-04,Active
15773776,Insurance,2022-06-17,Active
15773776,Mutual Fund,2022-06-14,Active
15728082,Loan,2022-07-08,Active
15609987,Fixed Deposit,2022-11-24,Active
15609987,Loan,2023-09-18,Active
15609987,Credit Card,2023-07-29,Active
15735330,Mutual Fund,2022-09-22,Inactive
15735330,Loan,2023-06-08,Active
15735330,Fixed Deposit,2022-05-27,Active
15649430,Insurance,2023-04-18,Active
15768777,Credit Card,2022-09-29,Active
15768777,Loan,2023-03-11,Active
15768777,Mutual Fund,2022-03-31,Active
15777893,Credit Card,2022-12-23,Active
15777893,Insurance,2022-12-25,Active
15777893,Fixed Deposit,2022-09-07,Active
15791326,Insurance,2023-04-07,Inactive
15791326,Loan,2023-12-16,Active
15791326,Credit Card,2023-04-23,Active
15615176,Mutual Fund,2022-08-24,Active
15735221,Loan,2022-02-07,Active
15735221,Credit Card,2022-08-08,Inactive
15617991,Credit Card,2023-09-24,Active
15617991,Fixed Deposit,2023-04-19,Active
15617991,Mutual Fund,2023-03-22,Active
15658504,Insurance,2023-12-20,Active
15658504,Loan,2022-09-20,Active
15658504,Fixed Deposit,2023-04-20,Active
15785705,Loan,2023-12-18,Inactive
15801817,Mutual Fund,2022-10-08,Active
15801817,Insurance,2022-10-12,Inactive
15801817,Credit Card,2022-05-16,Inactive
15752578,Loan,2022-09-12,Active
15752578,Mutual Fund,2023-11-07,Active
15752578,Credit Card,2022-10-19,Active
15781574,Fixed Deposit,2023-07-16,Inactive
15781574,Loan,2022-06-06,Active
15781574,Mutual Fund,2023-07-03,Active
15792107,Mutual Fund,2023-11-20,Active
15569917,Insurance,2022-01-19,Active
15569917,Credit Card,2022-03-15,Active
15569917,Fixed Deposit,2023-07-07,Active
15721504,Mutual Fund,2023-01-30,Inactive
15757306,Credit Card,2022-06-26,Active
15757306,Loan,2023-11-29,Inactive
15647295,Credit Card,2023-04-08,Active
15647295,Insurance,2022-05-18,Active
15647295,Loan,2022-08-26,Active
15642098,Mutual Fund,2022-06-01,Active
15696120,Credit Card,2022-10-06,Active
15675176,Credit Card,2022-05-22,Active
15700046,Mutual Fund,2022-02-15,Active
15700046,Insurance,2022-11-10,Active
15700046,Fixed Deposit,2022-01-06,Inactive
15782089,Insurance,2023-03-04,Active
15782089,Loan,2023-12-18,Active
15782089,Credit Card,2022-09-20,Active
15706394,Credit Card,2023-05-31,Active
15759387,Credit Card,2023-06-10,Active
15759387,Insurance,2022-11-11,Active
15759387,Fixed Deposit,2023-09-27,Inactive
15623369,Insurance,2022-08-29,Active
15623369,Fixed Deposit,2022-10-20,Active
15623369,Credit Card,2022-10-31,Active
15732943,Loan,2023-07-13,Active
15732943,Mutual Fund,2023-03-18,Active
15750545,Credit Card,2023-06-20,Active
15750545,Insurance,2022-05-19,Active
15809909,Loan,2023-11-02,Active
15642448,Loan,2022-08-13,Active
15642448,Fixed Deposit,2022-07-23,Active
15642448,Credit Card,2023-04-16,Active
15791944,Mutual Fund,2023-03-08,Active
15768342,Fixed Deposit,2023-07-17,Active
15768342,Mutual Fund,2022-12-23,Active
15768342,Loan,2022-10-29,Inactive
15567919,Loan,2022-06-24,Inactive
15567919,Insurance,2022-05-07,Active
15674750,Loan,2022-09-30,Inactive
15778345,Fixed Deposit,2023-02-19,Active
15778345,Mutual Fund,2022-03-21,Inactive
15778345,Loan,2023-12-21,Inactive
15687634,Insurance,2023-12-06,Active
15687634,Fixed Deposit,2022-04-20,Active
15687634,Loan,2022-03-20,Inactive
15666096,Credit Card,2022-11-28,Active
15666096,Mutual Fund,2023-05-05,Active
15666096,Fixed Deposit,2022-05-11,Inactive
15581700,Insurance,2022-02-10,Active
15656417,Loan,2023-07-06,Active
15656417,Insurance,2022-01-13,Inactive
15656417,Mutual Fund,2023-03-25,Active
15649101,Mutual Fund,2022-09-11,Active
15649101,Loan,2023-06-21,Active
15781975,Credit Card,2022-04-03,Active
15781975,Mutual Fund,2023-06-10,Inactive
15781975,Loan,2022-07-24,Active
15700511,Mutual Fund,2022-09-27,Inactive
15700511,Credit Card,2022-08-03,Active
15770255,Loan,2023-10-08,Inactive
15643574,Insurance,2022-02-10,Active
15643574,Mutual Fund,2023-01-26,Active
15595010,Insurance,2023-02-24,Active
15580579,Insurance,2022-01-02,Inactive
15748532,Credit Card,2023-09-27,Active
15748532,Fixed Deposit,2022-07-30,Inactive
15748532,Loan,2023-12-19,Inactive
15773789,Loan,2023-01-20,Active
15600027,Insurance,2022-05-28,Active
15600027,Fixed Deposit,2022-04-05,Inactive
15620832,Insurance,2022-04-13,Active
15620832,Fixed Deposit,2023-07-02,Active
15568819,Credit Card,2022-12-03,Active
15748691,Loan,2022-09-04,Inactive
15748691,Insurance,2022-10-10,Active
15748691,Mutual Fund,2022-07-03,Active
15583552,Mutual Fund,2022-07-19,Active
15583552,Loan,2023-05-18,Active
15583552,Credit Card,2023-10-09,Active
15588019,Credit Card,2022-05-09,Inactive
15588019,Fixed Deposit,2023-01-23,Active
15713250,Credit Card,2022-07-23,Active
15569595,Insurance,2022-10-29,Active
15569595,Loan,2023-04-20,Active
15794868,Loan,2023-07-05,Inactive
15794868,Fixed Deposit,2023-07-20,Active
15794868,Mutual Fund,2023-02-06,Active
15576680,Fixed Deposit,2023-12-03,Active
15613699,Credit Card,2023-03-17,Active
15609758,Insurance,2023-07-28,Active
15609758,Fixed Deposit,2022-07-26,Active
15609758,Credit Card,2022-07-12,Active
15762392,Mutual Fund,2022-05-08,Inactive
15762392,Insurance,2023-12-23,Active
15693382,Loan,2023-03-24,Active
15791769,Credit Card,2023-06-06,Inactive
15712483,Insurance,2023-08-10,Active
15636454,Mutual Fund,2022-08-07,Active
15636454,Credit Card,2022-01-06,Inactive
15710138,Credit Card,2022-10-31,Active
15710138,Fixed Deposit,2023-08-04,Active
15571571,Insurance,2023-07-17,Active
15638751,Loan,2022-06-09,Active
15638751,Credit Card,2022-04-07,Active
15598574,Credit Card,2023-05-04,Active
15598574,Mutual Fund,2022-11-03,Inactive
15598574,Loan,2023-01-21,Inactive
15796787,Insurance,2022-02-18,Active
15615670,Mutual Fund,2022-01-11,Inactive
15615670,Loan,2022-07-20,Active
15615670,Insurance,2023-11-08,Inactive
15705506,Fixed Deposit,2022-07-02,Active
15599535,Mutual Fund,2023-09-06,Active
15768449,Credit Card,2022-03-23,Active
15725002,Loan,2023-09-15,Active
15725002,Fixed Deposit,2022-06-27,Inactive
15611682,Fixed Deposit,2023-08-03,Active
15749964,Insurance,2022-10-13,Active
15749964,Credit Card,2023-02-21,Active
15678779,Fixed Deposit,2022-12-02,Active
15678779,Loan,2022-10-14,Active
15678779,Credit Card,2022-11-13,Active
15752601,Insurance,2022-08-14,Inactive
15758477,Insurance,2022-03-28,Active
15758477,Loan,2023-10-25,Active
15629133,Insurance,2023-02-12,Active
15629133,Credit Card,2023-07-11,Active
15629133,Mutual Fund,2023-01-29,Active
15604963,Loan,2023-07-23,Active
15604963,Credit Card,2022-02-22,Active
15604963,Mutual Fund,2023-09-19,Active
15796413,Insurance,2022-03-12,Inactive
15796413,Mutual Fund,2022-05-24,Active
15812470,Insurance,2022-09-30,Active
15812470,Loan,2022-07-21,Active
15812470,Mutual Fund,2023-05-01,Active
15587443,Loan,2022-10-23,Active
15587443,Insurance,2023-06-14,Active
15587443,Mutual Fund,2023-08-18,Active
15689692,Mutual Fund,2023-08-28,Active
15689692,Loan,2023-07-23,Active
15689692,Fixed Deposit,2023-07-11,Inactive
15779586,Loan,2023-05-11,Active
15779586,Mutual Fund,2022-08-06,Active
15667588,Mutual Fund,2023-06-22,Active
15624423,Mutual Fund,2023-05-11,Active
15591107,Credit Card,2023-03-02,Active
15591107,Insurance,2022-06-10,Inactive
15748986,Insurance,2022-01-18,Active
15748986,Loan,2022-11-25,Active
15793896,Insurance,2023-12-22,Active
15793896,Credit Card,2022-11-03,Inactive
15620570,Mutual Fund,2023-04-27,Inactive
15620570,Insurance,2022-09-05,Active
15620570,Loan,2022-04-10,Active
15727811,Insurance,2022-12-10,Active
15727811,Loan,2022-09-08,Inactive
15707681,Insurance,2023-09-21,Active
15707681,Loan,2023-08-26,Active
15707681,Mutual Fund,2022-04-06,Active
15702030,Credit Card,2023-12-29,Active
15673238,Loan,2023-08-04,Active
15673238,Insurance,2022-07-09,Active
15673238,Credit Card,2022-04-22,Active
15604196,Mutual Fund,2022-10-21,Active
15604196,Fixed Deposit,2022-02-22,Active
15604196,Credit Card,2023-12-02,Active
15769356,Loan,2023-06-15,Inactive
15769356,Fixed Deposit,2022-12-23,Active
15665590,Insurance,2022-05-28,Active
15665590,Fixed Deposit,2022-02-15,Active
15665590,Credit Card,2023-07-16,Active
15572361,Fixed Deposit,2022-11-02,Active
15572361,Insurance,2022-01-21,Active
15572361,Mutual Fund,2022-05-15,Active
15667460,Credit Card,2022-12-28,Active
15667460,Mutual Fund,2022-11-13,Active
15654760,Mutual Fund,2023-09-09,Active
15654760,Credit Card,2022-03-26,Inactive
15632669,Loan,2023-07-02,Active
15613673,Credit Card,2022-12-31,Active
15613673,Mutual Fund,2022-08-25,Active
15698522,Fixed Deposit,2022-04-03,Inactive
15741633,Insurance,2022-07-04,Active
15741633,Fixed Deposit,2023-07-21,Active
15674583,Loan,2022-04-05,Active
15674583,Mutual Fund,2022-07-09,Active
15665374,Insurance,2022-10-26,Inactive
15588854,Loan,2022-07-28,Active
15810716,Insurance,2022-07-12,Active
15776921,Insurance,2022-03-26,Active
15776921,Mutual Fund,2022-11-25,Active
15569394,Credit Card,2022-01-03,Active
15569394,Loan,2023-09-28,Inactive
15788215,Insurance,2023-04-09,Active
15641007,Fixed Deposit,2022-07-09,Active
15641007,Mutual Fund,2023-10-30,Inactive
15594651,Insurance,2022-01-16,Active
15594651,Credit Card,2022-08-22,Active
15575146,Loan,2022-11-11,Active
15608916,Insurance,2022-09-01,Active
15608916,Mutual Fund,2023-02-26,Active
15666297,Credit Card,2022-04-26,Active
15666297,Insurance,2023-08-10,Active
15666297,Fixed Deposit,2023-03-12,Active
15598586,Fixed Deposit,2023-11-12,Active
15665014,Loan,2022-03-14,Inactive
15665014,Credit Card,2023-10-12,Active
15701738,Mutual Fund,2022-01-07,Active
15650591,Loan,2023-09-28,Active
15650591,Mutual Fund,2023-03-11,Active
15652667,Fixed Deposit,2023-02-17,Active
15652667,Insurance,2023-06-29,Active
15652667,Credit Card,2023-01-29,Active
15679622,Fixed Deposit,2022-01-25,Active
15730150,Loan,2022-06-21,Active
15813192,Fixed Deposit,2023-02-17,Active
15813192,Credit Card,2023-09-14,Active
15606554,Insurance,2022-12-07,Active
15611794,Loan,2023-03-25,Active
15672357,Loan,2022-11-18,Active
15672357,Credit Card,2023-11-21,Active
15711759,Loan,2023-12-19,Active
15711759,Fixed Deposit,2023-07-02,Inactive
15615296,Mutual Fund,2023-03-01,Inactive
15615296,Insurance,2023-01-18,Active
15699294,Mutual Fund,2022-07-30,Inactive
15788634,Insurance,2022-01-28,Active
15660871,Mutual Fund,2022-10-20,Active
15660871,Credit Card,2023-05-11,Active
15660871,Fixed Deposit,2022-01-08,Active
15618258,Fixed Deposit,2023-07-19,Active
15722535,Credit Card,2023-04-18,Active
15722535,Loan,2023-03-24,Active
15722535,Fixed Deposit,2022-12-06,Active
15711977,Loan,2022-01-02,Active
15711977,Mutual Fund,2023-04-10,Active
15711977,Insurance,2023-04-07,Active
15690169,Insurance,2023-03-13,Active
15690169,Loan,2022-08-25,Active
15690169,Credit Card,2023-02-22,Active
15790689,Mutual Fund,2023-11-06,Active
15665181,Fixed Deposit,2022-07-19,Active
15665181,Insurance,2023-08-12,Active
15665181,Loan,2022-11-05,Active
15633608,Fixed Deposit,2023-09-03,Active
15633608,Insurance,2022-02-07,Active
15805261,Credit Card,2023-01-01,Active
15805261,Insurance,2022-12-10,Active
15740356,Mutual Fund,2022-08-09,Active
15808223,Insurance,2023-09-20,Inactive
15769980,Insurance,2022-12-21,Active
15769980,Credit Card,2022-02-28,Active
15769980,Fixed Deposit,2022-01-19,Inactive
15675450,Credit Card,2022-11-26,Active
15776494,Loan,2022-01-19,Active
15776494,Mutual Fund,2022-10-13,Active
15776494,Credit Card,2023-06-08,Active
15592412,Loan,2022-07-11,Active
15592412,Fixed Deposit,2023-06-03,Active
15777452,Insurance,2022-08-08,Active
15692258,Fixed Deposit,2022-06-07,Active
15692258,Insurance,2023-02-28,Inactive
15791045,Fixed Deposit,2023-05-31,Active
15807889,Credit Card,2023-02-18,Active
15807889,Insurance,2022-12-29,Inactive
15602043,Loan,2023-05-19,Inactive
15602043,Mutual Fund,2022-08-12,Active
15807335,Insurance,2022-05-08,Active
15807335,Credit Card,2023-05-09,Active
15807335,Fixed Deposit,2022-06-04,Active
15629985,Mutual Fund,2022-02-07,Active
15629985,Credit Card,2022-10-16,Active
15629985,Fixed Deposit,2023-08-05,Active
15679453,Fixed Deposit,2022-03-05,Active
15679453,Insurance,2023-05-29,Active
15637315,Mutual Fund,2022-07-02,Active
15637315,Insurance,2023-12-25,Active
15691513,Loan,2023-04-25,Active
15622289,Fixed Deposit,2023-05-03,Active
15715184,Fixed Deposit,2022-10-21,Inactive
15715184,Insurance,2022-06-11,Active
15702801,Loan,2022-07-19,Active
15702801,Credit Card,2023-01-05,Inactive
15719931,Fixed Deposit,2023-04-19,Active
15806081,Credit Card,2023-05-29,Inactive
15796336,Credit Card,2022-06-12,Active
15647306,Mutual Fund,2023-02-08,Active
15742369,Insurance,2022-08-09,Active
15742369,Fixed Deposit,2023-10-10,Inactive
15655859,Loan,2023-04-05,Active
15655859,Insurance,2022-05-03,Inactive
15655859,Credit Card,2022-08-01,Active
15675650,Insurance,2023-09-30,Active
15675650,Loan,2022-04-02,Active
15574119,Credit Card,2023-03-06,Active
15574119,Insurance,2022-01-07,Active
15574119,Fixed Deposit,2023-05-17,Active
15754168,Insurance,2023-05-30,Active
15754168,Fixed Deposit,2022-06-24,Active
15763029,Credit Card,2023-10-10,Inactive
15763029,Fixed Deposit,2023-08-01,Inactive
15763029,Insurance,2022-12-25,Active
15765048,Loan,2023-02-12,Active
15765048,Insurance,2023-05-26,Active
15765048,Mutual Fund,2022-02-22,Inactive
15786215,Loan,2023-09-14,Active
15786215,Fixed Deposit,2023-11-09,Active
15786215,Insurance,2022-02-10,Inactive
15707559,Mutual Fund,2022-08-13,Active
15582129,Credit Card,2023-02-08,Active
15582129,Insurance,2023-08-02,Active
15687540,Loan,2022-02-21,Inactive
15687540,Insurance,2022-09-15,Inactive
15687540,Fixed Deposit,2022-08-24,Inactive
15787196,Loan,2023-04-15,Active
15787196,Insurance,2023-11-18,Active
15670898,Fixed Deposit,2022-11-30,Active
15670898,Credit Card,2023-09-04,Active
15670898,Insurance,2022-08-25,Active
15775433,Credit Card,2023-10-17,Inactive
15775433,Loan,2022-06-01,Active
15775433,Insurance,2023-09-14,Inactive
15700693,Insurance,2022-03-15,Inactive
15700693,Credit Card,2022-07-12,Inactive
15700693,Mutual Fund,2023-06-01,Inactive
15677955,Credit Card,2022-05-03,Active
15677955,Mutual Fund,2022-12-30,Active
15570086,Mutual Fund,2022-06-06,Active
15570086,Credit Card,2023-09-12,Active
15794875,Fixed Deposit,2023-09-12,Active
15673591,Mutual Fund,2022-05-19,Active
15673591,Fixed Deposit,2023-02-21,Inactive
15673591,Insurance,2023-04-22,Inactive
15631756,Credit Card,2023-10-03,Active
15631756,Insurance,2022-10-09,Active
15757617,Mutual Fund,2023-04-03,Active
15612729,Credit Card,2022-08-13,Active
15637857,Insurance,2023-01-23,Inactive
15681007,Mutual Fund,2022-12-14,Inactive
15681007,Credit Card,2023-12-09,Active
15593622,Mutual Fund,2023-01-16,Active
15593622,Loan,2022-09-02,Active
15629273,Credit Card,2023-12-26,Active
15629273,Insurance,2023-10-31,Active
15629273,Loan,2023-04-08,Inactive
15765846,Loan,2022-09-19,Active
15596013,Loan,2022-05-31,Active
15722473,Fixed Deposit,2022-12-27,Active
15722473,Loan,2022-10-13,Inactive
15774936,Loan,2022-09-02,Active
15685640,Fixed Deposit,2023-08-17,Active
15685640,Credit Card,2023-06-20,Active
15685640,Mutual Fund,2022-11-09,Inactive
15566563,Fixed Deposit,2022-11-28,Active
15566563,Credit Card,2022-09-02,Active
15566563,Loan,2023-01-17,Active
15768746,Credit Card,2022-11-08,Inactive
15768746,Insurance,2023-01-14,Active
15689952,Fixed Deposit,2022-01-16,Active
15689952,Credit Card,2023-11-01,Active
15725906,Fixed Deposit,2023-12-25,Active
15725906,Mutual Fund,2023-08-20,Active
15725906,Credit Card,2023-05-23,Active
15634501,Mutual Fund,2022-08-19,Inactive
15634501,Insurance,2023-08-15,Active
15571940,Mutual Fund,2022-03-25,Active
15571940,Credit Card,2023-01-07,Active
15741643,Loan,2023-04-29,Active
15741643,Insurance,2022-08-11,Inactive
15806822,Insurance,2022-01-19,Active
15701166,Credit Card,2023-03-15,Active
15701166,Fixed Deposit,2022-09-30,Active
15701166,Mutual Fund,2022-10-05,Active
15718531,Insurance,2023-02-19,Active
15718531,Credit Card,2022-05-01,Active
15718531,Fixed Deposit,2023-03-14,Active
15628308,Fixed Deposit,2023-06-16,Active
15628308,Credit Card,2022-05-21,Active
15628308,Mutual Fund,2023-04-05,Active
15585287,Loan,2023-10-19,Active
15781619,Credit Card,2023-05-24,Active
15805162,Insurance,2023-06-12,Active
15805162,Mutual Fund,2023-10-24,Active
15588535,Insurance,2022-06-26,Inactive
15588535,Mutual Fund,2023-11-19,Active
15588535,Loan,2023-09-06,Active
15775307,Mutual Fund,2022-03-26,Inactive
15775307,Insurance,2022-09-19,Inactive
15775307,Fixed Deposit,2022-09-06,Active
15777616,Insurance,2022-03-16,Active
15692291,Fixed Deposit,2023-04-26,Active
15692291,Insurance,2022-08-17,Active
15680843,Credit Card,2022-04-29,Inactive
15680843,Mutual Fund,2022-07-20,Active
15680843,Loan,2022-03-07,Inactive
15606232,Loan,2023-05-15,Active
15606232,Mutual Fund,2022-08-09,Active
15641585,Fixed Deposit,2023-05-30,Active
15641585,Mutual Fund,2022-04-09,Active
15641585,Loan,2022-02-25,Active
15684358,Insurance,2023-04-13,Active
15684358,Loan,2023-01-15,Active
15806389,Insurance,2022-12-17,Active
15806389,Fixed Deposit,2023-07-20,Inactive
15806389,Loan,2022-07-16,Active
15641860,Loan,2022-09-11,Active
15814237,Credit Card,2022-11-01,Active
15814237,Loan,2023-11-30,Inactive
15808780,Credit Card,2022-12-22,Inactive
15808780,Fixed Deposit,2022-02-27,Active
15767064,Mutual Fund,2022-03-15,Inactive
15751177,Insurance,2023-05-15,Inactive
15751177,Fixed Deposit,2022-03-01,Active
15613427,Fixed Deposit,2023-06-30,Active
15613427,Insurance,2022-02-26,Inactive
15613427,Mutual Fund,2023-04-21,Active
15647259,Insurance,2023-02-10,Active
15748660,Credit Card,2022-05-21,Inactive
15726695,Fixed Deposit,2023-12-21,Active
15726695,Loan,2022-11-13,Inactive
15726695,Mutual Fund,2023-07-09,Inactive
15757473,Mutual Fund,2023-04-28,Active
15757473,Fixed Deposit,2023-10-04,Inactive
15757473,Credit Card,2022-06-16,Active
15809509,Mutual Fund,2023-10-29,Active
15809509,Insurance,2023-04-09,Active
15715512,Mutual Fund,2022-05-16,Active
15614168,Mutual Fund,2023-02-18,Inactive
15614168,Fixed Deposit,2022-04-10,Active
15679818,Fixed Deposit,2022-12-05,Active
15679818,Loan,2023-01-02,Inactive
15679818,Credit Card,2022-01-17,Inactive
15609928,Mutual Fund,2023-02-22,Active
15731246,Insurance,2023-04-11,Active
15731246,Fixed Deposit,2023-03-04,Active
15685243,Credit Card,2022-12-24,Active
15685243,Insurance,2022-03-29,Active
15638730,Mutual Fund,2022-01-15,Active
15697034,Mutual Fund,2023-12-31,Active
15699225,Mutual Fund,2023-09-04,Active
15677387,Insurance,2022-11-14,Active
15677387,Loan,2022-05-02,Active
15759184,Insurance,2022-04-19,Active
15595991,Mutual Fund,2023-02-16,Inactive
15681332,Credit Card,2023-04-05,Inactive
15756299,Insurance,2023-12-02,Inactive
15756299,Mutual Fund,2022-09-21,Active
15756299,Fixed Deposit,2023-10-14,Active
15750547,Mutual Fund,2023-05-11,Active
15750547,Insurance,2022-11-04,Active
15750547,Loan,2023-05-20,Active
15566380,Loan,2022-01-07,Inactive
15566380,Fixed Deposit,2023-09-16,Active
15566380,Mutual Fund,2022-04-15,Active
15675963,Mutual Fund,2023-06-29,Active
15675963,Credit Card,2022-01-29,Active
15674671,Mutual Fund,2023-11-21,Active
15621466,Mutual Fund,2023-12-11,Active
15621466,Loan,2023-08-03,Active
15607176,Insurance,2022-08-01,Active
15607176,Loan,2023-02-27,Active
15570299,Mutual Fund,2023-08-29,Active
15570299,Insurance,2022-05-14,Active
15613197,Mutual Fund,2023-03-17,Active
15613197,Credit Card,2022-10-18,Active
15613197,Fixed Deposit,2022-06-23,Active
15798885,Insurance,2023-09-28,Active
15798885,Fixed Deposit,2022-01-22,Active
15798885,Mutual Fund,2023-05-23,Active
15714883,Credit Card,2022-11-14,Active
15604497,Insurance,2023-05-23,Inactive
15604497,Fixed Deposit,2023-11-29,Active
15604497,Loan,2023-05-08,Active
15773949,Mutual Fund,2023-02-23,Inactive
15774164,Insurance,2022-06-30,Inactive
15774127,Loan,2023-02-11,Active
15774127,Mutual Fund,2023-02-01,Active
15619016,Credit Card,2023-08-11,Inactive
15619016,Loan,2022-10-29,Inactive
15619016,Mutual Fund,2022-02-23,Active
15795759,Loan,2022-11-18,Inactive
15798844,Mutual Fund,2023-09-22,Active
15798844,Loan,2023-08-19,Active
15798844,Fixed Deposit,2023-12-29,Active
15717962,Mutual Fund,2022-02-26,Inactive
15717962,Fixed Deposit,2023-06-14,Active
15717962,Insurance,2022-04-27,Active
15691504,Loan,2022-04-10,Active
15691504,Credit Card,2022-02-19,Inactive
15691504,Insurance,2023-10-23,Active
15693893,Mutual Fund,2023-07-03,Active
15693893,Credit Card,2022-12-02,Inactive
15693893,Insurance,2022-01-31,Active
15672499,Fixed Deposit,2023-06-08,Active
15672499,Credit Card,2023-10-23,Active
15672499,Mutual Fund,2022-03-24,Active
15750410,Credit Card,2022-08-22,Inactive
15750410,Loan,2023-07-07,Active
15568904,Insurance,2022-06-18,Active
15649033,Mutual Fund,2022-03-22,Active
15780989,Credit Card,2023-12-30,Active
15780989,Fixed Deposit,2023-09-25,Active
15780989,Mutual Fund,2022-02-24,Active
15771059,Fixed Deposit,2022-11-19,Inactive
15687852,Fixed Deposit,2023-08-12,Active
15687852,Insurance,2022-08-17,Active
15687852,Credit Card,2022-03-19,Active
15695280,Insurance,2023-06-11,Active
15592751,Credit Card,2022-11-17,Active
15592751,Fixed Deposit,2023-12-25,Active
15598338,Mutual Fund,2022-07-11,Active
15735784,Insurance,2022-09-12,Active
15735784,Loan,2023-06-02,Inactive
15629128,Loan,2022-04-24,Inactive
15629128,Mutual Fund,2022-04-02,Active
15642870,Mutual Fund,2023-01-26,Inactive
15642870,Credit Card,2023-07-17,Active
15637977,Credit Card,2023-08-04,Active
15637977,Mutual Fund,2023-06-06,Inactive
15600792,Fixed Deposit,2023-12-15,Active
15600792,Loan,2023-08-10,Active
15576131,Mutual Fund,2023-05-08,Active
15576131,Fixed Deposit,2022-07-19,Active
15576131,Insurance,2023-06-24,Active
15686588,Insurance,2022-03-28,Active
15761018,Mutual Fund,2023-07-10,Active
15616029,Fixed Deposit,2023-11-01,Active
15761149,Mutual Fund,2022-08-03,Inactive
15761149,Insurance,2023-02-02,Inactive
15761149,Credit Card,2023-07-29,Inactive
15802758,Loan,2022-08-17,Inactive
15802758,Credit Card,2022-04-06,Active
15802758,Insurance,2022-09-09,Active
15647838,Credit Card,2023-08-07,Active
15647838,Loan,2022-07-09,Active
15647838,Mutual Fund,2022-09-08,Active
15735968,Credit Card,2023-11-21,Active
15735968,Mutual Fund,2023-01-03,Active
15735968,Insurance,2022-07-13,Active
15581286,Insurance,2023-07-31,Active
15625445,Mutual Fund,2023-09-22,Inactive
15625445,Credit Card,2022-01-07,Inactive
15625445,Loan,2022-07-22,Active
15600173,Loan,2023-08-29,Active
15600173,Credit Card,2023-12-28,Active
15635143,Mutual Fund,2022-02-28,Active
15635143,Loan,2023-08-06,Active
15635143,Credit Card,2022-07-31,Active
15664849,Credit Card,2023-03-19,Inactive
15762455,Insurance,2022-08-06,Active
15762455,Credit Card,2022-04-25,Active
15797165,Fixed Deposit,2023-07-06,Active
15788189,Fixed Deposit,2022-12-24,Inactive
15780492,Mutual Fund,2023-08-16,Active
15780492,Fixed Deposit,2022-07-20,Active
15780492,Credit Card,2022-06-27,Active
15678497,Fixed Deposit,2022-09-29,Inactive
15678497,Credit Card,2023-10-15,Active
15678497,Loan,2022-06-18,Active
15588560,Insurance,2023-02-22,Inactive
15606003,Fixed Deposit,2023-03-10,Active
15611756,Mutual Fund,2023-06-05,Active
15789563,Loan,2023-10-23,Inactive
15789563,Mutual Fund,2022-07-10,Active
15702416,Mutual Fund,2023-05-27,Active
15766288,Mutual Fund,2022-11-24,Inactive
15766288,Loan,2022-06-02,Active
15766288,Insurance,2022-12-26,Inactive
15667633,Loan,2022-04-14,Active
15667633,Fixed Deposit,2023-06-12,Inactive
15667633,Insurance,2022-02-07,Active
15622774,Credit Card,2022-10-30,Inactive
15622774,Loan,2023-12-28,Active
15755416,Loan,2023-08-15,Active
15755416,Credit Card,2023-01-17,Active
15769915,Mutual Fund,2022-06-24,Inactive
15769915,Fixed Deposit,2022-10-09,Inactive
15769915,Loan,2022-06-22,Active
15643908,Fixed Deposit,2022-03-12,Inactive
15627395,Mutual Fund,2023-01-29,Active
15627395,Credit Card,2023-08-21,Inactive
15679663,Fixed Deposit,2023-04-07,Active
15651581,Fixed Deposit,2023-03-04,Active
15651581,Loan,2023-04-22,Inactive
15596379,Fixed Deposit,2022-05-31,Active
15746674,Fixed Deposit,2022-07-28,Active
15801256,Loan,2023-06-08,Active
15801256,Fixed Deposit,2022-09-16,Active
15801256,Mutual Fund,2023-03-13,Active
15663808,Fixed Deposit,2022-02-12,Active
15663808,Insurance,2022-02-09,Active
15598521,Insurance,2023-02-20,Active
15598521,Fixed Deposit,2023-09-08,Inactive
15621457,Fixed Deposit,2022-12-17,Active
15764726,Insurance,2022-07-23,Active
15764726,Mutual Fund,2023-11-23,Active
15764726,Loan,2023-11-02,Active
15646374,Fixed Deposit,2023-03-24,Active
15646374,Mutual Fund,2023-03-18,Inactive
15646374,Credit Card,2023-09-22,Active
15716501,Loan,2023-02-13,Active
15716501,Fixed Deposit,2023-11-10,Active
15589948,Credit Card,2022-08-02,Active
15589948,Fixed Deposit,2022-05-14,Inactive
15589948,Insurance,2023-10-16,Active
15811343,Insurance,2022-10-03,Active
15811343,Credit Card,2023-10-27,Inactive
15811343,Loan,2022-09-01,Inactive
15659677,Mutual Fund,2023-06-06,Active
15659677,Loan,2023-06-05,Active
15659677,Fixed Deposit,2023-01-13,Active
15594436,Mutual Fund,2022-11-08,Inactive
15748995,Credit Card,2022-03-09,Active
15677062,Loan,2022-06-23,Active
15697201,Fixed Deposit,2023-12-28,Active
15697201,Loan,2023-11-21,Active
15697201,Mutual Fund,2023-01-29,Active
15666453,Mutual Fund,2022-09-11,Active
15666453,Fixed Deposit,2022-10-07,Active
15666453,Insurance,2023-07-05,Inactive
15693771,Insurance,2022-09-08,Active
15693771,Loan,2022-08-02,Inactive
15569867,Insurance,2022-12-26,Active
15711602,Mutual Fund,2022-05-08,Inactive
15711602,Fixed Deposit,2023-07-22,Active
15711602,Credit Card,2022-05-26,Active
15717736,Insurance,2022-04-09,Active
15717736,Credit Card,2022-05-17,Active
15717736,Fixed Deposit,2022-12-20,Active
15750441,Insurance,2023-09-19,Active
15750441,Credit Card,2023-07-31,Active
15732791,Credit Card,2022-05-02,Active
15775104,Mutual Fund,2022-12-20,Active
15775104,Loan,2023-03-20,Inactive
15757607,Loan,2022-11-13,Inactive
15757607,Credit Card,2023-09-22,Active
15757607,Fixed Deposit,2022-09-07,Active
15793070,Fixed Deposit,2022-10-18,Active
15793070,Credit Card,2022-07-25,Active
15793070,Insurance,2022-01-15,Active
15760456,Credit Card,2023-05-29,Active
15760456,Mutual Fund,2022-05-06,Active
15760456,Loan,2022-04-08,Inactive
15665385,Insurance,2023-03-11,Inactive
15665385,Loan,2023-07-06,Inactive
15612418,Insurance,2023-06-23,Active
15612418,Loan,2022-09-30,Active
15612418,Credit Card,2022-11-13,Inactive
15727138,Mutual Fund,2022-08-21,Active
15727138,Credit Card,2023-05-16,Active
15727138,Fixed Deposit,2023-08-04,Active
15732061,Insurance,2023-07-01,Active
15732061,Mutual Fund,2023-10-22,Active
15732061,Loan,2023-05-19,Active
15776051,Fixed Deposit,2023-01-17,Active
15616530,Loan,2023-05-27,Active
15616530,Mutual Fund,2023-03-23,Active
15632344,Fixed Deposit,2023-06-15,Active
15632344,Credit Card,2022-06-15,Active
15632344,Loan,2022-12-06,Active
15744979,Credit Card,2023-01-22,Inactive
15744979,Mutual Fund,2022-10-26,Active
15745433,Fixed Deposit,2023-05-27,Active
15745433,Credit Card,2023-09-21,Active
15683657,Loan,2022-01-29,Inactive
15718572,Fixed Deposit,2023-11-09,Active
15665783,Credit Card,2023-03-09,Active
15665783,Loan,2022-12-02,Active
15665783,Insurance,2023-06-10,Active
15652782,Mutual Fund,2022-07-25,Active
15652782,Credit Card,2022-01-20,Active
15652782,Fixed Deposit,2023-08-29,Active
15707025,Loan,2023-12-18,Active
15647807,Loan,2023-02-14,Active
15718281,Loan,2022-07-01,Active
15660571,Insurance,2022-08-14,Active
15660571,Loan,2022-03-30,Inactive
15660571,Credit Card,2023-02-27,Active
15727857,Mutual Fund,2022-05-24,Active
15639252,Fixed Deposit,2023-08-20,Active
15639252,Credit Card,2023-05-20,Inactive
15639252,Loan,2022-11-09,Active
15628144,Insurance,2022-11-23,Active
15628144,Credit Card,2022-01-19,Inactive
15628144,Loan,2022-12-15,Inactive
15683560,Insurance,2022-12-28,Active
15653275,Fixed Deposit,2023-03-19,Active
15653275,Loan,2022-09-19,Active
15653275,Credit Card,2023-01-19,Active
15622182,Fixed Deposit,2023-10-25,Active
15613962,Insurance,2023-09-18,Active
15613962,Loan,2023-07-22,Active
15613962,Mutual Fund,2023-06-10,Active
15618437,Loan,2023-01-10,Inactive
15618437,Insurance,2023-05-20,Active
15618437,Credit Card,2022-10-08,Active
15783338,Mutual Fund,2023-11-21,Inactive
15783338,Credit Card,2022-08-29,Active
15764491,Fixed Deposit,2023-02-18,Active
15764491,Loan,2023-06-26,Active
15764491,Insurance,2022-12-23,Inactive
15712960,Loan,2023-07-13,Inactive
15712960,Credit Card,2023-12-08,Active
15688157,Fixed Deposit,2022-04-07,Active
15688157,Loan,2022-09-01,Active
15579287,Loan,2023-01-19,Active
15570931,Fixed Deposit,2022-03-30,Active
15615177,Mutual Fund,2023-03-23,Inactive
15809906,Fixed Deposit,2023-01-30,Active
15652169,Mutual Fund,2023-10-21,Active
15649450,Mutual Fund,2022-07-20,Active
15649450,Credit Card,2022-05-31,Inactive
15649450,Insurance,2023-11-13,Active
15777179,Credit Card,2022-01-01,Inactive
15803538,Fixed Deposit,2022-02-14,Active
15803538,Credit Card,2022-02-12,Active
15610936,Fixed Deposit,2022-06-30,Active
15610936,Credit Card,2022-07-22,Active
15590094,Credit Card,2022-06-23,Active
15590094,Mutual Fund,2023-09-01,Active
15590094,Loan,2022-01-09,Inactive
15572706,Fixed Deposit,2022-07-09,Active
15572706,Mutual Fund,2023-02-21,Inactive
15572706,Loan,2022-04-14,Active
15634564,Insurance,2022-03-09,Inactive
15684296,Credit Card,2023-09-05,Active
15684296,Fixed Deposit,2023-02-24,Active
15702293,Insurance,2023-03-07,Active
15642099,Fixed Deposit,2023-12-01,Active
15642099,Credit Card,2022-06-15,Active
15773273,Insurance,2022-09-11,Inactive
15613337,Credit Card,2022-01-15,Active
15800482,Mutual Fund,2022-02-04,Active
15732644,Credit Card,2022-02-27,Active
15732644,Insurance,2022-10-24,Active
15713426,Credit Card,2022-04-08,Active
15640789,Insurance,2022-04-10,Inactive
15640789,Credit Card,2023-12-13,Active
15640789,Mutual Fund,2022-08-24,Active
15598892,Fixed Deposit,2023-05-23,Active
15598892,Loan,2023-10-04,Inactive
15598892,Mutual Fund,2022-06-19,Active
15606436,Insurance,2022-10-09,Inactive
15606436,Credit Card,2022-09-26,Active
15751227,Insurance,2022-08-12,Active
15751227,Loan,2022-11-22,Active
15751227,Fixed Deposit,2022-06-09,Active
15812365,Loan,2022-11-26,Active
15812365,Credit Card,2022-11-01,Active
15812365,Insurance,2023-08-11,Active
15616088,Fixed Deposit,2022-02-20,Active
15803886,Fixed Deposit,2022-04-12,Inactive
15803886,Insurance,2023-08-29,Active
15803886,Credit Card,2022-08-14,Active
15587311,Insurance,2023-09-19,Inactive
15587311,Credit Card,2023-03-19,Active
15587311,Mutual Fund,2022-07-29,Active
15617401,Insurance,2022-04-29,Active
15617401,Fixed Deposit,2022-02-14,Active
15775886,Credit Card,2023-08-30,Active
15775886,Loan,2022-02-04,Active
15775886,Insurance,2023-03-21,Active
15807305,Fixed Deposit,2022-12-19,Active
15807305,Credit Card,2022-10-08,Active
15761717,Mutual Fund,2022-01-07,Inactive
15761717,Fixed Deposit,2023-01-28,Active
15761717,Credit Card,2022-04-28,Active
15628008,Credit Card,2023-07-01,Active
15628008,Loan,2022-05-14,Active
15583755,Mutual Fund,2023-01-05,Active
15661409,Credit Card,2023-01-11,Active
15661409,Mutual Fund,2022-08-25,Active
15661409,Insurance,2023-01-25,Inactive
15774250,Loan,2023-04-19,Active
15774250,Credit Card,2023-10-02,Inactive
15774250,Insurance,2023-11-19,Active
15681476,Loan,2023-01-30,Active
15654870,Fixed Deposit,2022-03-08,Active
15654870,Loan,2022-03-07,Inactive
15790448,Loan,2023-12-11,Active
15785326,Loan,2023-07-12,Active
15592854,Fixed Deposit,2023-01-13,Active
15592854,Mutual Fund,2023-09-11,Active
15592854,Loan,2023-08-11,Active
15617486,Loan,2022-02-26,Inactive
15617486,Mutual Fund,2023-05-23,Active
15617486,Credit Card,2023-06-23,Active
15806796,Fixed Deposit,2022-05-13,Active
15806796,Loan,2022-09-14,Inactive
15806796,Credit Card,2022-05-06,Active
15644699,Insurance,2023-12-15,Active
15644699,Mutual Fund,2022-05-08,Active
15622305,Loan,2022-05-13,Active
15608209,Credit Card,2022-12-02,Active
15626898,Fixed Deposit,2022-09-24,Active
15626898,Credit Card,2023-12-30,Active
15626898,Loan,2022-08-21,Active
15644297,Fixed Deposit,2022-02-17,Active
15731569,Loan,2023-07-31,Inactive
15731569,Insurance,2023-03-22,Inactive
15731569,Mutual Fund,2023-04-19,Active
15582149,Loan,2022-09-18,Inactive
15582149,Credit Card,2023-10-15,Inactive
15582149,Insurance,2022-05-05,Inactive
15802483,Loan,2022-11-16,Active
15802483,Fixed Deposit,2022-05-12,Active
15802483,Insurance,2022-03-06,Active
15686999,Insurance,2023-04-16,Active
15686999,Credit Card,2022-08-07,Active
15686999,Fixed Deposit,2023-07-29,Active
15772479,Insurance,2022-09-17,Active
15772479,Loan,2023-01-27,Active
15772479,Fixed Deposit,2023-08-31,Active
15778884,Fixed Deposit,2023-05-01,Active
15623630,Insurance,2023-11-06,Active
15623630,Mutual Fund,2022-11-29,Active
15774316,Loan,2022-08-20,Active
15695097,Fixed Deposit,2022-09-02,Active
15645404,Insurance,2023-11-05,Active
15645404,Fixed Deposit,2022-12-08,Active
15645404,Mutual Fund,2022-04-08,Inactive
15750574,Fixed Deposit,2022-03-26,Active
15750574,Insurance,2023-08-07,Inactive
15636812,Fixed Deposit,2022-05-18,Active
15636812,Insurance,2023-03-24,Active
15712068,Credit Card,2022-02-01,Active
15712068,Loan,2023-07-15,Active
15652030,Loan,2022-08-24,Active
15652030,Fixed Deposit,2022-10-25,Active
15652030,Mutual Fund,2023-05-12,Active
15577398,Insurance,2022-12-11,Inactive
15577398,Credit Card,2023-08-11,Active
15577398,Loan,2023-07-09,Active
15756848,Mutual Fund,2022-09-21,Active
15806929,Credit Card,2023-06-05,Inactive
15656005,Insurance,2022-07-19,Active
15656005,Fixed Deposit,2022-03-20,Active
15656005,Mutual Fund,2023-02-21,Active
15722632,Insurance,2023-03-18,Active
15794356,Credit Card,2023-02-25,Active
15794356,Loan,2022-03-08,Active
15794356,Insurance,2023-04-04,Active
15659656,Fixed Deposit,2022-11-27,Active
15659656,Loan,2022-09-25,Active
15659656,Insurance,2022-12-20,Active
15588341,Mutual Fund,2023-09-28,Inactive
15588341,Insurance,2023-11-22,Active
15588341,Fixed Deposit,2023-06-13,Active
15709142,Insurance,2022-08-14,Active
15627042,Loan,2022-04-26,Active
15627517,Mutual Fund,2023-02-09,Active
15627517,Insurance,2023-03-23,Inactive
15627517,Loan,2022-02-07,Inactive
15803032,Credit Card,2023-05-27,Inactive
15665129,Insurance,2023-05-23,Active
15665129,Fixed Deposit,2023-02-22,Active
15665129,Mutual Fund,2022-05-31,Active
15628272,Loan,2022-06-30,Active
15678206,Insurance,2022-08-24,Active
15678206,Loan,2022-01-24,Inactive
15678427,Loan,2022-08-02,Active
15678067,Mutual Fund,2023-01-21,Active
15678067,Fixed Deposit,2022-12-07,Active
15678067,Credit Card,2023-04-27,Active
15793331,Loan,2022-01-21,Active
15793331,Mutual Fund,2023-11-21,Inactive
15699532,Loan,2022-01-10,Active
15699532,Mutual Fund,2022-11-12,Active
15699532,Insurance,2023-03-28,Active
15605827,Loan,2022-01-05,Active
15605827,Fixed Deposit,2022-03-07,Inactive
15605827,Credit Card,2022-10-03,Inactive
15643635,Mutual Fund,2023-11-24,Active
15643635,Loan,2023-04-15,Active
15643635,Credit Card,2022-08-25,Active
15787710,Credit Card,2022-09-09,Active
15787710,Fixed Deposit,2022-12-07,Active
15614137,Credit Card,2022-05-14,Active
15754494,Insurance,2022-06-05,Inactive
15754494,Credit Card,2023-05-16,Active
15754494,Mutual Fund,2022-03-31,Active
15713440,Fixed Deposit,2023-02-12,Active
15803479,Insurance,2023-05-27,Active
15709639,Fixed Deposit,2023-11-19,Active
15709639,Insurance,2022-10-06,Active
15709639,Loan,2023-09-10,Active
15601719,Credit Card,2022-01-01,Active
15772482,Mutual Fund,2022-05-23,Active
15772482,Loan,2022-07-12,Active
15772482,Insurance,2022-11-27,Inactive
15591489,Mutual Fund,2023-02-28,Active
15591489,Credit Card,2022-09-14,Active
15629002,Insurance,2023-03-11,Inactive
15798053,Loan,2023-11-17,Active
15753895,Insurance,2022-11-07,Active
15595426,Fixed Deposit,2023-12-21,Inactive
15595426,Mutual Fund,2022-11-20,Active
15595426,Loan,2023-11-27,Active
15645815,Credit Card,2022-09-20,Active
15645815,Insurance,2022-08-19,Active
15632848,Loan,2023-10-27,Active
15632848,Credit Card,2022-07-29,Inactive
15632848,Fixed Deposit,2022-09-25,Active
15703068,Loan,2023-06-28,Active
15703068,Credit Card,2022-02-04,Active
15703068,Fixed Deposit,2023-07-12,Active
15791513,Loan,2023-12-31,Active
15791513,Credit Card,2022-02-20,Active
15791513,Fixed Deposit,2023-06-23,Active
15587210,Fixed Deposit,2023-10-24,Active
15587210,Insurance,2022-03-02,Active
15793803,Mutual Fund,2023-12-29,Active
15793803,Fixed Deposit,2022-03-12,Inactive
15793803,Credit Card,2022-11-27,Active
15787756,Mutual Fund,2023-11-24,Inactive
15787756,Fixed Deposit,2022-04-06,Active
15787756,Credit Card,2023-05-20,Active
15723437,Mutual Fund,2023-09-29,Active
15702715,Fixed Deposit,2022-09-29,Active
15702715,Loan,2022-06-29,Active
15702715,Insurance,2022-02-14,Inactive
15809872,Insurance,2023-08-06,Active
15809872,Fixed Deposit,2023-10-02,Active
15644295,Insurance,2023-03-29,Active
15644295,Loan,2022-12-29,Active
15778694,Mutual Fund,2023-07-11,Active
15759555,Mutual Fund,2022-08-20,Active
15759555,Loan,2022-06-26,Active
15759555,Credit Card,2023-12-18,Active
15631406,Fixed Deposit,2022-10-15,Active
15616676,Insurance,2022-10-13,Active
15616676,Mutual Fund,2023-03-22,Active
15771154,Loan,2022-06-26,Active
15771154,Mutual Fund,2023-05-31,Active
15669491,Loan,2023-03-18,Active
15669491,Insurance,2023-05-15,Inactive
15669491,Fixed Deposit,2023-07-29,Inactive
15697691,Insurance,2023-05-31,Active
15665180,Fixed Deposit,2022-06-26,Active
15752588,Credit Card,2022-04-10,Active
15752588,Insurance,2022-05-07,Inactive
15752588,Loan,2022-11-16,Active
15743051,Mutual Fund,2023-05-07,Inactive
15571873,Loan,2022-10-22,Active
15571873,Insurance,2022-12-24,Active
15571873,Credit Card,2023-01-19,Active
15679743,Credit Card,2023-09-04,Active
15769412,Fixed Deposit,2023-09-02,Active
15769412,Loan,2023-03-08,Inactive
15775124,Loan,2023-08-13,Active
15775124,Credit Card,2022-07-17,Active
15732113,Insurance,2022-05-13,Active
15732113,Fixed Deposit,2023-02-13,Active
15578141,Insurance,2023-02-26,Active
15578141,Credit Card,2023-02-24,Active
15595874,Loan,2022-05-19,Inactive
15755642,Credit Card,2022-12-20,Inactive
15755642,Loan,2022-01-12,Active
15755642,Insurance,2023-01-13,Active
15576526,Fixed Deposit,2023-02-13,Active
15576526,Insurance,2023-12-26,Active
15792489,Credit Card,2022-10-15,Active
15733705,Credit Card,2022-09-25,Active
15807221,Insurance,2023-02-21,Active
15573045,Insurance,2023-01-29,Active
15573045,Fixed Deposit,2023-11-29,Active
15756824,Insurance,2023-06-28,Active
15773520,Loan,2023-09-22,Inactive
15627439,Insurance,2023-10-21,Active
15627439,Loan,2023-12-11,Active
15627439,Fixed Deposit,2023-04-02,Inactive
15701439,Fixed Deposit,2023-09-11,Active
15701439,Loan,2022-11-15,Inactive
15701439,Credit Card,2022-10-04,Active
15785352,Fixed Deposit,2023-02-01,Inactive
15785352,Insurance,2022-04-09,Active
15616525,Insurance,2023-10-20,Active
15616525,Fixed Deposit,2022-06-29,Active
15616525,Credit Card,2023-06-01,Active
15717489,Mutual Fund,2023-09-19,Inactive
15717489,Fixed Deposit,2023-01-19,Active
15717489,Insurance,2022-11-23,Inactive
15795737,Mutual Fund,2022-07-02,Active
15795737,Insurance,2023-03-19,Active
15693877,Insurance,2022-02-01,Active
15693877,Credit Card,2022-03-13,Active
15693877,Mutual Fund,2023-08-02,Active
15576111,Credit Card,2022-04-14,Inactive
15595713,Credit Card,2023-12-30,Inactive
15595713,Fixed Deposit,2022-12-12,Active
15808868,Loan,2023-05-22,Active
15708193,Credit Card,2022-02-14,Inactive
15708193,Fixed Deposit,2022-04-10,Active
15708193,Loan,2022-01-19,Active
15697801,Fixed Deposit,2022-01-31,Active
15697801,Loan,2022-06-27,Active
15697801,Credit Card,2022-02-24,Active
15770121,Insurance,2022-06-13,Active
15770121,Credit Card,2023-04-17,Active
15770121,Fixed Deposit,2023-04-24,Active
15800524,Insurance,2022-01-06,Active
15686236,Loan,2022-12-11,Active
15659807,Loan,2022-04-04,Active
15659807,Fixed Deposit,2023-12-24,Active
15659807,Insurance,2022-08-27,Active
15736078,Fixed Deposit,2023-01-16,Active
15620836,Fixed Deposit,2023-12-10,Inactive
15698184,Insurance,2023-04-03,Active
15717643,Loan,2023-10-20,Active
15717643,Mutual Fund,2022-01-10,Active
15717643,Insurance,2022-09-30,Active
15776596,Fixed Deposit,2023-01-17,Active
15776596,Loan,2023-03-18,Inactive
15776596,Insurance,2022-12-20,Active
15814757,Mutual Fund,2022-07-02,Active
15814757,Fixed Deposit,2023-12-18,Active
15814757,Insurance,2022-05-29,Active
15812607,Insurance,2022-05-14,Inactive
15663888,Fixed Deposit,2023-05-05,Active
15663888,Insurance,2023-10-04,Active
15663888,Loan,2022-08-16,Active
15748882,Insurance,2023-04-07,Active
15748882,Mutual Fund,2023-03-06,Active
15748882,Credit Card,2022-12-10,Active
15690829,Fixed Deposit,2022-08-24,Inactive
15690829,Credit Card,2023-02-23,Inactive
15690829,Insurance,2022-12-15,Active
15695819,Credit Card,2023-02-20,Active
15695819,Loan,2022-07-22,Active
15696834,Credit Card,2022-06-15,Inactive
15696834,Mutual Fund,2023-07-02,Active
15696834,Fixed Deposit,2022-06-02,Active
15797710,Insurance,2022-06-08,Active
15797710,Mutual Fund,2023-04-05,Active
15700654,Credit Card,2022-01-07,Active
15700654,Insurance,2022-02-28,Active
15700654,Loan,2022-12-10,Active
15583764,Loan,2023-12-03,Active
15688849,Fixed Deposit,2022-10-31,Active
15661473,Credit Card,2023-12-08,Active
15661473,Loan,2023-07-30,Active
15661473,Fixed Deposit,2023-08-22,Active
15601030,Insurance,2023-02-18,Inactive
15601030,Fixed Deposit,2023-11-13,Active
15601030,Loan,2022-09-27,Active
15789557,Fixed Deposit,2022-08-23,Active
15789557,Credit Card,2022-11-06,Active
15745250,Mutual Fund,2022-11-17,Active
15745250,Credit Card,2022-11-20,Inactive
15745250,Loan,2022-06-20,Active
15590349,Loan,2022-12-23,Active
15741693,Mutual Fund,2023-04-18,Active
15741693,Insurance,2022-08-08,Active
15741693,Fixed Deposit,2022-07-16,Inactive
15618446,Mutual Fund,2023-06-14,Active
15618446,Loan,2023-03-07,Active
15618446,Credit Card,2022-10-31,Active
15766552,Insurance,2023-12-01,Active
15668775,Credit Card,2022-08-24,Active
15668775,Mutual Fund,2022-11-03,Active
15757895,Loan,2023-01-16,Inactive
15774551,Credit Card,2023-08-18,Active
15774551,Insurance,2022-03-24,Active
15774551,Loan,2023-10-01,Inactive
15684011,Fixed Deposit,2023-02-26,Active
15736146,Mutual Fund,2023-10-08,Active
15656286,Mutual Fund,2022-12-28,Inactive
15774847,Loan,2023-07-21,Active
15774847,Insurance,2023-05-10,Active
15619340,Credit Card,2023-11-04,Inactive
15619340,Loan,2023-10-16,Active
15619340,Insurance,2022-07-20,Inactive
15815656,Fixed Deposit,2023-02-17,Active
15815656,Mutual Fund,2023-08-21,Active
15815656,Credit Card,2022-12-25,Inactive
15623357,Loan,2023-02-19,Inactive
15623357,Mutual Fund,2023-01-03,Active
15601324,Loan,2023-10-24,Active
15601324,Mutual Fund,2023-10-31,Active
15601324,Insurance,2022-02-10,Active
15715510,Loan,2023-10-31,Inactive
15663770,Fixed Deposit,2022-01-27,Active
15779267,Insurance,2022-06-24,Active
15779267,Fixed Deposit,2022-01-18,Active
15597957,Mutual Fund,2023-12-05,Active
15597957,Loan,2023-08-23,Active
15597957,Fixed Deposit,2023-10-24,Inactive
15584620,Insurance,2022-05-10,Active
15750772,Insurance,2023-07-03,Active
15706557,Loan,2022-05-17,Inactive
15706557,Credit Card,2022-03-15,Inactive
15706557,Insurance,2022-03-13,Inactive
15594391,Credit Card,2023-01-01,Active
15661656,Insurance,2023-03-18,Active
15661656,Fixed Deposit,2022-06-02,Inactive
15631217,Mutual Fund,2023-08-13,Active
15588955,Fixed Deposit,2022-04-02,Active
15588955,Mutual Fund,2022-12-24,Active
15758252,Fixed Deposit,2022-09-21,Active
15758252,Insurance,2022-06-07,Active
15740223,Credit Card,2023-11-14,Active
15740223,Insurance,2022-08-18,Active
15740223,Loan,2023-01-11,Active
15805413,Mutual Fund,2022-07-21,Active
15805413,Loan,2022-07-16,Active
15805413,Insurance,2023-03-12,Inactive
15635116,Loan,2023-02-18,Active
15635116,Fixed Deposit,2023-10-31,Active
15635116,Insurance,2022-12-21,Active
15764892,Credit Card,2022-01-21,Inactive
15795936,Insurance,2023-11-07,Active
15795936,Loan,2022-02-20,Active
15655232,Mutual Fund,2023-03-31,Active
15640133,Mutual Fund,2022-12-29,Inactive
15640133,Fixed Deposit,2022-06-21,Active
15751524,Credit Card,2022-09-25,Active
15670552,Fixed Deposit,2022-12-17,Active
15623966,Fixed Deposit,2023-04-25,Active
15623966,Credit Card,2023-09-19,Active
15623966,Mutual Fund,2023-03-25,Active
15752193,Fixed Deposit,2023-05-11,Inactive
15752193,Credit Card,2023-09-18,Active
15607269,Loan,2023-12-31,Inactive
15607269,Mutual Fund,2023-12-04,Active
15700752,Credit Card,2023-07-12,Active
15700752,Mutual Fund,2022-03-02,Active
15700752,Loan,2022-07-12,Active
15777901,Fixed Deposit,2022-06-27,Inactive
15777901,Insurance,2023-11-02,Active
15777901,Mutual Fund,2022-01-27,Inactive
15639117,Insurance,2022-12-23,Active
15720203,Loan,2022-09-12,Active
15720203,Credit Card,2022-01-05,Active
15720203,Mutual Fund,2022-06-08,Active
15586236,Fixed Deposit,2023-12-25,Active
15586236,Insurance,2022-12-11,Active
15676645,Insurance,2022-01-02,Inactive
15676645,Mutual Fund,2023-09-28,Inactive
15715988,Credit Card,2022-07-07,Active
15603749,Loan,2022-08-26,Inactive
15603749,Insurance,2022-10-10,Active
15608956,Insurance,2022-11-02,Active
15733872,Loan,2023-12-01,Active
15733872,Fixed Deposit,2022-07-28,Active
15733872,Mutual Fund,2023-07-02,Active
15666982,Insurance,2022-05-30,Inactive
15602647,Mutual Fund,2023-10-10,Active
15602647,Credit Card,2023-05-11,Active
15602647,Loan,2023-07-11,Active
15623063,Loan,2023-03-30,Inactive
15682928,Loan,2023-11-06,Active
15729246,Credit Card,2022-05-05,Active
15729246,Loan,2023-03-30,Active
15588928,Fixed Deposit,2022-12-17,Active
15588928,Insurance,2022-01-07,Active
15588928,Credit Card,2022-02-02,Active
15803352,Fixed Deposit,2023-10-09,Active
15607485,Loan,2022-02-16,Inactive
15607485,Fixed Deposit,2023-03-15,Active
15607485,Insurance,2022-03-18,Active
15656249,Mutual Fund,2022-01-15,Active
15656249,Loan,2023-12-30,Active
15761783,Fixed Deposit,2023-01-07,Active
15716605,Loan,2023-04-04,Inactive
15716605,Credit Card,2022-04-19,Active
15757425,Credit Card,2023-11-21,Active
15757425,Insurance,2022-08-31,Active
15757425,Fixed Deposit,2022-12-29,Inactive
15603096,Insurance,2022-02-03,Active
15603096,Loan,2022-01-06,Inactive
15588580,Mutual Fund,2022-03-18,Active
15588580,Fixed Deposit,2022-06-17,Active
15588580,Credit Card,2023-03-21,Inactive
15770539,Loan,2023-04-13,Active
15572022,Insurance,2023-03-12,Active
15571843,Credit Card,2022-01-19,Active
15571843,Insurance,2023-01-07,Active
15752502,Insurance,2023-08-09,Inactive
15609058,Mutual Fund,2022-09-17,Active
15609058,Insurance,2023-08-21,Active
15609058,Loan,2022-03-22,Active
15775108,Credit Card,2022-10-31,Active
15775108,Fixed Deposit,2023-10-25,Active
15775108,Loan,2022-08-02,Active
15708904,Credit Card,2022-10-01,Active
15708904,Fixed Deposit,2022-04-12,Active
15708904,Mutual Fund,2023-08-05,Inactive
15600086,Insurance,2022-05-12,Inactive
15600086,Fixed Deposit,2023-11-01,Active
15600086,Credit Card,2022-07-10,Inactive
15814675,Insurance,2023-07-11,Inactive
15572777,Mutual Fund,2023-07-15,Active
15572777,Insurance,2023-10-13,Active
15572777,Credit Card,2022-03-25,Active
15585106,Mutual Fund,2022-04-27,Inactive
15738936,Mutual Fund,2022-01-01,Active
15738936,Loan,2022-02-17,Active
15738936,Fixed Deposit,2023-06-27,Active
15750970,Credit Card,2022-05-07,Inactive
15725772,Mutual Fund,2022-03-09,Active
15725772,Credit Card,2023-07-04,Active
15725772,Insurance,2022-05-27,Active
15692106,Loan,2022-01-23,Active
15791533,Credit Card,2022-04-18,Active
15715715,Loan,2023-03-22,Inactive
15715715,Insurance,2023-05-02,Active
15785576,Loan,2022-10-18,Active
15785576,Insurance,2022-02-05,Active
15785576,Mutual Fund,2022-10-14,Active
15798834,Loan,2023-09-30,Active
15798834,Credit Card,2023-08-25,Active
15744127,Insurance,2022-08-17,Active
15744127,Loan,2023-12-20,Inactive
15637427,Loan,2022-09-22,Active
15637427,Credit Card,2022-07-18,Active
15637427,Mutual Fund,2022-12-03,Active
15576990,Loan,2023-10-26,Active
15576990,Insurance,2022-06-18,Inactive
15615352,Loan,2022-05-05,Inactive
15615352,Credit Card,2022-06-21,Active
15615352,Insurance,2022-01-25,Active
15647333,Loan,2023-09-13,Active
15572050,Loan,2022-11-16,Active
15572050,Credit Card,2022-01-17,Active
15581370,Insurance,2023-09-19,Active
15581370,Credit Card,2022-03-31,Active
15813503,Credit Card,2023-09-01,Active
15813503,Fixed Deposit,2022-01-26,Active
15769783,Insurance,2023-08-14,Active
15793135,Loan,2022-06-03,Active
15793135,Insurance,2022-06-13,Active
15599182,Fixed Deposit,2023-03-20,Inactive
15689517,Insurance,2023-05-03,Active
15641366,Insurance,2023-01-26,Active
15588859,Mutual Fund,2023-10-07,Active
15588859,Insurance,2022-06-21,Active
15588859,Credit Card,2022-08-22,Active
15732293,Mutual Fund,2022-06-20,Active
15732293,Insurance,2022-06-12,Active
15568032,Insurance,2022-09-22,Active
15568032,Mutual Fund,2023-01-07,Inactive
15623525,Mutual Fund,2023-08-10,Active
15623525,Loan,2022-05-25,Active
15623525,Insurance,2023-03-09,Active
15606601,Fixed Deposit,2023-07-13,Active
15606601,Mutual Fund,2023-04-15,Active
15606601,Credit Card,2023-10-22,Active
15800811,Fixed Deposit,2023-05-01,Active
15610711,Loan,2022-01-23,Inactive
15809654,Insurance,2022-08-18,Inactive
15809654,Fixed Deposit,2022-03-15,Active
15809654,Loan,2022-01-12,Inactive
15576077,Loan,2023-05-27,Active
15643378,Mutual Fund,2022-04-13,Inactive
15643378,Insurance,2022-02-13,Active
15643378,Loan,2023-08-16,Active
15566790,Fixed Deposit,2022-03-02,Active
15566790,Insurance,2023-05-30,Active
15566790,Loan,2022-11-11,Active
15774402,Credit Card,2022-05-22,Active
15694641,Insurance,2022-05-10,Active
15605916,Fixed Deposit,2023-09-18,Active
15605916,Credit Card,2022-10-14,Active
15605916,Loan,2022-05-07,Active
15812356,Fixed Deposit,2023-05-29,Inactive
15812356,Loan,2022-05-15,Inactive
15812356,Mutual Fund,2023-07-26,Active
15644179,Credit Card,2022-10-31,Inactive
15644179,Loan,2022-09-26,Active
15771674,Insurance,2022-04-25,Active
15771674,Credit Card,2023-10-31,Active
15623314,Fixed Deposit,2023-11-16,Active
15613292,Fixed Deposit,2023-08-06,Active
15613292,Loan,2023-07-30,Inactive
15613292,Mutual Fund,2022-12-12,Active
15813871,Insurance,2022-04-23,Active
15813871,Loan,2022-10-09,Active
15813871,Credit Card,2023-03-18,Active
15759480,Mutual Fund,2023-03-04,Active
15587712,Fixed Deposit,2023-09-15,Inactive
15587712,Loan,2022-02-19,Active
15671165,Insurance,2022-10-21,Active
15671165,Mutual Fund,2022-06-27,Active
15671165,Credit Card,2023-08-02,Active
15620746,Credit Card,2023-06-26,Active
15620746,Insurance,2022-04-14,Active
15706537,Insurance,2022-07-11,Active
15706537,Loan,2023-12-16,Inactive
15589312,Insurance,2023-12-19,Inactive
15589312,Credit Card,2022-09-26,Active
15589312,Mutual Fund,2023-05-10,Active
15741180,Credit Card,2022-09-05,Active
15741180,Mutual Fund,2022-10-25,Active
15741180,Fixed Deposit,2022-07-18,Active
15733888,Mutual Fund,2023-10-20,Active
15733888,Credit Card,2022-12-02,Active
15733888,Loan,2022-01-30,Active
15798532,Fixed Deposit,2023-04-20,Active
15798532,Credit Card,2023-12-02,Active
15577359,Credit Card,2022-12-31,Active
15577359,Mutual Fund,2022-05-18,Active
15614936,Fixed Deposit,2023-08-11,Active
15614936,Insurance,2023-04-02,Active
15614936,Mutual Fund,2022-03-19,Active
15747647,Fixed Deposit,2023-03-26,Active
15747647,Credit Card,2022-03-04,Active
15588566,Loan,2023-12-09,Inactive
15588566,Credit Card,2022-02-26,Inactive
15588566,Mutual Fund,2023-06-26,Active
15570141,Mutual Fund,2022-09-12,Active
15570141,Fixed Deposit,2023-05-23,Active
15800793,Insurance,2022-01-06,Active
15800793,Fixed Deposit,2022-04-23,Inactive
15572415,Credit Card,2023-07-19,Active
15572415,Insurance,2023-05-08,Active
15635125,Mutual Fund,2022-06-22,Active
15635125,Loan,2023-12-15,Active
15635125,Credit Card,2023-01-11,Inactive
15636551,Fixed Deposit,2023-08-03,Inactive
15636551,Mutual Fund,2023-05-04,Active
15600912,Insurance,2022-01-17,Active
15768476,Fixed Deposit,2022-03-04,Active
15768476,Credit Card,2022-06-12,Inactive
15650266,Insurance,2022-01-06,Active
15650266,Loan,2023-11-18,Active
15621004,Insurance,2023-09-13,Active
15748352,Mutual Fund,2023-08-18,Active
15748352,Insurance,2023-08-03,Active
15748352,Loan,2023-08-07,Active
15788920,Mutual Fund,2023-03-10,Active
15788920,Credit Card,2022-08-17,Active
15788920,Insurance,2023-03-12,Inactive
15743236,Insurance,2022-07-27,Active
15743236,Loan,2022-02-28,Active
15743236,Mutual Fund,2022-04-02,Active
15637717,Mutual Fund,2022-11-26,Active
15637717,Credit Card,2022-01-11,Inactive
15635500,Credit Card,2023-12-14,Active
15635500,Insurance,2023-10-04,Active
15634792,Insurance,2022-01-30,Active
15634792,Credit Card,2023-01-01,Active
15634792,Mutual Fund,2022-03-06,Active
15607560,Credit Card,2022-10-08,Active
15607560,Fixed Deposit,2023-02-15,Active
15727177,Mutual Fund,2022-11-08,Inactive
15774358,Mutual Fund,2023-04-03,Inactive
15774358,Fixed Deposit,2022-10-24,Active
15774358,Credit Card,2023-09-11,Active
15791304,Mutual Fund,2023-03-08,Active
15603328,Insurance,2023-11-10,Active
15603328,Credit Card,2022-11-17,Inactive
15804937,Loan,2023-07-20,Active
15804142,Insurance,2023-09-05,Active
15608845,Fixed Deposit,2023-02-01,Active
15702434,Credit Card,2022-05-24,Inactive
15702434,Mutual Fund,2023-06-12,Active
15702434,Insurance,2022-11-11,Active
15632609,Insurance,2022-07-22,Active
15632609,Credit Card,2022-09-26,Active
15632609,Loan,2023-04-18,Active
15603550,Insurance,2022-06-16,Active
15603550,Credit Card,2022-03-17,Active
15755239,Insurance,2022-12-23,Active
15670528,Fixed Deposit,2023-03-10,Active
15670528,Mutual Fund,2022-11-07,Active
15732704,Credit Card,2023-09-01,Active
15732704,Fixed Deposit,2023-11-30,Active
15732704,Insurance,2023-06-29,Active
15589019,Loan,2022-11-15,Active
15677796,Credit Card,2023-09-14,Active
15677796,Fixed Deposit,2022-08-31,Active
15760177,Mutual Fund,2022-05-12,Active
15760177,Fixed Deposit,2022-06-06,Active
15760177,Credit Card,2023-01-10,Inactive
15636595,Credit Card,2023-11-13,Active
15636595,Mutual Fund,2023-04-06,Active
15737275,Fixed Deposit,2022-06-09,Active
15672905,Fixed Deposit,2023-07-21,Active
15753955,Credit Card,2022-02-16,Inactive
15753955,Insurance,2023-05-07,Active
15708504,Insurance,2023-12-17,Active
15592451,Loan,2022-04-16,Active
15592451,Fixed Deposit,2022-12-25,Active
15790455,Fixed Deposit,2023-10-15,Active
15790455,Insurance,2022-12-31,Active
15572174,Credit Card,2022-05-11,Inactive
15656330,Mutual Fund,2022-06-21,Active
15656330,Credit Card,2022-10-12,Active
15569626,Insurance,2023-12-26,Active
15569626,Loan,2023-03-27,Active
15569626,Mutual Fund,2023-03-10,Inactive
15608726,Loan,2023-05-17,Active
15608726,Mutual Fund,2023-07-27,Active
15608726,Credit Card,2022-06-21,Active
15637366,Mutual Fund,2022-05-01,Active
15778049,Credit Card,2022-05-27,Active
15778049,Insurance,2022-04-13,Active
15727421,Credit Card,2022-07-06,Active
15727421,Mutual Fund,2022-04-02,Active
15727421,Insurance,2023-09-14,Active
15688865,Credit Card,2023-07-03,Active
15751032,Fixed Deposit,2023-06-21,Active
15751032,Loan,2022-07-11,Active
15751032,Credit Card,2022-07-25,Inactive
15734737,Credit Card,2022-08-31,Active
15746515,Credit Card,2023-01-24,Inactive
15664311,Credit Card,2022-12-27,Active
15664311,Loan,2022-09-24,Active
15708139,Fixed Deposit,2023-11-28,Active
15708139,Mutual Fund,2023-12-06,Active
15708139,Insurance,2022-02-20,Active
15768574,Loan,2022-11-27,Active
15738018,Loan,2023-01-20,Active
15738018,Fixed Deposit,2022-08-17,Active
15738018,Insurance,2022-05-21,Active
15699753,Credit Card,2023-12-06,Active
15699753,Insurance,2023-07-29,Inactive
15699753,Loan,2022-06-10,Active
15703199,Mutual Fund,2022-05-15,Inactive
15627830,Fixed Deposit,2023-04-22,Active
15627830,Loan,2022-09-24,Active
15627830,Mutual Fund,2022-02-11,Active
15570855,Credit Card,2023-11-15,Active
15570855,Insurance,2023-08-28,Active
15570855,Mutual Fund,2022-11-09,Active
15772503,Credit Card,2023-02-28,Active
15772503,Mutual Fund,2023-10-29,Active
15772503,Insurance,2022-08-07,Active
15584453,Credit Card,2022-07-04,Active
15584453,Fixed Deposit,2023-07-10,Active
15710111,Mutual Fund,2022-02-10,Inactive
15710111,Insurance,2022-01-13,Active
15618562,Mutual Fund,2022-12-27,Inactive
15618562,Loan,2022-09-13,Active
15706764,Mutual Fund,2022-08-25,Active
15706764,Credit Card,2022-08-14,Active
15798737,Fixed Deposit,2022-03-10,Active
15798737,Credit Card,2023-04-11,Active
15798737,Insurance,2022-11-16,Active
15712608,Insurance,2023-09-17,Active
15712608,Fixed Deposit,2022-04-19,Inactive
15636736,Loan,2022-06-29,Active
15636736,Insurance,2023-08-01,Inactive
15703544,Insurance,2022-05-23,Active
15703544,Fixed Deposit,2023-03-04,Inactive
15703544,Credit Card,2022-11-24,Inactive
15815645,Mutual Fund,2022-12-30,Active
15705739,Loan,2022-03-08,Active
15709643,Loan,2023-02-13,Active
15669805,Loan,2022-02-07,Active
15669805,Mutual Fund,2023-11-03,Active
15669805,Insurance,2023-08-25,Active
15737489,Mutual Fund,2022-06-07,Active
15737489,Credit Card,2023-10-05,Active
15737489,Insurance,2023-10-16,Inactive
15775131,Credit Card,2022-10-15,Active
15765283,Credit Card,2022-05-31,Active
15765283,Mutual Fund,2023-02-27,Active
15628715,Insurance,2022-08-01,Active
15813283,Credit Card,2023-04-15,Inactive
15745716,Insurance,2023-04-17,Active
15598485,Loan,2023-06-25,Active
15696552,Fixed Deposit,2022-12-10,Active
15754569,Mutual Fund,2023-06-09,Inactive
15701741,Fixed Deposit,2022-04-17,Active
15572631,Credit Card,2022-10-10,Inactive
15636069,Insurance,2022-12-16,Active
15682467,Insurance,2023-04-23,Inactive
15682467,Credit Card,2022-03-08,Inactive
15682467,Fixed Deposit,2023-07-04,Active
15790744,Loan,2022-03-10,Active
15625023,Loan,2022-03-29,Active
15731267,Mutual Fund,2022-06-05,Active
15731267,Insurance,2023-08-02,Active
15731267,Credit Card,2022-03-10,Active
15742879,Mutual Fund,2023-04-02,Active
15742879,Fixed Deposit,2023-04-02,Inactive
15757015,Credit Card,2022-07-24,Active
15770711,Mutual Fund,2023-11-02,Inactive
15569430,Mutual Fund,2023-04-17,Active
15569430,Insurance,2022-05-24,Active
15617304,Fixed Deposit,2022-02-15,Active
15704466,Loan,2022-01-30,Inactive
15664681,Credit Card,2023-12-16,Active
15605534,Credit Card,2023-01-17,Active
15792473,Fixed Deposit,2022-02-28,Active
15792473,Loan,2023-09-03,Inactive
15802625,Credit Card,2023-05-02,Active
15802625,Insurance,2023-02-20,Inactive
15802625,Fixed Deposit,2023-10-21,Active
15766017,Insurance,2023-07-07,Active
15766017,Mutual Fund,2023-05-05,Inactive
15762172,Loan,2022-12-01,Inactive
15762172,Mutual Fund,2022-12-11,Inactive
15762172,Credit Card,2022-05-28,Active
15728333,Mutual Fund,2022-11-03,Active
15792868,Loan,2022-03-28,Active
15605698,Mutual Fund,2023-02-11,Active
15777060,Loan,2023-11-01,Inactive
15777060,Fixed Deposit,2023-07-17,Active
15777060,Insurance,2023-05-11,Inactive
15626243,Insurance,2023-06-15,Active
15719898,Insurance,2023-01-06,Active
15599976,Insurance,2022-05-18,Inactive
15752809,Insurance,2023-11-09,Active
15752809,Credit Card,2022-12-16,Active
15589698,Credit Card,2022-09-11,Active
15609977,Fixed Deposit,2023-11-22,Active
15609977,Loan,2022-05-22,Active
15750121,Loan,2022-12-09,Inactive
15750121,Credit Card,2022-05-29,Inactive
15750121,Mutual Fund,2023-07-17,Active
15734177,Loan,2022-09-19,Active
15734177,Insurance,2023-02-17,Active
15734177,Credit Card,2023-01-02,Active
15781347,Fixed Deposit,2023-01-18,Active
15781347,Loan,2022-11-05,Active
15781347,Credit Card,2022-05-17,Active
15592025,Insurance,2022-09-09,Inactive
15670163,Loan,2022-06-12,Active
15670163,Fixed Deposit,2023-12-03,Inactive
15670163,Credit Card,2023-08-25,Active
15765402,Loan,2023-02-21,Active
15765402,Credit Card,2022-10-09,Active
15624343,Insurance,2022-08-20,Active
15624343,Mutual Fund,2023-12-12,Active
15624343,Fixed Deposit,2022-01-26,Active
15602354,Credit Card,2022-02-16,Active
15602354,Loan,2022-10-31,Active
15602354,Mutual Fund,2023-07-07,Inactive
15579183,Fixed Deposit,2022-02-23,Inactive
15579183,Loan,2023-02-26,Active
15579183,Mutual Fund,2023-12-12,Active
15584899,Credit Card,2023-02-12,Active
15584899,Fixed Deposit,2022-08-13,Active
15723658,Credit Card,2023-03-28,Active
15803965,Credit Card,2023-09-10,Inactive
15803965,Insurance,2023-03-21,Active
15803965,Mutual Fund,2022-09-25,Active
15682489,Insurance,2023-10-16,Active
15813645,Insurance,2023-06-12,Inactive
15766787,Mutual Fund,2023-12-17,Active
15766787,Credit Card,2022-04-26,Active
15687171,Fixed Deposit,2022-06-28,Inactive
15687171,Insurance,2022-05-21,Active
15690744,Insurance,2022-01-26,Inactive
15707974,Mutual Fund,2023-01-18,Inactive
15707974,Insurance,2023-08-17,Active
15673084,Insurance,2022-03-18,Active
15673084,Fixed Deposit,2023-11-24,Active
15673084,Credit Card,2022-12-16,Active
15814772,Credit Card,2023-08-05,Inactive
15814772,Loan,2023-02-16,Inactive
15743709,Insurance,2023-10-22,Active
15610343,Insurance,2023-09-18,Active
15610343,Mutual Fund,2022-12-13,Active
15737414,Loan,2023-02-20,Active
15737414,Mutual Fund,2023-06-21,Active
15788480,Credit Card,2023-01-06,Active
15788480,Fixed Deposit,2022-01-14,Inactive
15568519,Mutual Fund,2023-03-05,Active
15568519,Fixed Deposit,2022-09-27,Inactive
15792453,Insurance,2022-09-10,Inactive
15792453,Loan,2022-08-09,Inactive
15792453,Credit Card,2023-07-01,Active
15658100,Mutual Fund,2023-04-15,Active
15658100,Insurance,2023-01-12,Active
15658100,Loan,2023-06-21,Active
15695197,Fixed Deposit,2022-03-07,Active
15695197,Credit Card,2022-04-14,Active
15695197,Insurance,2023-01-01,Active
15749807,Loan,2022-10-02,Active
15773876,Mutual Fund,2023-06-23,Active
15773876,Credit Card,2022-03-04,Active
15773876,Insurance,2022-01-27,Active
15591698,Loan,2022-10-09,Active
15591698,Fixed Deposit,2023-05-08,Inactive
15712813,Loan,2023-12-25,Inactive
15712813,Credit Card,2023-12-19,Active
15763898,Mutual Fund,2023-02-16,Active
15793324,Loan,2023-09-06,Active
15793324,Insurance,2023-10-20,Active
15757759,Fixed Deposit,2022-06-01,Active
15757759,Credit Card,2023-01-25,Active
15796230,Insurance,2023-04-12,Active
15796230,Fixed Deposit,2023-03-30,Active
15611729,Loan,2023-09-30,Active
15709531,Credit Card,2023-10-23,Active
15709531,Insurance,2023-08-25,Active
15709531,Loan,2022-09-01,Active
15650751,Mutual Fund,2023-11-01,Active
15650751,Insurance,2023-01-16,Active
15641413,Credit Card,2023-06-28,Inactive
15641413,Loan,2023-10-07,Active
15753840,Fixed Deposit,2022-02-28,Inactive
15669994,Fixed Deposit,2022-11-04,Active
15695301,Loan,2023-04-06,Inactive
15695301,Fixed Deposit,2022-07-10,Active
15695301,Insurance,2022-10-23,Active
15792004,Loan,2022-03-27,Active
15792004,Insurance,2022-02-12,Active
15792004,Fixed Deposit,2023-07-20,Active
15603035,Fixed Deposit,2022-06-08,Active
15603035,Credit Card,2023-05-07,Inactive
15717286,Insurance,2022-01-04,Active
15577107,Insurance,2022-02-25,Inactive
15577107,Fixed Deposit,2022-10-01,Inactive
15577107,Mutual Fund,2023-08-22,Inactive
15754747,Loan,2023-11-26,Active
15754747,Mutual Fund,2023-12-25,Active
15754747,Fixed Deposit,2022-08-14,Active
15705676,Insurance,2023-08-04,Active
15751912,Credit Card,2022-08-17,Inactive
15677336,Fixed Deposit,2023-04-24,Active
15677336,Mutual Fund,2022-07-04,Inactive
15677336,Insurance,2023-12-18,Active
15684395,Loan,2023-11-21,Active
15684395,Insurance,2022-06-24,Active
15684395,Mutual Fund,2023-07-24,Active
15659949,Insurance,2022-07-01,Active
15812422,Credit Card,2023-03-10,Active
15806941,Insurance,2023-07-18,Active
15806941,Loan,2022-10-15,Inactive
15637690,Credit Card,2023-01-01,Active
15632882,Fixed Deposit,2022-12-21,Active
15632882,Insurance,2022-06-11,Active
15807107,Fixed Deposit,2022-03-03,Active
15661034,Loan,2022-03-03,Active
15661034,Mutual Fund,2023-09-16,Active
15661034,Credit Card,2023-03-01,Inactive
15811958,Mutual Fund,2022-04-16,Inactive
15811958,Fixed Deposit,2023-06-10,Active
15811958,Insurance,2023-10-22,Active
15785167,Credit Card,2022-07-17,Active
15646720,Loan,2023-04-01,Inactive
15646720,Credit Card,2023-04-19,Active
15658614,Loan,2022-02-22,Active
15658614,Fixed Deposit,2022-11-08,Inactive
15658614,Mutual Fund,2022-02-03,Active
15704657,Insurance,2022-11-08,Active
15704657,Loan,2023-02-06,Active
15567147,Credit Card,2022-09-26,Active
15567147,Fixed Deposit,2023-10-29,Active
15567147,Loan,2022-12-03,Active
15701319,Insurance,2023-08-18,Active
15701319,Loan,2023-01-07,Active
15701319,Fixed Deposit,2023-01-30,Inactive
15745266,Credit Card,2023-06-20,Active
15745266,Mutual Fund,2022-04-10,Active
15650437,Mutual Fund,2023-04-11,Active
15764314,Mutual Fund,2023-02-22,Active
15612594,Credit Card,2022-03-18,Active
15612594,Fixed Deposit,2023-01-15,Active
15612594,Insurance,2022-04-06,Active
15593501,Fixed Deposit,2023-09-22,Active
15804150,Credit Card,2023-03-27,Active
15804150,Fixed Deposit,2023-05-05,Active
15804150,Loan,2023-04-24,Inactive
15649297,Mutual Fund,2023-07-07,Inactive
15649297,Insurance,2022-04-28,Active
15641110,Mutual Fund,2022-01-05,Active
15641110,Insurance,2022-05-19,Active
15641110,Fixed Deposit,2022-04-17,Active
15660608,Insurance,2023-12-06,Active
15660608,Credit Card,2022-02-19,Active
15660608,Fixed Deposit,2023-10-25,Active
15806570,Insurance,2023-05-27,Active
15806570,Loan,2023-09-02,Active
15806570,Mutual Fund,2022-11-02,Active
15715345,Credit Card,2022-10-04,Active
15755521,Loan,2022-06-06,Active
15579074,Loan,2022-09-19,Active
15579074,Mutual Fund,2023-03-17,Active
15641158,Mutual Fund,2023-12-03,Active
15752507,Credit Card,2022-03-28,Active
15752507,Loan,2023-12-22,Active
15597983,Fixed Deposit,2022-02-09,Active
15586069,Insurance,2023-06-28,Active
15586069,Credit Card,2022-04-20,Active
15655082,Credit Card,2022-02-16,Active
15655082,Mutual Fund,2023-06-16,Inactive
15720155,Loan,2022-09-16,Active
15720155,Mutual Fund,2022-09-02,Inactive
15720155,Insurance,2023-03-27,Inactive
15582116,Credit Card,2022-01-09,Active
15582116,Mutual Fund,2023-10-12,Active
15582116,Loan,2022-09-03,Active
15749365,Fixed Deposit,2022-01-24,Inactive
15632069,Loan,2022-05-25,Inactive
15632069,Insurance,2023-06-15,Active
15663134,Fixed Deposit,2023-09-13,Active
15766683,Insurance,2022-02-06,Active
15766683,Fixed Deposit,2023-11-01,Active
15766683,Loan,2022-11-19,Active
15707219,Insurance,2023-10-30,Active
15707219,Loan,2023-08-13,Inactive
15709232,Credit Card,2022-06-03,Inactive
15709232,Fixed Deposit,2023-03-21,Active
15709232,Insurance,2023-09-01,Active
15801351,Credit Card,2023-03-13,Active
15801351,Fixed Deposit,2022-09-18,Active
15578747,Fixed Deposit,2022-02-13,Active
15675626,Loan,2023-10-30,Active
15583736,Fixed Deposit,2023-06-09,Active
15583736,Insurance,2022-01-04,Active
15590011,Credit Card,2023-01-27,Active
15590011,Insurance,2022-05-24,Active
15590011,Loan,2023-04-14,Inactive
15609913,Mutual Fund,2023-04-07,Active
15609913,Fixed Deposit,2022-05-10,Active
15719479,Fixed Deposit,2022-01-07,Inactive
15575147,Loan,2023-01-28,Active
15575147,Insurance,2022-11-03,Active
15575147,Fixed Deposit,2022-04-28,Active
15597309,Mutual Fund,2022-03-09,Active
15648367,Insurance,2022-03-13,Active
15758031,Loan,2023-09-10,Active
15758031,Fixed Deposit,2023-06-22,Active
15758031,Mutual Fund,2022-12-28,Active
15751771,Loan,2023-04-18,Active
15689288,Mutual Fund,2023-10-25,Inactive
15689288,Credit Card,2022-01-11,Inactive
15689288,Insurance,2022-03-05,Active
15731026,Credit Card,2022-07-22,Active
15775809,Mutual Fund,2023-06-30,Active
15775809,Fixed Deposit,2022-10-29,Active
15743076,Insurance,2022-03-26,Active
15743076,Mutual Fund,2023-10-16,Active
15743076,Credit Card,2022-11-05,Inactive
15658258,Fixed Deposit,2023-11-10,Active
15756321,Loan,2022-02-01,Active
15756321,Credit Card,2022-06-03,Active
15756321,Fixed Deposit,2022-08-25,Active
15706799,Loan,2023-09-08,Active
15706799,Insurance,2022-09-24,Inactive
15775703,Mutual Fund,2022-07-15,Active
15775703,Credit Card,2023-06-25,Active
15775703,Loan,2023-02-19,Active
15642636,Credit Card,2023-01-04,Active
15642636,Loan,2022-06-15,Active
15642636,Mutual Fund,2022-05-24,Active
15704651,Fixed Deposit,2022-04-01,Inactive
15704651,Credit Card,2023-06-05,Inactive
15704651,Mutual Fund,2023-07-09,Active
15806771,Mutual Fund,2022-12-22,Active
15806771,Fixed Deposit,2022-05-01,Active
15806771,Credit Card,2022-03-20,Active
15566735,Mutual Fund,2023-03-31,Inactive
15681671,Fixed Deposit,2023-07-16,Active
15681671,Credit Card,2023-06-04,Inactive
15681671,Insurance,2023-03-01,Active
15775949,Fixed Deposit,2023-08-16,Active
15775949,Loan,2023-03-27,Active
15586752,Insurance,2022-10-10,Active
15586752,Fixed Deposit,2023-08-24,Active
15582519,Insurance,2022-10-23,Inactive
15658233,Mutual Fund,2022-05-21,Active
15658233,Insurance,2022-01-26,Active
15658233,Credit Card,2023-08-02,Active
15755330,Fixed Deposit,2023-10-18,Active
15605072,Fixed Deposit,2022-10-10,Inactive
15605072,Loan,2023-06-19,Active
15605072,Insurance,2022-04-13,Active
15617538,Insurance,2023-11-28,Active
15617538,Mutual Fund,2023-01-21,Active
15591428,Loan,2023-10-13,Active
15591428,Fixed Deposit,2023-11-03,Active
15692142,Credit Card,2023-12-20,Active
15692142,Insurance,2023-09-20,Inactive
15692142,Loan,2023-11-07,Inactive
15692931,Mutual Fund,2022-09-27,Active
15692931,Insurance,2022-02-08,Active
15692931,Fixed Deposit,2023-04-29,Inactive
15781127,Credit Card,2023-08-14,Active
15677136,Insurance,2023-06-20,Active
15677136,Loan,2023-04-29,Active
15677136,Credit Card,2023-10-11,Active
15677828,Credit Card,2023-03-14,Active
15677828,Fixed Deposit,2022-05-15,Active
15567897,Credit Card,2022-04-27,Inactive
15567897,Insurance,2023-05-17,Active
15567897,Fixed Deposit,2023-05-01,Active
15793641,Credit Card,2022-05-03,Active
15793641,Mutual Fund,2023-07-10,Active
15793641,Loan,2023-10-25,Active
15678333,Loan,2022-05-19,Active
15630511,Mutual Fund,2023-03-17,Active
15792627,Credit Card,2023-01-19,Active
15792627,Loan,2022-01-16,Active
15717191,Mutual Fund,2022-12-08,Active
15625716,Loan,2023-07-21,Active
15625716,Insurance,2023-02-23,Active
15625716,Mutual Fund,2023-10-14,Inactive
15710053,Loan,2022-03-21,Active
15710053,Insurance,2022-01-02,Active
15710053,Fixed Deposit,2023-07-04,Active
15580043,Credit Card,2022-07-27,Active
15580043,Loan,2022-06-30,Inactive
15601410,Credit Card,2022-10-01,Active
15684669,Fixed Deposit,2022-08-25,Active
15619083,Credit Card,2023-02-05,Active
15619083,Mutual Fund,2023-07-28,Inactive
15619083,Fixed Deposit,2022-12-28,Inactive
15692207,Mutual Fund,2023-09-24,Active
15692207,Loan,2023-07-22,Inactive
15730705,Insurance,2023-09-07,Active
15730705,Credit Card,2023-11-22,Inactive
15749688,Mutual Fund,2023-05-11,Active
15749688,Insurance,2023-06-25,Inactive
15728542,Mutual Fund,2022-09-08,Active
15728542,Fixed Deposit,2022-05-21,Active
15760063,Insurance,2022-03-04,Active
15760063,Loan,2023-02-17,Active
15760063,Mutual Fund,2023-07-13,Inactive
15658982,Insurance,2023-11-14,Active
15758769,Mutual Fund,2022-02-19,Active
15758769,Credit Card,2022-02-20,Active
15758769,Loan,2023-05-02,Inactive
15778481,Insurance,2023-06-16,Active
15778481,Credit Card,2022-03-10,Active
15778481,Loan,2022-10-05,Active
15661162,Credit Card,2023-04-21,Active
15661162,Fixed Deposit,2023-05-28,Active
15661162,Mutual Fund,2022-01-03,Active
15568164,Loan,2022-04-03,Active
15601569,Insurance,2023-12-10,Active
15772383,Fixed Deposit,2022-11-11,Active
15772383,Mutual Fund,2022-02-01,Active
15772383,Loan,2023-11-07,Active
15667456,Mutual Fund,2022-06-25,Active
15672983,Fixed Deposit,2022-02-26,Inactive
15799534,Fixed Deposit,2023-01-07,Active
15799534,Credit Card,2023-10-09,Active
15582847,Fixed Deposit,2022-02-28,Active
15612478,Fixed Deposit,2023-03-02,Active
15709621,Credit Card,2023-04-03,Active
15802009,Mutual Fund,2023-06-24,Inactive
15698816,Insurance,2022-03-25,Active
15698816,Credit Card,2022-05-02,Active
15698816,Fixed Deposit,2022-05-08,Active
15574830,Fixed Deposit,2022-12-20,Active
15574830,Mutual Fund,2022-07-24,Active
15574830,Loan,2023-02-07,Active
15603082,Insurance,2023-02-12,Inactive
15603082,Credit Card,2022-02-02,Active
15685947,Loan,2023-07-22,Active
15643048,Fixed Deposit,2023-04-01,Active
15643048,Insurance,2022-08-12,Inactive
15643048,Mutual Fund,2022-09-22,Active
15807568,Fixed Deposit,2022-08-31,Active
15597591,Insurance,2022-12-09,Active
15597591,Fixed Deposit,2023-06-14,Active
15747558,Mutual Fund,2022-12-08,Active
15756655,Mutual Fund,2022-08-23,Active
15589949,Loan,2022-08-21,Active
15589949,Credit Card,2022-02-24,Active
15601012,Fixed Deposit,2022-02-04,Active
15601012,Mutual Fund,2023-03-08,Active
15601012,Insurance,2023-04-01,Active
15724269,Loan,2023-04-22,Active
15567506,Fixed Deposit,2023-02-02,Inactive
15567506,Insurance,2022-10-31,Active
15567506,Mutual Fund,2023-07-08,Active
15791877,Loan,2022-06-03,Active
15791877,Fixed Deposit,2023-02-09,Inactive
15794360,Insurance,2023-02-17,Active
15794360,Loan,2022-10-07,Active
15794360,Mutual Fund,2023-10-09,Active
15686538,Mutual Fund,2023-09-14,Active
15686538,Fixed Deposit,2022-03-29,Active
15585985,Loan,2023-05-03,Active
15585985,Insurance,2023-10-10,Active
15699257,Insurance,2023-09-28,Active
15699257,Mutual Fund,2022-11-27,Active
15699257,Credit Card,2023-06-02,Active
15804104,Insurance,2023-03-07,Active
15804104,Mutual Fund,2023-11-06,Active
15804104,Fixed Deposit,2022-09-30,Active
15727619,Mutual Fund,2023-08-19,Active
15727619,Credit Card,2023-05-12,Active
15740237,Fixed Deposit,2022-09-01,Active
15740237,Insurance,2023-05-29,Active
15740237,Credit Card,2022-02-28,Active
15801436,Fixed Deposit,2022-03-01,Active
15705735,Fixed Deposit,2023-06-11,Inactive
15705735,Credit Card,2022-08-13,Active
15705735,Loan,2023-08-15,Active
15649359,Credit Card,2022-05-24,Active
15649359,Loan,2023-06-04,Active
15649359,Fixed Deposit,2022-07-11,Active
15624892,Insurance,2023-02-20,Active
15624892,Loan,2023-05-22,Inactive
15624892,Mutual Fund,2022-09-11,Active
15784918,Loan,2023-09-21,Active
15784918,Fixed Deposit,2022-09-03,Active
15584785,Fixed Deposit,2023-01-05,Active
15584785,Mutual Fund,2023-04-03,Active
15797197,Mutual Fund,2023-11-10,Active
15574858,Fixed Deposit,2023-09-05,Active
15574858,Insurance,2023-11-14,Active
15794101,Fixed Deposit,2023-03-13,Active
15743245,Credit Card,2022-11-03,Active
15743245,Fixed Deposit,2022-11-08,Active
15791535,Mutual Fund,2023-10-08,Active
15605215,Fixed Deposit,2022-11-29,Inactive
15605215,Insurance,2022-11-25,Active
15605215,Credit Card,2022-09-17,Active
15771749,Credit Card,2023-01-07,Active
15771749,Insurance,2023-12-05,Active
15771749,Loan,2022-12-08,Active
15616833,Mutual Fund,2023-06-19,Active
15616833,Fixed Deposit,2022-06-19,Active
15616833,Credit Card,2022-04-06,Inactive
15750728,Credit Card,2022-02-07,Active
15750728,Insurance,2023-11-19,Active
15750728,Mutual Fund,2022-07-03,Active
15769353,Credit Card,2023-05-06,Active
15769353,Insurance,2023-06-07,Active
15770091,Credit Card,2022-09-19,Inactive
15770091,Mutual Fund,2023-08-09,Active
15770091,Loan,2023-04-27,Inactive
15716420,Fixed Deposit,2023-12-08,Active
15716420,Loan,2023-09-19,Active
15716420,Mutual Fund,2022-04-15,Active
15740602,Fixed Deposit,2022-12-07,Active
15796071,Insurance,2023-03-21,Active
15811389,Loan,2023-09-04,Active
15783875,Insurance,2022-12-20,Active
15783875,Mutual Fund,2023-12-06,Active
15783875,Fixed Deposit,2023-05-09,Inactive
15671800,Mutual Fund,2023-10-30,Inactive
15677288,Credit Card,2022-09-25,Active
15677288,Mutual Fund,2022-08-15,Active
15633525,Credit Card,2023-07-16,Inactive
15634606,Fixed Deposit,2023-05-21,Active
15634606,Insurance,2022-11-23,Active
15579207,Insurance,2023-04-19,Active
15579207,Credit Card,2023-02-24,Active
15619892,Loan,2022-07-10,Active
15567778,Loan,2023-09-26,Active
15567778,Fixed Deposit,2023-02-21,Inactive
15567778,Mutual Fund,2023-07-16,Active
15711750,Mutual Fund,2022-12-02,Active
15711750,Loan,2022-02-05,Active
15751084,Credit Card,2023-02-10,Active
15751084,Loan,2023-11-04,Inactive
15768945,Credit Card,2023-09-27,Active
15586931,Mutual Fund,2023-08-06,Active
15586931,Credit Card,2023-06-13,Active
15586931,Insurance,2023-11-15,Inactive
15636353,Fixed Deposit,2022-10-08,Active
15636353,Credit Card,2022-09-12,Active
15636353,Mutual Fund,2022-01-01,Active
15623858,Insurance,2023-06-18,Active
15703354,Fixed Deposit,2023-02-08,Active
15703354,Credit Card,2023-01-03,Active
15663987,Loan,2022-12-08,Inactive
15780805,Loan,2022-07-22,Active
15780805,Credit Card,2023-05-21,Active
15768566,Credit Card,2023-08-19,Inactive
15768566,Loan,2023-01-26,Active
15643229,Credit Card,2022-04-18,Active
15643229,Mutual Fund,2022-10-03,Inactive
15754940,Credit Card,2023-02-17,Inactive
15754940,Fixed Deposit,2023-02-03,Active
15676576,Fixed Deposit,2022-11-08,Active
15800068,Loan,2022-11-05,Active
15800068,Insurance,2023-12-29,Active
15648030,Fixed Deposit,2023-02-12,Active
15648030,Insurance,2023-08-10,Active
15648030,Loan,2022-04-10,Active
15668594,Insurance,2023-04-11,Inactive
15668594,Loan,2023-07-22,Inactive
15728709,Insurance,2023-06-15,Active
15728709,Loan,2022-08-08,Active
15724181,Credit Card,2022-09-17,Active
15724181,Fixed Deposit,2023-06-19,Active
15647546,Insurance,2022-01-07,Inactive
15647546,Fixed Deposit,2023-06-23,Active
15702601,Insurance,2023-11-05,Active
15702601,Fixed Deposit,2023-07-21,Active
15567725,Insurance,2023-07-02,Active
15567725,Credit Card,2023-06-29,Active
15674179,Fixed Deposit,2023-11-22,Active
15674179,Mutual Fund,2022-11-10,Active
15674179,Insurance,2022-01-05,Active
15686957,Insurance,2022-05-05,Active
15686957,Credit Card,2023-01-29,Active
15686957,Fixed Deposit,2023-03-15,Inactive
15607690,Credit Card,2023-03-29,Active
15607690,Loan,2022-07-04,Inactive
15806546,Fixed Deposit,2022-06-01,Active
15806546,Loan,2023-01-12,Active
15632850,Mutual Fund,2022-07-29,Active
15709016,Mutual Fund,2023-04-15,Active
15709016,Credit Card,2022-10-13,Active
15638068,Insurance,2023-10-31,Active
15638068,Fixed Deposit,2022-01-05,Active
15749345,Mutual Fund,2022-11-08,Active
15791321,Loan,2022-11-13,Active
15791321,Credit Card,2023-10-07,Active
15791321,Mutual Fund,2022-02-09,Inactive
15699095,Insurance,2022-08-09,Active
15699095,Loan,2022-01-05,Active
15638329,Credit Card,2023-03-18,Active
15638329,Loan,2022-08-07,Active
15575445,Credit Card,2022-10-25,Active
15752622,Loan,2022-03-20,Inactive
15752622,Mutual Fund,2022-02-27,Active
15752622,Credit Card,2023-07-20,Active
15774507,Insurance,2023-09-13,Inactive
15774507,Fixed Deposit,2023-08-02,Inactive
15570857,Fixed Deposit,2023-07-07,Active
15570857,Mutual Fund,2022-06-26,Inactive
15570857,Loan,2022-01-25,Active
15599386,Mutual Fund,2023-02-19,Active
15744913,Mutual Fund,2022-09-08,Active
15744913,Loan,2022-07-05,Inactive
15647292,Mutual Fund,2023-08-09,Active
15647292,Loan,2023-09-26,Active
15647292,Insurance,2023-09-17,Active
15728838,Insurance,2022-01-13,Active
15728838,Fixed Deposit,2022-10-12,Active
15728838,Credit Card,2022-04-30,Active
15584704,Credit Card,2022-06-23,Active
15584704,Insurance,2023-10-14,Active
15749068,Loan,2023-11-29,Active
15749068,Insurance,2022-07-14,Active
15622985,Fixed Deposit,2022-11-18,Inactive
15622985,Loan,2023-10-01,Active
15622985,Mutual Fund,2022-07-31,Active
15587676,Loan,2023-10-27,Active
15779496,Fixed Deposit,2022-09-01,Active
15779496,Loan,2023-02-08,Active
15779496,Insurance,2023-06-27,Active
15733460,Mutual Fund,2023-07-14,Active
15733460,Loan,2023-07-02,Active
15733460,Credit Card,2023-05-25,Active
15711457,Fixed Deposit,2022-01-22,Active
15795290,Insurance,2023-10-30,Active
15795290,Fixed Deposit,2022-04-22,Active
15611223,Loan,2023-01-04,Inactive
15794159,Fixed Deposit,2023-02-15,Active
15794159,Insurance,2023-12-11,Active
15794159,Credit Card,2022-06-24,Active
15780677,Fixed Deposit,2022-11-01,Active
15690175,Credit Card,2022-03-10,Inactive
15690175,Mutual Fund,2022-02-05,Active
15722599,Fixed Deposit,2023-02-06,Active
15569976,Credit Card,2023-07-12,Active
15569976,Mutual Fund,2022-12-21,Active
15707011,Loan,2022-06-18,Active
15702277,Mutual Fund,2022-10-20,Active
15702277,Fixed Deposit,2023-03-13,Active
15702277,Credit Card,2022-04-25,Inactive
15801915,Fixed Deposit,2023-02-20,Inactive
15801915,Mutual Fund,2022-08-04,Active
15580213,Fixed Deposit,2022-03-06,Active
15580213,Insurance,2023-01-08,Active
15580213,Mutual Fund,2023-03-11,Active
15637947,Credit Card,2023-07-28,Inactive
15637947,Fixed Deposit,2023-12-12,Active
15637947,Insurance,2022-05-08,Active
15715888,Credit Card,2023-06-14,Active
15715888,Mutual Fund,2022-11-04,Active
15715888,Loan,2023-06-07,Active
15732967,Credit Card,2022-08-12,Inactive
15732967,Fixed Deposit,2022-07-28,Active
15737047,Loan,2023-11-17,Inactive
15737047,Fixed Deposit,2022-04-14,Inactive
15737047,Insurance,2022-03-13,Active
15694039,Mutual Fund,2022-02-03,Active
15694039,Loan,2022-12-09,Active
15649457,Mutual Fund,2022-09-26,Inactive
15649457,Insurance,2022-05-05,Active
15742809,Insurance,2022-04-06,Active
15637829,Insurance,2023-04-25,Inactive
15637829,Mutual Fund,2023-06-10,Inactive
15633194,Mutual Fund,2022-09-10,Active
15633194,Insurance,2022-03-13,Inactive
15633194,Credit Card,2022-05-04,Active
15611635,Loan,2022-06-28,Active
15611635,Insurance,2023-05-11,Active
15638774,Insurance,2023-03-28,Active
15638774,Credit Card,2023-07-25,Active
15722037,Insurance,2022-03-11,Active
15722037,Mutual Fund,2022-09-23,Active
15722037,Fixed Deposit,2023-10-16,Active
15672930,Mutual Fund,2023-03-20,Active
15672930,Fixed Deposit,2023-09-17,Active
15668774,Mutual Fund,2022-10-20,Active
15780966,Loan,2022-11-08,Inactive
15780966,Mutual Fund,2023-11-26,Active
15780966,Insurance,2023-02-03,Active
15659694,Mutual Fund,2022-03-22,Active
15659694,Fixed Deposit,2023-06-05,Active
15659694,Insurance,2022-08-30,Active
15624424,Credit Card,2022-04-07,Active
15708713,Loan,2023-06-30,Active
15708713,Credit Card,2022-08-26,Inactive
15708713,Fixed Deposit,2022-11-19,Active
15755405,Loan,2023-01-19,Active
15755405,Credit Card,2023-11-09,Active
15647570,Insurance,2023-01-27,Active
15647570,Fixed Deposit,2022-03-29,Active
15647570,Mutual Fund,2022-10-04,Active
15684348,Credit Card,2022-08-21,Active
15684348,Loan,2022-07-01,Active
15684348,Fixed Deposit,2022-12-19,Active
15702541,Insurance,2023-03-10,Active
15702541,Credit Card,2022-09-17,Active
15646942,Fixed Deposit,2023-08-26,Active
15646942,Loan,2022-06-04,Active
15646942,Insurance,2022-10-26,Active
15748920,Credit Card,2022-08-13,Active
15748920,Fixed Deposit,2022-05-22,Active
15694581,Credit Card,2023-06-19,Inactive
15694581,Loan,2022-04-28,Active
15643215,Fixed Deposit,2023-12-17,Active
15649060,Insurance,2023-02-02,Active
15649060,Mutual Fund,2023-06-26,Inactive
15649060,Credit Card,2022-02-22,Active
15774258,Mutual Fund,2022-11-28,Active
15774258,Insurance,2022-12-26,Active
15774258,Loan,2023-06-26,Active
15731553,Insurance,2022-09-08,Inactive
15617029,Loan,2023-08-04,Active
15617029,Insurance,2023-04-22,Active
15780716,Loan,2022-06-05,Active
15577018,Mutual Fund,2022-11-21,Active
15809515,Mutual Fund,2022-04-17,Active
15789924,Mutual Fund,2023-12-29,Active
15789924,Insurance,2022-10-06,Active
15725076,Credit Card,2023-03-12,Active
15672481,Insurance,2022-05-11,Active
15574115,Mutual Fund,2022-10-02,Active
15661830,Mutual Fund,2023-06-21,Active
15665879,Loan,2023-09-04,Active
15673820,Mutual Fund,2023-05-06,Active
15747772,Insurance,2022-03-03,Active
15747772,Fixed Deposit,2022-05-29,Active
15747772,Mutual Fund,2022-01-04,Inactive
15666197,Insurance,2022-04-27,Active
15666197,Loan,2022-02-06,Active
15666197,Credit Card,2023-07-14,Active
15773639,Insurance,2022-10-17,Active
15773639,Credit Card,2023-01-18,Active
15581893,Insurance,2022-01-12,Active
15581893,Credit Card,2022-10-11,Active
15581893,Loan,2023-03-10,Inactive
15672447,Credit Card,2023-08-04,Active
15672447,Loan,2023-02-14,Active
15672447,Insurance,2022-03-31,Inactive
15777830,Loan,2022-05-05,Active
15777830,Fixed Deposit,2022-02-17,Active
15777830,Mutual Fund,2023-08-08,Active
15713890,Fixed Deposit,2023-05-14,Active
15713890,Mutual Fund,2022-07-11,Active
15713890,Insurance,2023-07-09,Active
15577598,Loan,2023-08-22,Active
15577598,Fixed Deposit,2023-11-11,Active
15786042,Credit Card,2023-03-30,Active
15786042,Insurance,2022-01-22,Active
15786042,Fixed Deposit,2022-01-24,Inactive
15753462,Mutual Fund,2022-05-17,Inactive
15753462,Loan,2022-03-03,Inactive
15753462,Insurance,2022-07-14,Inactive
15759690,Credit Card,2023-06-14,Active
15801414,Mutual Fund,2023-09-23,Active
15656141,Mutual Fund,2023-02-17,Active
15656141,Insurance,2022-04-03,Active
15656141,Loan,2023-06-30,Active
15608701,Loan,2022-08-17,Active
15582892,Credit Card,2023-02-02,Active
15582892,Fixed Deposit,2023-05-27,Active
15582892,Insurance,2022-02-16,Active
15632967,Credit Card,2022-08-11,Active
15587573,Fixed Deposit,2023-12-28,Active
15587573,Insurance,2023-03-27,Inactive
15654891,Loan,2022-11-02,Active
15654891,Insurance,2022-11-29,Active
15611365,Mutual Fund,2023-03-02,Active
15611365,Credit Card,2022-12-08,Inactive
15749103,Fixed Deposit,2023-09-03,Active
15749103,Insurance,2022-05-04,Active
15810203,Credit Card,2022-08-31,Active
15810203,Insurance,2022-01-13,Active
15813660,Insurance,2022-10-14,Active
15605673,Insurance,2023-01-03,Active
15669282,Loan,2022-11-24,Active
15792726,Mutual Fund,2022-04-29,Active
15792726,Fixed Deposit,2022-12-15,Active
15593241,Mutual Fund,2022-07-22,Inactive
15593241,Fixed Deposit,2022-12-24,Active
15683053,Mutual Fund,2022-02-23,Active
15683053,Insurance,2023-05-26,Inactive
15683053,Credit Card,2023-04-22,Active
15632736,Fixed Deposit,2023-09-18,Active
15731865,Credit Card,2023-05-04,Active
15731865,Mutual Fund,2022-07-15,Active
15731865,Loan,2022-06-26,Active
15760450,Fixed Deposit,2022-10-27,Active
15787204,Credit Card,2023-11-15,Active
15787204,Insurance,2022-01-11,Inactive
15787204,Mutual Fund,2023-09-24,Inactive
15650454,Loan,2022-03-11,Active
15650454,Insurance,2023-12-31,Active
15650454,Credit Card,2022-06-13,Active
15573730,Loan,2022-12-13,Active
15573730,Fixed Deposit,2023-11-16,Active
15573730,Credit Card,2023-10-18,Active
15705050,Credit Card,2023-01-20,Active
15791342,Credit Card,2023-12-15,Active
15791342,Fixed Deposit,2022-11-12,Active
15791342,Mutual Fund,2023-02-19,Inactive
15684316,Mutual Fund,2022-04-08,Active
15684316,Fixed Deposit,2022-08-02,Active
15684316,Credit Card,2023-04-04,Inactive
15700540,Fixed Deposit,2023-06-05,Active
15770631,Loan,2022-07-18,Active
15770631,Credit Card,2023-12-23,Active
15790594,Fixed Deposit,2022-07-03,Active
15790594,Insurance,2022-07-23,Active
15790594,Loan,2023-10-30,Active
15604020,Credit Card,2023-08-04,Active
15604020,Mutual Fund,2022-01-13,Active
15604020,Insurance,2023-08-01,Active
15637599,Insurance,2023-11-12,Active
15637599,Fixed Deposit,2023-11-12,Active
15637599,Mutual Fund,2022-01-26,Active
15736578,Fixed Deposit,2022-05-21,Active
15736578,Mutual Fund,2022-05-24,Active
15736578,Loan,2022-05-06,Active
15666332,Fixed Deposit,2022-11-08,Active
15666332,Insurance,2023-12-23,Active
15727291,Insurance,2023-01-30,Active
15727291,Mutual Fund,2022-11-15,Active
15727291,Fixed Deposit,2023-10-19,Inactive
15785920,Insurance,2022-08-08,Active
15785920,Loan,2022-02-11,Active
15658987,Mutual Fund,2022-08-28,Inactive
15658987,Fixed Deposit,2023-11-14,Inactive
15658987,Insurance,2023-11-18,Inactive
15687719,Credit Card,2022-04-22,Inactive
15799641,Fixed Deposit,2023-05-28,Active
15799641,Loan,2023-09-12,Active
15758702,Credit Card,2022-07-05,Active
15758702,Fixed Deposit,2022-02-18,Active
15758702,Loan,2022-11-11,Active
15689526,Fixed Deposit,2022-02-11,Inactive
15689526,Loan,2022-04-29,Active
15689526,Mutual Fund,2023-03-10,Active
15586848,Loan,2023-11-29,Active
15586848,Mutual Fund,2023-07-04,Active
15707637,Insurance,2023-12-03,Inactive
15707637,Mutual Fund,2023-10-21,Inactive
15719426,Mutual Fund,2022-12-31,Inactive
15719426,Insurance,2023-08-17,Active
15719426,Loan,2023-05-23,Inactive
15639265,Loan,2022-04-18,Active
15639265,Mutual Fund,2022-07-24,Active
15639265,Insurance,2022-11-22,Active
15576124,Mutual Fund,2023-03-25,Active
15576124,Fixed Deposit,2022-05-04,Active
15757829,Credit Card,2023-07-11,Active
15757829,Mutual Fund,2022-01-20,Inactive
15757829,Insurance,2023-10-01,Active
15633227,Credit Card,2022-01-01,Active
15753092,Fixed Deposit,2023-09-13,Active
15753092,Loan,2023-11-18,Active
15753092,Credit Card,2023-02-06,Inactive
15782939,Loan,2022-11-20,Active
15782939,Insurance,2023-10-30,Active
15746338,Loan,2023-10-28,Active
15590676,Credit Card,2022-06-22,Active
15590676,Loan,2023-07-16,Active
15590676,Fixed Deposit,2023-03-20,Inactive
15599329,Credit Card,2022-06-27,Active
15599329,Mutual Fund,2023-12-20,Inactive
15783097,Fixed Deposit,2022-10-07,Active
15597885,Loan,2023-11-08,Active
15597467,Fixed Deposit,2023-08-24,Active
15597467,Insurance,2023-04-01,Active
15597467,Credit Card,2023-03-17,Inactive
15724764,Mutual Fund,2022-06-24,Inactive
15778418,Loan,2022-02-20,Active
15778418,Mutual Fund,2022-02-10,Inactive
15684769,Loan,2022-08-02,Active
15756167,Insurance,2023-07-26,Inactive
15756167,Mutual Fund,2022-02-09,Active
15632439,Loan,2023-10-20,Active
15632439,Insurance,2023-03-27,Active
15632439,Credit Card,2023-07-03,Active
15755138,Loan,2023-01-05,Inactive
15755138,Fixed Deposit,2023-05-25,Active
15755138,Mutual Fund,2023-12-27,Active
15659092,Credit Card,2022-01-03,Active
15659092,Mutual Fund,2022-01-18,Active
15659092,Loan,2023-07-11,Active
15742116,Fixed Deposit,2023-02-01,Active
15801994,Credit Card,2022-06-23,Active
15801994,Mutual Fund,2022-07-19,Active
15647572,Credit Card,2022-01-17,Active
15647572,Mutual Fund,2023-02-16,Active
15647572,Fixed Deposit,2022-04-29,Active
15644551,Fixed Deposit,2022-04-02,Active
15709135,Insurance,2023-11-12,Active
15684469,Fixed Deposit,2023-09-29,Active
15627637,Insurance,2022-11-21,Inactive
15667093,Fixed Deposit,2023-11-30,Inactive
15690589,Credit Card,2022-01-18,Active
15690589,Loan,2022-07-28,Active
15690589,Fixed Deposit,2023-03-29,Active
15595350,Insurance,2022-01-14,Active
15595350,Credit Card,2023-09-23,Active
15595350,Fixed Deposit,2022-11-09,Active
15777586,Insurance,2023-02-26,Active
15804064,Loan,2022-12-15,Active
15717770,Credit Card,2022-10-20,Inactive
15717770,Fixed Deposit,2023-04-05,Active
15717770,Insurance,2023-03-06,Active
15754443,Insurance,2023-03-11,Active
15776939,Loan,2023-01-25,Inactive
15776939,Mutual Fund,2023-06-28,Active
15776939,Fixed Deposit,2022-07-16,Active
15713517,Insurance,2023-04-14,Inactive
15683522,Mutual Fund,2022-11-18,Active
15683522,Fixed Deposit,2022-05-24,Inactive
15673995,Insurance,2023-11-20,Active
15771054,Mutual Fund,2023-11-05,Active
15771054,Fixed Deposit,2022-03-12,Active
15771054,Loan,2022-05-11,Active
15578788,Loan,2023-10-12,Active
15737408,Credit Card,2022-01-06,Inactive
15750837,Credit Card,2022-09-20,Active
15750837,Loan,2023-05-16,Active
15576022,Loan,2022-01-23,Active
15576022,Credit Card,2023-02-25,Active
15576022,Mutual Fund,2023-09-29,Active
15635502,Loan,2022-10-11,Active
15635502,Insurance,2022-12-21,Inactive
15627298,Fixed Deposit,2022-09-01,Active
15811415,Mutual Fund,2022-12-07,Active
15811415,Loan,2022-09-08,Inactive
15645059,Fixed Deposit,2023-12-22,Inactive
15645059,Mutual Fund,2023-02-20,Inactive
15645059,Credit Card,2022-03-21,Active
15689671,Credit Card,2023-09-08,Active
15689671,Mutual Fund,2023-09-04,Active
15689671,Insurance,2022-02-17,Active
15718667,Loan,2022-05-13,Active
15803202,Credit Card,2023-06-04,Active
15803202,Loan,2023-05-09,Active
15593683,Loan,2023-01-10,Inactive
15703394,Insurance,2022-10-15,Inactive
15703394,Credit Card,2023-06-30,Active
15570289,Fixed Deposit,2022-02-07,Active
15567437,Insurance,2023-08-19,Active
15567437,Fixed Deposit,2023-12-12,Active
15567437,Mutual Fund,2022-01-07,Inactive
15711687,Mutual Fund,2022-10-21,Active
15711687,Fixed Deposit,2022-06-27,Inactive
15711687,Insurance,2022-07-11,Active
15656592,Fixed Deposit,2023-08-08,Active
15634373,Credit Card,2022-10-14,Active
15634373,Loan,2022-10-08,Active
15634373,Fixed Deposit,2022-03-07,Active
15769125,Credit Card,2022-03-21,Inactive
15769125,Loan,2022-08-09,Active
15769125,Mutual Fund,2023-03-14,Active
15711386,Credit Card,2022-11-15,Active
15711386,Loan,2022-06-05,Active
15714241,Mutual Fund,2023-08-10,Active
15642530,Loan,2023-07-22,Inactive
15642530,Credit Card,2023-11-27,Inactive
15713599,Mutual Fund,2022-03-27,Active
15713599,Loan,2022-05-14,Active
15713599,Insurance,2022-12-06,Active
15744770,Insurance,2022-09-09,Active
15744770,Fixed Deposit,2023-06-12,Active
15780498,Insurance,2023-11-06,Active
15780498,Loan,2022-03-31,Active
15780498,Credit Card,2022-05-25,Active
15624397,Fixed Deposit,2023-04-12,Inactive
15624397,Credit Card,2022-03-12,Active
15624397,Loan,2022-05-28,Active
15615219,Loan,2022-12-22,Active
15615219,Insurance,2022-05-12,Active
15570908,Mutual Fund,2023-04-06,Active
15762855,Credit Card,2022-02-14,Active
15762855,Loan,2023-04-20,Active
15661827,Fixed Deposit,2023-03-05,Active
15661827,Mutual Fund,2023-02-09,Active
15746035,Insurance,2023-09-29,Active
15746035,Loan,2022-01-08,Active
15746035,Credit Card,2022-06-24,Inactive
15691906,Mutual Fund,2023-10-13,Active
15691906,Fixed Deposit,2022-02-12,Active
15691906,Credit Card,2023-02-07,Inactive
15793424,Mutual Fund,2023-07-02,Active
15793424,Loan,2023-10-25,Active
15577905,Fixed Deposit,2022-01-24,Active
15667216,Insurance,2022-01-04,Active
15673971,Loan,2023-01-07,Active
15673971,Fixed Deposit,2022-01-10,Active
15701238,Fixed Deposit,2022-08-09,Active
15701238,Insurance,2023-06-04,Active
15644849,Insurance,2022-01-07,Active
15644849,Mutual Fund,2022-12-23,Active
15644849,Loan,2022-11-03,Active
15635531,Fixed Deposit,2023-09-30,Active
15635531,Loan,2022-01-24,Inactive
15632263,Insurance,2022-01-27,Active
15720110,Fixed Deposit,2022-02-08,Active
15720110,Insurance,2023-09-21,Active
15619045,Loan,2023-10-22,Active
15697510,Credit Card,2023-04-12,Active
15697510,Loan,2023-04-07,Active
15784923,Credit Card,2023-12-10,Inactive
15784923,Fixed Deposit,2023-10-19,Active
15567383,Fixed Deposit,2023-05-30,Active
15567383,Loan,2023-02-26,Active
15732621,Fixed Deposit,2023-12-16,Active
15732621,Credit Card,2022-11-03,Inactive
15757981,Credit Card,2023-09-24,Active
15727819,Credit Card,2022-08-05,Inactive
15727819,Insurance,2023-04-30,Active
15727819,Fixed Deposit,2023-05-25,Inactive
15738088,Credit Card,2022-05-08,Active
15738088,Fixed Deposit,2023-06-05,Active
15765173,Fixed Deposit,2022-03-25,Active
15765173,Mutual Fund,2023-12-25,Active
15765173,Credit Card,2023-12-17,Active
15665159,Insurance,2023-08-25,Inactive
15618203,Credit Card,2022-04-14,Inactive
15618203,Insurance,2022-06-11,Active
15791452,Loan,2023-10-29,Active
15791452,Mutual Fund,2023-12-11,Active
15791452,Insurance,2022-06-20,Active
15638159,Loan,2022-12-31,Active
15638159,Credit Card,2022-05-24,Active
15585466,Loan,2022-09-27,Active
15585466,Fixed Deposit,2022-12-20,Active
15585466,Insurance,2023-05-20,Active
15677310,Loan,2022-12-14,Active
15677310,Fixed Deposit,2022-04-27,Active
15646262,Mutual Fund,2022-11-10,Active
15646262,Insurance,2023-03-27,Inactive
15646262,Credit Card,2023-07-07,Active
15656901,Insurance,2023-04-29,Active
15656901,Fixed Deposit,2023-08-05,Active
15621093,Mutual Fund,2022-11-27,Active
15592123,Insurance,2022-07-28,Active
15592123,Credit Card,2022-11-14,Active
15592123,Mutual Fund,2022-12-28,Active
15589200,Credit Card,2022-04-03,Inactive
15589200,Fixed Deposit,2023-01-01,Inactive
15589200,Insurance,2023-07-12,Active
15602934,Loan,2023-02-08,Active
15812720,Loan,2022-10-21,Inactive
15812720,Credit Card,2022-03-29,Active
15695383,Loan,2022-11-06,Active
15723064,Insurance,2022-11-12,Active
15723064,Mutual Fund,2022-11-19,Active
15761606,Fixed Deposit,2022-11-22,Active
15650322,Loan,2023-06-28,Inactive
15650322,Credit Card,2022-08-28,Active
15669782,Insurance,2023-10-10,Active
15751628,Credit Card,2022-07-11,Active
15751628,Loan,2023-05-31,Active
15751628,Mutual Fund,2022-07-12,Active
15809057,Mutual Fund,2023-01-01,Active
15809057,Insurance,2022-05-22,Active
15617052,Mutual Fund,2022-05-01,Inactive
15617052,Loan,2023-07-30,Active
15617052,Credit Card,2022-07-07,Active
15590810,Fixed Deposit,2023-09-25,Inactive
15590810,Credit Card,2022-03-02,Active
15590810,Loan,2023-10-25,Active
15801293,Credit Card,2022-04-01,Active
15801293,Insurance,2022-09-03,Active
15770968,Insurance,2023-01-26,Active
15572356,Fixed Deposit,2022-04-17,Active
15603247,Mutual Fund,2022-04-06,Active
15603247,Insurance,2022-10-17,Active
15619116,Fixed Deposit,2023-08-31,Active
15691792,Loan,2022-07-24,Inactive
15783276,Loan,2023-08-23,Active
15783276,Fixed Deposit,2023-08-06,Active
15783276,Insurance,2022-12-10,Active
15766137,Mutual Fund,2022-02-21,Active
15574554,Insurance,2023-08-15,Inactive
15574554,Mutual Fund,2023-11-05,Inactive
15578671,Fixed Deposit,2023-10-04,Inactive
15578671,Loan,2023-06-17,Active
15716608,Fixed Deposit,2023-10-26,Inactive
15716608,Insurance,2022-07-18,Active
15716608,Credit Card,2022-06-16,Active
15690670,Mutual Fund,2023-07-19,Active
15690670,Fixed Deposit,2023-07-05,Active
15690670,Credit Card,2022-08-30,Inactive
15630466,Fixed Deposit,2022-12-13,Active
15630349,Fixed Deposit,2023-06-09,Active
15630349,Insurance,2023-07-23,Active
15803801,Loan,2022-09-19,Active
15803801,Credit Card,2023-10-07,Active
15803801,Insurance,2023-05-18,Active
15647890,Insurance,2023-06-18,Active
15647890,Credit Card,2023-04-26,Inactive
15606115,Insurance,2022-10-23,Active
15714642,Loan,2022-02-16,Active
15714642,Insurance,2022-05-09,Active
15741181,Mutual Fund,2022-03-16,Active
15741181,Insurance,2022-12-17,Active
15773973,Loan,2022-05-20,Inactive
15773973,Insurance,2023-04-03,Active
15773973,Mutual Fund,2023-11-06,Active
15758546,Insurance,2022-10-03,Active
15758546,Mutual Fund,2022-12-17,Active
15598940,Mutual Fund,2023-03-14,Inactive
15669783,Credit Card,2023-05-16,Active
15669783,Mutual Fund,2022-08-17,Inactive
15624993,Credit Card,2022-06-17,Active
15760568,Insurance,2022-02-14,Active
15699047,Credit Card,2022-02-20,Active
15699047,Fixed Deposit,2023-09-06,Active
15616168,Loan,2022-07-27,Active
15773146,Mutual Fund,2023-07-02,Active
15770375,Credit Card,2022-05-22,Active
15770375,Insurance,2023-11-20,Active
15589725,Credit Card,2023-04-07,Inactive
15710034,Credit Card,2022-11-08,Inactive
15800806,Fixed Deposit,2022-10-13,Inactive
15800806,Credit Card,2023-12-22,Inactive
15800806,Insurance,2022-11-11,Active
15570485,Mutual Fund,2022-10-29,Inactive
15575391,Fixed Deposit,2022-01-20,Active
15790750,Fixed Deposit,2023-06-12,Inactive
15714832,Mutual Fund,2023-11-12,Active
15714832,Credit Card,2023-06-10,Active
15714832,Loan,2022-07-11,Active
15619953,Insurance,2022-05-06,Active
15619953,Loan,2023-09-02,Inactive
15619953,Mutual Fund,2023-01-25,Active
15673929,Insurance,2023-03-12,Active
15673929,Fixed Deposit,2022-12-12,Inactive
15578835,Loan,2022-05-09,Active
15752388,Mutual Fund,2023-04-12,Active
15752388,Fixed Deposit,2023-05-23,Active
15797081,Insurance,2022-07-10,Active
15797081,Fixed Deposit,2022-04-22,Active
15797081,Mutual Fund,2023-11-12,Active
15570194,Credit Card,2023-03-28,Inactive
15570194,Mutual Fund,2022-01-12,Active
15570194,Insurance,2023-07-17,Active
15580149,Mutual Fund,2023-04-08,Active
15777708,Fixed Deposit,2023-11-19,Active
15777708,Insurance,2023-09-09,Inactive
15769955,Insurance,2023-01-25,Inactive
15769955,Fixed Deposit,2023-07-31,Inactive
15769955,Credit Card,2023-04-15,Active
15810444,Credit Card,2023-01-01,Active
15810444,Fixed Deposit,2023-07-19,Active
15645593,Credit Card,2022-09-12,Active
15645593,Mutual Fund,2022-03-08,Active
15645593,Loan,2022-03-05,Active
15765345,Insurance,2023-08-07,Inactive
15765345,Fixed Deposit,2023-10-13,Active
15765345,Mutual Fund,2023-09-20,Active
15760873,Mutual Fund,2023-03-31,Active
15794178,Loan,2023-05-22,Active
15794178,Credit Card,2023-05-10,Active
15589361,Loan,2023-01-06,Inactive
15589361,Fixed Deposit,2023-12-23,Active
15589361,Credit Card,2023-02-09,Active
15662483,Fixed Deposit,2022-01-09,Active
15809736,Fixed Deposit,2022-09-14,Active
15809736,Mutual Fund,2022-03-22,Inactive
15809736,Loan,2022-01-22,Active
15731148,Mutual Fund,2022-12-13,Active
15774328,Credit Card,2022-06-09,Active
15774328,Mutual Fund,2023-11-19,Active
15774328,Fixed Deposit,2023-07-21,Active
15646969,Insurance,2022-10-21,Inactive
15718769,Mutual Fund,2022-01-08,Inactive
15718769,Credit Card,2023-06-29,Active
15718769,Insurance,2022-04-26,Inactive
15610226,Credit Card,2022-03-01,Active
15610226,Mutual Fund,2022-03-25,Inactive
15610226,Loan,2022-09-18,Active
15616270,Credit Card,2022-09-17,Active
15616270,Mutual Fund,2023-12-08,Active
15616270,Fixed Deposit,2022-03-21,Inactive
15790717,Credit Card,2022-01-05,Active
15790717,Loan,2023-09-27,Active
15790717,Mutual Fund,2022-04-13,Active
15635703,Insurance,2023-11-18,Active
15635703,Loan,2023-01-05,Active
15635703,Credit Card,2022-12-21,Active
15616365,Loan,2022-12-01,Active
15630244,Loan,2022-01-22,Active
15734714,Mutual Fund,2022-04-10,Active
15734714,Fixed Deposit,2023-11-01,Inactive
15734714,Insurance,2023-12-25,Active
15721433,Loan,2023-10-06,Active
15721433,Insurance,2023-04-17,Active
15721433,Fixed Deposit,2022-09-03,Active
15590201,Insurance,2022-05-02,Active
15590201,Mutual Fund,2022-09-18,Active
15590201,Loan,2023-02-14,Active
15590828,Insurance,2022-06-06,Active
15752097,Mutual Fund,2023-01-02,Inactive
15752097,Loan,2023-10-04,Active
15752097,Insurance,2022-12-27,Active
15800031,Credit Card,2022-10-01,Active
15630857,Fixed Deposit,2023-11-29,Active
15630857,Credit Card,2023-11-22,Active
15689953,Insurance,2023-11-25,Active
15689953,Loan,2022-03-31,Active
15759733,Fixed Deposit,2022-11-12,Active
15759733,Mutual Fund,2022-01-28,Active
15759733,Loan,2023-02-20,Inactive
15810826,Insurance,2023-01-30,Active
15810826,Loan,2022-06-13,Active
15810826,Fixed Deposit,2022-12-16,Inactive
15668009,Mutual Fund,2023-10-23,Active
15668009,Credit Card,2023-08-31,Active
15668009,Insurance,2022-10-18,Active
15743456,Loan,2023-05-29,Active
15743456,Credit Card,2022-11-06,Active
15725762,Mutual Fund,2023-12-16,Active
15725762,Loan,2023-04-04,Inactive
15725762,Fixed Deposit,2022-05-29,Active
15761713,Loan,2023-06-21,Inactive
15769246,Credit Card,2022-02-27,Active
15769246,Mutual Fund,2023-11-16,Active
15781129,Loan,2023-10-27,Active
15781129,Fixed Deposit,2022-12-03,Active
15599124,Loan,2022-06-22,Inactive
15639004,Insurance,2023-11-18,Active
15810995,Loan,2023-12-22,Active
15653773,Insurance,2022-02-17,Active
15653773,Fixed Deposit,2023-09-14,Inactive
15653773,Credit Card,2023-08-18,Active
15708357,Insurance,2022-09-27,Inactive
15733597,Loan,2022-10-02,Active
15789560,Loan,2023-12-10,Active
15789560,Credit Card,2022-07-12,Active
15789560,Mutual Fund,2022-08-15,Active
15699524,Fixed Deposit,2022-06-12,Active
15699524,Mutual Fund,2023-07-12,Active
15626475,Credit Card,2023-01-27,Active
15626475,Fixed Deposit,2022-10-30,Active
15810839,Insurance,2023-05-03,Active
15810839,Credit Card,2023-08-11,Active
15810839,Mutual Fund,2023-01-09,Active
15684318,Mutual Fund,2023-12-07,Active
15684318,Fixed Deposit,2022-02-10,Active
15684318,Insurance,2023-12-06,Active
15768120,Mutual Fund,2022-07-20,Inactive
15768120,Credit Card,2023-09-29,Active
15768120,Loan,2022-03-09,Inactive
15712807,Mutual Fund,2022-01-07,Inactive
15712807,Fixed Deposit,2022-10-11,Active
15712807,Insurance,2023-10-11,Active
15696371,Credit Card,2023-06-05,Inactive
15675794,Fixed Deposit,2022-05-02,Active
15675794,Mutual Fund,2023-07-17,Inactive
15675794,Credit Card,2023-03-09,Active
15774277,Insurance,2022-08-10,Active
15774277,Credit Card,2022-03-18,Active
15603764,Insurance,2023-03-01,Active
15603764,Loan,2023-06-20,Active
15603764,Fixed Deposit,2022-12-16,Active
15618647,Mutual Fund,2022-06-06,Active
15618647,Credit Card,2022-02-13,Active
15618647,Loan,2023-03-02,Active
15614643,Insurance,2023-11-23,Active
15614643,Mutual Fund,2022-06-24,Active
15614643,Loan,2023-04-20,Active
15707696,Fixed Deposit,2023-10-11,Active
15707696,Credit Card,2022-01-30,Active
15749583,Credit Card,2023-05-19,Inactive
15749583,Fixed Deposit,2022-04-25,Active
15815125,Fixed Deposit,2023-05-06,Active
15779620,Fixed Deposit,2023-12-27,Active
15768233,Mutual Fund,2022-11-24,Active
15768233,Insurance,2022-01-29,Active
15637788,Loan,2023-04-07,Active
15777046,Mutual Fund,2023-05-29,Inactive
15777046,Credit Card,2023-01-19,Active
15788723,Fixed Deposit,2022-08-28,Active
15788723,Mutual Fund,2022-02-28,Active
15788723,Credit Card,2023-10-15,Active
15790489,Mutual Fund,2023-02-10,Active
15790489,Credit Card,2023-07-06,Active
15739476,Fixed Deposit,2023-02-20,Inactive
15612670,Fixed Deposit,2022-05-11,Inactive
15612670,Insurance,2023-01-06,Active
15631222,Mutual Fund,2022-05-25,Active
15631222,Insurance,2023-12-03,Active
15631222,Loan,2022-04-18,Active
15658972,Credit Card,2023-06-23,Active
15724691,Mutual Fund,2022-06-29,Active
15724691,Credit Card,2023-12-19,Active
15740442,Mutual Fund,2023-07-04,Active
15740442,Credit Card,2023-04-15,Active
15760427,Insurance,2023-09-14,Active
15760427,Credit Card,2023-10-28,Active
15760427,Mutual Fund,2022-09-28,Inactive
15677939,Loan,2022-11-15,Active
15677939,Credit Card,2022-12-16,Active
15611599,Fixed Deposit,2023-06-30,Inactive
15611599,Credit Card,2022-01-14,Active
15611599,Insurance,2023-01-04,Active
15633474,Mutual Fund,2022-10-29,Active
15671973,Loan,2022-07-18,Inactive
15671973,Mutual Fund,2023-04-26,Active
15790019,Fixed Deposit,2022-06-06,Active
15790019,Credit Card,2022-01-26,Inactive
15790019,Insurance,2022-12-12,Inactive
15737735,Insurance,2022-08-12,Active
15661745,Mutual Fund,2023-03-20,Active
15661745,Loan,2023-09-26,Active
15661745,Insurance,2023-05-02,Active
15797065,Credit Card,2022-02-21,Active
15797065,Insurance,2022-02-09,Active
15797065,Mutual Fund,2022-07-11,Active
15710671,Fixed Deposit,2022-12-26,Active
15656522,Credit Card,2023-04-01,Active
15705085,Insurance,2023-12-28,Inactive
15744873,Loan,2023-03-30,Active
15781914,Fixed Deposit,2022-06-01,Active
15781914,Loan,2023-08-10,Active
15637354,Credit Card,2023-03-14,Active
15717307,Mutual Fund,2022-05-08,Active
15746695,Fixed Deposit,2022-12-05,Active
15804962,Insurance,2022-02-24,Active
15665378,Fixed Deposit,2022-06-24,Active
15665378,Loan,2022-11-30,Active
15757865,Loan,2023-10-26,Active
15578787,Fixed Deposit,2022-10-01,Active
15794323,Mutual Fund,2022-01-03,Active
15794323,Loan,2023-11-10,Active
15697546,Fixed Deposit,2023-05-26,Active
15697546,Insurance,2022-10-11,Active
15629519,Mutual Fund,2023-02-10,Inactive
15629519,Insurance,2023-09-21,Inactive
15629519,Credit Card,2023-12-21,Active
15624703,Loan,2023-08-08,Active
15624703,Credit Card,2023-02-27,Inactive
15570002,Insurance,2022-08-19,Active
15570002,Fixed Deposit,2023-11-25,Active
15570002,Credit Card,2023-12-07,Active
15808566,Fixed Deposit,2022-06-27,Active
15808566,Insurance,2022-04-16,Active
15805463,Loan,2022-12-15,Active
15805463,Fixed Deposit,2022-03-30,Active
15805463,Mutual Fund,2023-07-02,Active
15709136,Loan,2022-12-26,Inactive
15709136,Fixed Deposit,2023-02-24,Active
15801605,Credit Card,2022-01-28,Active
15567855,Mutual Fund,2022-09-04,Active
15567855,Loan,2023-04-15,Active
15675141,Fixed Deposit,2022-06-06,Inactive
15675141,Insurance,2022-01-24,Active
15665759,Credit Card,2022-03-28,Inactive
15761487,Credit Card,2023-01-14,Active
15761487,Loan,2022-07-29,Active
15761487,Fixed Deposit,2023-04-05,Inactive
15700394,Insurance,2022-08-21,Active
15631162,Fixed Deposit,2022-09-23,Active
15631162,Insurance,2022-11-30,Active
15630641,Fixed Deposit,2023-03-20,Active
15630641,Credit Card,2023-06-18,Active
15630641,Loan,2023-12-11,Active
15585066,Credit Card,2022-05-23,Active
15585066,Mutual Fund,2023-10-31,Inactive
15722991,Loan,2023-10-20,Active
15737404,Credit Card,2022-10-31,Inactive
15722409,Insurance,2023-02-14,Active
15722409,Credit Card,2023-10-05,Inactive
15806420,Credit Card,2022-04-24,Active
15658148,Loan,2023-07-16,Active
15658148,Insurance,2022-08-15,Inactive
15658148,Mutual Fund,2023-09-12,Active
15810660,Insurance,2023-02-22,Inactive
15810660,Mutual Fund,2023-07-19,Inactive
15709780,Credit Card,2023-06-02,Inactive
15709780,Fixed Deposit,2022-06-16,Active
15709780,Mutual Fund,2023-11-28,Active
15727350,Insurance,2023-09-01,Active
15727350,Mutual Fund,2023-05-24,Active
15727350,Fixed Deposit,2022-09-02,Active
15752312,Loan,2023-06-07,Active
15616745,Fixed Deposit,2023-12-10,Active
15616745,Mutual Fund,2023-07-19,Active
15616745,Insurance,2022-02-08,Active
15572294,Loan,2023-04-19,Active
15674110,Loan,2022-05-08,Active
15674110,Insurance,2022-11-27,Active
15674110,Mutual Fund,2023-05-29,Active
15662501,Fixed Deposit,2022-03-02,Active
15662501,Mutual Fund,2023-12-30,Inactive
15662501,Credit Card,2023-05-15,Active
15649239,Fixed Deposit,2022-05-01,Inactive
15700424,Loan,2023-08-10,Active
15700424,Fixed Deposit,2023-04-04,Active
15636388,Insurance,2022-11-07,Active
15636388,Credit Card,2023-02-14,Active
15713975,Insurance,2023-06-06,Active
15713975,Fixed Deposit,2023-08-30,Inactive
15713975,Mutual Fund,2023-03-27,Active
15592925,Insurance,2022-06-17,Active
15592925,Loan,2022-08-11,Active
15592925,Credit Card,2023-01-06,Active
15581626,Mutual Fund,2023-02-19,Active
15641319,Credit Card,2022-08-27,Inactive
15723481,Loan,2022-10-29,Active
15787825,Insurance,2022-01-17,Active
15710726,Loan,2022-11-21,Active
15627195,Fixed Deposit,2022-05-31,Active
15657957,Insurance,2023-11-18,Inactive
15676117,Fixed Deposit,2022-05-13,Active
15676117,Credit Card,2022-07-06,Inactive
15607874,Fixed Deposit,2023-04-07,Active
15607874,Loan,2023-01-20,Active
15607874,Insurance,2022-10-02,Active
15796993,Fixed Deposit,2023-11-04,Active
15649858,Mutual Fund,2022-06-05,Active
15649858,Credit Card,2022-04-23,Inactive
15649858,Insurance,2022-08-21,Active
15811032,Fixed Deposit,2023-10-11,Active
15811032,Insurance,2023-04-12,Active
15811032,Credit Card,2023-10-05,Inactive
15679963,Fixed Deposit,2022-05-31,Active
15579131,Fixed Deposit,2022-02-04,Active
15579131,Insurance,2023-12-04,Active
15579131,Loan,2023-10-14,Inactive
15572428,Loan,2023-03-06,Active
15572428,Credit Card,2022-11-14,Active
15572428,Fixed Deposit,2022-03-28,Active
15622461,Loan,2023-12-08,Inactive
15622461,Mutual Fund,2022-10-28,Active
15636105,Mutual Fund,2023-07-10,Active
15636105,Fixed Deposit,2022-11-06,Active
15636105,Credit Card,2022-10-04,Active
15583849,Loan,2022-04-13,Active
15718780,Loan,2023-05-07,Active
15718780,Mutual Fund,2023-08-28,Active
15718780,Fixed Deposit,2022-10-24,Active
15739271,Mutual Fund,2023-03-22,Active
15739271,Fixed Deposit,2023-05-22,Active
15697129,Mutual Fund,2023-02-02,Active
15697129,Credit Card,2022-10-23,Active
15697129,Loan,2022-11-19,Active
15763415,Fixed Deposit,2023-08-21,Active
15763415,Insurance,2022-07-20,Active
15763415,Credit Card,2022-02-14,Active
15796617,Mutual Fund,2022-02-26,Active
15796617,Insurance,2023-06-28,Inactive
15796617,Fixed Deposit,2023-11-21,Active
15626628,Loan,2022-03-14,Active
15765857,Mutual Fund,2022-03-23,Inactive
15765857,Fixed Deposit,2023-10-03,Inactive
15742511,Mutual Fund,2022-05-18,Inactive
15742511,Credit Card,2022-12-23,Inactive
15742511,Fixed Deposit,2023-04-01,Active
15786433,Loan,2022-09-13,Active
15786433,Fixed Deposit,2022-09-16,Active
15685805,Loan,2023-07-05,Active
15627971,Credit Card,2022-03-16,Active
15627971,Fixed Deposit,2023-08-25,Active
15627971,Loan,2023-11-04,Active
15783025,Loan,2023-01-12,Inactive
15783025,Mutual Fund,2023-11-26,Active
15726289,Credit Card,2023-12-19,Active
15726289,Loan,2022-10-26,Active
15802118,Fixed Deposit,2023-11-01,Active
15802118,Insurance,2023-10-16,Active
15802118,Loan,2022-11-21,Active
15607990,Loan,2022-10-18,Active
15695932,Fixed Deposit,2022-01-27,Active
15695932,Loan,2022-07-04,Active
15812279,Insurance,2022-10-02,Active
15687558,Mutual Fund,2023-12-15,Active
15687558,Fixed Deposit,2023-01-27,Active
15729065,Fixed Deposit,2023-11-10,Active
15698902,Mutual Fund,2022-04-19,Active
15698902,Credit Card,2023-11-09,Active
15698902,Fixed Deposit,2022-06-09,Inactive
15570192,Fixed Deposit,2022-12-02,Active
15570192,Insurance,2023-02-26,Active
15809265,Loan,2023-06-10,Active
15809265,Credit Card,2023-05-02,Inactive
15809265,Insurance,2023-08-05,Inactive
15745201,Insurance,2022-02-17,Active
15580623,Fixed Deposit,2022-04-14,Active
15580623,Insurance,2023-07-21,Active
15578156,Insurance,2023-08-20,Active
15578156,Fixed Deposit,2022-02-08,Active
15631063,Fixed Deposit,2022-01-20,Active
15631063,Credit Card,2023-06-22,Active
15692577,Mutual Fund,2022-11-09,Active
15692577,Insurance,2022-08-25,Inactive
15692577,Credit Card,2023-02-03,Active
15810910,Insurance,2023-01-12,Active
15723217,Credit Card,2022-06-17,Inactive
15723217,Fixed Deposit,2022-06-08,Active
15723217,Insurance,2023-12-30,Active
15733111,Credit Card,2022-02-14,Active
15733111,Fixed Deposit,2022-11-24,Inactive
15610727,Credit Card,2022-11-14,Active
15792720,Fixed Deposit,2023-12-20,Active
15792720,Mutual Fund,2022-05-20,Active
15792720,Credit Card,2022-07-25,Active
15723153,Mutual Fund,2023-08-03,Active
15723153,Fixed Deposit,2023-09-18,Active
15723153,Loan,2023-11-01,Inactive
15802823,Insurance,2023-01-30,Active
15802823,Mutual Fund,2023-10-22,Inactive
15756118,Insurance,2022-06-19,Active
15684934,Mutual Fund,2023-12-12,Active
15684934,Credit Card,2022-07-19,Inactive
15776936,Loan,2023-08-30,Inactive
15729087,Insurance,2023-11-23,Inactive
15729087,Mutual Fund,2022-05-22,Inactive
15786463,Loan,2023-11-26,Active
15786463,Insurance,2022-07-05,Inactive
15786463,Mutual Fund,2023-03-17,Active
15717498,Loan,2022-10-26,Active
15718406,Mutual Fund,2023-04-18,Active
15718406,Fixed Deposit,2023-05-13,Active
15799468,Insurance,2023-11-16,Active
15799468,Credit Card,2023-08-09,Active
15626383,Mutual Fund,2023-05-10,Active
15626383,Credit Card,2022-12-20,Inactive
15597385,Credit Card,2022-12-29,Active
15597385,Insurance,2022-10-14,Active
15597385,Loan,2023-04-06,Active
15570271,Insurance,2022-10-26,Active
15690330,Insurance,2022-05-21,Inactive
15690330,Loan,2022-02-21,Inactive
15680611,Mutual Fund,2022-10-10,Active
15680611,Fixed Deposit,2023-12-16,Active
15810227,Credit Card,2022-10-01,Active
15810227,Fixed Deposit,2022-07-07,Active
15807194,Mutual Fund,2022-01-17,Inactive
15807194,Loan,2023-08-23,Active
15712199,Insurance,2022-09-20,Active
15712199,Credit Card,2023-09-21,Active
15712199,Mutual Fund,2023-01-12,Active
15694995,Loan,2022-03-20,Active
15723400,Credit Card,2023-08-13,Active
15654772,Insurance,2022-01-06,Active
15654772,Fixed Deposit,2023-06-26,Active
15574743,Fixed Deposit,2023-06-27,Inactive
15574743,Insurance,2023-02-07,Inactive
15807593,Fixed Deposit,2023-04-30,Inactive
15807593,Loan,2023-08-05,Active
15686718,Mutual Fund,2022-11-12,Active
15686718,Loan,2022-03-15,Active
15686718,Fixed Deposit,2023-10-21,Active
15695299,Credit Card,2023-01-16,Active
15695299,Fixed Deposit,2022-10-30,Active
15722701,Insurance,2023-05-18,Active
15722701,Mutual Fund,2022-06-27,Active
15799635,Mutual Fund,2023-08-04,Active
15799635,Credit Card,2023-08-09,Inactive
15742323,Credit Card,2023-01-24,Active
15742323,Mutual Fund,2022-02-24,Active
15742323,Insurance,2022-10-31,Active
15658435,Credit Card,2023-11-09,Active
15658435,Fixed Deposit,2022-05-11,Active
15658435,Insurance,2022-11-16,Active
15586029,Fixed Deposit,2022-04-15,Active
15586029,Mutual Fund,2023-03-12,Active
15586029,Credit Card,2022-10-26,Inactive
15772337,Insurance,2023-03-23,Active
15772337,Mutual Fund,2022-02-11,Active
15772337,Credit Card,2022-05-20,Active
15807555,Loan,2023-12-05,Active
15807555,Fixed Deposit,2023-11-15,Active
15603378,Mutual Fund,2023-08-30,Active
15603378,Credit Card,2022-06-07,Active
15792862,Fixed Deposit,2022-05-27,Active
15657349,Mutual Fund,2023-02-22,Active
15657349,Fixed Deposit,2022-06-17,Active
15657349,Insurance,2022-10-27,Active
15777614,Mutual Fund,2022-02-18,Active
15777614,Loan,2022-10-02,Inactive
15653952,Insurance,2022-11-23,Active
15653952,Loan,2023-02-15,Active
15724336,Credit Card,2023-05-22,Active
15724336,Insurance,2022-06-30,Active
15724336,Mutual Fund,2022-06-10,Active
15689594,Credit Card,2023-12-08,Inactive
15689594,Loan,2022-06-13,Active
15689594,Insurance,2023-01-22,Active
15801920,Credit Card,2022-04-03,Active
15801920,Loan,2022-01-14,Active
15653347,Mutual Fund,2023-10-30,Active
15653347,Insurance,2023-07-13,Active
15749951,Mutual Fund,2023-05-03,Active
15749951,Insurance,2023-06-26,Active
15648178,Credit Card,2023-07-18,Active
15738662,Loan,2022-03-12,Active
15738662,Mutual Fund,2022-09-29,Active
15640855,Loan,2022-11-25,Inactive
15640855,Credit Card,2023-07-03,Active
15584288,Fixed Deposit,2023-06-15,Inactive
15584288,Credit Card,2023-05-10,Active
15760988,Mutual Fund,2022-05-04,Active
15760988,Insurance,2023-12-12,Inactive
15760988,Fixed Deposit,2022-10-08,Active
15569624,Loan,2022-06-10,Inactive
15569624,Fixed Deposit,2023-04-23,Inactive
15597949,Insurance,2023-10-12,Active
15604551,Loan,2022-02-27,Active
15604551,Mutual Fund,2023-03-30,Active
15617476,Credit Card,2023-12-07,Active
15617476,Mutual Fund,2023-09-30,Active
15645323,Credit Card,2022-04-17,Active
15645323,Mutual Fund,2022-10-14,Active
15793311,Fixed Deposit,2023-12-22,Active
15793311,Mutual Fund,2023-10-13,Inactive
15793311,Credit Card,2022-08-30,Active
15764153,Fixed Deposit,2023-09-23,Active
15764153,Loan,2023-04-02,Inactive
15802560,Loan,2022-10-17,Active
15802560,Credit Card,2023-06-14,Active
15802560,Mutual Fund,2023-08-20,Active
15728608,Fixed Deposit,2023-11-08,Active
15770474,Credit Card,2022-07-19,Active
15770474,Mutual Fund,2023-09-21,Active
15724444,Fixed Deposit,2022-06-16,Active
15724444,Insurance,2023-11-03,Active
15724444,Mutual Fund,2023-04-14,Inactive
15753110,Loan,2023-01-11,Active
15753110,Fixed Deposit,2023-11-23,Active
15711521,Loan,2022-04-14,Active
15632816,Credit Card,2023-03-02,Active
15693637,Loan,2022-06-26,Active
15693637,Credit Card,2023-02-16,Active
15693637,Mutual Fund,2023-03-30,Active
15725509,Insurance,2022-06-04,Inactive
15725509,Loan,2023-09-21,Inactive
15684645,Loan,2022-11-26,Active
15684645,Credit Card,2023-06-09,Active
15684645,Fixed Deposit,2022-01-06,Active
15692235,Loan,2023-06-18,Active
15777459,Credit Card,2023-07-18,Active
15777459,Mutual Fund,2022-07-28,Inactive
15656937,Insurance,2023-01-29,Inactive
15656937,Mutual Fund,2022-07-28,Active
15656937,Loan,2023-05-08,Active
15610643,Loan,2022-02-02,Active
15610643,Insurance,2023-10-19,Active
15777315,Insurance,2022-12-08,Active
15611058,Fixed Deposit,2023-07-12,Active
15611058,Mutual Fund,2023-06-14,Active
15630413,Loan,2023-03-05,Active
15630413,Mutual Fund,2022-05-07,Active
15635942,Credit Card,2023-04-23,Active
15648858,Loan,2023-10-17,Active
15648858,Fixed Deposit,2023-06-22,Inactive
15648858,Mutual Fund,2022-11-26,Active
15810732,Credit Card,2023-06-07,Active
15705448,Credit Card,2022-03-15,Active
15730488,Loan,2023-01-25,Active
15620443,Mutual Fund,2023-10-28,Active
15620443,Fixed Deposit,2023-02-11,Active
15741078,Loan,2022-11-27,Active
15753161,Loan,2022-02-12,Active
15753161,Fixed Deposit,2023-11-23,Active
15711396,Mutual Fund,2023-03-27,Active
15711396,Credit Card,2022-01-10,Active
15711396,Fixed Deposit,2022-12-24,Active
15593499,Loan,2023-07-03,Active
15593499,Mutual Fund,2022-08-15,Active
15593499,Credit Card,2023-08-15,Active
15579189,Fixed Deposit,2022-09-20,Inactive
15743545,Loan,2023-06-24,Active
15743545,Insurance,2022-04-28,Active
15791316,Insurance,2023-03-05,Active
15791316,Loan,2023-09-29,Active
15608246,Fixed Deposit,2023-08-12,Active
15676526,Insurance,2023-05-30,Active
15676526,Mutual Fund,2023-02-26,Active
15676526,Loan,2022-09-08,Active
15813911,Insurance,2022-05-20,Active
15813911,Fixed Deposit,2023-12-18,Active
15813911,Mutual Fund,2023-06-13,Active
15630195,Fixed Deposit,2023-10-18,Active
15736250,Mutual Fund,2022-10-18,Active
15671334,Credit Card,2022-12-03,Active
15574169,Fixed Deposit,2023-10-09,Inactive
15718839,Credit Card,2023-12-27,Inactive
15718839,Fixed Deposit,2022-05-18,Active
15718839,Mutual Fund,2023-09-14,Active
15762331,Loan,2022-02-23,Inactive
15762331,Mutual Fund,2022-07-13,Active
15606901,Fixed Deposit,2023-06-21,Inactive
15713559,Loan,2023-09-24,Active
15768881,Credit Card,2023-11-13,Inactive
15768881,Insurance,2022-01-17,Active
15743075,Mutual Fund,2023-07-15,Active
15743075,Fixed Deposit,2022-05-21,Inactive
15743075,Credit Card,2022-07-24,Active
15660980,Loan,2022-07-10,Active
15660980,Credit Card,2022-12-25,Active
15660980,Mutual Fund,2023-09-30,Active
15810942,Loan,2023-05-25,Active
15728362,Fixed Deposit,2023-08-10,Active
15728362,Loan,2023-04-09,Active
15728362,Insurance,2023-05-03,Active
15683339,Loan,2022-07-14,Active
15683339,Credit Card,2023-06-16,Active
15685476,Fixed Deposit,2023-10-25,Active
15685476,Insurance,2022-02-17,Active
15685476,Mutual Fund,2022-09-19,Inactive
15663650,Loan,2022-05-20,Active
15663650,Mutual Fund,2022-08-19,Active
15663650,Credit Card,2023-07-02,Active
15617434,Credit Card,2023-02-10,Active
15617434,Mutual Fund,2023-07-07,Active
15617434,Fixed Deposit,2023-07-23,Active
15622470,Loan,2022-09-05,Active
15622470,Credit Card,2023-04-25,Active
15622470,Insurance,2022-06-25,Inactive
15703682,Insurance,2023-05-20,Active
15703682,Mutual Fund,2022-12-30,Active
15727391,Loan,2022-06-06,Active
15711062,Credit Card,2023-03-27,Active
15711062,Loan,2023-08-08,Active
15711062,Fixed Deposit,2022-01-24,Active
15567339,Mutual Fund,2022-06-03,Inactive
15567339,Credit Card,2022-04-16,Active
15760662,Insurance,2022-05-16,Inactive
15760662,Fixed Deposit,2023-06-21,Active
15760662,Loan,2022-02-12,Inactive
15605737,Loan,2023-03-01,Inactive
15605737,Credit Card,2022-04-15,Inactive
15605737,Mutual Fund,2022-04-05,Active
15692977,Insurance,2023-12-28,Inactive
15672082,Insurance,2023-06-01,Active
15600280,Fixed Deposit,2023-05-09,Active
15600280,Mutual Fund,2022-08-14,Active
15600280,Loan,2022-08-20,Active
15804052,Insurance,2023-03-13,Active
15804052,Mutual Fund,2022-07-17,Inactive
15576065,Credit Card,2023-01-08,Inactive
15576065,Mutual Fund,2023-09-20,Active
15796838,Credit Card,2022-06-27,Active
15796838,Mutual Fund,2022-12-31,Active
15796838,Insurance,2023-09-30,Active
15693526,Mutual Fund,2023-08-14,Active
15693526,Loan,2022-01-06,Active
15693526,Fixed Deposit,2023-11-18,Active
15748595,Fixed Deposit,2023-11-02,Active
15748595,Credit Card,2022-04-02,Inactive
15679029,Fixed Deposit,2022-11-26,Active
15679029,Insurance,2023-09-06,Active
15679029,Mutual Fund,2022-12-17,Active
15753639,Mutual Fund,2022-10-05,Active
15604138,Insurance,2023-11-01,Active
15604138,Credit Card,2022-01-26,Active
15666095,Loan,2023-02-24,Active
15666095,Credit Card,2023-09-27,Active
15666095,Insurance,2023-06-27,Active
15643487,Mutual Fund,2023-03-18,Active
15643487,Insurance,2023-09-07,Active
15764033,Insurance,2022-11-05,Active
15764033,Mutual Fund,2023-08-21,Active
15764033,Credit Card,2023-12-03,Active
15747288,Credit Card,2022-12-14,Active
15747288,Loan,2022-06-17,Active
15790599,Credit Card,2023-03-02,Active
15790599,Mutual Fund,2023-11-26,Active
15790599,Fixed Deposit,2022-03-17,Active
15737705,Credit Card,2023-08-19,Active
15737705,Loan,2023-08-09,Active
15737194,Credit Card,2023-12-26,Active
15737194,Fixed Deposit,2022-02-12,Active
15737194,Loan,2022-06-17,Active
15726776,Fixed Deposit,2022-08-31,Active
15726776,Loan,2023-07-06,Active
15726776,Mutual Fund,2022-09-16,Active
15804357,Mutual Fund,2023-09-11,Inactive
15804357,Loan,2023-11-29,Active
15664432,Mutual Fund,2022-07-24,Active
15688984,Credit Card,2023-10-11,Inactive
15688984,Loan,2023-04-10,Active
15583026,Mutual Fund,2022-08-05,Active
15583026,Insurance,2023-05-12,Active
15583026,Credit Card,2023-09-06,Active
15771668,Loan,2022-10-11,Active
15779904,Insurance,2022-01-01,Active
15779904,Loan,2023-04-20,Inactive
15779904,Fixed Deposit,2022-11-21,Inactive
15784323,Insurance,2022-10-14,Inactive
15756277,Fixed Deposit,2022-06-07,Active
15756277,Insurance,2022-08-01,Active
15756277,Credit Card,2022-09-28,Active
15663312,Insurance,2022-09-02,Active
15663312,Loan,2022-05-24,Inactive
15663312,Fixed Deposit,2023-04-27,Active
15793197,Credit Card,2022-05-18,Active
15793197,Loan,2022-12-27,Active
15731463,Fixed Deposit,2023-03-07,Active
15621768,Mutual Fund,2022-12-23,Inactive
15691323,Credit Card,2022-04-01,Inactive
15691323,Fixed Deposit,2023-12-21,Inactive
15781326,Insurance,2023-08-16,Active
15781326,Mutual Fund,2022-10-30,Active
15595640,Loan,2023-01-27,Inactive
15814331,Loan,2023-04-15,Inactive
15814331,Credit Card,2022-04-11,Active
15814331,Insurance,2022-12-22,Active
15602030,Insurance,2022-10-07,Active
15602030,Fixed Deposit,2023-11-14,Inactive
15602030,Credit Card,2023-08-23,Active
15747974,Loan,2023-12-24,Active
15611315,Fixed Deposit,2022-03-22,Active
15636977,Insurance,2023-12-12,Active
15690337,Loan,2022-06-29,Active
15690337,Mutual Fund,2022-07-17,Active
15690337,Fixed Deposit,2023-12-10,Inactive
15680666,Fixed Deposit,2022-08-11,Active
15680666,Credit Card,2022-10-23,Active
15679551,Fixed Deposit,2023-08-09,Active
15778915,Loan,2022-11-05,Active
15568849,Credit Card,2023-11-29,Active
15747762,Fixed Deposit,2023-03-24,Active
15753679,Mutual Fund,2023-10-12,Active
15753679,Fixed Deposit,2022-02-13,Active
15750049,Fixed Deposit,2022-05-12,Inactive
15606097,Loan,2023-07-04,Inactive
15606097,Credit Card,2022-10-12,Active
15802368,Mutual Fund,2023-01-04,Active
15802368,Insurance,2023-04-20,Active
15802368,Fixed Deposit,2023-11-24,Active
15767488,Mutual Fund,2023-10-22,Active
15767488,Loan,2022-12-31,Active
15669946,Credit Card,2022-12-29,Active
15669946,Mutual Fund,2023-03-06,Active
15612103,Insurance,2023-02-11,Active
15645353,Insurance,2023-08-07,Active
15645353,Mutual Fund,2023-02-25,Active
15645353,Fixed Deposit,2023-10-09,Active
15650018,Fixed Deposit,2022-11-03,Active
15659002,Mutual Fund,2023-03-13,Inactive
15659002,Loan,2022-08-31,Inactive
15659002,Credit Card,2023-11-11,Active
15616028,Loan,2022-10-05,Inactive
15616028,Credit Card,2023-12-19,Inactive
15616028,Mutual Fund,2023-03-08,Active
15660475,Mutual Fund,2023-11-09,Active
15660475,Insurance,2022-07-16,Active
15652615,Loan,2022-01-17,Active
15652615,Insurance,2022-08-26,Active
15653572,Credit Card,2023-02-09,Inactive
15653572,Fixed Deposit,2022-10-11,Inactive
15628059,Credit Card,2023-05-20,Inactive
15628059,Loan,2022-08-23,Active
15703413,Fixed Deposit,2023-05-29,Active
15703413,Mutual Fund,2022-04-20,Active
15703413,Loan,2022-01-29,Active
15610433,Insurance,2022-05-02,Active
15770548,Mutual Fund,2023-01-01,Inactive
15645637,Fixed Deposit,2022-08-05,Active
15590888,Loan,2023-12-14,Active
15568326,Fixed Deposit,2023-05-22,Active
15568326,Insurance,2022-05-11,Active
15655368,Insurance,2023-09-23,Active
15665579,Fixed Deposit,2022-09-13,Inactive
15665579,Insurance,2022-04-17,Inactive
15665579,Mutual Fund,2023-04-29,Inactive
15676091,Loan,2023-11-25,Active
15676091,Fixed Deposit,2022-06-22,Active
15716984,Mutual Fund,2022-01-14,Active
15715078,Mutual Fund,2023-08-16,Active
15715078,Loan,2022-08-17,Active
15569452,Credit Card,2022-01-28,Active
15628863,Insurance,2022-10-23,Active
15628863,Loan,2022-06-13,Active
15778192,Loan,2022-07-23,Active
15778192,Credit Card,2022-09-18,Active
15793723,Insurance,2022-07-10,Active
15798943,Credit Card,2022-10-12,Active
15764708,Loan,2023-11-11,Active
15791040,Credit Card,2023-12-18,Active
15791040,Mutual Fund,2022-01-08,Active
15791040,Insurance,2023-08-25,Active
15631512,Credit Card,2022-12-25,Active
15640106,Insurance,2023-04-22,Active
15710315,Mutual Fund,2023-01-15,Inactive
15710315,Fixed Deposit,2022-05-30,Active
15771535,Insurance,2023-06-03,Active
15771535,Loan,2023-05-13,Active
15611947,Loan,2023-05-23,Inactive
15611947,Insurance,2022-02-15,Inactive
15670266,Mutual Fund,2022-05-27,Active
15670266,Credit Card,2023-01-19,Active
15609083,Mutual Fund,2022-02-17,Active
15609083,Loan,2023-02-26,Active
15609083,Fixed Deposit,2022-10-25,Active
15567923,Loan,2023-03-13,Active
15567923,Insurance,2023-11-27,Active
15788183,Fixed Deposit,2022-10-17,Inactive
15788183,Credit Card,2023-09-27,Active
15735782,Loan,2022-06-06,Active
15735782,Mutual Fund,2022-07-31,Active
15735782,Fixed Deposit,2022-09-27,Active
15774401,Loan,2023-03-25,Active
15774401,Mutual Fund,2023-02-03,Active
15737971,Credit Card,2023-08-20,Inactive
15758750,Mutual Fund,2023-01-03,Active
15758750,Fixed Deposit,2022-03-06,Active
15758750,Insurance,2022-03-07,Active
15611767,Fixed Deposit,2022-12-06,Active
15611767,Mutual Fund,2023-11-30,Inactive
15611767,Credit Card,2023-12-13,Active
15643770,Credit Card,2022-05-19,Active
15643770,Loan,2022-09-02,Active
15744717,Credit Card,2023-04-10,Active
15744717,Insurance,2022-11-24,Active
15744717,Loan,2022-03-03,Active
15570681,Fixed Deposit,2022-02-10,Active
15570681,Loan,2022-03-20,Inactive
15792650,Loan,2022-06-22,Active
15792650,Fixed Deposit,2022-10-21,Inactive
15605531,Mutual Fund,2022-10-10,Active
15605531,Credit Card,2023-07-12,Active
15605531,Fixed Deposit,2023-09-17,Active
15605339,Credit Card,2023-12-15,Active
15672216,Loan,2023-02-08,Inactive
15812893,Insurance,2022-03-12,Active
15624180,Fixed Deposit,2023-09-21,Active
15624180,Loan,2023-09-05,Active
15624180,Mutual Fund,2022-05-17,Active
15701364,Insurance,2022-08-15,Active
15762588,Fixed Deposit,2023-11-19,Active
15762588,Loan,2023-07-01,Active
15806318,Mutual Fund,2022-10-06,Active
15712596,Insurance,2022-12-13,Active
15600399,Loan,2023-03-13,Active
15576216,Credit Card,2023-07-31,Inactive
15576216,Loan,2023-07-26,Active
15576216,Insurance,2023-04-28,Inactive
15620750,Fixed Deposit,2023-12-17,Active
15620750,Insurance,2022-04-03,Active
15620750,Loan,2022-03-21,Active
15623489,Mutual Fund,2022-07-02,Inactive
15623489,Credit Card,2023-04-13,Active
15667944,Fixed Deposit,2022-07-29,Active
15584928,Loan,2023-06-05,Active
15779913,Credit Card,2022-04-13,Inactive
15644977,Credit Card,2022-11-05,Inactive
15644977,Insurance,2023-01-28,Active
15749679,Insurance,2023-01-03,Active
15749679,Mutual Fund,2023-12-23,Active
15629010,Loan,2023-10-23,Active
15768465,Insurance,2023-08-31,Active
15768465,Fixed Deposit,2022-10-19,Inactive
15768465,Mutual Fund,2022-12-27,Active
15767781,Fixed Deposit,2022-06-28,Active
15635364,Loan,2023-02-21,Active
15722004,Fixed Deposit,2022-06-22,Inactive
15722004,Mutual Fund,2022-03-05,Active
15766044,Fixed Deposit,2022-09-29,Active
15766044,Loan,2023-12-11,Active
15586680,Loan,2023-10-24,Inactive
15635388,Mutual Fund,2022-04-03,Active
15635388,Credit Card,2023-07-10,Active
15635388,Fixed Deposit,2022-06-08,Active
15655175,Fixed Deposit,2023-02-09,Active
15639133,Insurance,2022-03-11,Active
15799653,Fixed Deposit,2023-03-26,Inactive
15799653,Loan,2022-05-31,Active
15799653,Mutual Fund,2023-09-05,Active
15723872,Mutual Fund,2022-03-02,Inactive
15775627,Insurance,2023-09-03,Active
15775627,Mutual Fund,2022-05-15,Inactive
15775627,Fixed Deposit,2022-04-19,Active
15630704,Credit Card,2023-09-08,Inactive
15630704,Insurance,2023-01-02,Active
15815534,Insurance,2023-08-05,Active
15815534,Fixed Deposit,2022-03-21,Active
15815534,Mutual Fund,2022-11-21,Active
15697249,Insurance,2023-03-10,Active
15697249,Mutual Fund,2022-05-30,Inactive
15697249,Credit Card,2022-11-21,Active
15681316,Credit Card,2023-12-13,Active
15681316,Insurance,2023-06-10,Active
15682523,Loan,2022-07-17,Active
15682523,Mutual Fund,2023-04-07,Active
15682523,Insurance,2022-04-14,Active
15650244,Fixed Deposit,2022-07-19,Active
15650244,Mutual Fund,2023-05-02,Inactive
15648638,Credit Card,2023-10-02,Active
15648638,Insurance,2023-07-15,Active
15795747,Mutual Fund,2023-04-08,Active
15795747,Loan,2023-03-21,Active
15607330,Insurance,2023-01-27,Active
15607330,Mutual Fund,2023-01-04,Active
15607330,Loan,2023-02-24,Active
15624013,Loan,2023-02-08,Active
15624013,Fixed Deposit,2022-02-24,Active
15800805,Fixed Deposit,2023-01-26,Active
15667321,Credit Card,2023-03-17,Active
15667321,Mutual Fund,2023-10-23,Active
15601116,Credit Card,2023-01-22,Active
15601116,Fixed Deposit,2023-01-11,Active
15601116,Insurance,2022-09-14,Active
15622033,Credit Card,2023-07-31,Active
15622033,Insurance,2022-04-15,Active
15622033,Mutual Fund,2023-02-02,Active
15758451,Mutual Fund,2023-04-03,Active
15758451,Fixed Deposit,2022-11-28,Active
15688689,Fixed Deposit,2022-01-16,Active
15688689,Credit Card,2022-11-19,Active
15652674,Mutual Fund,2023-01-30,Inactive
15652674,Insurance,2022-10-07,Active
15652674,Fixed Deposit,2022-07-22,Active
15806327,Insurance,2023-09-21,Active
15806327,Mutual Fund,2022-12-04,Active
15649618,Credit Card,2023-01-29,Inactive
15677117,Credit Card,2022-12-01,Active
15677117,Loan,2023-10-24,Inactive
15751445,Insurance,2023-11-19,Active
15749669,Fixed Deposit,2023-06-29,Active
15749669,Mutual Fund,2023-11-27,Inactive
15656351,Credit Card,2022-02-27,Active
15656351,Mutual Fund,2023-07-18,Active
15656351,Loan,2022-07-06,Active
15667438,Loan,2022-08-12,Inactive
15667438,Credit Card,2023-05-02,Inactive
15682273,Fixed Deposit,2022-04-17,Inactive
15580912,Loan,2023-05-20,Active
15580912,Fixed Deposit,2023-09-23,Active
15580912,Insurance,2022-04-17,Active
15785183,Fixed Deposit,2022-09-12,Active
15785183,Insurance,2022-03-03,Active
15705383,Loan,2022-10-08,Active
15705383,Credit Card,2022-03-08,Active
15705383,Fixed Deposit,2022-08-08,Inactive
15712903,Mutual Fund,2022-12-14,Active
15712903,Credit Card,2023-01-06,Active
15774285,Insurance,2023-12-02,Active
15774285,Loan,2023-11-15,Active
15774285,Credit Card,2023-01-15,Active
15583138,Fixed Deposit,2023-01-26,Active
15583138,Insurance,2023-02-19,Active
15583138,Credit Card,2022-11-22,Active
15740160,Loan,2022-07-06,Active
15793425,Loan,2023-07-22,Active
15749265,Fixed Deposit,2023-03-17,Active
15749265,Insurance,2023-01-04,Active
15749265,Mutual Fund,2022-11-15,Active
15623989,Loan,2023-04-10,Active
15604832,Credit Card,2023-03-20,Inactive
15604832,Mutual Fund,2023-09-06,Active
15604832,Insurance,2022-06-22,Active
15584580,Mutual Fund,2023-05-02,Inactive
15584580,Insurance,2023-09-26,Active
15573854,Fixed Deposit,2022-10-12,Active
15573854,Mutual Fund,2022-01-27,Inactive
15614847,Credit Card,2022-01-03,Active
15614847,Mutual Fund,2022-02-24,Inactive
15679966,Credit Card,2022-11-02,Active
15679966,Loan,2023-09-03,Active
15679966,Fixed Deposit,2023-07-22,Active
15799435,Fixed Deposit,2023-08-02,Active
15799435,Loan,2022-04-16,Active
15752186,Credit Card,2023-05-09,Active
15752186,Fixed Deposit,2022-08-12,Active
15752186,Loan,2023-12-03,Active
15705544,Loan,2023-03-19,Active
15705544,Mutual Fund,2022-01-17,Active
15705544,Credit Card,2022-02-28,Active
15713632,Insurance,2022-04-16,Active
15713632,Credit Card,2023-08-06,Active
15713632,Mutual Fund,2023-04-15,Active
15586523,Fixed Deposit,2023-10-03,Active
15609176,Loan,2023-12-09,Active
15609176,Fixed Deposit,2023-05-08,Active
15769308,Mutual Fund,2023-06-22,Active
15769308,Loan,2023-12-15,Active
15769308,Insurance,2022-09-23,Active
15676810,Credit Card,2023-03-29,Active
15676810,Insurance,2022-04-04,Active
15676810,Mutual Fund,2022-09-29,Active
15634591,Insurance,2022-02-23,Active
15634591,Fixed Deposit,2022-05-13,Inactive
15679804,Fixed Deposit,2023-01-12,Active
15679804,Insurance,2023-12-25,Inactive
15679804,Loan,2022-12-13,Active
15677764,Credit Card,2022-09-11,Active
15677764,Mutual Fund,2023-08-25,Active
15571917,Credit Card,2022-09-03,Active
15571917,Insurance,2023-07-28,Active
15571917,Loan,2022-12-20,Active
15574608,Credit Card,2023-07-27,Active
15740868,Loan,2023-12-11,Active
15740868,Mutual Fund,2023-07-14,Active
15740868,Credit Card,2023-06-04,Active
15702442,Credit Card,2022-04-08,Active
15702442,Fixed Deposit,2022-08-16,Active
15699797,Loan,2023-05-16,Active
15699797,Mutual Fund,2023-01-21,Active
15699797,Fixed Deposit,2023-12-25,Active
15648047,Credit Card,2023-03-30,Active
15648047,Mutual Fund,2022-11-16,Active
15648047,Insurance,2022-11-05,Inactive
15766826,Credit Card,2023-04-09,Active
15591628,Insurance,2023-07-15,Inactive
15591628,Credit Card,2023-10-18,Active
15591628,Fixed Deposit,2022-11-14,Active
15583857,Credit Card,2023-06-18,Active
15583857,Insurance,2023-05-09,Active
15752534,Mutual Fund,2023-11-01,Inactive
15741403,Mutual Fund,2022-04-14,Active
15741403,Credit Card,2022-07-25,Active
15741403,Insurance,2023-03-11,Inactive
15783589,Loan,2023-05-19,Active
15783589,Fixed Deposit,2022-04-12,Active
15598046,Credit Card,2023-12-17,Inactive
15643330,Fixed Deposit,2023-08-23,Inactive
15680405,Mutual Fund,2023-09-26,Active
15680405,Loan,2023-11-27,Active
15728683,Insurance,2023-05-31,Active
15728683,Mutual Fund,2023-08-03,Active
15728683,Credit Card,2023-07-15,Active
15621644,Loan,2023-05-25,Active
15733032,Mutual Fund,2022-03-16,Active
15733032,Insurance,2022-12-06,Active
15733032,Credit Card,2023-10-07,Active
15608381,Loan,2023-08-20,Active
15608381,Credit Card,2023-11-17,Active
15608381,Fixed Deposit,2023-12-21,Active
15658946,Loan,2022-10-09,Inactive
15658946,Fixed Deposit,2023-04-12,Active
15658946,Credit Card,2022-10-30,Inactive
15757912,Credit Card,2023-10-28,Active
15757912,Mutual Fund,2023-05-01,Inactive
15645371,Mutual Fund,2023-03-25,Active
15653110,Loan,2022-10-21,Active
15653110,Mutual Fund,2023-03-20,Active
15766355,Credit Card,2022-11-30,Active
15766355,Mutual Fund,2022-11-26,Inactive
15766355,Insurance,2022-11-19,Active
15585249,Fixed Deposit,2022-03-20,Active
15611786,Fixed Deposit,2022-01-12,Active
15611786,Mutual Fund,2022-12-29,Active
15611786,Insurance,2023-12-12,Active
15575486,Loan,2022-02-26,Active
15575486,Credit Card,2023-04-11,Active
15575486,Fixed Deposit,2022-06-06,Active
15780215,Mutual Fund,2023-10-15,Active
15780215,Fixed Deposit,2022-02-11,Inactive
15780215,Loan,2023-01-23,Inactive
15686099,Insurance,2022-11-01,Inactive
15739042,Insurance,2022-03-30,Active
15739042,Fixed Deposit,2022-02-24,Active
15739042,Loan,2022-01-11,Inactive
15815316,Loan,2022-10-15,Active
15815316,Credit Card,2022-03-21,Active
15815316,Fixed Deposit,2022-08-02,Active
15778489,Insurance,2022-06-16,Active
15778489,Mutual Fund,2023-05-04,Inactive
15778489,Credit Card,2022-10-30,Active
15786389,Mutual Fund,2023-10-18,Active
15786389,Insurance,2022-08-19,Active
15786389,Fixed Deposit,2022-08-08,Active
15601787,Fixed Deposit,2023-12-19,Inactive
15601787,Mutual Fund,2022-01-25,Active
15624715,Mutual Fund,2023-09-12,Active
15624715,Insurance,2023-05-10,Active
15763093,Fixed Deposit,2022-01-24,Active
15763093,Mutual Fund,2023-02-15,Active
15572073,Insurance,2022-08-27,Active
15572073,Fixed Deposit,2023-02-24,Active
15780256,Mutual Fund,2023-07-11,Inactive
15780256,Loan,2022-08-06,Active
15659305,Mutual Fund,2022-04-17,Active
15638882,Fixed Deposit,2023-04-21,Active
15638882,Insurance,2022-04-12,Active
15638882,Loan,2023-08-29,Active
15714680,Mutual Fund,2023-12-01,Active
15714680,Fixed Deposit,2022-11-30,Active
15777217,Fixed Deposit,2023-09-30,Active
15739123,Fixed Deposit,2022-01-24,Active
15739123,Credit Card,2022-03-14,Active
15739123,Mutual Fund,2023-09-07,Inactive
15594450,Credit Card,2022-11-10,Active
15594450,Loan,2022-06-16,Inactive
15797751,Fixed Deposit,2022-04-24,Inactive
15691543,Loan,2023-03-31,Active
15722845,Fixed Deposit,2022-05-06,Inactive
15722845,Mutual Fund,2022-04-30,Active
15722845,Loan,2023-12-14,Active
15605804,Loan,2022-11-19,Active
15702061,Fixed Deposit,2022-08-10,Active
15702061,Credit Card,2022-12-09,Active
15702061,Insurance,2022-07-18,Active
15694321,Loan,2022-05-27,Active
15694321,Credit Card,2022-04-28,Active
15798749,Insurance,2022-07-03,Inactive
15798749,Credit Card,2023-07-09,Active
15798749,Loan,2023-06-08,Active
15720050,Fixed Deposit,2023-04-17,Active
15720050,Loan,2022-09-16,Inactive
15758048,Insurance,2023-04-26,Active
15758048,Loan,2023-06-02,Active
15758048,Mutual Fund,2023-12-29,Active
15805681,Fixed Deposit,2022-11-16,Active
15802809,Mutual Fund,2022-12-05,Active
15802809,Loan,2022-08-01,Active
15807239,Mutual Fund,2023-09-22,Active
15749093,Loan,2022-12-29,Inactive
15749093,Insurance,2022-03-06,Active
15689344,Fixed Deposit,2022-09-08,Inactive
15606076,Insurance,2022-09-23,Active
15606076,Loan,2023-04-26,Inactive
15610090,Mutual Fund,2022-12-18,Inactive
15610090,Loan,2022-07-03,Active
15693926,Fixed Deposit,2023-01-11,Active
15791501,Fixed Deposit,2023-05-24,Active
15791501,Insurance,2022-01-17,Active
15621870,Credit Card,2023-04-29,Active
15734711,Insurance,2022-12-19,Active
15734711,Fixed Deposit,2022-12-17,Active
15814405,Insurance,2023-11-19,Active
15729359,Fixed Deposit,2022-08-03,Active
15729359,Credit Card,2023-10-17,Inactive
15729359,Mutual Fund,2023-08-16,Active
15606944,Fixed Deposit,2022-12-04,Active
15606944,Insurance,2023-08-15,Inactive
15606944,Credit Card,2023-05-01,Inactive
15671934,Loan,2023-09-29,Active
15671934,Credit Card,2022-11-10,Active
15641773,Loan,2022-09-07,Inactive
15641773,Credit Card,2022-09-10,Inactive
15641773,Insurance,2022-06-27,Active
15701972,Mutual Fund,2022-03-28,Active
15701972,Insurance,2023-09-25,Active
15701972,Credit Card,2023-08-10,Active
15749114,Loan,2023-04-03,Inactive
15749114,Mutual Fund,2023-07-18,Active
15749114,Insurance,2023-10-04,Active
15780362,Loan,2022-11-11,Active
15780362,Mutual Fund,2023-07-18,Active
15780362,Credit Card,2023-01-03,Active
15753229,Fixed Deposit,2023-04-02,Active
15656009,Insurance,2023-03-26,Active
15656009,Mutual Fund,2023-03-01,Active
15785024,Insurance,2023-06-07,Active
15785024,Fixed Deposit,2022-10-23,Active
15785024,Loan,2022-07-04,Active
15670492,Insurance,2022-08-15,Active
15670492,Fixed Deposit,2023-06-12,Active
15670492,Mutual Fund,2023-02-26,Inactive
15795458,Fixed Deposit,2023-11-28,Inactive
15795458,Mutual Fund,2022-01-12,Active
15795458,Credit Card,2022-09-29,Inactive
15732438,Fixed Deposit,2022-08-11,Active
15781987,Fixed Deposit,2023-08-24,Active
15775826,Credit Card,2023-09-19,Active
15807457,Credit Card,2022-03-01,Active
15807457,Loan,2023-10-27,Active
15632538,Fixed Deposit,2023-06-30,Active
15632538,Mutual Fund,2022-01-29,Active
15641389,Fixed Deposit,2022-01-18,Inactive
15641389,Credit Card,2022-05-15,Inactive
15641389,Mutual Fund,2023-10-11,Active
15657306,Credit Card,2023-06-22,Active
15709447,Insurance,2023-11-06,Active
15709447,Credit Card,2023-07-01,Active
15762682,Insurance,2022-01-12,Active
15762682,Mutual Fund,2022-01-29,Inactive
15626042,Mutual Fund,2022-09-12,Inactive
15597109,Fixed Deposit,2022-02-27,Active
15597109,Mutual Fund,2022-08-21,Active
15597109,Loan,2023-08-24,Active
15756148,Mutual Fund,2022-12-15,Active
15665634,Credit Card,2023-09-13,Active
15665634,Insurance,2022-11-12,Active
15739997,Loan,2022-08-30,Active
15739997,Mutual Fund,2023-01-26,Inactive
15686242,Mutual Fund,2022-03-20,Inactive
15686242,Insurance,2023-03-31,Active
15686242,Credit Card,2023-02-09,Active
15759244,Credit Card,2022-01-04,Active
15759244,Fixed Deposit,2022-11-28,Inactive
15672027,Fixed Deposit,2022-02-03,Active
15672027,Mutual Fund,2022-08-24,Inactive
15672027,Loan,2023-08-04,Inactive
15594576,Credit Card,2022-12-20,Active
15707138,Insurance,2022-03-02,Active
15756954,Insurance,2023-11-21,Inactive
15756954,Fixed Deposit,2023-06-10,Active
15619130,Mutual Fund,2023-12-05,Active
15619130,Credit Card,2023-11-27,Active
15639665,Fixed Deposit,2022-02-20,Active
15639665,Credit Card,2023-04-04,Active
15639665,Loan,2022-07-19,Active
15571065,Loan,2022-05-17,Active
15571065,Mutual Fund,2023-12-02,Inactive
15686060,Credit Card,2023-04-22,Active
15615753,Loan,2022-11-19,Active
15615753,Mutual Fund,2022-02-14,Active
15615753,Insurance,2022-03-10,Inactive
15800961,Loan,2023-05-23,Active
15763065,Loan,2023-07-26,Active
15763065,Fixed Deposit,2023-06-09,Active
15763065,Insurance,2023-03-10,Active
15672467,Insurance,2023-12-24,Inactive
15752915,Credit Card,2022-11-01,Active
15752915,Fixed Deposit,2022-02-20,Active
15752915,Loan,2022-12-23,Active
15744695,Credit Card,2023-09-15,Active
15744695,Mutual Fund,2022-02-06,Active
15744695,Fixed Deposit,2022-06-06,Active
15584897,Loan,2022-07-08,Inactive
15601857,Insurance,2023-06-11,Active
15674156,Insurance,2022-02-23,Inactive
15674156,Credit Card,2023-10-15,Active
15695465,Mutual Fund,2022-05-19,Inactive
15792232,Fixed Deposit,2022-12-24,Active
15792232,Credit Card,2022-07-03,Active
15807900,Loan,2023-10-06,Active
15807900,Fixed Deposit,2022-01-15,Active
15807900,Insurance,2022-03-30,Active
15743760,Insurance,2023-05-07,Active
15743760,Loan,2023-03-31,Active
15743760,Credit Card,2023-10-26,Active
15652835,Fixed Deposit,2023-12-20,Active
15652835,Insurance,2023-09-09,Inactive
15767818,Mutual Fund,2022-04-18,Active
15767818,Fixed Deposit,2022-10-02,Inactive
15767818,Loan,2023-03-27,Active
15591150,Fixed Deposit,2022-11-05,Active
15591150,Mutual Fund,2023-01-30,Active
15591150,Loan,2023-09-01,Active
15734659,Credit Card,2023-03-31,Inactive
15734659,Mutual Fund,2022-09-24,Active
15734659,Fixed Deposit,2023-10-17,Active
15796115,Fixed Deposit,2023-11-16,Active
15796115,Loan,2023-06-07,Active
15796115,Mutual Fund,2022-06-24,Active
15724648,Fixed Deposit,2022-02-27,Active
15724648,Loan,2022-06-27,Active
15724648,Mutual Fund,2022-03-04,Active
15737732,Loan,2023-05-04,Active
15737732,Credit Card,2023-09-17,Inactive
15632280,Mutual Fund,2022-04-07,Active
15632280,Fixed Deposit,2022-05-12,Active
15632280,Loan,2023-10-21,Active
15750407,Mutual Fund,2022-07-01,Active
15795370,Insurance,2023-01-13,Active
15795370,Fixed Deposit,2023-09-18,Inactive
15656829,Insurance,2023-04-17,Active
15643794,Fixed Deposit,2022-05-06,Active
15643794,Mutual Fund,2023-10-11,Active
15798605,Insurance,2023-05-04,Active
15798605,Fixed Deposit,2022-02-13,Active
15637324,Credit Card,2022-06-18,Active
15637324,Insurance,2023-07-12,Inactive
15637324,Fixed Deposit,2023-04-11,Active
15589589,Mutual Fund,2023-08-21,Active
15778936,Loan,2023-02-01,Active
15778936,Credit Card,2023-07-25,Active
15778936,Insurance,2022-06-15,Active
15757385,Loan,2023-12-13,Inactive
15757385,Mutual Fund,2023-11-15,Active
15757385,Fixed Deposit,2023-01-03,Active
15666200,Credit Card,2023-05-08,Active
15666200,Insurance,2022-12-27,Active
15666200,Fixed Deposit,2022-10-19,Active
15683977,Insurance,2023-04-28,Active
15675518,Fixed Deposit,2023-10-29,Active
15675518,Insurance,2023-12-06,Active
15675518,Mutual Fund,2022-06-30,Active
15584812,Mutual Fund,2022-10-12,Active
15584812,Insurance,2022-04-13,Active
15584812,Loan,2022-08-01,Active
15752984,Credit Card,2022-07-18,Active
15752984,Mutual Fund,2023-03-03,Inactive
15752984,Insurance,2023-08-24,Active
15577913,Credit Card,2023-02-18,Active
15577913,Insurance,2022-12-03,Active
15591980,Credit Card,2022-11-09,Active
15591980,Fixed Deposit,2022-07-16,Inactive
15598948,Loan,2023-12-29,Active
15598948,Credit Card,2023-10-03,Active
15598948,Mutual Fund,2023-12-08,Inactive
15574142,Credit Card,2023-03-09,Inactive
15574142,Loan,2022-02-04,Active
15574142,Mutual Fund,2023-06-13,Inactive
15582903,Mutual Fund,2022-10-06,Inactive
15582903,Credit Card,2022-11-11,Active
15733229,Mutual Fund,2022-12-28,Active
15733229,Fixed Deposit,2023-09-10,Active
15635752,Loan,2023-01-16,Active
15771000,Loan,2023-03-07,Active
15771000,Credit Card,2022-11-27,Inactive
15804864,Loan,2022-08-08,Active
15804864,Credit Card,2023-04-28,Active
15804864,Mutual Fund,2022-08-31,Active
15641175,Loan,2023-09-17,Active
15692226,Mutual Fund,2022-07-07,Active
15584156,Loan,2023-03-16,Active
15584156,Fixed Deposit,2023-02-02,Inactive
15584156,Mutual Fund,2023-01-27,Active
15702656,Insurance,2023-08-18,Active
15702656,Fixed Deposit,2023-09-29,Active
15606552,Insurance,2022-03-16,Active
15606552,Loan,2023-07-29,Active
15687001,Fixed Deposit,2022-06-04,Active
15781903,Insurance,2022-02-19,Active
15781903,Fixed Deposit,2022-01-02,Active
15731951,Mutual Fund,2022-09-24,Active
15731951,Credit Card,2023-07-22,Active
15580953,Loan,2022-01-28,Inactive
15580953,Insurance,2022-10-12,Active
15810390,Fixed Deposit,2023-09-05,Active
15628274,Loan,2022-09-01,Active
15628274,Fixed Deposit,2022-05-07,Active
15615444,Fixed Deposit,2023-03-18,Active
15784010,Loan,2022-10-15,Active
15784010,Insurance,2023-04-05,Inactive
15571586,Fixed Deposit,2022-09-12,Active
15571586,Loan,2022-05-27,Active
15748616,Insurance,2023-03-17,Inactive
15769402,Fixed Deposit,2023-01-06,Active
15739248,Mutual Fund,2022-02-23,Active
15603481,Fixed Deposit,2023-03-12,Active
15603481,Credit Card,2023-04-05,Inactive
15603481,Insurance,2022-12-02,Active
15723604,Fixed Deposit,2022-12-21,Active
15723604,Credit Card,2023-11-12,Active
15797822,Credit Card,2023-07-02,Inactive
15797822,Mutual Fund,2022-10-22,Active
15665064,Insurance,2022-01-05,Active
15665064,Credit Card,2023-06-23,Active
15640580,Mutual Fund,2023-07-21,Active
15581089,Mutual Fund,2023-06-24,Inactive
15581089,Fixed Deposit,2023-10-08,Inactive
15728605,Credit Card,2023-07-25,Active
15737385,Insurance,2023-05-05,Inactive
15737385,Fixed Deposit,2022-07-11,Active
15714789,Insurance,2023-11-02,Active
15714789,Fixed Deposit,2023-06-20,Active
15714789,Credit Card,2022-02-07,Active
15786035,Mutual Fund,2023-08-20,Active
15786035,Credit Card,2022-05-16,Active
15786035,Loan,2023-11-17,Active
15815259,Credit Card,2022-10-29,Active
15592716,Fixed Deposit,2023-01-25,Active
15592716,Mutual Fund,2022-07-30,Active
15734850,Credit Card,2023-11-08,Active
15638047,Fixed Deposit,2022-01-22,Inactive
15638047,Loan,2023-12-17,Active
15638047,Credit Card,2022-11-25,Active
15674573,Credit Card,2023-03-01,Active
15674573,Insurance,2022-02-08,Active
15694859,Loan,2022-03-22,Active
15694859,Fixed Deposit,2023-01-12,Active
15776404,Loan,2022-03-23,Inactive
15579345,Insurance,2022-10-24,Inactive
15579345,Loan,2023-07-02,Active
15690733,Credit Card,2022-12-13,Active
15631481,Mutual Fund,2023-11-14,Active
15631481,Insurance,2023-06-27,Active
15631481,Credit Card,2023-06-10,Active
15620988,Loan,2023-12-04,Active
15620988,Credit Card,2022-06-19,Active
15571529,Credit Card,2023-11-12,Active
15571529,Fixed Deposit,2023-02-03,Active
15592104,Credit Card,2023-05-30,Active
15592104,Insurance,2023-03-21,Active
15592104,Mutual Fund,2022-11-03,Inactive
15651900,Credit Card,2023-04-20,Active
15651900,Insurance,2023-01-20,Active
15651900,Loan,2022-09-21,Active
15596212,Insurance,2022-03-21,Active
15596212,Fixed Deposit,2023-08-17,Active
15596212,Loan,2022-01-28,Inactive
15710687,Credit Card,2022-09-24,Active
15613787,Loan,2022-07-27,Active
15599211,Insurance,2023-03-15,Active
15599211,Fixed Deposit,2022-11-28,Active
15599211,Credit Card,2022-05-12,Active
15675983,Loan,2023-12-06,Active
15675983,Fixed Deposit,2023-11-25,Active
15622370,Mutual Fund,2022-08-15,Active
15622370,Credit Card,2023-05-30,Active
15656319,Mutual Fund,2022-05-23,Inactive
15656319,Fixed Deposit,2023-03-04,Active
15605130,Credit Card,2022-06-24,Active
15672574,Mutual Fund,2023-04-03,Inactive
15672574,Insurance,2022-06-19,Active
15659355,Insurance,2022-05-14,Inactive
15659355,Mutual Fund,2023-06-05,Inactive
15659355,Fixed Deposit,2022-10-07,Active
15777907,Mutual Fund,2022-08-26,Active
15777907,Loan,2022-11-06,Active
15655171,Loan,2022-05-19,Active
15655171,Mutual Fund,2022-05-08,Active
15655171,Fixed Deposit,2022-01-28,Active
15619674,Mutual Fund,2023-06-09,Active
15619674,Loan,2023-08-02,Active
15619674,Insurance,2022-02-10,Active
15775192,Credit Card,2022-11-27,Active
15775192,Fixed Deposit,2022-04-16,Active
15617657,Insurance,2022-04-29,Active
15688951,Mutual Fund,2022-09-06,Inactive
15688951,Loan,2023-06-16,Active
15763460,Fixed Deposit,2023-03-18,Active
15756992,Fixed Deposit,2022-10-04,Inactive
15617454,Credit Card,2023-12-25,Active
15701932,Credit Card,2022-05-12,Inactive
15701932,Insurance,2022-07-29,Active
15700813,Fixed Deposit,2023-07-01,Active
15700813,Credit Card,2022-03-25,Active
15645600,Mutual Fund,2023-06-05,Inactive
15645600,Loan,2022-02-01,Active
15645600,Credit Card,2023-12-23,Active
15634146,Loan,2023-11-30,Active
15634146,Mutual Fund,2023-08-18,Inactive
15634146,Fixed Deposit,2023-07-28,Active
15686743,Insurance,2023-04-23,Active
15686743,Fixed Deposit,2023-01-17,Active
15686743,Credit Card,2023-08-25,Active
15698792,Loan,2022-04-18,Active
15698792,Credit Card,2022-05-19,Active
15591724,Insurance,2022-07-06,Inactive
15591724,Credit Card,2023-08-21,Inactive
15591724,Loan,2022-01-28,Active
15571281,Fixed Deposit,2022-09-24,Inactive
15571281,Insurance,2022-07-25,Active
15571281,Mutual Fund,2022-09-05,Active
15661380,Credit Card,2023-10-15,Active
15661380,Fixed Deposit,2023-02-22,Active
15728885,Loan,2023-10-03,Active
15728885,Credit Card,2023-10-17,Active
15618950,Insurance,2022-08-18,Inactive
15618950,Mutual Fund,2022-01-12,Active
15609804,Mutual Fund,2023-12-23,Active
15609804,Loan,2023-03-23,Active
15735849,Loan,2022-06-24,Active
15652948,Mutual Fund,2022-02-02,Inactive
15652948,Credit Card,2022-07-30,Active
15652948,Loan,2023-07-08,Inactive
15618155,Insurance,2022-06-08,Active
15618155,Loan,2023-01-03,Active
15618155,Mutual Fund,2022-08-28,Active
15566378,Insurance,2022-11-20,Inactive
15565879,Insurance,2022-04-10,Active
15565879,Fixed Deposit,2022-11-03,Active
15565879,Mutual Fund,2022-05-23,Active
15792922,Mutual Fund,2022-05-11,Active
15792922,Fixed Deposit,2023-03-24,Inactive
15770567,Credit Card,2023-10-09,Inactive
15738042,Fixed Deposit,2023-01-22,Active
15738042,Mutual Fund,2023-12-23,Active
15714920,Loan,2022-12-06,Active
15782121,Credit Card,2023-10-16,Inactive
15673180,Fixed Deposit,2023-03-12,Active
15660636,Insurance,2022-09-13,Inactive
15664504,Fixed Deposit,2023-11-25,Active
15664504,Loan,2022-11-02,Active
15664504,Insurance,2022-07-22,Active
15790322,Mutual Fund,2023-01-25,Active
15790322,Insurance,2022-10-24,Active
15790322,Credit Card,2023-08-30,Active
15739847,Mutual Fund,2023-03-25,Active
15699415,Insurance,2022-09-20,Active
15699415,Mutual Fund,2023-04-10,Active
15699415,Credit Card,2023-11-28,Active
15665521,Mutual Fund,2022-02-04,Active
15682868,Mutual Fund,2022-03-20,Inactive
15682868,Loan,2022-11-30,Inactive
15584462,Insurance,2023-08-06,Active
15584462,Credit Card,2022-02-13,Active
15584462,Fixed Deposit,2022-09-30,Active
15661708,Mutual Fund,2023-11-15,Active
15584452,Credit Card,2022-04-30,Active
15717010,Fixed Deposit,2022-12-27,Active
15717010,Loan,2023-05-28,Active
15643828,Credit Card,2023-02-26,Inactive
15733361,Fixed Deposit,2022-12-08,Active
15795488,Loan,2023-03-21,Active
15795488,Fixed Deposit,2022-10-26,Inactive
15795488,Insurance,2022-03-01,Inactive
15581551,Credit Card,2022-12-11,Active
15581551,Fixed Deposit,2022-08-05,Inactive
15632051,Fixed Deposit,2022-07-31,Active
15780409,Insurance,2022-11-13,Active
15572767,Mutual Fund,2022-11-22,Active
15572767,Credit Card,2022-02-14,Active
15590337,Loan,2023-02-13,Active
15634551,Insurance,2023-11-26,Active
15634551,Mutual Fund,2023-11-25,Inactive
15669290,Credit Card,2022-11-01,Active
15621140,Credit Card,2022-08-24,Active
15621140,Mutual Fund,2022-12-22,Active
15613518,Credit Card,2023-12-03,Active
15613518,Loan,2022-02-01,Active
15613518,Insurance,2023-09-07,Inactive
15728043,Credit Card,2022-12-12,Active
15728043,Loan,2023-10-09,Inactive
15570073,Fixed Deposit,2023-03-31,Active
15777033,Mutual Fund,2022-12-26,Active
15777033,Loan,2023-01-08,Active
15777033,Fixed Deposit,2023-06-08,Active
15682454,Mutual Fund,2022-02-03,Active
15682454,Loan,2023-11-26,Active
15682454,Fixed Deposit,2022-11-01,Inactive
15758513,Mutual Fund,2023-08-23,Inactive
15758513,Insurance,2023-05-13,Active
15758513,Loan,2023-09-09,Inactive
15772604,Credit Card,2023-06-11,Inactive
15721715,Fixed Deposit,2022-12-06,Active
15688563,Credit Card,2022-11-29,Active
15688563,Fixed Deposit,2023-11-18,Active
15772009,Loan,2022-09-27,Active
15772009,Credit Card,2023-03-07,Active
15809585,Credit Card,2023-05-20,Active
15593778,Mutual Fund,2023-03-13,Active
15593778,Fixed Deposit,2023-02-03,Active
15655360,Fixed Deposit,2023-11-01,Active
15655360,Credit Card,2023-08-26,Active
15780909,Insurance,2023-07-01,Active
15757310,Credit Card,2023-07-19,Active
15801411,Credit Card,2022-05-06,Active
15801411,Loan,2022-09-08,Active
15801411,Fixed Deposit,2023-08-19,Active
15761706,Mutual Fund,2022-11-28,Active
15761706,Insurance,2022-03-28,Active
15658409,Credit Card,2023-02-20,Active
15810010,Credit Card,2022-02-19,Active
15810010,Fixed Deposit,2023-04-11,Active
15810010,Insurance,2022-05-03,Active
15627027,Credit Card,2023-05-29,Active
15624374,Fixed Deposit,2023-04-20,Inactive
15624374,Insurance,2022-02-05,Inactive
15720083,Mutual Fund,2022-05-11,Active
15752294,Loan,2023-08-04,Active
15752294,Mutual Fund,2022-12-29,Active
15743193,Insurance,2022-06-16,Inactive
15743193,Mutual Fund,2022-06-15,Active
15743193,Fixed Deposit,2023-05-17,Active
15696733,Mutual Fund,2022-09-23,Inactive
15696733,Loan,2023-04-06,Active
15677522,Fixed Deposit,2023-12-27,Inactive
15677522,Mutual Fund,2022-03-05,Active
15643523,Insurance,2022-07-06,Active
15643523,Fixed Deposit,2022-04-04,Inactive
15624936,Loan,2022-05-14,Inactive
15624936,Fixed Deposit,2023-07-29,Active
15716085,Loan,2022-01-08,Active
15716085,Credit Card,2022-12-11,Active
15641688,Mutual Fund,2023-12-22,Active
15641688,Loan,2022-02-15,Inactive
15641688,Fixed Deposit,2023-02-28,Active
15796834,Credit Card,2023-07-30,Active
15720123,Fixed Deposit,2023-05-04,Active
15604732,Insurance,2022-09-06,Inactive
15604732,Credit Card,2023-02-22,Active
15604732,Mutual Fund,2023-04-12,Active
15723484,Fixed Deposit,2023-08-01,Active
15723484,Loan,2022-07-25,Active
15807120,Credit Card,2022-12-03,Active
15810891,Credit Card,2022-10-28,Active
15810891,Insurance,2022-04-04,Active
15640407,Credit Card,2022-09-23,Active
15778838,Insurance,2022-03-24,Active
15778838,Fixed Deposit,2023-01-02,Active
15778838,Loan,2022-10-21,Inactive
15709256,Mutual Fund,2022-06-23,Active
15742285,Credit Card,2022-02-19,Active
15742285,Insurance,2023-01-23,Active
15742285,Fixed Deposit,2023-05-02,Inactive
15729019,Loan,2022-05-17,Inactive
15729019,Credit Card,2023-12-29,Active
15729019,Insurance,2023-03-04,Active
15608588,Loan,2022-04-13,Active
15610557,Loan,2022-03-22,Active
15610557,Credit Card,2023-05-10,Active
15786418,Fixed Deposit,2023-09-11,Active
15786418,Credit Card,2023-09-08,Active
15653050,Insurance,2023-10-26,Active
15744914,Fixed Deposit,2023-11-09,Active
15744914,Insurance,2022-06-22,Active
15669611,Fixed Deposit,2022-03-02,Active
15594786,Mutual Fund,2022-11-24,Active
15594786,Credit Card,2023-06-22,Active
15594786,Loan,2023-08-13,Active
15649211,Loan,2023-07-21,Active
15766066,Loan,2022-11-14,Inactive
15766066,Credit Card,2023-07-04,Active
15766066,Insurance,2023-04-04,Active
15772216,Credit Card,2023-05-10,Inactive
15772216,Mutual Fund,2022-08-10,Inactive
15619898,Loan,2023-10-07,Inactive
15619898,Insurance,2022-03-20,Active
15724543,Loan,2023-02-03,Active
15724543,Fixed Deposit,2022-04-21,Inactive
15755084,Loan,2023-09-12,Active
15730441,Fixed Deposit,2022-10-01,Active
15666767,Mutual Fund,2023-09-13,Inactive
15690456,Mutual Fund,2022-05-21,Active
15570533,Credit Card,2023-05-03,Inactive
15570533,Insurance,2022-02-08,Active
15797692,Fixed Deposit,2022-01-05,Active
15603135,Loan,2023-11-10,Active
15603135,Fixed Deposit,2022-02-20,Active
15698927,Credit Card,2022-12-25,Active
15687363,Loan,2022-08-07,Inactive
15687363,Mutual Fund,2023-10-10,Active
15733444,Fixed Deposit,2023-11-02,Active
15678057,Insurance,2023-09-17,Active
15678057,Mutual Fund,2022-01-28,Inactive
15806918,Fixed Deposit,2022-01-13,Active
15806918,Credit Card,2022-06-23,Active
15806918,Mutual Fund,2022-06-17,Active
15638247,Fixed Deposit,2023-02-04,Active
15674833,Loan,2022-07-07,Inactive
15674833,Fixed Deposit,2023-04-29,Inactive
15812534,Credit Card,2022-03-04,Active
15812534,Fixed Deposit,2023-05-21,Inactive
15812534,Insurance,2022-08-17,Active
15586522,Mutual Fund,2023-04-14,Active
15586522,Fixed Deposit,2022-12-19,Active
15586522,Credit Card,2022-03-05,Active
15794297,Mutual Fund,2022-02-23,Active
15737025,Fixed Deposit,2022-06-16,Active
15615931,Insurance,2023-12-06,Active
15615931,Loan,2022-10-20,Active
15615931,Fixed Deposit,2022-04-24,Active
15664860,Insurance,2023-06-24,Active
15664860,Credit Card,2023-04-04,Active
15664860,Fixed Deposit,2023-11-23,Active
15664539,Fixed Deposit,2022-01-08,Active
15664539,Insurance,2022-12-14,Active
15583692,Mutual Fund,2023-01-15,Active
15583692,Fixed Deposit,2022-07-23,Active
15583692,Loan,2023-10-31,Active
15693131,Loan,2023-04-13,Active
15693131,Insurance,2023-07-20,Active
15693131,Credit Card,2022-07-04,Active
15779973,Mutual Fund,2023-09-07,Active
15779973,Fixed Deposit,2023-07-19,Active
15779973,Loan,2022-03-09,Active
15620557,Mutual Fund,2022-06-06,Active
15639549,Mutual Fund,2022-12-09,Active
15639549,Fixed Deposit,2022-05-21,Active
15639549,Loan,2023-12-06,Inactive
15618750,Loan,2023-05-23,Active
15618750,Fixed Deposit,2022-10-13,Active
15618750,Credit Card,2023-02-28,Active
15796790,Insurance,2022-09-01,Active
15796790,Credit Card,2023-02-09,Active
15668309,Fixed Deposit,2022-01-10,Active
15732437,Insurance,2023-12-23,Inactive
15732437,Mutual Fund,2022-03-03,Active
15732437,Credit Card,2023-12-04,Active
15665158,Credit Card,2023-05-02,Active
15665158,Mutual Fund,2023-03-24,Active
15665158,Loan,2022-09-16,Inactive
15689322,Loan,2022-08-07,Active
15596624,Mutual Fund,2023-05-07,Active
15601977,Mutual Fund,2022-06-26,Active
15601977,Insurance,2023-10-26,Inactive
15601977,Fixed Deposit,2022-03-31,Active
15801462,Loan,2022-06-13,Active
15801462,Mutual Fund,2022-05-17,Inactive
15566139,Insurance,2022-12-09,Active
15791006,Credit Card,2023-08-21,Active
15791006,Mutual Fund,2022-03-22,Active
15668057,Loan,2023-06-26,Active
15668057,Fixed Deposit,2023-01-20,Active
15580805,Fixed Deposit,2022-01-16,Active
15580805,Insurance,2023-01-24,Active
15658768,Credit Card,2023-01-01,Active
15658768,Fixed Deposit,2022-04-04,Active
15613048,Fixed Deposit,2023-08-13,Active
15613048,Credit Card,2022-01-01,Active
15803654,Insurance,2022-06-06,Active
15662337,Mutual Fund,2022-05-03,Active
15650924,Loan,2023-08-31,Active
15650924,Mutual Fund,2022-07-13,Inactive
15650924,Credit Card,2023-11-04,Active
15647203,Insurance,2022-12-29,Active
15647203,Loan,2022-12-07,Inactive
15647203,Mutual Fund,2022-12-31,Active
15682778,Mutual Fund,2022-02-15,Active
15682778,Insurance,2022-12-17,Inactive
15682778,Loan,2023-11-24,Active
15579820,Insurance,2023-08-23,Active
15579820,Mutual Fund,2023-01-06,Inactive
15709354,Loan,2022-08-01,Active
15709354,Insurance,2022-02-23,Inactive
15709354,Mutual Fund,2022-11-21,Active
15728480,Loan,2023-05-10,Active
15641091,Credit Card,2022-10-13,Inactive
15603111,Mutual Fund,2023-12-29,Active
15603111,Insurance,2022-03-08,Active
15679693,Credit Card,2023-07-25,Inactive
15797190,Credit Card,2022-06-03,Active
15797190,Loan,2022-12-07,Active
15797190,Insurance,2023-09-24,Active
15788025,Credit Card,2023-08-10,Active
15788025,Mutual Fund,2023-06-04,Active
15788025,Insurance,2023-05-29,Active
15646168,Credit Card,2023-07-06,Active
15580493,Credit Card,2023-07-17,Active
15726720,Mutual Fund,2023-06-14,Inactive
15726720,Loan,2022-09-03,Active
15735799,Insurance,2022-01-03,Active
15773098,Mutual Fund,2023-09-14,Active
15668971,Fixed Deposit,2023-02-13,Active
15668971,Insurance,2023-05-02,Active
15603221,Mutual Fund,2023-07-29,Active
15603221,Insurance,2022-04-16,Active
15603221,Credit Card,2022-11-01,Active
15740043,Mutual Fund,2022-02-21,Active
15740043,Insurance,2022-08-22,Active
15712264,Fixed Deposit,2023-05-05,Active
15712264,Loan,2022-05-27,Active
15712264,Credit Card,2023-01-07,Active
15751926,Loan,2023-06-10,Active
15751926,Fixed Deposit,2023-10-15,Active
15589401,Fixed Deposit,2022-03-04,Active
15589401,Loan,2023-06-21,Active
15589401,Credit Card,2022-02-03,Active
15742019,Fixed Deposit,2023-05-09,Active
15742019,Credit Card,2022-07-06,Active
15742019,Insurance,2023-04-23,Inactive
15660611,Loan,2022-05-13,Active
15660611,Credit Card,2023-11-25,Active
15607634,Mutual Fund,2022-05-29,Active
15607634,Fixed Deposit,2022-07-29,Active
15595036,Loan,2022-06-15,Active
15745794,Fixed Deposit,2023-05-20,Active
15781689,Loan,2022-06-15,Active
15696054,Loan,2023-12-06,Active
15696054,Mutual Fund,2022-05-16,Active
15752467,Loan,2023-12-03,Active
15597739,Loan,2023-03-05,Active
15597739,Mutual Fund,2023-06-03,Active
15651336,Mutual Fund,2023-10-19,Active
15651336,Insurance,2022-05-05,Active
15636061,Loan,2022-12-23,Active
15723013,Mutual Fund,2023-09-10,Active
15723013,Fixed Deposit,2023-03-15,Active
15784148,Credit Card,2022-03-29,Active
15578098,Mutual Fund,2022-03-22,Active
15578098,Loan,2022-04-21,Active
15578098,Fixed Deposit,2023-01-01,Active
15638621,Insurance,2023-02-16,Active
15638621,Credit Card,2023-01-29,Active
15638621,Loan,2022-01-10,Active
15720924,Loan,2022-03-12,Active
15566531,Loan,2022-11-17,Active
15718064,Mutual Fund,2022-10-05,Active
15718064,Fixed Deposit,2022-09-10,Active
15718064,Credit Card,2023-03-21,Active
15605067,Insurance,2023-10-01,Active
15655335,Mutual Fund,2023-03-14,Active
15655335,Fixed Deposit,2022-06-18,Active
15655335,Credit Card,2023-02-03,Active
15607301,Insurance,2022-01-07,Active
15694628,Fixed Deposit,2022-09-18,Active
15607112,Mutual Fund,2023-12-07,Active
15607112,Loan,2022-04-24,Active
15635775,Mutual Fund,2022-05-26,Active
15635775,Loan,2023-05-30,Active
15635775,Insurance,2022-07-02,Active
15644280,Fixed Deposit,2023-03-04,Active
15708362,Loan,2023-06-09,Active
15771997,Mutual Fund,2022-12-05,Inactive
15771997,Insurance,2023-06-16,Active
15771997,Loan,2022-10-22,Active
15730579,Loan,2023-02-11,Active
15728005,Mutual Fund,2023-08-13,Active
15791674,Mutual Fund,2022-07-04,Inactive
15754599,Loan,2022-11-06,Active
15754599,Mutual Fund,2023-09-07,Active
15693690,Insurance,2023-08-10,Active
15693690,Mutual Fund,2022-06-11,Active
15728963,Loan,2023-12-01,Active
15659710,Mutual Fund,2023-02-21,Active
15658675,Mutual Fund,2022-01-13,Active
15638788,Insurance,2023-03-13,Inactive
15609735,Insurance,2023-07-24,Active
15609735,Mutual Fund,2023-04-28,Active
15771477,Credit Card,2022-07-26,Inactive
15771477,Fixed Deposit,2023-07-08,Active
15570145,Mutual Fund,2022-04-27,Active
15570145,Insurance,2022-07-02,Active
15797149,Insurance,2023-05-13,Active
15797149,Loan,2022-04-19,Active
15797149,Fixed Deposit,2022-04-09,Active
15636912,Fixed Deposit,2023-03-04,Active
15636912,Mutual Fund,2022-05-05,Inactive
15636912,Insurance,2022-04-18,Active
15687828,Credit Card,2022-09-29,Active
15687828,Insurance,2023-08-12,Active
15667424,Insurance,2022-01-23,Inactive
15667424,Mutual Fund,2023-07-16,Active
15667424,Fixed Deposit,2023-06-18,Inactive
15759872,Credit Card,2023-01-14,Active
15572374,Credit Card,2023-08-31,Active
15572374,Loan,2022-09-26,Active
15754926,Credit Card,2023-10-27,Active
15754926,Loan,2023-12-01,Active
15687431,Fixed Deposit,2022-12-11,Active
15687431,Mutual Fund,2022-07-09,Active
15604515,Mutual Fund,2022-06-03,Active
15604515,Fixed Deposit,2023-09-18,Inactive
15604515,Loan,2022-01-16,Inactive
15682839,Insurance,2022-10-11,Active
15682839,Loan,2022-08-24,Active
15682839,Mutual Fund,2022-09-23,Inactive
15624677,Fixed Deposit,2022-12-14,Active
15624677,Loan,2023-06-14,Inactive
15624677,Insurance,2023-11-30,Inactive
15646366,Fixed Deposit,2022-04-04,Inactive
15646366,Mutual Fund,2023-09-05,Active
15646366,Insurance,2022-10-04,Active
15701768,Loan,2023-01-20,Active
15701768,Fixed Deposit,2023-03-21,Active
15701768,Credit Card,2022-01-11,Active
15623566,Loan,2022-01-11,Active
15681274,Credit Card,2022-05-04,Inactive
15681274,Mutual Fund,2023-12-14,Inactive
15681274,Loan,2023-04-19,Active
15762573,Mutual Fund,2023-05-03,Active
15762573,Credit Card,2022-05-27,Active
15762573,Loan,2022-09-05,Active
15706458,Credit Card,2023-09-12,Active
15706458,Loan,2022-03-23,Active
15706458,Mutual Fund,2023-09-12,Active
15654222,Credit Card,2023-12-22,Active
15654222,Mutual Fund,2022-12-10,Active
15654222,Insurance,2022-01-09,Active
15704053,Loan,2023-10-29,Active
15704053,Insurance,2023-11-28,Active
15724321,Insurance,2022-04-23,Active
15621815,Insurance,2023-02-18,Active
15621815,Mutual Fund,2023-03-09,Active
15621815,Credit Card,2023-07-19,Inactive
15724876,Fixed Deposit,2023-09-06,Active
15724876,Mutual Fund,2023-11-09,Active
15724876,Credit Card,2022-05-31,Active
15696588,Insurance,2023-08-02,Active
15612832,Insurance,2023-06-26,Inactive
15612832,Mutual Fund,2023-07-09,Active
15804295,Credit Card,2022-07-28,Inactive
15804295,Mutual Fund,2022-09-24,Active
15804295,Insurance,2022-11-16,Inactive
15712536,Loan,2023-12-13,Active
15712536,Credit Card,2023-05-22,Active
15662494,Fixed Deposit,2023-11-26,Inactive
15807728,Insurance,2023-05-14,Active
15764916,Credit Card,2023-02-14,Inactive
15764916,Fixed Deposit,2023-11-25,Active
15764916,Loan,2022-10-13,Active
15615330,Credit Card,2022-04-11,Active
15615330,Insurance,2022-09-06,Active
15638487,Insurance,2022-09-16,Active
15638487,Mutual Fund,2023-07-29,Active
15638487,Credit Card,2023-02-03,Active
15627859,Mutual Fund,2023-11-06,Active
15622192,Credit Card,2023-07-13,Inactive
15622192,Fixed Deposit,2022-01-21,Inactive
15622192,Mutual Fund,2023-09-16,Inactive
15789413,Insurance,2022-08-26,Inactive
15789413,Credit Card,2023-08-18,Active
15583221,Credit Card,2022-09-26,Inactive
15583221,Mutual Fund,2023-03-21,Active
15583221,Insurance,2022-06-20,Active
15768495,Insurance,2022-03-20,Active
15768495,Credit Card,2023-05-21,Active
15768495,Loan,2022-11-24,Active
15644103,Credit Card,2022-09-24,Active
15644103,Mutual Fund,2022-12-25,Inactive
15741197,Fixed Deposit,2023-04-16,Active
15741197,Credit Card,2022-07-01,Active
15741197,Loan,2022-03-19,Active
15664547,Insurance,2022-08-08,Inactive
15664547,Mutual Fund,2022-05-22,Active
15664547,Loan,2023-08-24,Active
15797293,Loan,2022-03-29,Active
15572021,Loan,2022-07-13,Active
15637461,Mutual Fund,2023-07-29,Inactive
15620577,Loan,2022-08-09,Active
15620577,Insurance,2022-01-11,Active
15609643,Mutual Fund,2022-05-18,Inactive
15785358,Insurance,2023-06-01,Active
15785358,Loan,2022-09-26,Active
15785358,Fixed Deposit,2022-03-20,Active
15603883,Loan,2022-01-21,Active
15603883,Credit Card,2022-11-20,Active
15603883,Fixed Deposit,2023-03-20,Active
15782550,Loan,2022-05-18,Active
15782550,Mutual Fund,2022-11-09,Inactive
15782550,Credit Card,2022-08-02,Active
15775761,Fixed Deposit,2023-06-29,Inactive
15775761,Insurance,2023-07-26,Active
15775761,Loan,2022-09-09,Active
15680201,Insurance,2023-01-12,Active
15680201,Loan,2022-12-15,Inactive
15767594,Credit Card,2022-10-25,Inactive
15767594,Mutual Fund,2023-08-26,Active
15767594,Insurance,2022-04-21,Active
15591985,Credit Card,2023-11-08,Inactive
15789339,Insurance,2023-05-20,Active
15781530,Fixed Deposit,2023-10-27,Active
15705174,Insurance,2022-03-26,Active
15705174,Fixed Deposit,2023-02-27,Active
15705174,Credit Card,2022-04-06,Active
15572114,Insurance,2022-10-27,Active
15572114,Mutual Fund,2022-01-22,Active
15804009,Mutual Fund,2022-09-08,Active
15662698,Insurance,2023-10-04,Active
15696047,Fixed Deposit,2022-12-18,Active
15701160,Credit Card,2023-03-25,Active
15790093,Insurance,2022-12-20,Active
15632143,Mutual Fund,2023-06-04,Inactive
15632143,Insurance,2023-10-15,Active
15632143,Credit Card,2023-09-05,Inactive
15736778,Loan,2023-10-05,Active
15736778,Fixed Deposit,2022-03-10,Active
15736778,Insurance,2023-06-20,Active
15734917,Fixed Deposit,2023-11-19,Active
15643903,Credit Card,2022-03-09,Active
15643903,Mutual Fund,2022-04-12,Active
15643903,Fixed Deposit,2022-09-02,Active
15569526,Fixed Deposit,2023-11-08,Active
15569526,Mutual Fund,2022-08-31,Active
15569526,Loan,2023-04-25,Active
15777067,Insurance,2023-07-05,Active
15795511,Loan,2022-11-03,Active
15610419,Credit Card,2023-07-26,Active
15610419,Fixed Deposit,2022-11-02,Active
15610419,Loan,2022-03-06,Active
15644994,Fixed Deposit,2022-10-28,Active
15644994,Loan,2023-01-14,Active
15703707,Mutual Fund,2023-07-20,Active
15703707,Insurance,2022-11-28,Active
15659327,Credit Card,2023-06-09,Active
15659327,Mutual Fund,2022-10-16,Active
15659327,Loan,2022-07-27,Active
15771323,Insurance,2022-12-03,Inactive
15750549,Insurance,2023-04-03,Active
15750549,Mutual Fund,2022-05-26,Active
15698462,Loan,2022-06-17,Inactive
15698462,Insurance,2022-01-17,Inactive
15698462,Mutual Fund,2022-05-23,Active
15739692,Insurance,2022-03-27,Active
15739692,Loan,2022-08-13,Active
15739692,Credit Card,2023-11-20,Active
15744041,Loan,2023-01-04,Active
15744041,Credit Card,2022-06-04,Active
15744041,Insurance,2022-07-31,Active
15700714,Mutual Fund,2023-01-11,Active
15700714,Credit Card,2023-03-20,Inactive
15777743,Fixed Deposit,2022-03-17,Active
15623143,Credit Card,2023-05-16,Active
15623143,Mutual Fund,2022-10-24,Active
15623143,Loan,2023-08-26,Active
15712568,Credit Card,2023-07-08,Active
15712568,Fixed Deposit,2022-09-19,Active
15617432,Fixed Deposit,2023-06-25,Active
15617432,Credit Card,2023-02-06,Inactive
15617432,Insurance,2022-10-11,Active
15650424,Insurance,2023-05-30,Active
15650424,Mutual Fund,2023-06-05,Active
15728829,Mutual Fund,2023-10-03,Active
15680430,Credit Card,2023-11-19,Active
15680430,Mutual Fund,2022-12-03,Active
15680430,Fixed Deposit,2023-08-28,Inactive
15687626,Loan,2022-01-15,Active
15687626,Credit Card,2022-05-21,Active
15687626,Insurance,2023-10-23,Inactive
15609187,Fixed Deposit,2022-06-28,Active
15609187,Loan,2022-08-08,Active
15609521,Loan,2023-12-01,Active
15609521,Credit Card,2023-05-18,Active
15609521,Mutual Fund,2023-07-09,Active
15752626,Insurance,2023-12-23,Active
15752626,Fixed Deposit,2022-09-09,Active
15752626,Credit Card,2023-08-08,Active
15571756,Mutual Fund,2022-03-13,Active
15571756,Credit Card,2022-05-30,Active
15571756,Insurance,2022-12-04,Inactive
15814040,Insurance,2023-05-02,Active
15814040,Loan,2023-05-08,Active
15658211,Insurance,2023-10-14,Active
15658211,Credit Card,2022-10-24,Active
15658211,Loan,2022-11-12,Active
15742091,Insurance,2022-12-28,Active
15742091,Fixed Deposit,2023-09-26,Active
15787168,Insurance,2022-03-04,Active
15772363,Credit Card,2022-07-19,Inactive
15659364,Credit Card,2022-03-31,Active
15738980,Insurance,2022-03-18,Active
15794236,Credit Card,2023-10-27,Active
15721383,Insurance,2022-01-31,Active
15721383,Fixed Deposit,2023-11-08,Active
15652981,Insurance,2022-03-03,Inactive
15722731,Fixed Deposit,2022-03-12,Active
15722731,Credit Card,2023-01-19,Active
15640507,Mutual Fund,2022-01-18,Active
15578878,Fixed Deposit,2022-10-22,Inactive
15578878,Insurance,2023-09-07,Active
15744295,Credit Card,2023-02-15,Active
15744295,Mutual Fund,2022-01-03,Active
15744295,Insurance,2022-01-08,Active
15776558,Insurance,2023-03-24,Active
15776558,Mutual Fund,2022-01-13,Active
15776558,Fixed Deposit,2022-12-16,Active
15596136,Mutual Fund,2022-05-20,Active
15704597,Mutual Fund,2022-04-14,Active
15704597,Loan,2023-03-13,Active
15648272,Insurance,2023-10-08,Active
15648272,Fixed Deposit,2022-05-20,Active
15648272,Loan,2023-03-13,Active
15594915,Mutual Fund,2023-09-13,Active
15581115,Credit Card,2023-03-08,Active
15581115,Mutual Fund,2023-03-22,Inactive
15581115,Insurance,2022-09-02,Active
15763907,Fixed Deposit,2023-10-29,Active
15763907,Mutual Fund,2023-06-18,Inactive
15763907,Insurance,2023-03-25,Active
15705994,Mutual Fund,2023-06-13,Active
15705994,Insurance,2022-08-08,Inactive
15772421,Credit Card,2022-08-05,Active
15772421,Fixed Deposit,2023-08-14,Active
15711572,Fixed Deposit,2022-07-23,Inactive
15691170,Mutual Fund,2023-03-02,Active
15691170,Loan,2022-06-21,Active
15691170,Insurance,2022-06-06,Active
15600106,Fixed Deposit,2023-06-16,Active
15600106,Credit Card,2023-10-02,Active
15745431,Fixed Deposit,2022-01-07,Active
15649508,Mutual Fund,2022-09-12,Active
15649508,Loan,2022-04-17,Inactive
15812611,Loan,2022-06-12,Active
15812611,Mutual Fund,2023-12-17,Active
15812611,Credit Card,2022-02-05,Active
15619699,Credit Card,2023-02-21,Active
15619699,Loan,2023-09-11,Active
15619699,Insurance,2023-03-29,Active
15813946,Mutual Fund,2022-06-14,Active
15813946,Fixed Deposit,2022-10-01,Active
15762762,Fixed Deposit,2023-11-09,Active
15762762,Credit Card,2022-02-09,Inactive
15629793,Credit Card,2022-09-30,Active
15629793,Loan,2023-08-10,Active
15629793,Mutual Fund,2022-07-09,Active
15781298,Credit Card,2023-12-25,Active
15781298,Loan,2022-02-12,Active
15622658,Credit Card,2023-05-04,Inactive
15622658,Fixed Deposit,2022-10-23,Active
15658980,Loan,2022-09-28,Active
15658980,Insurance,2023-08-02,Active
15658980,Mutual Fund,2022-04-02,Active
15701936,Credit Card,2022-10-15,Active
15701936,Loan,2023-08-15,Active
15686917,Credit Card,2022-04-24,Active
15686917,Mutual Fund,2023-02-27,Active
15807312,Fixed Deposit,2022-05-10,Active
15807312,Mutual Fund,2022-11-14,Active
15807312,Credit Card,2023-04-24,Active
15574523,Mutual Fund,2022-04-28,Inactive
15574523,Fixed Deposit,2023-12-21,Active
15574523,Insurance,2022-02-28,Inactive
15724200,Credit Card,2023-07-04,Active
15738224,Fixed Deposit,2022-07-12,Active
15738224,Mutual Fund,2023-09-22,Inactive
15738224,Credit Card,2023-05-28,Inactive
15593283,Loan,2023-05-31,Active
15593283,Mutual Fund,2023-04-27,Active
15593283,Insurance,2023-02-07,Active
15814690,Mutual Fund,2023-04-01,Active
15814690,Fixed Deposit,2022-09-25,Active
15807245,Loan,2023-08-04,Active
15807245,Insurance,2022-04-19,Active
15799358,Fixed Deposit,2023-11-07,Inactive
15616172,Fixed Deposit,2022-01-16,Active
15777958,Fixed Deposit,2023-09-20,Active
15809124,Credit Card,2023-08-21,Active
15809124,Mutual Fund,2022-07-10,Active
15616367,Mutual Fund,2022-12-13,Active
15616367,Fixed Deposit,2022-06-07,Inactive
15616367,Insurance,2023-03-12,Active
15687385,Mutual Fund,2023-12-04,Inactive
15687385,Fixed Deposit,2022-12-07,Active
15687385,Loan,2022-10-17,Active
15607877,Fixed Deposit,2023-09-26,Active
15607877,Credit Card,2023-08-31,Active
15607877,Loan,2023-11-14,Active
15736327,Insurance,2022-08-14,Active
15746704,Credit Card,2022-07-27,Active
15746704,Mutual Fund,2023-03-31,Active
15778304,Loan,2023-04-16,Active
15778304,Fixed Deposit,2022-09-15,Active
15588456,Credit Card,2022-07-22,Inactive
15588456,Mutual Fund,2023-06-14,Active
15588456,Fixed Deposit,2023-01-11,Active
15664035,Fixed Deposit,2023-10-05,Active
15596405,Loan,2022-04-21,Active
15596405,Credit Card,2022-07-25,Active
15815097,Insurance,2022-08-03,Active
15762708,Credit Card,2022-06-20,Active
15762708,Mutual Fund,2023-07-12,Active
15776211,Credit Card,2022-06-06,Inactive
15776211,Mutual Fund,2022-08-26,Active
15626012,Credit Card,2022-06-24,Active
15626012,Mutual Fund,2022-07-12,Active
15792077,Credit Card,2023-02-16,Active
15718765,Mutual Fund,2023-09-27,Active
15718765,Insurance,2022-04-15,Active
15576615,Insurance,2023-12-27,Active
15752650,Credit Card,2023-10-01,Active
15752650,Mutual Fund,2023-12-10,Active
15797502,Insurance,2022-09-28,Active
15797502,Credit Card,2022-07-03,Inactive
15797502,Loan,2022-09-14,Active
15687329,Credit Card,2022-01-09,Active
15779423,Mutual Fund,2023-11-30,Active
15619514,Mutual Fund,2023-07-16,Active
15615430,Loan,2023-09-08,Active
15716431,Loan,2022-02-05,Active
15798341,Insurance,2023-10-16,Active
15651958,Loan,2023-04-05,Inactive
15651958,Mutual Fund,2022-07-07,Active
15726179,Credit Card,2023-04-05,Active
15726179,Mutual Fund,2022-06-07,Inactive
15652999,Fixed Deposit,2023-01-19,Active
15652999,Insurance,2023-06-15,Inactive
15652999,Mutual Fund,2022-01-24,Active
15691950,Loan,2023-02-01,Active
15632446,Loan,2022-03-06,Active
15620936,Credit Card,2022-12-16,Active
15587640,Fixed Deposit,2023-07-02,Active
15782231,Insurance,2022-08-14,Active
15580462,Mutual Fund,2023-12-19,Active
15580462,Insurance,2022-04-30,Active
15736371,Fixed Deposit,2022-07-10,Active
15648032,Credit Card,2023-06-03,Inactive
15610454,Loan,2022-03-22,Inactive
15610454,Insurance,2022-08-04,Active
15671358,Insurance,2022-07-24,Active
15671358,Fixed Deposit,2023-04-25,Active
15671358,Loan,2022-08-24,Inactive
15747130,Credit Card,2022-10-23,Active
15578374,Fixed Deposit,2023-08-02,Active
15578374,Loan,2022-11-26,Active
15572182,Mutual Fund,2022-03-13,Active
15572182,Credit Card,2023-08-15,Active
15770041,Credit Card,2022-08-09,Inactive
15770041,Loan,2023-10-04,Active
15669414,Credit Card,2023-02-10,Active
15777054,Loan,2022-12-03,Inactive
15777054,Credit Card,2022-10-15,Active
15621021,Credit Card,2023-12-16,Active
15785490,Insurance,2023-10-28,Active
15785490,Fixed Deposit,2022-09-25,Active
15785490,Credit Card,2022-02-16,Active
15577695,Loan,2023-11-26,Active
15686974,Loan,2023-03-27,Active
15686974,Insurance,2022-04-20,Active
15686974,Credit Card,2023-01-03,Active
15574584,Mutual Fund,2023-04-15,Active
15574584,Credit Card,2022-09-03,Active
15574584,Fixed Deposit,2022-03-09,Inactive
15719541,Fixed Deposit,2023-11-12,Active
15719541,Credit Card,2023-06-01,Active
15719541,Mutual Fund,2023-12-12,Active
15646310,Credit Card,2022-10-18,Active
15697606,Mutual Fund,2022-05-25,Inactive
15711489,Credit Card,2022-03-14,Active
15711489,Mutual Fund,2022-06-30,Active
15670427,Credit Card,2022-02-02,Active
15731755,Insurance,2023-06-10,Active
15731755,Loan,2022-02-18,Active
15731755,Mutual Fund,2022-10-16,Active
15796370,Credit Card,2022-08-16,Active
15796370,Insurance,2022-05-04,Inactive
15598331,Credit Card,2023-05-20,Active
15704795,Fixed Deposit,2022-12-06,Inactive
15796764,Credit Card,2022-05-06,Inactive
15589420,Credit Card,2022-09-17,Active
15589420,Fixed Deposit,2023-08-09,Active
15589420,Loan,2023-06-28,Active
15810563,Credit Card,2022-11-08,Inactive
15746569,Loan,2023-07-03,Active
15811594,Credit Card,2022-02-21,Active
15645896,Mutual Fund,2023-01-07,Active
15645896,Loan,2022-10-05,Active
15645896,Credit Card,2023-06-07,Active
15802909,Credit Card,2023-06-07,Active
15802909,Fixed Deposit,2022-07-21,Active
15802909,Loan,2023-03-24,Active
15797665,Loan,2022-06-02,Active
15778959,Credit Card,2022-06-30,Inactive
15778959,Fixed Deposit,2022-07-17,Active
15722532,Insurance,2022-11-28,Active
15722532,Credit Card,2023-08-13,Inactive
15784124,Mutual Fund,2023-04-13,Active
15784124,Fixed Deposit,2023-01-11,Active
15784124,Credit Card,2023-04-21,Active
15776518,Loan,2022-01-05,Active
15776518,Mutual Fund,2022-01-31,Inactive
15776518,Credit Card,2023-04-09,Active
15611247,Mutual Fund,2022-09-17,Active
15611247,Credit Card,2023-02-14,Inactive
15721469,Mutual Fund,2023-10-06,Active
15773338,Credit Card,2023-09-23,Inactive
15773338,Fixed Deposit,2023-10-12,Inactive
15773338,Loan,2022-01-22,Active
15784042,Loan,2022-09-26,Active
15784042,Insurance,2023-01-02,Active
15784042,Credit Card,2022-01-27,Active
15776229,Fixed Deposit,2022-07-06,Inactive
15776229,Credit Card,2022-01-17,Active
15655903,Fixed Deposit,2022-08-19,Active
15590177,Insurance,2022-11-28,Active
15590177,Credit Card,2022-04-27,Active
15568876,Credit Card,2022-08-02,Inactive
15568876,Fixed Deposit,2022-09-24,Inactive
15813140,Credit Card,2022-12-11,Active
15813140,Insurance,2022-01-25,Active
15813140,Fixed Deposit,2023-07-15,Active
15770516,Fixed Deposit,2022-08-21,Active
15770516,Mutual Fund,2023-06-28,Active
15755731,Mutual Fund,2023-07-18,Active
15755731,Credit Card,2022-10-17,Active
15755731,Fixed Deposit,2022-12-18,Active
15574480,Insurance,2023-03-13,Active
15574480,Credit Card,2022-11-05,Active
15798084,Fixed Deposit,2023-04-13,Inactive
15673020,Mutual Fund,2022-04-23,Active
15673020,Loan,2023-05-04,Active
15643575,Insurance,2022-12-03,Inactive
15643575,Credit Card,2023-11-29,Active
15643575,Fixed Deposit,2023-06-23,Active
15596811,Insurance,2022-03-16,Active
15786789,Loan,2022-11-20,Active
15786789,Fixed Deposit,2022-08-17,Active
15786789,Credit Card,2023-12-28,Inactive
15578865,Fixed Deposit,2023-02-24,Active
15578865,Loan,2023-07-11,Active
15605672,Fixed Deposit,2023-03-12,Inactive
15605672,Mutual Fund,2022-03-23,Active
15603674,Fixed Deposit,2023-12-25,Active
15603674,Insurance,2023-10-02,Active
15603674,Mutual Fund,2022-08-05,Active
15759915,Mutual Fund,2022-04-12,Active
15686219,Insurance,2023-03-28,Active
15686219,Fixed Deposit,2022-12-11,Active
15696388,Fixed Deposit,2023-07-31,Active
15696388,Insurance,2022-05-25,Active
15696388,Loan,2023-03-12,Active
15713604,Loan,2022-06-09,Active
15647800,Fixed Deposit,2022-01-23,Active
15647800,Insurance,2022-08-21,Active
15647800,Mutual Fund,2023-12-01,Active
15813451,Loan,2022-12-16,Inactive
15813451,Insurance,2023-04-20,Active
15765375,Fixed Deposit,2023-11-27,Active
15765375,Mutual Fund,2022-09-02,Active
15774586,Loan,2022-06-12,Active
15774586,Mutual Fund,2022-05-23,Inactive
15774586,Fixed Deposit,2022-05-02,Active
15603454,Credit Card,2023-09-23,Active
15603454,Mutual Fund,2023-10-21,Inactive
15653037,Mutual Fund,2022-09-04,Active
15653037,Credit Card,2022-10-06,Active
15653037,Insurance,2023-07-14,Active
15782475,Fixed Deposit,2022-01-11,Inactive
15593496,Insurance,2022-06-24,Inactive
15593496,Mutual Fund,2022-11-02,Active
15808971,Credit Card,2022-04-03,Active
15808971,Mutual Fund,2023-03-29,Active
15791972,Insurance,2023-07-20,Active
15791972,Mutual Fund,2023-10-22,Active
15676869,Mutual Fund,2022-07-29,Active
15676869,Credit Card,2023-07-14,Active
15683007,Fixed Deposit,2022-07-30,Active
15683007,Credit Card,2023-11-17,Active
15683007,Insurance,2022-09-13,Active
15659495,Fixed Deposit,2022-06-07,Active
15659495,Credit Card,2023-08-07,Active
15659495,Mutual Fund,2022-08-25,Active
15703923,Loan,2023-08-31,Active
15703923,Fixed Deposit,2022-05-09,Active
15703923,Insurance,2022-07-22,Active
15674000,Insurance,2022-10-03,Active
15674000,Credit Card,2023-05-10,Active
15674000,Mutual Fund,2023-06-20,Active
15618171,Insurance,2022-03-29,Active
15732202,Mutual Fund,2023-04-26,Active
15732202,Loan,2023-05-14,Inactive
15732202,Credit Card,2023-11-18,Active
15735078,Insurance,2022-07-03,Active
15735078,Loan,2023-02-18,Inactive
15798615,Mutual Fund,2023-02-04,Active
15798615,Credit Card,2022-08-25,Active
15798615,Fixed Deposit,2022-04-14,Active
15638494,Loan,2022-07-08,Active
15638494,Mutual Fund,2023-04-11,Active
15638494,Insurance,2022-03-03,Active
15763874,Fixed Deposit,2023-02-19,Inactive
15763874,Insurance,2023-11-12,Active
15763874,Loan,2022-06-01,Active
15696355,Insurance,2022-02-21,Active
15655952,Insurance,2022-10-18,Active
15655952,Mutual Fund,2023-09-05,Inactive
15655952,Fixed Deposit,2023-11-24,Active
15739850,Insurance,2023-07-15,Active
15739850,Loan,2023-05-12,Active
15739850,Fixed Deposit,2022-09-25,Inactive
15611338,Mutual Fund,2023-04-16,Active
15707861,Fixed Deposit,2023-09-04,Active
15707861,Loan,2023-09-20,Active
15707861,Mutual Fund,2023-03-17,Inactive
15672237,Fixed Deposit,2023-09-06,Active
15672237,Mutual Fund,2023-04-21,Inactive
15672237,Credit Card,2022-08-24,Active
15657771,Loan,2023-06-27,Active
15657771,Insurance,2023-03-30,Active
15657771,Fixed Deposit,2022-01-08,Active
15677783,Insurance,2022-12-28,Active
15681026,Mutual Fund,2022-07-30,Inactive
15681026,Credit Card,2022-09-08,Active
15681026,Loan,2022-10-11,Active
15566543,Credit Card,2022-10-18,Active
15566543,Loan,2023-09-26,Active
15566543,Insurance,2023-08-14,Active
15594612,Fixed Deposit,2023-03-05,Active
15594612,Insurance,2023-02-26,Active
15814664,Credit Card,2022-05-14,Active
15814664,Mutual Fund,2022-05-09,Active
15642785,Credit Card,2022-11-27,Active
15690164,Mutual Fund,2023-11-06,Active
15690164,Loan,2022-01-05,Active
15590213,Insurance,2022-08-09,Active
15590213,Loan,2022-11-03,Inactive
15590213,Mutual Fund,2023-07-21,Inactive
15603794,Loan,2022-04-22,Inactive
15603794,Insurance,2023-02-15,Active
15733491,Fixed Deposit,2022-06-13,Active
15733491,Loan,2022-05-31,Active
15806360,Fixed Deposit,2023-08-06,Active
15806360,Credit Card,2022-10-30,Active
15587133,Fixed Deposit,2022-03-11,Active
15587133,Loan,2022-05-31,Active
15587133,Insurance,2022-12-18,Active
15721377,Insurance,2023-07-06,Active
15721377,Loan,2022-02-28,Active
15747927,Insurance,2023-07-17,Active
15806455,Credit Card,2023-08-27,Active
15806455,Fixed Deposit,2023-03-15,Active
15695474,Credit Card,2022-07-15,Inactive
15695474,Insurance,2023-02-01,Active
15666295,Loan,2023-06-19,Active
15666295,Mutual Fund,2022-08-30,Active
15656062,Credit Card,2022-06-03,Active
15656062,Mutual Fund,2022-06-04,Active
15656062,Loan,2023-11-28,Inactive
15579969,Loan,2022-05-25,Active
15703563,Mutual Fund,2023-04-17,Active
15703563,Credit Card,2022-02-22,Inactive
15703563,Fixed Deposit,2023-08-11,Active
15692664,Credit Card,2022-07-23,Active
15719276,Credit Card,2022-02-01,Active
15719276,Insurance,2023-10-11,Active
15719276,Mutual Fund,2022-11-09,Active
15672754,Mutual Fund,2022-07-03,Inactive
15672754,Fixed Deposit,2022-06-03,Inactive
15672754,Credit Card,2022-09-03,Active
15768163,Mutual Fund,2022-07-23,Inactive
15768163,Credit Card,2023-09-13,Active
15768163,Loan,2023-12-05,Active
15656710,Mutual Fund,2022-06-12,Inactive
15656710,Insurance,2022-04-22,Active
15696175,Loan,2022-07-27,Inactive
15696175,Insurance,2023-01-14,Active
15696175,Credit Card,2022-06-02,Inactive
15586914,Credit Card,2022-06-20,Active
15586914,Mutual Fund,2023-10-07,Active
15586914,Insurance,2023-10-22,Active
15581736,Loan,2022-03-03,Inactive
15581736,Credit Card,2022-12-21,Inactive
15588839,Mutual Fund,2022-04-21,Active
15588839,Loan,2022-07-01,Active
15589329,Mutual Fund,2023-02-15,Active
15605622,Mutual Fund,2022-10-22,Active
15798964,Insurance,2023-08-29,Active
15798964,Fixed Deposit,2023-03-07,Active
15769959,Loan,2022-07-09,Active
15769959,Insurance,2022-05-11,Active
15769959,Mutual Fund,2023-04-03,Active
15657105,Insurance,2022-06-10,Active
15569266,Fixed Deposit,2022-09-07,Active
15569266,Mutual Fund,2023-03-24,Active
15719294,Insurance,2023-10-07,Active
15606229,Credit Card,2022-11-29,Active
15606229,Fixed Deposit,2023-08-02,Active
15569892,Mutual Fund,2023-12-16,Active
15569892,Fixed Deposit,2022-04-09,Active
15569892,Credit Card,2022-10-04,Active
15584532,Mutual Fund,2023-05-22,Inactive
15682355,Insurance,2023-08-01,Active
15682355,Credit Card,2022-07-20,Active
15628319,Fixed Deposit,2023-05-24,Active
